text,label,confidence,herb,symptom,topic
how does kharbhuja help,herb_benefits,1.0,kharbhuja,,
sudden diabetes,disease_prediction,1.0,,diabetes,
learning circulation,general_info,1.0,,,circulation
diagnosis of cough,disease_prediction,1.0,,cough,
alternative medicine for night sweats,disease_prediction,1.0,,night sweats,
best medicine for wounds,disease_prediction,1.0,,wounds,
mahishi dugdha for natural healing,herb_benefits,1.0,mahishi dugdha,,
explain pranayama,general_info,1.0,,,pranayama
overview of pranayama,general_info,1.0,,,pranayama
chronic acidity,disease_prediction,1.0,,acidity,
persistent fever,disease_prediction,1.0,,fever,
explain holistic health,general_info,1.0,,,holistic health
renuka medicinal uses,herb_benefits,1.0,renuka,,
managing asthma,disease_prediction,1.0,,asthma,
cures for asthma,disease_prediction,1.0,,asthma,
what does vaiswanara churna do,herb_benefits,1.0,vaiswanara churna,,
significance of ojas,general_info,1.0,,,ojas
define malas,general_info,1.0,,,malas
guide to prakriti,general_info,1.0,,,prakriti
science behind srotas,general_info,1.0,,,srotas
benefits and uses of badama taila,herb_benefits,1.0,badama taila,,
medicinal effects of dhatupaushtik churna,herb_benefits,1.0,dhatupaushtik churna,,
explain cleansing,general_info,1.0,,,cleansing
sleep disorders treatment,disease_prediction,1.0,,sleep disorders,
therapeutic effects of ajmoda,herb_benefits,1.0,ajmoda,,
natural treatment for vomiting,disease_prediction,1.0,,vomiting,
properties of phalatrikadi kwath,herb_benefits,1.0,phalatrikadi kwath,,
uses of arka,herb_benefits,1.0,arka,,
how does madhusnuhi rasayana help,herb_benefits,1.0,madhusnuhi rasayana,,
constant abdominal pain,disease_prediction,1.0,,abdominal pain,
health benefits of kalyanaka ghrita,herb_benefits,1.0,kalyanaka ghrita,,
how does caturjata churna help,herb_benefits,1.0,caturjata churna,,
therapeutic value of marichyadi vati,herb_benefits,1.0,marichyadi vati,,
tell me about withania,herb_benefits,1.0,withania,,
herbal properties of panchakola churna,herb_benefits,1.0,panchakola churna,,
best medicine for low energy,disease_prediction,1.0,,low energy,
ama art,general_info,1.0,,,ama
uses of navayasa loha,herb_benefits,1.0,navayasa loha,,
understand prabhava,general_info,1.0,,,prabhava
holistic treatments for hypertension,disease_prediction,1.0,,hypertension,
examining ayurveda,general_info,1.0,,,ayurveda
controlling gastritis,disease_prediction,1.0,,gastritis,
role of constitution,general_info,1.0,,,constitution
health benefits of ambasthaki,herb_benefits,1.0,ambasthaki,,
therapeutic effects of swarnapatri,herb_benefits,1.0,swarnapatri,,
permanent cure for motion sickness,disease_prediction,1.0,,motion sickness,
what does kasheruka do,herb_benefits,1.0,kasheruka,,
exploring temperament,general_info,1.0,,,temperament
shadbindu taila for wellness,herb_benefits,1.0,shadbindu taila,,
dhatus principles,general_info,1.0,,,dhatus
kakajangha in herbal medicine,herb_benefits,1.0,kakajangha,,
triphala guggulu for health,herb_benefits,1.0,triphala guggulu,,
philosophy of ama,general_info,1.0,,,ama
controlling restless legs,disease_prediction,1.0,,restless legs,
benefits and uses of mahatiktaka ghrita,herb_benefits,1.0,mahatiktaka ghrita,,
controlling motion sickness,disease_prediction,1.0,,motion sickness,
home remedy for irregular periods,disease_prediction,1.0,,irregular periods,
uses of hinguleshwar ras,herb_benefits,1.0,hinguleshwar ras,,
ayurveda understanding,general_info,1.0,,,ayurveda
chronic headache,disease_prediction,1.0,,headache,
studying prabhava,general_info,1.0,,,prabhava
panchakarma viewpoint,general_info,1.0,,,panchakarma
kushmanda khanda properties,herb_benefits,1.0,kushmanda khanda,,
define shirodhara,general_info,1.0,,,shirodhara
jivanti health effects,herb_benefits,1.0,jivanti,,
mild back pain,disease_prediction,1.0,,back pain,
remedy for nausea,disease_prediction,1.0,,nausea,
mustakarishta health effects,herb_benefits,1.0,mustakarishta,,
kalyana ksharam effects,herb_benefits,1.0,kalyana ksharam,,
preventing burns,disease_prediction,1.0,,burns,
herbal properties of kumkumadi thailam,herb_benefits,1.0,kumkumadi thailam,,
overview of srotas,general_info,1.0,,,srotas
shvet musli for health improvement,herb_benefits,1.0,shvet musli,,
saptadhatu understanding,general_info,1.0,,,saptadhatu
arka ksheera effects,herb_benefits,1.0,arka ksheera,,
alleviating heartburn,disease_prediction,1.0,,heartburn,
preventing dry skin,disease_prediction,1.0,,dry skin,
non-toxic remedy for stress,disease_prediction,1.0,,stress,
ayurveda understanding,general_info,1.0,,,ayurveda
recurring muscle pain,disease_prediction,1.0,,muscle pain,
dealing with allergies,disease_prediction,1.0,,allergies,
herbal medicine for night sweats,disease_prediction,1.0,,night sweats,
want to know about panchakarma,general_info,1.0,,,panchakarma
twak (cinnamon) natural medicine,herb_benefits,1.0,twak (cinnamon),,
tintidika health effects,herb_benefits,1.0,tintidika,,
malas approach,general_info,1.0,,,malas
significance of virya,general_info,1.0,,,virya
origin of virya,general_info,1.0,,,virya
want to know about preventive medicine,general_info,1.0,,,preventive medicine
intermittent wounds,disease_prediction,1.0,,wounds,
persistent sleep apnea,disease_prediction,1.0,,sleep apnea,
herbal medicine concepts,general_info,1.0,,,herbal medicine
reducing hypertension,disease_prediction,1.0,,hypertension,
immunity tradition,general_info,1.0,,,immunity
vikriti approach,general_info,1.0,,,vikriti
lata kasturi properties,herb_benefits,1.0,lata kasturi,,
constitution perspective,general_info,1.0,,,constitution
prana knowledge,general_info,1.0,,,prana
recurring strains,disease_prediction,1.0,,strains,
remedy for nausea,disease_prediction,1.0,,nausea,
kumud healing properties,herb_benefits,1.0,kumud,,
fundamentals of meditation,general_info,1.0,,,meditation
define digestion,general_info,1.0,,,digestion
constant blurred vision,disease_prediction,1.0,,blurred vision,
panna pishti for wellness,herb_benefits,1.0,panna pishti,,
herbal properties of prativisha,herb_benefits,1.0,prativisha,,
health benefits of vida lavana,herb_benefits,1.0,vida lavana,,
medicine for skin rash,disease_prediction,1.0,,skin rash,
symptoms of indigestion,disease_prediction,1.0,,indigestion,
introduction to body type,general_info,1.0,,,body type
significance of preventive medicine,general_info,1.0,,,preventive medicine
healing swelling,disease_prediction,1.0,,swelling,
alternative medicine for morning sickness,disease_prediction,1.0,,morning sickness,
studying energy,general_info,1.0,,,energy
ayurveda understanding,general_info,1.0,,,ayurveda
researching mind-body connection,general_info,1.0,,,mind-body connection
what are the principles of srotas,general_info,1.0,,,srotas
introduction to prana,general_info,1.0,,,prana
lajjalu in traditional medicine,herb_benefits,1.0,lajjalu,,
controlling sinusitis,disease_prediction,1.0,,sinusitis,
dealing with nausea,disease_prediction,1.0,,nausea,
mild abdominal pain,disease_prediction,1.0,,abdominal pain,
prabhava tradition,general_info,1.0,,,prabhava
tell me about agnitundi vati,herb_benefits,1.0,agnitundi vati,,
define prakriti,general_info,1.0,,,prakriti
chronic fatigue treatment,disease_prediction,1.0,,chronic fatigue,
role of circulation,general_info,1.0,,,circulation
history of trimala,general_info,1.0,,,trimala
alternative medicine for sinusitis,disease_prediction,1.0,,sinusitis,
basti viewpoint,general_info,1.0,,,basti
detoxification basics,general_info,1.0,,,detoxification
what're the benefits of ksheera,herb_benefits,1.0,ksheera,,
significance of harmony,general_info,1.0,,,harmony
virechana art,general_info,1.0,,,virechana
utpala for wellness,herb_benefits,1.0,utpala,,
sudden bloating,disease_prediction,1.0,,bloating,
understand saptadhatu,general_info,1.0,,,saptadhatu
alternative medicine practice,general_info,1.0,,,alternative medicine
uses of svalpa khadiradi vati,herb_benefits,1.0,svalpa khadiradi vati,,
lata kasturi for health,herb_benefits,1.0,lata kasturi,,
fundamentals of vata,general_info,1.0,,,vata
diagnosis of cramps,disease_prediction,1.0,,cramps,
benefits and uses of agnikumarika,herb_benefits,1.0,agnikumarika,,
rasa fundamentals,general_info,1.0,,,rasa
dealing with mood swings,disease_prediction,1.0,,mood swings,
effective treatment for runny nose,disease_prediction,1.0,,runny nose,
ayurvedic treatment for dandruff,disease_prediction,1.0,,dandruff,
information about tintidika,herb_benefits,1.0,tintidika,,
therapeutic applications of nagadanti,herb_benefits,1.0,nagadanti,,
healing wounds,disease_prediction,1.0,,wounds,
examining ayurveda,general_info,1.0,,,ayurveda
constant oily skin,disease_prediction,1.0,,oily skin,
vajra bhasma for natural treatment,herb_benefits,1.0,vajra bhasma,,
tridosha understanding,general_info,1.0,,,tridosha
sore throat symptoms,disease_prediction,1.0,,sore throat,
medicinal properties of punarnava,herb_benefits,1.0,punarnava,,
medicinal effects of sala,herb_benefits,1.0,sala,,
uses of mahatiktaka ghrita,herb_benefits,1.0,mahatiktaka ghrita,,
tejapatra remedy uses,herb_benefits,1.0,tejapatra,,
preventive medicine approach,general_info,1.0,,,preventive medicine
dhanyaka for health,herb_benefits,1.0,dhanyaka,,
philosophy of balance,general_info,1.0,,,balance
I'm suffering from dry skin,disease_prediction,1.0,,dry skin,
ayurvedic treatment for gas,disease_prediction,1.0,,gas,
I'm experiencing dry eyes,disease_prediction,1.0,,dry eyes,
effective treatment for dandruff,disease_prediction,1.0,,dandruff,
neelam pishti medicinal uses,herb_benefits,1.0,neelam pishti,,
dhattura beeja for natural treatment,herb_benefits,1.0,dhattura beeja,,
ayurvedic benefits of shalparni,herb_benefits,1.0,shalparni,,
mukta pishti for wellness,herb_benefits,1.0,mukta pishti,,
what are the benefits of ksheera,herb_benefits,1.0,ksheera,,
therapeutic applications of centella,herb_benefits,1.0,centella,,
overcoming gas,disease_prediction,1.0,,gas,
trimala tradition,general_info,1.0,,,trimala
ojas methodology,general_info,1.0,,,ojas
I'm suffering from eye strain,disease_prediction,1.0,,eye strain,
investigating prana,general_info,1.0,,,prana
vata wisdom,general_info,1.0,,,vata
blurred vision treatment,disease_prediction,1.0,,blurred vision,
dealing with blurred vision,disease_prediction,1.0,,blurred vision,
origin of digestion,general_info,1.0,,,digestion
significance of body type,general_info,1.0,,,body type
patola patra nutritional benefits,herb_benefits,1.0,patola patra,,
science behind wellness,general_info,1.0,,,wellness
chandana therapeutic benefits,herb_benefits,1.0,chandana,,
information about shankha bhasma,herb_benefits,1.0,shankha bhasma,,
bhringaraja svarasa in herbal medicine,herb_benefits,1.0,bhringaraja svarasa,,
what are the principles of srotas,general_info,1.0,,,srotas
exploring traditional medicine,general_info,1.0,,,traditional medicine
examining ayurveda,general_info,1.0,,,ayurveda
I'm experiencing snoring,disease_prediction,1.0,,snoring,
remedy for weakness,disease_prediction,1.0,,weakness,
learning circulation,general_info,1.0,,,circulation
can you explain nutrition,general_info,1.0,,,nutrition
treatment for muscle pain,disease_prediction,1.0,,muscle pain,
traditional uses of simsapa,herb_benefits,1.0,simsapa,,
treatments for chronic fatigue,disease_prediction,1.0,,chronic fatigue,
natural treatment for cuts,disease_prediction,1.0,,cuts,
relief from irregular periods,disease_prediction,1.0,,irregular periods,
remedy for concentration issues,disease_prediction,1.0,,concentration issues,
cough cure,disease_prediction,1.0,,cough,
non-toxic remedy for muscle pain,disease_prediction,1.0,,muscle pain,
alternative medicine for sore throat,disease_prediction,1.0,,sore throat,
digestion art,general_info,1.0,,,digestion
therapeutic effects of swarnapatri,herb_benefits,1.0,swarnapatri,,
healing itching,disease_prediction,1.0,,itching,
panchamahabhutas theory,general_info,1.0,,,panchamahabhutas
rasa methodology,general_info,1.0,,,rasa
information about kaishore guggul,herb_benefits,1.0,kaishore guggul,,
ojas basics,general_info,1.0,,,ojas
nirgundi taila wellness benefits,herb_benefits,1.0,nirgundi taila,,
properties of shukti bhasma,herb_benefits,1.0,shukti bhasma,,
how does eranda help,herb_benefits,1.0,eranda,,
understanding basti,general_info,1.0,,,basti
having swelling,disease_prediction,1.0,,swelling,
therapeutic effects of fenugreek,herb_benefits,1.0,fenugreek,,
irregular periods treatment,disease_prediction,1.0,,irregular periods,
ama understanding,general_info,1.0,,,ama
herbal properties of prativisha,herb_benefits,1.0,prativisha,,
what is yava good for,herb_benefits,1.0,yava,,
kembuka healing properties,herb_benefits,1.0,kembuka,,
bhringraj natural medicine,herb_benefits,1.0,bhringraj,,
centella for health,herb_benefits,1.0,centella,,
balance philosophy,general_info,1.0,,,balance
natural benefits of prapunnada,herb_benefits,1.0,prapunnada,,
benefits and uses of mahatiktaka ghrita,herb_benefits,1.0,mahatiktaka ghrita,,
basics of preventive medicine,general_info,1.0,,,preventive medicine
uses of tulsi,herb_benefits,1.0,tulsi,,
therapeutic effects of rasona patra,herb_benefits,1.0,rasona patra,,
medicine for hot flashes,disease_prediction,1.0,,hot flashes,
temperament practice,general_info,1.0,,,temperament
I'm suffering from numbness,disease_prediction,1.0,,numbness,
safe treatments for weakness,disease_prediction,1.0,,weakness,
intermittent oily skin,disease_prediction,1.0,,oily skin,
introduction to temperament,general_info,1.0,,,temperament
centella for health,herb_benefits,1.0,centella,,
parijata properties,herb_benefits,1.0,parijata,,
exploring temperament,general_info,1.0,,,temperament
examining harmony,general_info,1.0,,,harmony
vajra bhasma for natural treatment,herb_benefits,1.0,vajra bhasma,,
what is pitta,general_info,1.0,,,pitta
researching wellness,general_info,1.0,,,wellness
define preventive medicine,general_info,1.0,,,preventive medicine
lata kasturi uses,herb_benefits,1.0,lata kasturi,,
fundamentals of harmony,general_info,1.0,,,harmony
I'm suffering from oily skin,disease_prediction,1.0,,oily skin,
rasa knowledge,general_info,1.0,,,rasa
simhanada guggulu in herbal medicine,herb_benefits,1.0,simhanada guggulu,,
sphatika bhasma uses,herb_benefits,1.0,sphatika bhasma,,
mind-body connection explained,general_info,1.0,,,mind-body connection
natural treatment for acidity,disease_prediction,1.0,,acidity,
traditional cures for allergies,disease_prediction,1.0,,allergies,
virya explained,general_info,1.0,,,virya
herbal properties of rajapravartini vati,herb_benefits,1.0,rajapravartini vati,,
role of virechana,general_info,1.0,,,virechana
sukumara kashayam therapeutic benefits,herb_benefits,1.0,sukumara kashayam,,
how to use hinguvachadi churna,herb_benefits,1.0,hinguvachadi churna,,
significance of holistic health,general_info,1.0,,,holistic health
permanent cures for acne,disease_prediction,1.0,,acne,
kottamchukkadi thailam natural medicine,herb_benefits,1.0,kottamchukkadi thailam,,
constant fatigue,disease_prediction,1.0,,fatigue,
best medicine for acne,disease_prediction,1.0,,acne,
medicinal effects of aranya jeeraka,herb_benefits,1.0,aranya jeeraka,,
overcoming depression,disease_prediction,1.0,,depression,
how to treat muscle pain,disease_prediction,1.0,,muscle pain,
help with depression,disease_prediction,1.0,,depression,
basti concepts,general_info,1.0,,,basti
constitution perspective,general_info,1.0,,,constitution
fundamentals of vata,general_info,1.0,,,vata
sudden low energy,disease_prediction,1.0,,low energy,
I feel depression,disease_prediction,1.0,,depression,
holistic treatment for muscle pain,disease_prediction,1.0,,muscle pain,
explain natural healing,general_info,1.0,,,natural healing
managing menstrual cramps,disease_prediction,1.0,,menstrual cramps,
relief from snoring,disease_prediction,1.0,,snoring,
constant itching,disease_prediction,1.0,,itching,
non-toxic remedy for abdominal pain,disease_prediction,1.0,,abdominal pain,
I experience ear pain,disease_prediction,1.0,,ear pain,
what is panchavalkala kwath good for,herb_benefits,1.0,panchavalkala kwath,,
virya wisdom,general_info,1.0,,,virya
I experience fatigue,disease_prediction,1.0,,fatigue,
history of natural healing,general_info,1.0,,,natural healing
effective treatment for brain fog,disease_prediction,1.0,,brain fog,
benefits of ojas,general_info,1.0,,,ojas
balance understanding,general_info,1.0,,,balance
sudarshan churna healing properties,herb_benefits,1.0,sudarshan churna,,
prana explained,general_info,1.0,,,prana
remedy for bruising,disease_prediction,1.0,,bruising,
understand srotas,general_info,1.0,,,srotas
dealing with night sweats,disease_prediction,1.0,,night sweats,
intermittent oily skin,disease_prediction,1.0,,oily skin,
what is prana,general_info,1.0,,,prana
guide to energy,general_info,1.0,,,energy
help with nausea,disease_prediction,1.0,,nausea,
dealing with allergies,disease_prediction,1.0,,allergies,
information about harmony,general_info,1.0,,,harmony
alleviating morning sickness,disease_prediction,1.0,,morning sickness,
persistent numbness,disease_prediction,1.0,,numbness,
basics of traditional medicine,general_info,1.0,,,traditional medicine
information about nasya,general_info,1.0,,,nasya
relief from tinnitus,disease_prediction,1.0,,tinnitus,
relief from numbness,disease_prediction,1.0,,numbness,
tridosha knowledge,general_info,1.0,,,tridosha
what causes sore throat,disease_prediction,1.0,,sore throat,
philosophy of ama,general_info,1.0,,,ama
benefits of talisapatra,herb_benefits,1.0,talisapatra,,
tell me about madhukarkati,herb_benefits,1.0,madhukarkati,,
tell me about holistic health,general_info,1.0,,,holistic health
help with sleep apnea,disease_prediction,1.0,,sleep apnea,
principles of preventive medicine,general_info,1.0,,,preventive medicine
constant vertigo,disease_prediction,1.0,,vertigo,
what are the principles of virechana,general_info,1.0,,,virechana
overcoming depression,disease_prediction,1.0,,depression,
tell me about chana,herb_benefits,1.0,chana,,
holistic health system,general_info,1.0,,,holistic health
explain alternative medicine,general_info,1.0,,,alternative medicine
svalpa khadiradi vati for health,herb_benefits,1.0,svalpa khadiradi vati,,
ayurvedic treatment for gas,disease_prediction,1.0,,gas,
symptoms of sleep apnea,disease_prediction,1.0,,sleep apnea,
diagnosis of bloating,disease_prediction,1.0,,bloating,
tell me about dosha,general_info,1.0,,,dosha
tell me about pravala pishti,herb_benefits,1.0,pravala pishti,,
examining harmony,general_info,1.0,,,harmony
what is mahabala good for,herb_benefits,1.0,mahabala,,
understand immunity,general_info,1.0,,,immunity
effective treatment for insomnia,disease_prediction,1.0,,insomnia,
mild vertigo,disease_prediction,1.0,,vertigo,
lajjalu remedy uses,herb_benefits,1.0,lajjalu,,
alternative medicine for dry skin,disease_prediction,1.0,,dry skin,
shothari loha healing properties,herb_benefits,1.0,shothari loha,,
relief from irregular periods,disease_prediction,1.0,,irregular periods,
detoxification system,general_info,1.0,,,detoxification
diagnosis of brain fog,disease_prediction,1.0,,brain fog,
overcoming sleep apnea,disease_prediction,1.0,,sleep apnea,
treatment for morning sickness,disease_prediction,1.0,,morning sickness,
agnimantha in herbal medicine,herb_benefits,1.0,agnimantha,,
sudden menstrual cramps,disease_prediction,1.0,,menstrual cramps,
basics of kapha,general_info,1.0,,,kapha
severe dandruff,disease_prediction,1.0,,dandruff,
having swelling,disease_prediction,1.0,,swelling,
reducing dry eyes,disease_prediction,1.0,,dry eyes,
traditional cure for tingling,disease_prediction,1.0,,tingling,
surana for wellness,herb_benefits,1.0,surana,,
science behind virya,general_info,1.0,,,virya
I experience dry eyes,disease_prediction,1.0,,dry eyes,
burning sensation cure,disease_prediction,1.0,,burning sensation,
herbal medicine for night sweats,disease_prediction,1.0,,night sweats,
medicinal value of nirgundi,herb_benefits,1.0,nirgundi,,
permanent cure for stress,disease_prediction,1.0,,stress,
herbal properties of kankshi,herb_benefits,1.0,kankshi,,
jalapippali for natural treatment,herb_benefits,1.0,jalapippali,,
overview of gunas,general_info,1.0,,,gunas
how to use srikhandasava,herb_benefits,1.0,srikhandasava,,
what are the principles of immunity,general_info,1.0,,,immunity
benefits and uses of guggulutiktakam ghritam,herb_benefits,1.0,guggulutiktakam ghritam,,
mahasudarshan churna nutritional benefits,herb_benefits,1.0,mahasudarshan churna,,
bibhitaki wellness benefits,herb_benefits,1.0,bibhitaki,,
what does ushtra dugdha do,herb_benefits,1.0,ushtra dugdha,,
what are the principles of meditation,general_info,1.0,,,meditation
benefits of virechana,general_info,1.0,,,virechana
fundamentals of rasa,general_info,1.0,,,rasa
how to use lodhradi churna,herb_benefits,1.0,lodhradi churna,,
mind-body connection basics,general_info,1.0,,,mind-body connection
dosha methodology,general_info,1.0,,,dosha
mild menstrual cramps,disease_prediction,1.0,,menstrual cramps,
examining healthy lifestyle,general_info,1.0,,,healthy lifestyle
masi for holistic health,herb_benefits,1.0,masi,,
preventive medicine approach,general_info,1.0,,,preventive medicine
having motion sickness,disease_prediction,1.0,,motion sickness,
ancient applications of ketaki,herb_benefits,1.0,ketaki,,
medicinal applications of kutaj,herb_benefits,1.0,kutaj,,
alleviating eye strain,disease_prediction,1.0,,eye strain,
persistent ear pain,disease_prediction,1.0,,ear pain,
principles of yoga,general_info,1.0,,,yoga
alleviating low energy,disease_prediction,1.0,,low energy,
herbal medicine for abdominal pain,disease_prediction,1.0,,abdominal pain,
studying srotas,general_info,1.0,,,srotas
kalmegh for wellness,herb_benefits,1.0,kalmegh,,
learning immunity,general_info,1.0,,,immunity
herbal medicine for oily skin,disease_prediction,1.0,,oily skin,
traditional medicine viewpoint,general_info,1.0,,,traditional medicine
benefits of holistic health,general_info,1.0,,,holistic health
herbal medicine science,general_info,1.0,,,herbal medicine
mahishi dugdha for natural healing,herb_benefits,1.0,mahishi dugdha,,
diarrhea treatment,disease_prediction,1.0,,diarrhea,
health properties of akarakarabha,herb_benefits,1.0,akarakarabha,,
how to use panchamrita parpati,herb_benefits,1.0,panchamrita parpati,,
origin of dosha,general_info,1.0,,,dosha
help with low energy,disease_prediction,1.0,,low energy,
ancient applications of koshataki,herb_benefits,1.0,koshataki,,
preventing bloating,disease_prediction,1.0,,bloating,
temperament explained,general_info,1.0,,,temperament
tridosha understanding,general_info,1.0,,,tridosha
shara medicinal uses,herb_benefits,1.0,shara,,
kusha medicinal uses,herb_benefits,1.0,kusha,,
asana for natural healing,herb_benefits,1.0,asana,,
traditional cure for hot flashes,disease_prediction,1.0,,hot flashes,
ginger therapeutic benefits,herb_benefits,1.0,ginger,,
tell me about laghu sutshekhar ras,herb_benefits,1.0,laghu sutshekhar ras,,
nasya philosophy,general_info,1.0,,,nasya
holistic treatment for cold,disease_prediction,1.0,,cold,
help with blurred vision,disease_prediction,1.0,,blurred vision,
kakoli effects,herb_benefits,1.0,kakoli,,
tejapatra remedy uses,herb_benefits,1.0,tejapatra,,
preventing fever,disease_prediction,1.0,,fever,
what does mahakalyanaka ghritam do,herb_benefits,1.0,mahakalyanaka ghritam,,
origin of herbal medicine,general_info,1.0,,,herbal medicine
alternative medicine for acidity,disease_prediction,1.0,,acidity,
vidanga in traditional medicine,herb_benefits,1.0,vidanga,,
understanding dosha,general_info,1.0,,,dosha
quick relief from vomiting,disease_prediction,1.0,,vomiting,
explain trimala,general_info,1.0,,,trimala
nutrition knowledge,general_info,1.0,,,nutrition
remedy for fever,disease_prediction,1.0,,fever,
natural treatment for cuts,disease_prediction,1.0,,cuts,
I have snoring,disease_prediction,1.0,,snoring,
medicinal applications of shadbindu taila,herb_benefits,1.0,shadbindu taila,,
why use shigru patra,herb_benefits,1.0,shigru patra,,
curcuma remedy uses,herb_benefits,1.0,curcuma,,
lata kasturi properties,herb_benefits,1.0,lata kasturi,,
holistic treatment for anxiety,disease_prediction,1.0,,anxiety,
medicinal effects of dhatupaushtik churna,herb_benefits,1.0,dhatupaushtik churna,,
want to know about dosha,general_info,1.0,,,dosha
science behind vikriti,general_info,1.0,,,vikriti
herbal properties of kankshi,herb_benefits,1.0,kankshi,,
fundamentals of balance,general_info,1.0,,,balance
having vertigo,disease_prediction,1.0,,vertigo,
herbal properties of dashamularishta,herb_benefits,1.0,dashamularishta,,
natural cure for sleep apnea,disease_prediction,1.0,,sleep apnea,
why is vamsha healthy,herb_benefits,1.0,vamsha,,
rasa perspective,general_info,1.0,,,rasa
remedy for concentration issues,disease_prediction,1.0,,concentration issues,
persistent tingling,disease_prediction,1.0,,tingling,
cure for asthma,disease_prediction,1.0,,asthma,
severe sneezing,disease_prediction,1.0,,sneezing,
relief from sprains,disease_prediction,1.0,,sprains,
permanent cure for bronchitis,disease_prediction,1.0,,bronchitis,
fundamentals of immunity,general_info,1.0,,,immunity
discovering panchamahabhutas,general_info,1.0,,,panchamahabhutas
what does amrita ghrita do,herb_benefits,1.0,amrita ghrita,,
what is body type,general_info,1.0,,,body type
wellness wisdom,general_info,1.0,,,wellness
what does shunthi do,herb_benefits,1.0,shunthi,,
inflammation treatment,disease_prediction,1.0,,inflammation,
medicinal effects of varunadi kashayam,herb_benefits,1.0,varunadi kashayam,,
home remedy for strains,disease_prediction,1.0,,strains,
eladi vati natural medicine,herb_benefits,1.0,eladi vati,,
treatment for dry skin,disease_prediction,1.0,,dry skin,
quick relief from hearing problems,disease_prediction,1.0,,hearing problems,
having vertigo,disease_prediction,1.0,,vertigo,
benefits and uses of mahatiktaka ghrita,herb_benefits,1.0,mahatiktaka ghrita,,
bacopa for natural treatment,herb_benefits,1.0,bacopa,,
what is natural healing,general_info,1.0,,,natural healing
quick relief from chest pain,disease_prediction,1.0,,chest pain,
medicine for chronic fatigue,disease_prediction,1.0,,chronic fatigue,
arjuna twak in herbal medicine,herb_benefits,1.0,arjuna twak,,
introduction to yoga,general_info,1.0,,,yoga
uses of vrihi,herb_benefits,1.0,vrihi,,
tell me about patala,herb_benefits,1.0,patala,,
dealing with bronchitis,disease_prediction,1.0,,bronchitis,
can you explain metabolism,general_info,1.0,,,metabolism
non-toxic remedy for cough,disease_prediction,1.0,,cough,
traditional uses of nimba beeja,herb_benefits,1.0,nimba beeja,,
significance of holistic health,general_info,1.0,,,holistic health
treatment for vomiting,disease_prediction,1.0,,vomiting,
palandu natural medicine,herb_benefits,1.0,palandu,,
herbal properties of prativisha,herb_benefits,1.0,prativisha,,
help with depression,disease_prediction,1.0,,depression,
cure for burning sensation,disease_prediction,1.0,,burning sensation,
discovering detoxification,general_info,1.0,,,detoxification
how to use sukumara kashayam,herb_benefits,1.0,sukumara kashayam,,
what is shirodhara,general_info,1.0,,,shirodhara
vata tradition,general_info,1.0,,,vata
effective treatments for chronic fatigue,disease_prediction,1.0,,chronic fatigue,
therapeutic value of sala,herb_benefits,1.0,sala,,
nutrition theory,general_info,1.0,,,nutrition
discovering gunas,general_info,1.0,,,gunas
guide to prana,general_info,1.0,,,prana
herbal properties of nimba beeja,herb_benefits,1.0,nimba beeja,,
shankhini effects,herb_benefits,1.0,shankhini,,
eladi vati therapeutic benefits,herb_benefits,1.0,eladi vati,,
natural treatment for vomiting,disease_prediction,1.0,,vomiting,
malas practice,general_info,1.0,,,malas
health properties of shatavari ksheera,herb_benefits,1.0,shatavari ksheera,,
understand saptadhatu,general_info,1.0,,,saptadhatu
researching harmony,general_info,1.0,,,harmony
diagnosis of cough,disease_prediction,1.0,,cough,
what can ishwari treat,herb_benefits,1.0,ishwari,,
trimala fundamentals,general_info,1.0,,,trimala
natural cure for morning sickness,disease_prediction,1.0,,morning sickness,
understanding ojas,general_info,1.0,,,ojas
preventive medicine methodology,general_info,1.0,,,preventive medicine
medicinal properties of punarnava,herb_benefits,1.0,punarnava,,
what is hijal good for,herb_benefits,1.0,hijal,,
medicinal value of sarpaksi,herb_benefits,1.0,sarpaksi,,
effective treatment for constipation,disease_prediction,1.0,,constipation,
traditional cures for chest pain,disease_prediction,1.0,,chest pain,
health benefits of shyonaka,herb_benefits,1.0,shyonaka,,
treatment for brain fog,disease_prediction,1.0,,brain fog,
natural benefits of jatyadi taila,herb_benefits,1.0,jatyadi taila,,
agni philosophy,general_info,1.0,,,agni
agni practice,general_info,1.0,,,agni
discovering harmony,general_info,1.0,,,harmony
what causes wounds,disease_prediction,1.0,,wounds,
tell me about meditation,general_info,1.0,,,meditation
reducing dry eyes,disease_prediction,1.0,,dry eyes,
quick relief from heartburn,disease_prediction,1.0,,heartburn,
karanja for wellness,herb_benefits,1.0,karanja,,
advantages of dhataki,herb_benefits,1.0,dhataki,,
ayurvedic benefits of chitrak,herb_benefits,1.0,chitrak,,
properties of shvet musli,herb_benefits,1.0,shvet musli,,
herbal properties of tila taila,herb_benefits,1.0,tila taila,,
philosophy of rasa,general_info,1.0,,,rasa
shadrasas perspective,general_info,1.0,,,shadrasas
discovering herbal medicine,general_info,1.0,,,herbal medicine
medicine for tinnitus,disease_prediction,1.0,,tinnitus,
advantages of hingvashtak churna,herb_benefits,1.0,hingvashtak churna,,
advantages of changeri,herb_benefits,1.0,changeri,,
role of prabhava,general_info,1.0,,,prabhava
mild menstrual cramps,disease_prediction,1.0,,menstrual cramps,
diagnosis of hypertension,disease_prediction,1.0,,hypertension,
intermittent spasms,disease_prediction,1.0,,spasms,
virechana explained,general_info,1.0,,,virechana
medicinal properties of prapunnada,herb_benefits,1.0,prapunnada,,
herbal properties of dashamularishta,herb_benefits,1.0,dashamularishta,,
what is himasagara thailam good for,herb_benefits,1.0,himasagara thailam,,
effective treatments for constipation,disease_prediction,1.0,,constipation,
pippali moola health effects,herb_benefits,1.0,pippali moola,,
dosha wisdom,general_info,1.0,,,dosha
information about traditional medicine,general_info,1.0,,,traditional medicine
best medicine for hearing problems,disease_prediction,1.0,,hearing problems,
preventing vomiting,disease_prediction,1.0,,vomiting,
treatment for cold,disease_prediction,1.0,,cold,
having mood swings,disease_prediction,1.0,,mood swings,
shadrasas fundamentals,general_info,1.0,,,shadrasas
alarka for holistic health,herb_benefits,1.0,alarka,,
cure for acne,disease_prediction,1.0,,acne,
researching pranayama,general_info,1.0,,,pranayama
therapeutic value of bilwadi leha,herb_benefits,1.0,bilwadi leha,,
health benefits of haritaki,herb_benefits,1.0,haritaki,,
back pain symptoms,disease_prediction,1.0,,back pain,
natural cure for insomnia,disease_prediction,1.0,,insomnia,
quick relief from dry eyes,disease_prediction,1.0,,dry eyes,
why is siddha makardhwaj healthy,herb_benefits,1.0,siddha makardhwaj,,
acne cure,disease_prediction,1.0,,acne,
basics of gunas,general_info,1.0,,,gunas
how does vikriti work,general_info,1.0,,,vikriti
treatment for motion sickness,disease_prediction,1.0,,motion sickness,
medicine for dry skin,disease_prediction,1.0,,dry skin,
I'm experiencing fatigue,disease_prediction,1.0,,fatigue,
panchakarma art,general_info,1.0,,,panchakarma
marichyadi vati benefits,herb_benefits,1.0,marichyadi vati,,
dosha methodology,general_info,1.0,,,dosha
how does nimba patra help,herb_benefits,1.0,nimba patra,,
healing constipation,disease_prediction,1.0,,constipation,
what does abhraka bhasma do,herb_benefits,1.0,abhraka bhasma,,
information about traditional medicine,general_info,1.0,,,traditional medicine
karpooradi thailam for natural healing,herb_benefits,1.0,karpooradi thailam,,
natural benefits of dhattura beeja,herb_benefits,1.0,dhattura beeja,,
intermittent skin rash,disease_prediction,1.0,,skin rash,
basti tradition,general_info,1.0,,,basti
digestion fundamentals,general_info,1.0,,,digestion
information about kshirabala 101 avarti,herb_benefits,1.0,kshirabala 101 avarti,,
understand alternative medicine,general_info,1.0,,,alternative medicine
alternative medicine for mood swings,disease_prediction,1.0,,mood swings,
trimala methodology,general_info,1.0,,,trimala
overcoming depression,disease_prediction,1.0,,depression,
overcoming gas,disease_prediction,1.0,,gas,
what is patola good for,herb_benefits,1.0,patola,,
jati effects,herb_benefits,1.0,jati,,
non-toxic remedy for strains,disease_prediction,1.0,,strains,
discovering malas,general_info,1.0,,,malas
discovering traditional medicine,general_info,1.0,,,traditional medicine
alabu for natural treatment,herb_benefits,1.0,alabu,,
therapeutic value of aragvadhadi kwath,herb_benefits,1.0,aragvadhadi kwath,,
therapeutic effects of changeri,herb_benefits,1.0,changeri,,
basics of mind-body connection,general_info,1.0,,,mind-body connection
masha nutritional benefits,herb_benefits,1.0,masha,,
significance of virya,general_info,1.0,,,virya
body type tradition,general_info,1.0,,,body type
overcoming anxiety,disease_prediction,1.0,,anxiety,
origin of metabolism,general_info,1.0,,,metabolism
significance of preventive medicine,general_info,1.0,,,preventive medicine
treatment for sleep apnea,disease_prediction,1.0,,sleep apnea,
introduction to pitta,general_info,1.0,,,pitta
gunas approach,general_info,1.0,,,gunas
chronic mood swings,disease_prediction,1.0,,mood swings,
introduction to metabolism,general_info,1.0,,,metabolism
non-toxic remedy for night sweats,disease_prediction,1.0,,night sweats,
brahmi vati nutritional benefits,herb_benefits,1.0,brahmi vati,,
significance of ama,general_info,1.0,,,ama
dhanyamla natural medicine,herb_benefits,1.0,dhanyamla,,
herbal properties of ajamodadi churna,herb_benefits,1.0,ajamodadi churna,,
traditional cures for hearing problems,disease_prediction,1.0,,hearing problems,
treatment for chest pain,disease_prediction,1.0,,chest pain,
investigating vikriti,general_info,1.0,,,vikriti
reducing sprains,disease_prediction,1.0,,sprains,
studying body type,general_info,1.0,,,body type
sudden sleep apnea,disease_prediction,1.0,,sleep apnea,
controlling swelling,disease_prediction,1.0,,swelling,
herbal properties of kankshi,herb_benefits,1.0,kankshi,,
information about karpasa,herb_benefits,1.0,karpasa,,
ayurvedic benefits of dhanwantaram thailam,herb_benefits,1.0,dhanwantaram thailam,,
severe tingling,disease_prediction,1.0,,tingling,
panna pishti for wellness,herb_benefits,1.0,panna pishti,,
I have depression,disease_prediction,1.0,,depression,
define shirodhara,general_info,1.0,,,shirodhara
danti uses,herb_benefits,1.0,danti,,
healing wounds,disease_prediction,1.0,,wounds,
overview of tridosha,general_info,1.0,,,tridosha
I feel blurred vision,disease_prediction,1.0,,blurred vision,
recurring sneezing,disease_prediction,1.0,,sneezing,
medicinal applications of parijata,herb_benefits,1.0,parijata,,
controlling itching,disease_prediction,1.0,,itching,
meditation knowledge,general_info,1.0,,,meditation
natural healing art,general_info,1.0,,,natural healing
pitta theory,general_info,1.0,,,pitta
benefits and uses of shyonaka,herb_benefits,1.0,shyonaka,,
alternative medicine tradition,general_info,1.0,,,alternative medicine
herbal properties of prativisha,herb_benefits,1.0,prativisha,,
how to treat sleep disorders,disease_prediction,1.0,,sleep disorders,
treatment for sleep apnea,disease_prediction,1.0,,sleep apnea,
makshika madhu therapeutic benefits,herb_benefits,1.0,makshika madhu,,
medicinal effects of drakshavaleha,herb_benefits,1.0,drakshavaleha,,
mahanimba nutritional benefits,herb_benefits,1.0,mahanimba,,
health benefits of tulsi,herb_benefits,1.0,tulsi,,
intermittent vomiting,disease_prediction,1.0,,vomiting,
I've got mood swings,disease_prediction,1.0,,mood swings,
overcoming gas,disease_prediction,1.0,,gas,
therapeutic effects of changeri,herb_benefits,1.0,changeri,,
what are the principles of meditation,general_info,1.0,,,meditation
constitution perspective,general_info,1.0,,,constitution
symptoms of indigestion,disease_prediction,1.0,,indigestion,
therapeutic effects of shalparni,herb_benefits,1.0,shalparni,,
sneezing symptoms,disease_prediction,1.0,,sneezing,
importance of ojas,general_info,1.0,,,ojas
what is ashoka ghrita good for,herb_benefits,1.0,ashoka ghrita,,
having sinusitis,disease_prediction,1.0,,sinusitis,
alternative medicine for heartburn,disease_prediction,1.0,,heartburn,
body type art,general_info,1.0,,,body type
severe vertigo,disease_prediction,1.0,,vertigo,
gunja remedy uses,herb_benefits,1.0,gunja,,
understanding meditation,general_info,1.0,,,meditation
importance of pitta,general_info,1.0,,,pitta
persistent cramps,disease_prediction,1.0,,cramps,
uses of laksha,herb_benefits,1.0,laksha,,
diagnosis of depression,disease_prediction,1.0,,depression,
herbal properties of panchakola churna,herb_benefits,1.0,panchakola churna,,
intermittent joint pain,disease_prediction,1.0,,joint pain,
discovering natural healing,general_info,1.0,,,natural healing
importance of wellness,general_info,1.0,,,wellness
intermittent hearing problems,disease_prediction,1.0,,hearing problems,
home remedy for strains,disease_prediction,1.0,,strains,
role of traditional medicine,general_info,1.0,,,traditional medicine
herbal properties of gangeruki,herb_benefits,1.0,gangeruki,,
alleviating eye strain,disease_prediction,1.0,,eye strain,
how does wellness work,general_info,1.0,,,wellness
symptoms of oily skin,disease_prediction,1.0,,oily skin,
what does ushtra dugdha do,herb_benefits,1.0,ushtra dugdha,,
medicinal effects of bijapura,herb_benefits,1.0,bijapura,,
I'm suffering from motion sickness,disease_prediction,1.0,,motion sickness,
tell me about pradarantak lauh,herb_benefits,1.0,pradarantak lauh,,
alternative medicine for sinusitis,disease_prediction,1.0,,sinusitis,
what is wellness,general_info,1.0,,,wellness
vata tradition,general_info,1.0,,,vata
gojihva effects,herb_benefits,1.0,gojihva,,
philosophy of natural healing,general_info,1.0,,,natural healing
bhringaraja svarasa in herbal medicine,herb_benefits,1.0,bhringaraja svarasa,,
non-toxic remedy for arthritis,disease_prediction,1.0,,arthritis,
therapeutic effects of parpataka,herb_benefits,1.0,parpataka,,
best medicine for ear pain,disease_prediction,1.0,,ear pain,
exploring wellness,general_info,1.0,,,wellness
healing power of fennel,herb_benefits,1.0,fennel,,
significance of vikriti,general_info,1.0,,,vikriti
permanent cure for psoriasis,disease_prediction,1.0,,psoriasis,
blurred vision symptoms,disease_prediction,1.0,,blurred vision,
traditional medicine science,general_info,1.0,,,traditional medicine
help with hearing problems,disease_prediction,1.0,,hearing problems,
shankhpushpi effects,herb_benefits,1.0,shankhpushpi,,
kasamarda in traditional medicine,herb_benefits,1.0,kasamarda,,
therapeutic value of matulunga,herb_benefits,1.0,matulunga,,
mind-body connection explained,general_info,1.0,,,mind-body connection
symptoms of eye strain,disease_prediction,1.0,,eye strain,
how can madhusnuhi rasayana help,herb_benefits,1.0,madhusnuhi rasayana,,
diagnosis of inflammation,disease_prediction,1.0,,inflammation,
healing low energy,disease_prediction,1.0,,low energy,
managing inflammation,disease_prediction,1.0,,inflammation,
I'm suffering from constipation,disease_prediction,1.0,,constipation,
ketaki natural medicine,herb_benefits,1.0,ketaki,,
history of panchakarma,general_info,1.0,,,panchakarma
ama methodology,general_info,1.0,,,ama
researching harmony,general_info,1.0,,,harmony
symptoms of stress,disease_prediction,1.0,,stress,
fundamentals of prabhava,general_info,1.0,,,prabhava
alternative medicine for nausea,disease_prediction,1.0,,nausea,
discovering prana,general_info,1.0,,,prana
basics of pitta,general_info,1.0,,,pitta
advantages of changeri,herb_benefits,1.0,changeri,,
panna pishti for wellness,herb_benefits,1.0,panna pishti,,
malas practice,general_info,1.0,,,malas
medicinal value of snuhi ksheera,herb_benefits,1.0,snuhi ksheera,,
elakanadi kashayam effects,herb_benefits,1.0,elakanadi kashayam,,
philosophy of circulation,general_info,1.0,,,circulation
preventing cough,disease_prediction,1.0,,cough,
overcoming depression,disease_prediction,1.0,,depression,
gunas practice,general_info,1.0,,,gunas
I feel motion sickness,disease_prediction,1.0,,motion sickness,
intermittent stress,disease_prediction,1.0,,stress,
I feel blurred vision,disease_prediction,1.0,,blurred vision,
what makes nagabala beneficial,herb_benefits,1.0,nagabala,,
origin of holistic health,general_info,1.0,,,holistic health
fundamentals of panchakarma,general_info,1.0,,,panchakarma
overcoming tinnitus,disease_prediction,1.0,,tinnitus,
importance of basti,general_info,1.0,,,basti
kakajangha medicinal uses,herb_benefits,1.0,kakajangha,,
recurring cramps,disease_prediction,1.0,,cramps,
herbal properties of gangeruki,herb_benefits,1.0,gangeruki,,
preventing bloating,disease_prediction,1.0,,bloating,
aragwadha wellness benefits,herb_benefits,1.0,aragwadha,,
properties of saraswatarishta,herb_benefits,1.0,saraswatarishta,,
tejas perspective,general_info,1.0,,,tejas
dosha explained,general_info,1.0,,,dosha
treatment for constipation,disease_prediction,1.0,,constipation,
why is vyaghri haritaki healthy,herb_benefits,1.0,vyaghri haritaki,,
overview of ama,general_info,1.0,,,ama
ketaki natural medicine,herb_benefits,1.0,ketaki,,
herbal properties of swarnapatri,herb_benefits,1.0,swarnapatri,,
traditional uses of tinospora,herb_benefits,1.0,tinospora,,
chakshushya in herbal medicine,herb_benefits,1.0,chakshushya,,
quick relief from motion sickness,disease_prediction,1.0,,motion sickness,
home remedy for memory problems,disease_prediction,1.0,,memory problems,
ojas methodology,general_info,1.0,,,ojas
what are the principles of meditation,general_info,1.0,,,meditation
treatment for itching,disease_prediction,1.0,,itching,
ojas explained,general_info,1.0,,,ojas
medicinal properties of tumburu,herb_benefits,1.0,tumburu,,
symptoms of dizziness,disease_prediction,1.0,,dizziness,
mandukparni in traditional medicine,herb_benefits,1.0,mandukparni,,
recurring sore throat,disease_prediction,1.0,,sore throat,
I'm suffering from hair loss,disease_prediction,1.0,,hair loss,
what makes kataka beneficial,herb_benefits,1.0,kataka,,
health advantages of mahishi dugdha,herb_benefits,1.0,mahishi dugdha,,
remedy for snoring,disease_prediction,1.0,,snoring,
learning yoga,general_info,1.0,,,yoga
treatment for motion sickness,disease_prediction,1.0,,motion sickness,
kusha medicinal uses,herb_benefits,1.0,kusha,,
what makes madhukarkati beneficial,herb_benefits,1.0,madhukarkati,,
sudden sleep apnea,disease_prediction,1.0,,sleep apnea,
tell me about metabolism,general_info,1.0,,,metabolism
learning gunas,general_info,1.0,,,gunas
learning panchamahabhutas,general_info,1.0,,,panchamahabhutas
I'm experiencing morning sickness,disease_prediction,1.0,,morning sickness,
discovering constitution,general_info,1.0,,,constitution
what does chitrakadi vati do,herb_benefits,1.0,chitrakadi vati,,
ancient uses of jeerakarishtam,herb_benefits,1.0,jeerakarishtam,,
fundamentals of dosha,general_info,1.0,,,dosha
examining alternative medicine,general_info,1.0,,,alternative medicine
what is body type,general_info,1.0,,,body type
traditional uses of arka pushpa,herb_benefits,1.0,arka pushpa,,
therapeutic effects of swarnapatri,herb_benefits,1.0,swarnapatri,,
meditation explained,general_info,1.0,,,meditation
mild indigestion,disease_prediction,1.0,,indigestion,
mild tingling,disease_prediction,1.0,,tingling,
what does himasagara thailam do,herb_benefits,1.0,himasagara thailam,,
I'm experiencing wounds,disease_prediction,1.0,,wounds,
herbal medicine for night sweats,disease_prediction,1.0,,night sweats,
terminalia natural medicine,herb_benefits,1.0,terminalia,,
japa remedy uses,herb_benefits,1.0,japa,,
eczema treatment,disease_prediction,1.0,,eczema,
history of basti,general_info,1.0,,,basti
why use makoy,herb_benefits,1.0,makoy,,
relief from skin rash,disease_prediction,1.0,,skin rash,
tell me about srotas,general_info,1.0,,,srotas
immunity art,general_info,1.0,,,immunity
ayurvedic advantages of shallaki,herb_benefits,1.0,shallaki,,
examining immunity,general_info,1.0,,,immunity
principles of body type,general_info,1.0,,,body type
what does himasagara thailam do,herb_benefits,1.0,himasagara thailam,,
fundamentals of alternative medicine,general_info,1.0,,,alternative medicine
recurring cramps,disease_prediction,1.0,,cramps,
shara medicinal uses,herb_benefits,1.0,shara,,
medicine for vomiting,disease_prediction,1.0,,vomiting,
mild back pain,disease_prediction,1.0,,back pain,
gunas tradition,general_info,1.0,,,gunas
I'm experiencing irregular periods,disease_prediction,1.0,,irregular periods,
explain trimala,general_info,1.0,,,trimala
permanent cure for stress,disease_prediction,1.0,,stress,
cardamom effects,herb_benefits,1.0,cardamom,,
metabolism wisdom,general_info,1.0,,,metabolism
why is mastu healthy,herb_benefits,1.0,mastu,,
quick relief from indigestion,disease_prediction,1.0,,indigestion,
abhyanga science,general_info,1.0,,,abhyanga
role of circulation,general_info,1.0,,,circulation
medicine for dry skin,disease_prediction,1.0,,dry skin,
prakriti explained,general_info,1.0,,,prakriti
reducing sprains,disease_prediction,1.0,,sprains,
treatment for brain fog,disease_prediction,1.0,,brain fog,
origin of ayurveda,general_info,1.0,,,ayurveda
virechana explained,general_info,1.0,,,virechana
alleviating psoriasis,disease_prediction,1.0,,psoriasis,
ama science,general_info,1.0,,,ama
temperament wisdom,general_info,1.0,,,temperament
discovering panchamahabhutas,general_info,1.0,,,panchamahabhutas
alleviating inflammation,disease_prediction,1.0,,inflammation,
mild abdominal pain,disease_prediction,1.0,,abdominal pain,
reducing psoriasis,disease_prediction,1.0,,psoriasis,
therapeutic value of dhattura,herb_benefits,1.0,dhattura,,
kokilaksha remedy uses,herb_benefits,1.0,kokilaksha,,
guide to energy,general_info,1.0,,,energy
kapikachhu for health improvement,herb_benefits,1.0,kapikachhu,,
manjisthadi kwath medicinal uses,herb_benefits,1.0,manjisthadi kwath,,
simhanada guggulu in herbal medicine,herb_benefits,1.0,simhanada guggulu,,
discovering detoxification,general_info,1.0,,,detoxification
therapeutic effects of elakanadi kashayam,herb_benefits,1.0,elakanadi kashayam,,
what makes rudraksha beneficial,herb_benefits,1.0,rudraksha,,
diagnosis of depression,disease_prediction,1.0,,depression,
what causes diabetes,disease_prediction,1.0,,diabetes,
fundamentals of prabhava,general_info,1.0,,,prabhava
recurring tinnitus,disease_prediction,1.0,,tinnitus,
kalamba in herbal medicine,herb_benefits,1.0,kalamba,,
researching dosha,general_info,1.0,,,dosha
reducing blurred vision,disease_prediction,1.0,,blurred vision,
varanadi ghritam effects,herb_benefits,1.0,varanadi ghritam,,
examining dhatus,general_info,1.0,,,dhatus
treatments for vomiting,disease_prediction,1.0,,vomiting,
elakanadi kashayam effects,herb_benefits,1.0,elakanadi kashayam,,
define preventive medicine,general_info,1.0,,,preventive medicine
managing gastritis,disease_prediction,1.0,,gastritis,
shankhini effects,herb_benefits,1.0,shankhini,,
origin of panchakarma,general_info,1.0,,,panchakarma
effective treatment for gastritis,disease_prediction,1.0,,gastritis,
ojas principles,general_info,1.0,,,ojas
want to know about herbal medicine,general_info,1.0,,,herbal medicine
medicinal applications of somaraji taila,herb_benefits,1.0,somaraji taila,,
ancient uses of koshataki,herb_benefits,1.0,koshataki,,
quick relief from gastritis,disease_prediction,1.0,,gastritis,
medicinal applications of kanchanara guggulu,herb_benefits,1.0,kanchanara guggulu,,
what are the principles of shadrasas,general_info,1.0,,,shadrasas
what can ginger treat,herb_benefits,1.0,ginger,,
natural benefits of sthuneyaka,herb_benefits,1.0,sthuneyaka,,
what can amritaprasha ghrita treat,herb_benefits,1.0,amritaprasha ghrita,,
medicinal properties of guloochyadi kashayam,herb_benefits,1.0,guloochyadi kashayam,,
significance of virya,general_info,1.0,,,virya
acne symptoms,disease_prediction,1.0,,acne,
researching virechana,general_info,1.0,,,virechana
tell me about ashwagandha,herb_benefits,1.0,ashwagandha,,
understanding basti,general_info,1.0,,,basti
how to treat heartburn,disease_prediction,1.0,,heartburn,
discovering herbal medicine,general_info,1.0,,,herbal medicine
therapeutic applications of kanchanara guggulu,herb_benefits,1.0,kanchanara guggulu,,
detoxification philosophy,general_info,1.0,,,detoxification
therapeutic effects of kumbhika,herb_benefits,1.0,kumbhika,,
define agni,general_info,1.0,,,agni
alleviating low energy,disease_prediction,1.0,,low energy,
basti concepts,general_info,1.0,,,basti
grinjana healing properties,herb_benefits,1.0,grinjana,,
vidaryadi ghrita remedy uses,herb_benefits,1.0,vidaryadi ghrita,,
science behind wellness,general_info,1.0,,,wellness
sprains treatment,disease_prediction,1.0,,sprains,
information about tintidika,herb_benefits,1.0,tintidika,,
what makes neelam pishti beneficial,herb_benefits,1.0,neelam pishti,,
treatment for sleep apnea,disease_prediction,1.0,,sleep apnea,
detoxification fundamentals,general_info,1.0,,,detoxification
overcoming hypertension,disease_prediction,1.0,,hypertension,
define prakriti,general_info,1.0,,,prakriti
role of mind-body connection,general_info,1.0,,,mind-body connection
medicinal effects of ashwattha,herb_benefits,1.0,ashwattha,,
gandharvahastadi kashayam medicinal uses,herb_benefits,1.0,gandharvahastadi kashayam,,
I'm experiencing snoring,disease_prediction,1.0,,snoring,
severe vertigo,disease_prediction,1.0,,vertigo,
treatment for muscle pain,disease_prediction,1.0,,muscle pain,
medicinal properties of aja dugdha,herb_benefits,1.0,aja dugdha,,
raupya bhasma in herbal medicine,herb_benefits,1.0,raupya bhasma,,
what makes kushmanda avaleha beneficial,herb_benefits,1.0,kushmanda avaleha,,
amritarishta for health,herb_benefits,1.0,amritarishta,,
intermittent hair loss,disease_prediction,1.0,,hair loss,
fundamentals of pranayama,general_info,1.0,,,pranayama
information about wellness,general_info,1.0,,,wellness
persistent skin rash,disease_prediction,1.0,,skin rash,
permanent cures for gastritis,disease_prediction,1.0,,gastritis,
I experience eye strain,disease_prediction,1.0,,eye strain,
philosophy of circulation,general_info,1.0,,,circulation
natural benefits of upodika,herb_benefits,1.0,upodika,,
quick relief from eczema,disease_prediction,1.0,,eczema,
what causes bronchitis,disease_prediction,1.0,,bronchitis,
remedy for gas,disease_prediction,1.0,,gas,
ayurvedic advantages of simhamoola,herb_benefits,1.0,simhamoola,,
herbal medicine for muscle pain,disease_prediction,1.0,,muscle pain,
how does caturjata churna help,herb_benefits,1.0,caturjata churna,,
tell me about pradarantak lauh,herb_benefits,1.0,pradarantak lauh,,
dhattura for health improvement,herb_benefits,1.0,dhattura,,
kapha system,general_info,1.0,,,kapha
energy approach,general_info,1.0,,,energy
help with gastritis,disease_prediction,1.0,,gastritis,
investigating pranayama,general_info,1.0,,,pranayama
benefits of pitta,general_info,1.0,,,pitta
kembuka healing properties,herb_benefits,1.0,kembuka,,
learning tridosha,general_info,1.0,,,tridosha
why use grinjana,herb_benefits,1.0,grinjana,,
I feel blurred vision,disease_prediction,1.0,,blurred vision,
fundamentals of tejas,general_info,1.0,,,tejas
health advantages of tulsi,herb_benefits,1.0,tulsi,,
herbal properties of prativisha,herb_benefits,1.0,prativisha,,
advantages of kumbhika,herb_benefits,1.0,kumbhika,,
herbal medicine for oily skin,disease_prediction,1.0,,oily skin,
benefits and applications of chandana,herb_benefits,1.0,chandana,,
importance of pitta,general_info,1.0,,,pitta
holistic health practice,general_info,1.0,,,holistic health
aja dugdha in herbal medicine,herb_benefits,1.0,aja dugdha,,
tell me about yoga,general_info,1.0,,,yoga
healing strains,disease_prediction,1.0,,strains,
recovering from allergies,disease_prediction,1.0,,allergies,
healthy lifestyle tradition,general_info,1.0,,,healthy lifestyle
what're the benefits of kharbhuja,herb_benefits,1.0,kharbhuja,,
healthy lifestyle methodology,general_info,1.0,,,healthy lifestyle
virechana philosophy,general_info,1.0,,,virechana
discovering circulation,general_info,1.0,,,circulation
introduction to wellness,general_info,1.0,,,wellness
abhyanga art,general_info,1.0,,,abhyanga
natural benefits of gambhari phala,herb_benefits,1.0,gambhari phala,,
healthy lifestyle viewpoint,general_info,1.0,,,healthy lifestyle
ama fundamentals,general_info,1.0,,,ama
quick relief from diabetes,disease_prediction,1.0,,diabetes,
what's vrikshamla phala good for,herb_benefits,1.0,vrikshamla phala,,
constitution knowledge,general_info,1.0,,,constitution
how to treat heartburn,disease_prediction,1.0,,heartburn,
bhringaraja svarasa in herbal medicine,herb_benefits,1.0,bhringaraja svarasa,,
kaishore guggul wellness benefits,herb_benefits,1.0,kaishore guggul,,
origin of trimala,general_info,1.0,,,trimala
medicinal value of vasa,herb_benefits,1.0,vasa,,
mukta pishti for wellness,herb_benefits,1.0,mukta pishti,,
temperament explained,general_info,1.0,,,temperament
home remedy for constipation,disease_prediction,1.0,,constipation,
what makes kataka beneficial,herb_benefits,1.0,kataka,,
holistic treatment for ear pain,disease_prediction,1.0,,ear pain,
advantages of gojihvadi kwath,herb_benefits,1.0,gojihvadi kwath,,
body type art,general_info,1.0,,,body type
examining dhatus,general_info,1.0,,,dhatus
symptoms of stress,disease_prediction,1.0,,stress,
persistent fatigue,disease_prediction,1.0,,fatigue,
how to treat spasms,disease_prediction,1.0,,spasms,
advantages of ashwattha,herb_benefits,1.0,ashwattha,,
natural benefits of sthuneyaka,herb_benefits,1.0,sthuneyaka,,
managing dizziness,disease_prediction,1.0,,dizziness,
tell me about temperament,general_info,1.0,,,temperament
recurring strains,disease_prediction,1.0,,strains,
understand dosha,general_info,1.0,,,dosha
agnimantha in herbal medicine,herb_benefits,1.0,agnimantha,,
learn about harmony,general_info,1.0,,,harmony
cure for inflammation,disease_prediction,1.0,,inflammation,
prana practice,general_info,1.0,,,prana
relief from motion sickness,disease_prediction,1.0,,motion sickness,
reducing heartburn,disease_prediction,1.0,,heartburn,
what is wellness,general_info,1.0,,,wellness
medicine for tinnitus,disease_prediction,1.0,,tinnitus,
remedy for cough,disease_prediction,1.0,,cough,
recovering from motion sickness,disease_prediction,1.0,,motion sickness,
science behind yoga,general_info,1.0,,,yoga
chronic fatigue treatment,disease_prediction,1.0,,chronic fatigue,
reducing hearing problems,disease_prediction,1.0,,hearing problems,
detoxification wisdom,general_info,1.0,,,detoxification
uses of navayasa loha,herb_benefits,1.0,navayasa loha,,
history of shadrasas,general_info,1.0,,,shadrasas
safe treatment for memory problems,disease_prediction,1.0,,memory problems,
permanent cure for dry eyes,disease_prediction,1.0,,dry eyes,
curcuma remedy uses,herb_benefits,1.0,curcuma,,
origin of detoxification,general_info,1.0,,,detoxification
define preventive medicine,general_info,1.0,,,preventive medicine
what does phala ghrita do,herb_benefits,1.0,phala ghrita,,
why is kachura healthy,herb_benefits,1.0,kachura,,
tejas tradition,general_info,1.0,,,tejas
what does shukti bhasma do,herb_benefits,1.0,shukti bhasma,,
I have stomach ache,disease_prediction,1.0,,stomach ache,
permanent cure for indigestion,disease_prediction,1.0,,indigestion,
natural cure for allergies,disease_prediction,1.0,,allergies,
healing power of guduchi,herb_benefits,1.0,guduchi,,
amra haridra for health improvement,herb_benefits,1.0,amra haridra,,
importance of pitta,general_info,1.0,,,pitta
arjunarishta in herbal medicine,herb_benefits,1.0,arjunarishta,,
natural benefits of neelibringadi thailam,herb_benefits,1.0,neelibringadi thailam,,
traditional uses of babbula,herb_benefits,1.0,babbula,,
holistic treatments for joint pain,disease_prediction,1.0,,joint pain,
home remedy for sprains,disease_prediction,1.0,,sprains,
recurring constipation,disease_prediction,1.0,,constipation,
alleviating stomach ache,disease_prediction,1.0,,stomach ache,
prabhava practice,general_info,1.0,,,prabhava
what is srotas,general_info,1.0,,,srotas
how to use agnikarna,herb_benefits,1.0,agnikarna,,
information about gokshuradi guggulu,herb_benefits,1.0,gokshuradi guggulu,,
benefits of balance,general_info,1.0,,,balance
overview of malas,general_info,1.0,,,malas
remedy for cough,disease_prediction,1.0,,cough,
makshika madhu therapeutic benefits,herb_benefits,1.0,makshika madhu,,
information about bimbi,herb_benefits,1.0,bimbi,,
origin of holistic health,general_info,1.0,,,holistic health
sala properties,herb_benefits,1.0,sala,,
I'm suffering from sore throat,disease_prediction,1.0,,sore throat,
exploring vata,general_info,1.0,,,vata
effective treatment for abdominal pain,disease_prediction,1.0,,abdominal pain,
quick relief from chest pain,disease_prediction,1.0,,chest pain,
examining panchamahabhutas,general_info,1.0,,,panchamahabhutas
danti moola effects,herb_benefits,1.0,danti moola,,
medicine for dandruff,disease_prediction,1.0,,dandruff,
medicinal effects of kataka,herb_benefits,1.0,kataka,,
tell me about chana,herb_benefits,1.0,chana,,
kakajangha medicinal uses,herb_benefits,1.0,kakajangha,,
I have depression,disease_prediction,1.0,,depression,
what is kshirabala thailam good for,herb_benefits,1.0,kshirabala thailam,,
panchakarma art,general_info,1.0,,,panchakarma
medicinal effects of masi,herb_benefits,1.0,masi,,
karpooradi thailam for wellness,herb_benefits,1.0,karpooradi thailam,,
what does amrita ghrita do,herb_benefits,1.0,amrita ghrita,,
alternative medicine for fatigue,disease_prediction,1.0,,fatigue,
alternative medicine for psoriasis,disease_prediction,1.0,,psoriasis,
history of circulation,general_info,1.0,,,circulation
medicine for bruising,disease_prediction,1.0,,bruising,
lata kasturi for health,herb_benefits,1.0,lata kasturi,,
properties of shuddha guggulu,herb_benefits,1.0,shuddha guggulu,,
information about vatsanabha,herb_benefits,1.0,vatsanabha,,
bhringaraja svarasa in herbal medicine,herb_benefits,1.0,bhringaraja svarasa,,
relief from sprains,disease_prediction,1.0,,sprains,
medicinal value of utpala,herb_benefits,1.0,utpala,,
therapeutic effects of ajmoda,herb_benefits,1.0,ajmoda,,
ginger for wellness,herb_benefits,1.0,ginger,,
role of constitution,general_info,1.0,,,constitution
what makes palankya beneficial,herb_benefits,1.0,palankya,,
symptoms of nausea,disease_prediction,1.0,,nausea,
alternative medicine for acidity,disease_prediction,1.0,,acidity,
how to treat heartburn,disease_prediction,1.0,,heartburn,
discovering srotas,general_info,1.0,,,srotas
tell me about akika pishti,herb_benefits,1.0,akika pishti,,
ayurvedic treatments for diabetes,disease_prediction,1.0,,diabetes,
mukta pishti for wellness,herb_benefits,1.0,mukta pishti,,
what is constitution,general_info,1.0,,,constitution
diagnosis of low energy,disease_prediction,1.0,,low energy,
understanding ayurveda,general_info,1.0,,,ayurveda
healing stomach ache,disease_prediction,1.0,,stomach ache,
what causes sore throat,disease_prediction,1.0,,sore throat,
how to treat allergies,disease_prediction,1.0,,allergies,
sarja natural medicine,herb_benefits,1.0,sarja,,
safe treatment for stress,disease_prediction,1.0,,stress,
home remedy for sinusitis,disease_prediction,1.0,,sinusitis,
diarrhea treatment,disease_prediction,1.0,,diarrhea,
discovering yoga,general_info,1.0,,,yoga
role of traditional medicine,general_info,1.0,,,traditional medicine
what's karnikara good for,herb_benefits,1.0,karnikara,,
panchakarma art,general_info,1.0,,,panchakarma
holistic treatment for tingling,disease_prediction,1.0,,tingling,
persistent numbness,disease_prediction,1.0,,numbness,
kakoli effects,herb_benefits,1.0,kakoli,,
quick relief from diabetes,disease_prediction,1.0,,diabetes,
understand preventive medicine,general_info,1.0,,,preventive medicine
rasnairandadi kwath nutritional benefits,herb_benefits,1.0,rasnairandadi kwath,,
quick relief from motion sickness,disease_prediction,1.0,,motion sickness,
best medicine for low energy,disease_prediction,1.0,,low energy,
fundamentals of circulation,general_info,1.0,,,circulation
rasa perspective,general_info,1.0,,,rasa
what does abhraka bhasma do,herb_benefits,1.0,abhraka bhasma,,
metabolism art,general_info,1.0,,,metabolism
controlling motion sickness,disease_prediction,1.0,,motion sickness,
cardamom effects,herb_benefits,1.0,cardamom,,
ketaki natural medicine,herb_benefits,1.0,ketaki,,
changeri ghrita health effects,herb_benefits,1.0,changeri ghrita,,
prishniparni for wellness,herb_benefits,1.0,prishniparni,,
balance concepts,general_info,1.0,,,balance
medicinal value of utpala,herb_benefits,1.0,utpala,,
ancient uses of ketaki,herb_benefits,1.0,ketaki,,
recurring sprains,disease_prediction,1.0,,sprains,
vata viewpoint,general_info,1.0,,,vata
prana science,general_info,1.0,,,prana
sudarshan churna uses,herb_benefits,1.0,sudarshan churna,,
role of prabhava,general_info,1.0,,,prabhava
nutrition basics,general_info,1.0,,,nutrition
learn about rasa,general_info,1.0,,,rasa
medicinal value of nirgundi,herb_benefits,1.0,nirgundi,,
intermittent cold,disease_prediction,1.0,,cold,
benefits and uses of bhadra,herb_benefits,1.0,bhadra,,
sthuneyaka in traditional medicine,herb_benefits,1.0,sthuneyaka,,
vata system,general_info,1.0,,,vata
information about gunas,general_info,1.0,,,gunas
safe treatments for cramps,disease_prediction,1.0,,cramps,
what is kshirabala thailam good for,herb_benefits,1.0,kshirabala thailam,,
understand srotas,general_info,1.0,,,srotas
science behind detoxification,general_info,1.0,,,detoxification
relief from tinnitus,disease_prediction,1.0,,tinnitus,
masha nutritional benefits,herb_benefits,1.0,masha,,
turmeric remedy uses,herb_benefits,1.0,turmeric,,
health benefits of ashokarishta,herb_benefits,1.0,ashokarishta,,
history of circulation,general_info,1.0,,,circulation
home remedy for gas,disease_prediction,1.0,,gas,
ksheera for natural treatment,herb_benefits,1.0,ksheera,,
panchakarma viewpoint,general_info,1.0,,,panchakarma
define kapha,general_info,1.0,,,kapha
symptoms of brain fog,disease_prediction,1.0,,brain fog,
uses of arjuna,herb_benefits,1.0,arjuna,,
hamsapadi for natural treatment,herb_benefits,1.0,hamsapadi,,
medicine for eczema,disease_prediction,1.0,,eczema,
ojas explained,general_info,1.0,,,ojas
benefits and applications of agnikumarika,herb_benefits,1.0,agnikumarika,,
explain ojas,general_info,1.0,,,ojas
basti concepts,general_info,1.0,,,basti
vyaghri haritaki for wellness,herb_benefits,1.0,vyaghri haritaki,,
dosha approach,general_info,1.0,,,dosha
principles of trimala,general_info,1.0,,,trimala
mind-body connection theory,general_info,1.0,,,mind-body connection
virya system,general_info,1.0,,,virya
I experience acne,disease_prediction,1.0,,acne,
introduction to prakriti,general_info,1.0,,,prakriti
arjunarishta remedy uses,herb_benefits,1.0,arjunarishta,,
therapeutic applications of dadhi,herb_benefits,1.0,dadhi,,
neelam pishti medicinal uses,herb_benefits,1.0,neelam pishti,,
therapeutic applications of aivana,herb_benefits,1.0,aivana,,
durva uses,herb_benefits,1.0,durva,,
tamalpatra nutritional benefits,herb_benefits,1.0,tamalpatra,,
non-toxic remedy for arthritis,disease_prediction,1.0,,arthritis,
swarnapatri for health improvement,herb_benefits,1.0,swarnapatri,,
persistent cramps,disease_prediction,1.0,,cramps,
cure for burning sensation,disease_prediction,1.0,,burning sensation,
relief from headache,disease_prediction,1.0,,headache,
basics of preventive medicine,general_info,1.0,,,preventive medicine
aja dugdha medicinal uses,herb_benefits,1.0,aja dugdha,,
ancient uses of guda,herb_benefits,1.0,guda,,
role of vikriti,general_info,1.0,,,vikriti
overcoming hypertension,disease_prediction,1.0,,hypertension,
natural cures for snoring,disease_prediction,1.0,,snoring,
benefits and uses of chandana,herb_benefits,1.0,chandana,,
symptoms of gastritis,disease_prediction,1.0,,gastritis,
cure for eye strain,disease_prediction,1.0,,eye strain,
tell me about agnitundi vati,herb_benefits,1.0,agnitundi vati,,
traditional cure for hearing problems,disease_prediction,1.0,,hearing problems,
psoriasis treatment,disease_prediction,1.0,,psoriasis,
philosophy of virechana,general_info,1.0,,,virechana
intermittent low energy,disease_prediction,1.0,,low energy,
what causes heartburn,disease_prediction,1.0,,heartburn,
severe irregular periods,disease_prediction,1.0,,irregular periods,
virechana explained,general_info,1.0,,,virechana
reducing burns,disease_prediction,1.0,,burns,
I'm experiencing bloating,disease_prediction,1.0,,bloating,
what is preventive medicine,general_info,1.0,,,preventive medicine
rasamanikya uses,herb_benefits,1.0,rasamanikya,,
best medicine for stomach ache,disease_prediction,1.0,,stomach ache,
symptoms of brain fog,disease_prediction,1.0,,brain fog,
natural cure for motion sickness,disease_prediction,1.0,,motion sickness,
importance of ojas,general_info,1.0,,,ojas
significance of yoga,general_info,1.0,,,yoga
can you explain yoga,general_info,1.0,,,yoga
information about constitution,general_info,1.0,,,constitution
dealing with allergies,disease_prediction,1.0,,allergies,
meditation approach,general_info,1.0,,,meditation
health benefits of ashokarishta,herb_benefits,1.0,ashokarishta,,
what are the benefits of durva,herb_benefits,1.0,durva,,
herbal properties of kumkumadi thailam,herb_benefits,1.0,kumkumadi thailam,,
therapeutic applications of narikela jala,herb_benefits,1.0,narikela jala,,
non-toxic remedy for stress,disease_prediction,1.0,,stress,
dealing with night sweats,disease_prediction,1.0,,night sweats,
I'm suffering from oily skin,disease_prediction,1.0,,oily skin,
therapeutic applications of saptaparna,herb_benefits,1.0,saptaparna,,
medicine for dry skin,disease_prediction,1.0,,dry skin,
pravala pishti remedy uses,herb_benefits,1.0,pravala pishti,,
wellness tradition,general_info,1.0,,,wellness
understand panchakarma,general_info,1.0,,,panchakarma
herbal medicine for cold,disease_prediction,1.0,,cold,
guide to dosha,general_info,1.0,,,dosha
malas tradition,general_info,1.0,,,malas
lasunadi vati for natural healing,herb_benefits,1.0,lasunadi vati,,
safe treatment for eye strain,disease_prediction,1.0,,eye strain,
what's prana,general_info,1.0,,,prana
alternative medicine for acidity,disease_prediction,1.0,,acidity,
punarnava natural medicine,herb_benefits,1.0,punarnava,,
medicinal value of alarka,herb_benefits,1.0,alarka,,
recurring eczema,disease_prediction,1.0,,eczema,
natural healing understanding,general_info,1.0,,,natural healing
fundamentals of rasa,general_info,1.0,,,rasa
changeri healing properties,herb_benefits,1.0,changeri,,
chitrakaharitaki healing properties,herb_benefits,1.0,chitrakaharitaki,,
arka in traditional medicine,herb_benefits,1.0,arka,,
intermittent vomiting,disease_prediction,1.0,,vomiting,
alternative medicine practice,general_info,1.0,,,alternative medicine
gunja remedy uses,herb_benefits,1.0,gunja,,
constitution wisdom,general_info,1.0,,,constitution
alternative medicine theory,general_info,1.0,,,alternative medicine
natural cures for constipation,disease_prediction,1.0,,constipation,
explain circulation,general_info,1.0,,,circulation
dizziness cure,disease_prediction,1.0,,dizziness,
natural treatment for runny nose,disease_prediction,1.0,,runny nose,
significance of detoxification,general_info,1.0,,,detoxification
philosophy of cleansing,general_info,1.0,,,cleansing
importance of tridosha,general_info,1.0,,,tridosha
fundamentals of rasa,general_info,1.0,,,rasa
history of panchakarma,general_info,1.0,,,panchakarma
medicine for burns,disease_prediction,1.0,,burns,
sphatika bhasma uses,herb_benefits,1.0,sphatika bhasma,,
ancient uses of aragvadhadi kwath,herb_benefits,1.0,aragvadhadi kwath,,
how to use srikhandasava,herb_benefits,1.0,srikhandasava,,
why use putranjivaka,herb_benefits,1.0,putranjivaka,,
itching treatment,disease_prediction,1.0,,itching,
overview of gunas,general_info,1.0,,,gunas
treatment for sprains,disease_prediction,1.0,,sprains,
what is srotas,general_info,1.0,,,srotas
having motion sickness,disease_prediction,1.0,,motion sickness,
stress cure,disease_prediction,1.0,,stress,
benefits of constitution,general_info,1.0,,,constitution
ama methodology,general_info,1.0,,,ama
non-toxic remedy for strains,disease_prediction,1.0,,strains,
significance of holistic health,general_info,1.0,,,holistic health
gunas approach,general_info,1.0,,,gunas
can you explain detoxification,general_info,1.0,,,detoxification
how to use masha,herb_benefits,1.0,masha,,
simhanada guggulu in herbal medicine,herb_benefits,1.0,simhanada guggulu,,
herbal properties of black pepper,herb_benefits,1.0,black pepper,,
digestion understanding,general_info,1.0,,,digestion
constant cramps,disease_prediction,1.0,,cramps,
benefits of holistic health,general_info,1.0,,,holistic health
permanent cure for stomach ache,disease_prediction,1.0,,stomach ache,
remedy for sore throat,disease_prediction,1.0,,sore throat,
pradarantak lauh remedy uses,herb_benefits,1.0,pradarantak lauh,,
define prabhava,general_info,1.0,,,prabhava
managing abdominal pain,disease_prediction,1.0,,abdominal pain,
why use varahikanda,herb_benefits,1.0,varahikanda,,
healing power of karavira,herb_benefits,1.0,karavira,,
shvet musli healing properties,herb_benefits,1.0,shvet musli,,
traditional uses of simsapa,herb_benefits,1.0,simsapa,,
permanent cure for insomnia,disease_prediction,1.0,,insomnia,
uses of arka,herb_benefits,1.0,arka,,
severe fatigue,disease_prediction,1.0,,fatigue,
I'm suffering from motion sickness,disease_prediction,1.0,,motion sickness,
virechana art,general_info,1.0,,,virechana
mahatriphala ghrita for health improvement,herb_benefits,1.0,mahatriphala ghrita,,
ajmoda wellness benefits,herb_benefits,1.0,ajmoda,,
what causes bronchitis,disease_prediction,1.0,,bronchitis,
ama understanding,general_info,1.0,,,ama
treatment for cold,disease_prediction,1.0,,cold,
best medicine for low energy,disease_prediction,1.0,,low energy,
reducing blurred vision,disease_prediction,1.0,,blurred vision,
ancient uses of dhatri loha,herb_benefits,1.0,dhatri loha,,
what are the principles of tridosha,general_info,1.0,,,tridosha
rasa knowledge,general_info,1.0,,,rasa
ancient uses of dhatri loha,herb_benefits,1.0,dhatri loha,,
benefits of ojas,general_info,1.0,,,ojas
lakshadi thailam wellness benefits,herb_benefits,1.0,lakshadi thailam,,
saptadhatu concepts,general_info,1.0,,,saptadhatu
importance of immunity,general_info,1.0,,,immunity
cinnamon for natural treatment,herb_benefits,1.0,cinnamon,,
basti explained,general_info,1.0,,,basti
what can nirgundi taila treat,herb_benefits,1.0,nirgundi taila,,
mind-body connection viewpoint,general_info,1.0,,,mind-body connection
mild swelling,disease_prediction,1.0,,swelling,
ayurvedic benefits of saptaparna,herb_benefits,1.0,saptaparna,,
how does pradarantak lauh help,herb_benefits,1.0,pradarantak lauh,,
home remedy for memory problems,disease_prediction,1.0,,memory problems,
dosha approach,general_info,1.0,,,dosha
healing power of tankana bhasma,herb_benefits,1.0,tankana bhasma,,
what are the principles of dhatus,general_info,1.0,,,dhatus
sarshapa taila healing properties,herb_benefits,1.0,sarshapa taila,,
benefits of saptadhatu,general_info,1.0,,,saptadhatu
traditional uses of andrographis,herb_benefits,1.0,andrographis,,
advantages of ashwattha,herb_benefits,1.0,ashwattha,,
immunity wisdom,general_info,1.0,,,immunity
managing mood swings,disease_prediction,1.0,,mood swings,
dosha wisdom,general_info,1.0,,,dosha
lasunadi vati for natural healing,herb_benefits,1.0,lasunadi vati,,
recurring brain fog,disease_prediction,1.0,,brain fog,
science behind shirodhara,general_info,1.0,,,shirodhara
permanent cure for concentration issues,disease_prediction,1.0,,concentration issues,
saptadhatu approach,general_info,1.0,,,saptadhatu
karanja for wellness,herb_benefits,1.0,karanja,,
mild abdominal pain,disease_prediction,1.0,,abdominal pain,
why use hapusa,herb_benefits,1.0,hapusa,,
therapeutic effects of indravaruni,herb_benefits,1.0,indravaruni,,
alarka for holistic health,herb_benefits,1.0,alarka,,
I feel bronchitis,disease_prediction,1.0,,bronchitis,
non-toxic remedy for wounds,disease_prediction,1.0,,wounds,
yoga tradition,general_info,1.0,,,yoga
permanent cure for insomnia,disease_prediction,1.0,,insomnia,
information about ahiphena,herb_benefits,1.0,ahiphena,,
medicinal properties of guloochyadi kashayam,herb_benefits,1.0,guloochyadi kashayam,,
gajapippali therapeutic benefits,herb_benefits,1.0,gajapippali,,
I have snoring,disease_prediction,1.0,,snoring,
overcoming depression,disease_prediction,1.0,,depression,
overview of srotas,general_info,1.0,,,srotas
medicinal applications of shunthi,herb_benefits,1.0,shunthi,,
lata kasturi for health,herb_benefits,1.0,lata kasturi,,
tell me about hapusa,herb_benefits,1.0,hapusa,,
gunas science,general_info,1.0,,,gunas
preventing low energy,disease_prediction,1.0,,low energy,
advantages of kumbhika,herb_benefits,1.0,kumbhika,,
shirodhara theory,general_info,1.0,,,shirodhara
alleviating morning sickness,disease_prediction,1.0,,morning sickness,
how does prasarini help,herb_benefits,1.0,prasarini,,
science behind energy,general_info,1.0,,,energy
understanding meditation,general_info,1.0,,,meditation
philosophy of circulation,general_info,1.0,,,circulation
traditional cure for chest pain,disease_prediction,1.0,,chest pain,
traditional uses of simsapa,herb_benefits,1.0,simsapa,,
pravala pishti remedy uses,herb_benefits,1.0,pravala pishti,,
guide to pranayama,general_info,1.0,,,pranayama
what is tumburu good for,herb_benefits,1.0,tumburu,,
understand prabhava,general_info,1.0,,,prabhava
principles of natural healing,general_info,1.0,,,natural healing
what is preventive medicine,general_info,1.0,,,preventive medicine
gambhari health effects,herb_benefits,1.0,gambhari,,
I'm experiencing restless legs,disease_prediction,1.0,,restless legs,
recovering from fatigue,disease_prediction,1.0,,fatigue,
preventing eye strain,disease_prediction,1.0,,eye strain,
mahanimba nutritional benefits,herb_benefits,1.0,mahanimba,,
understanding agni,general_info,1.0,,,agni
traditional uses of chakragaja,herb_benefits,1.0,chakragaja,,
virechana understanding,general_info,1.0,,,virechana
overview of gunas,general_info,1.0,,,gunas
I'm experiencing irregular periods,disease_prediction,1.0,,irregular periods,
traditional cure for tingling,disease_prediction,1.0,,tingling,
preventing sinusitis,disease_prediction,1.0,,sinusitis,
philosophy of digestion,general_info,1.0,,,digestion
preventing bloating,disease_prediction,1.0,,bloating,
relief from chronic fatigue,disease_prediction,1.0,,chronic fatigue,
guide to prana,general_info,1.0,,,prana
persistent skin rash,disease_prediction,1.0,,skin rash,
therapeutic value of dhattura,herb_benefits,1.0,dhattura,,
ayurvedic treatment for eczema,disease_prediction,1.0,,eczema,
tejas explained,general_info,1.0,,,tejas
healing power of krimighna vati,herb_benefits,1.0,krimighna vati,,
define malas,general_info,1.0,,,malas
acne cure,disease_prediction,1.0,,acne,
help with eczema,disease_prediction,1.0,,eczema,
constant itching,disease_prediction,1.0,,itching,
investigating vata,general_info,1.0,,,vata
healing weakness,disease_prediction,1.0,,weakness,
learning immunity,general_info,1.0,,,immunity
alarka for holistic health,herb_benefits,1.0,alarka,,
holistic health system,general_info,1.0,,,holistic health
learn about wellness,general_info,1.0,,,wellness
treatment for itching,disease_prediction,1.0,,itching,
understanding prakriti,general_info,1.0,,,prakriti
traditional cure for hearing problems,disease_prediction,1.0,,hearing problems,
natural treatment for muscle pain,disease_prediction,1.0,,muscle pain,
principles of pitta,general_info,1.0,,,pitta
medicinal properties of vidanga,herb_benefits,1.0,vidanga,,
healing itching,disease_prediction,1.0,,itching,
learning holistic health,general_info,1.0,,,holistic health
therapeutic value of kataka,herb_benefits,1.0,kataka,,
role of shadrasas,general_info,1.0,,,shadrasas
agnijara benefits,herb_benefits,1.0,agnijara,,
varanadi ghritam nutritional benefits,herb_benefits,1.0,varanadi ghritam,,
I'm experiencing asthma,disease_prediction,1.0,,asthma,
ama science,general_info,1.0,,,ama
safe treatment for abdominal pain,disease_prediction,1.0,,abdominal pain,
narikela lavana in herbal medicine,herb_benefits,1.0,narikela lavana,,
discovering alternative medicine,general_info,1.0,,,alternative medicine
applications of vrihi,herb_benefits,1.0,vrihi,,
vata tradition,general_info,1.0,,,vata
what can vasa avaleha treat,herb_benefits,1.0,vasa avaleha,,
recurring skin rash,disease_prediction,1.0,,skin rash,
introduction to nutrition,general_info,1.0,,,nutrition
uses of svalpa khadiradi vati,herb_benefits,1.0,svalpa khadiradi vati,,
symptoms of stress,disease_prediction,1.0,,stress,
managing asthma,disease_prediction,1.0,,asthma,
karanja health effects,herb_benefits,1.0,karanja,,
why is panchavalkala kwath healthy,herb_benefits,1.0,panchavalkala kwath,,
permanent cures for hot flashes,disease_prediction,1.0,,hot flashes,
therapeutic value of pushkarmool,herb_benefits,1.0,pushkarmool,,
persistent diarrhea,disease_prediction,1.0,,diarrhea,
natural treatment for burns,disease_prediction,1.0,,burns,
how to use sukumara kashayam,herb_benefits,1.0,sukumara kashayam,,
tell me about kumkumadi thailam,herb_benefits,1.0,kumkumadi thailam,,
kulathadi kwath benefits,herb_benefits,1.0,kulathadi kwath,,
origin of wellness,general_info,1.0,,,wellness
therapeutic value of shukti bhasma,herb_benefits,1.0,shukti bhasma,,
ayurvedic benefits of matsyakshi,herb_benefits,1.0,matsyakshi,,
introduction to rasa,general_info,1.0,,,rasa
how to use bhanga,herb_benefits,1.0,bhanga,,
why use bibhitaki,herb_benefits,1.0,bibhitaki,,
persistent restless legs,disease_prediction,1.0,,restless legs,
vata knowledge,general_info,1.0,,,vata
therapeutic applications of kapittha,herb_benefits,1.0,kapittha,,
traditional applications of tinospora,herb_benefits,1.0,tinospora,,
natural treatment for vomiting,disease_prediction,1.0,,vomiting,
alternative medicine tradition,general_info,1.0,,,alternative medicine
how to treat spasms,disease_prediction,1.0,,spasms,
learning wellness,general_info,1.0,,,wellness
tala for health improvement,herb_benefits,1.0,tala,,
basics of metabolism,general_info,1.0,,,metabolism
chronic fatigue,disease_prediction,1.0,,fatigue,
recurring stress,disease_prediction,1.0,,stress,
lasunadi vati for natural healing,herb_benefits,1.0,lasunadi vati,,
researching virechana,general_info,1.0,,,virechana
shilajit for wellness,herb_benefits,1.0,shilajit,,
learn about pranayama,general_info,1.0,,,pranayama
alternative medicine for bruising,disease_prediction,1.0,,bruising,
what is vasant kusumakar rasa good for,herb_benefits,1.0,vasant kusumakar rasa,,
information about saptadhatu,general_info,1.0,,,saptadhatu
I'm experiencing abdominal pain,disease_prediction,1.0,,abdominal pain,
therapeutic value of pushkarmool,herb_benefits,1.0,pushkarmool,,
health properties of satavari ghrita,herb_benefits,1.0,satavari ghrita,,
patola patra nutritional benefits,herb_benefits,1.0,patola patra,,
healing power of guduchi,herb_benefits,1.0,guduchi,,
treatments for strains,disease_prediction,1.0,,strains,
asana for natural healing,herb_benefits,1.0,asana,,
herbal medicine perspective,general_info,1.0,,,herbal medicine
abhyanga viewpoint,general_info,1.0,,,abhyanga
natural cures for morning sickness,disease_prediction,1.0,,morning sickness,
ama approach,general_info,1.0,,,ama
investigating wellness,general_info,1.0,,,wellness
sudden menstrual cramps,disease_prediction,1.0,,menstrual cramps,
guide to dhatus,general_info,1.0,,,dhatus
home remedy for allergies,disease_prediction,1.0,,allergies,
sore throat symptoms,disease_prediction,1.0,,sore throat,
help with sleep apnea,disease_prediction,1.0,,sleep apnea,
benefits of bhumi jambuka,herb_benefits,1.0,bhumi jambuka,,
symptoms of gas,disease_prediction,1.0,,gas,
herbal medicine for burning sensation,disease_prediction,1.0,,burning sensation,
what can gokarna treat,herb_benefits,1.0,gokarna,,
what are the advantages of shankha vati,herb_benefits,1.0,shankha vati,,
home remedy for joint pain,disease_prediction,1.0,,joint pain,
advantages of kumbhika,herb_benefits,1.0,kumbhika,,
learn about herbal medicine,general_info,1.0,,,herbal medicine
curcuma remedy uses,herb_benefits,1.0,curcuma,,
natural treatments for acidity,disease_prediction,1.0,,acidity,
understand abhyanga,general_info,1.0,,,abhyanga
benefits of saptadhatu,general_info,1.0,,,saptadhatu
tell me about tinospora,herb_benefits,1.0,tinospora,,
diagnosis of depression,disease_prediction,1.0,,depression,
basics of vikriti,general_info,1.0,,,vikriti
philosophy of alternative medicine,general_info,1.0,,,alternative medicine
diagnosis of joint pain,disease_prediction,1.0,,joint pain,
how to use musta,herb_benefits,1.0,musta,,
health advantages of dadimashtaka churna,herb_benefits,1.0,dadimashtaka churna,,
rasa fundamentals,general_info,1.0,,,rasa
permanent cures for bruising,disease_prediction,1.0,,bruising,
what makes renuka beneficial,herb_benefits,1.0,renuka,,
holistic health fundamentals,general_info,1.0,,,holistic health
exploring natural healing,general_info,1.0,,,natural healing
herbal medicine for low energy,disease_prediction,1.0,,low energy,
safe treatment for irregular periods,disease_prediction,1.0,,irregular periods,
investigating constitution,general_info,1.0,,,constitution
balance viewpoint,general_info,1.0,,,balance
alternative medicine for morning sickness,disease_prediction,1.0,,morning sickness,
help with nausea,disease_prediction,1.0,,nausea,
what does abhraka bhasma do,herb_benefits,1.0,abhraka bhasma,,
exploring rasa,general_info,1.0,,,rasa
chana for wellness,herb_benefits,1.0,chana,,
learning yoga,general_info,1.0,,,yoga
how to use trivrit,herb_benefits,1.0,trivrit,,
therapeutic applications of eladi thailam,herb_benefits,1.0,eladi thailam,,
introduction to abhyanga,general_info,1.0,,,abhyanga
ayurvedic treatment for eczema,disease_prediction,1.0,,eczema,
vata tradition,general_info,1.0,,,vata
tanduliyaka healing properties,herb_benefits,1.0,tanduliyaka,,
introduction to wellness,general_info,1.0,,,wellness
I experience irregular periods,disease_prediction,1.0,,irregular periods,
benefits of black pepper,herb_benefits,1.0,black pepper,,
panchamahabhutas approach,general_info,1.0,,,panchamahabhutas
fundamentals of rasa,general_info,1.0,,,rasa
researching shadrasas,general_info,1.0,,,shadrasas
kanmad bhasma nutritional benefits,herb_benefits,1.0,kanmad bhasma,,
advantages of kumbhika,herb_benefits,1.0,kumbhika,,
arjunarishta in herbal medicine,herb_benefits,1.0,arjunarishta,,
mind-body connection system,general_info,1.0,,,mind-body connection
remedy for snoring,disease_prediction,1.0,,snoring,
meditation approach,general_info,1.0,,,meditation
relief from sleep apnea,disease_prediction,1.0,,sleep apnea,
what is hijal good for,herb_benefits,1.0,hijal,,
ancient uses of ketaki,herb_benefits,1.0,ketaki,,
what's trivanga bhasma good for,herb_benefits,1.0,trivanga bhasma,,
kapha viewpoint,general_info,1.0,,,kapha
virechana theory,general_info,1.0,,,virechana
healthy lifestyle system,general_info,1.0,,,healthy lifestyle
what does chitrakadi vati do,herb_benefits,1.0,chitrakadi vati,,
virechana theory,general_info,1.0,,,virechana
akhuparni health effects,herb_benefits,1.0,akhuparni,,
medicine for eczema,disease_prediction,1.0,,eczema,
shuddha guggulu effects,herb_benefits,1.0,shuddha guggulu,,
recovering from blurred vision,disease_prediction,1.0,,blurred vision,
information about tintidika,herb_benefits,1.0,tintidika,,
overcoming sleep apnea,disease_prediction,1.0,,sleep apnea,
basics of agni,general_info,1.0,,,agni
benefits of rasa,general_info,1.0,,,rasa
gorakhmundi natural medicine,herb_benefits,1.0,gorakhmundi,,
virya viewpoint,general_info,1.0,,,virya
natural treatment for burns,disease_prediction,1.0,,burns,
srotas perspective,general_info,1.0,,,srotas
researching tridosha,general_info,1.0,,,tridosha
constitution knowledge,general_info,1.0,,,constitution
preventing psoriasis,disease_prediction,1.0,,psoriasis,
kumud for natural healing,herb_benefits,1.0,kumud,,
remedy for diabetes,disease_prediction,1.0,,diabetes,
healthy lifestyle methodology,general_info,1.0,,,healthy lifestyle
renuka medicinal uses,herb_benefits,1.0,renuka,,
healthy lifestyle methodology,general_info,1.0,,,healthy lifestyle
tagar benefits,herb_benefits,1.0,tagar,,
what is wellness,general_info,1.0,,,wellness
tell me about natural healing,general_info,1.0,,,natural healing
jati effects,herb_benefits,1.0,jati,,
utpala medicinal uses,herb_benefits,1.0,utpala,,
karvellaka for health improvement,herb_benefits,1.0,karvellaka,,
saireyaka in herbal medicine,herb_benefits,1.0,saireyaka,,
changeri ghrita for natural treatment,herb_benefits,1.0,changeri ghrita,,
karpas-asthyadi thailam effects,herb_benefits,1.0,karpas-asthyadi thailam,,
how does eranda help,herb_benefits,1.0,eranda,,
best medicine for hearing problems,disease_prediction,1.0,,hearing problems,
therapeutic value of marichyadi vati,herb_benefits,1.0,marichyadi vati,,
safe treatments for skin rash,disease_prediction,1.0,,skin rash,
information about gokshuradi guggulu,herb_benefits,1.0,gokshuradi guggulu,,
effective treatment for brain fog,disease_prediction,1.0,,brain fog,
recovering from sprains,disease_prediction,1.0,,sprains,
constitution practice,general_info,1.0,,,constitution
what's hijal good for,herb_benefits,1.0,hijal,,
dealing with bronchitis,disease_prediction,1.0,,bronchitis,
parpatakarishta in herbal medicine,herb_benefits,1.0,parpatakarishta,,
overview of gunas,general_info,1.0,,,gunas
managing ear pain,disease_prediction,1.0,,ear pain,
kokilaksha remedy uses,herb_benefits,1.0,kokilaksha,,
permanent cure for bruising,disease_prediction,1.0,,bruising,
investigating wellness,general_info,1.0,,,wellness
recurring stress,disease_prediction,1.0,,stress,
mahatriphala ghrita natural medicine,herb_benefits,1.0,mahatriphala ghrita,,
what are the principles of traditional medicine,general_info,1.0,,,traditional medicine
how to treat morning sickness,disease_prediction,1.0,,morning sickness,
researching meditation,general_info,1.0,,,meditation
basics of agni,general_info,1.0,,,agni
holistic treatment for chronic fatigue,disease_prediction,1.0,,chronic fatigue,
blurred vision symptoms,disease_prediction,1.0,,blurred vision,
natural healing approach,general_info,1.0,,,natural healing
tridosha perspective,general_info,1.0,,,tridosha
origin of detoxification,general_info,1.0,,,detoxification
diagnosis of depression,disease_prediction,1.0,,depression,
having stress,disease_prediction,1.0,,stress,
symptoms of bruising,disease_prediction,1.0,,bruising,
effective treatment for hot flashes,disease_prediction,1.0,,hot flashes,
therapeutic effects of changeri,herb_benefits,1.0,changeri,,
tell me about pravala pishti,herb_benefits,1.0,pravala pishti,,
best medicine for mood swings,disease_prediction,1.0,,mood swings,
therapeutic applications of neem,herb_benefits,1.0,neem,,
exploring temperament,general_info,1.0,,,temperament
therapeutic effects of somaraji taila,herb_benefits,1.0,somaraji taila,,
benefits and uses of chandana,herb_benefits,1.0,chandana,,
why use javitri,herb_benefits,1.0,javitri,,
benefits and uses of chandana,herb_benefits,1.0,chandana,,
what are the principles of prabhava,general_info,1.0,,,prabhava
non-toxic remedy for arthritis,disease_prediction,1.0,,arthritis,
holistic treatment for hypertension,disease_prediction,1.0,,hypertension,
I'm suffering from gastritis,disease_prediction,1.0,,gastritis,
what does shunthi do,herb_benefits,1.0,shunthi,,
constant itching,disease_prediction,1.0,,itching,
I have mood swings,disease_prediction,1.0,,mood swings,
traditional medicine tradition,general_info,1.0,,,traditional medicine
kshara parpati benefits,herb_benefits,1.0,kshara parpati,,
constant indigestion,disease_prediction,1.0,,indigestion,
I have mood swings,disease_prediction,1.0,,mood swings,
properties of shvet musli,herb_benefits,1.0,shvet musli,,
inflammation treatment,disease_prediction,1.0,,inflammation,
kulattha health effects,herb_benefits,1.0,kulattha,,
persistent asthma,disease_prediction,1.0,,asthma,
medicinal applications of triphala,herb_benefits,1.0,triphala,,
recurring dry eyes,disease_prediction,1.0,,dry eyes,
persistent fever,disease_prediction,1.0,,fever,
eranda patra for health,herb_benefits,1.0,eranda patra,,
dealing with nausea,disease_prediction,1.0,,nausea,
what makes gotu kola beneficial,herb_benefits,1.0,gotu kola,,
explain meditation,general_info,1.0,,,meditation
treatment for dry skin,disease_prediction,1.0,,dry skin,
preventing eye strain,disease_prediction,1.0,,eye strain,
principles of pitta,general_info,1.0,,,pitta
having night sweats,disease_prediction,1.0,,night sweats,
chronic stomach ache,disease_prediction,1.0,,stomach ache,
what is yava good for,herb_benefits,1.0,yava,,
understanding abhyanga,general_info,1.0,,,abhyanga
advantages of hingvashtak churna,herb_benefits,1.0,hingvashtak churna,,
sneezing cure,disease_prediction,1.0,,sneezing,
ama knowledge,general_info,1.0,,,ama
learning wellness,general_info,1.0,,,wellness
symptoms of brain fog,disease_prediction,1.0,,brain fog,
I'm experiencing wounds,disease_prediction,1.0,,wounds,
dizziness cure,disease_prediction,1.0,,dizziness,
investigating holistic health,general_info,1.0,,,holistic health
advantages of hingvashtak churna,herb_benefits,1.0,hingvashtak churna,,
kalyanaka ghrita remedy uses,herb_benefits,1.0,kalyanaka ghrita,,
sudarshan churna in traditional medicine,herb_benefits,1.0,sudarshan churna,,
symptoms of brain fog,disease_prediction,1.0,,brain fog,
tamalpatra therapeutic benefits,herb_benefits,1.0,tamalpatra,,
mild back pain,disease_prediction,1.0,,back pain,
constant vomiting,disease_prediction,1.0,,vomiting,
ksheera for natural treatment,herb_benefits,1.0,ksheera,,
therapeutic effects of gotu kola,herb_benefits,1.0,gotu kola,,
basics of meditation,general_info,1.0,,,meditation
tagar uses,herb_benefits,1.0,tagar,,
I'm suffering from hair loss,disease_prediction,1.0,,hair loss,
what is herbal medicine,general_info,1.0,,,herbal medicine
benefits of agni,general_info,1.0,,,agni
cinnamon for natural treatment,herb_benefits,1.0,cinnamon,,
ojas science,general_info,1.0,,,ojas
healing power of fennel,herb_benefits,1.0,fennel,,
changeri healing properties,herb_benefits,1.0,changeri,,
reducing fever,disease_prediction,1.0,,fever,
want to know about vata,general_info,1.0,,,vata
ocimum natural medicine,herb_benefits,1.0,ocimum,,
balance philosophy,general_info,1.0,,,balance
traditional cure for brain fog,disease_prediction,1.0,,brain fog,
significance of panchamahabhutas,general_info,1.0,,,panchamahabhutas
properties of madanaphala,herb_benefits,1.0,madanaphala,,
constant oily skin,disease_prediction,1.0,,oily skin,
holistic treatments for ear pain,disease_prediction,1.0,,ear pain,
alleviating psoriasis,disease_prediction,1.0,,psoriasis,
benefits of agni,general_info,1.0,,,agni
constitution knowledge,general_info,1.0,,,constitution
healing power of vetasa,herb_benefits,1.0,vetasa,,
studying body type,general_info,1.0,,,body type
what makes renuka beneficial,herb_benefits,1.0,renuka,,
recurring sneezing,disease_prediction,1.0,,sneezing,
permanent cure for stress,disease_prediction,1.0,,stress,
what makes tilaparni beneficial,herb_benefits,1.0,tilaparni,,
benefits and uses of vriddhi,herb_benefits,1.0,vriddhi,,
body type tradition,general_info,1.0,,,body type
holistic treatment for joint pain,disease_prediction,1.0,,joint pain,
managing mood swings,disease_prediction,1.0,,mood swings,
saptadhatu viewpoint,general_info,1.0,,,saptadhatu
I'm experiencing acne,disease_prediction,1.0,,acne,
information about traditional medicine,general_info,1.0,,,traditional medicine
effective treatment for dandruff,disease_prediction,1.0,,dandruff,
understand prana,general_info,1.0,,,prana
medicinal effects of sala,herb_benefits,1.0,sala,,
karpooradi thailam for natural healing,herb_benefits,1.0,karpooradi thailam,,
how does brihatyadi kashayam help,herb_benefits,1.0,brihatyadi kashayam,,
shankhini effects,herb_benefits,1.0,shankhini,,
dealing with mood swings,disease_prediction,1.0,,mood swings,
prana explained,general_info,1.0,,,prana
effective treatment for depression,disease_prediction,1.0,,depression,
natural healing understanding,general_info,1.0,,,natural healing
overcoming diarrhea,disease_prediction,1.0,,diarrhea,
health benefits of kadali pushpa,herb_benefits,1.0,kadali pushpa,,
what are the principles of natural healing,general_info,1.0,,,natural healing
constitution practice,general_info,1.0,,,constitution
cure for night sweats,disease_prediction,1.0,,night sweats,
define kapha,general_info,1.0,,,kapha
natural cures for memory problems,disease_prediction,1.0,,memory problems,
vetasa benefits,herb_benefits,1.0,vetasa,,
can you explain panchamahabhutas,general_info,1.0,,,panchamahabhutas
what is twak (cinnamon) good for,herb_benefits,1.0,twak (cinnamon),,
medicinal properties of kankshi,herb_benefits,1.0,kankshi,,
permanent cures for bronchitis,disease_prediction,1.0,,bronchitis,
what makes dhanwantaram gutika beneficial,herb_benefits,1.0,dhanwantaram gutika,,
why is kachura healthy,herb_benefits,1.0,kachura,,
cardamom effects,herb_benefits,1.0,cardamom,,
traditional uses of kaharuba pishti,herb_benefits,1.0,kaharuba pishti,,
guide to dosha,general_info,1.0,,,dosha
basics of malas,general_info,1.0,,,malas
therapeutic applications of dadhi,herb_benefits,1.0,dadhi,,
tell me about wellness,general_info,1.0,,,wellness
medicinal applications of ashoka ghrita,herb_benefits,1.0,ashoka ghrita,,
agnitundi vati natural medicine,herb_benefits,1.0,agnitundi vati,,
explain nutrition,general_info,1.0,,,nutrition
traditional applications of simsapa,herb_benefits,1.0,simsapa,,
tell me about nutrition,general_info,1.0,,,nutrition
temperament explained,general_info,1.0,,,temperament
what is haridra good for,herb_benefits,1.0,haridra,,
having night sweats,disease_prediction,1.0,,night sweats,
origin of energy,general_info,1.0,,,energy
srotas basics,general_info,1.0,,,srotas
natural cure for muscle pain,disease_prediction,1.0,,muscle pain,
health benefits of ashwattha,herb_benefits,1.0,ashwattha,,
natural cure for constipation,disease_prediction,1.0,,constipation,
benefits of nasya,general_info,1.0,,,nasya
tell me about atasi,herb_benefits,1.0,atasi,,
reducing dry eyes,disease_prediction,1.0,,dry eyes,
mild strains,disease_prediction,1.0,,strains,
origin of kapha,general_info,1.0,,,kapha
chronic fatigue,disease_prediction,1.0,,fatigue,
what is wellness,general_info,1.0,,,wellness
best medicine for sleep apnea,disease_prediction,1.0,,sleep apnea,
digestion principles,general_info,1.0,,,digestion
tell me about matsyakshi,herb_benefits,1.0,matsyakshi,,
swarnapatri for health improvement,herb_benefits,1.0,swarnapatri,,
what makes haridra beneficial,herb_benefits,1.0,haridra,,
understand prabhava,general_info,1.0,,,prabhava
preventing sinusitis,disease_prediction,1.0,,sinusitis,
relief from motion sickness,disease_prediction,1.0,,motion sickness,
relief from motion sickness,disease_prediction,1.0,,motion sickness,
ayurvedic benefits of vetasa,herb_benefits,1.0,vetasa,,
aja dugdha medicinal uses,herb_benefits,1.0,aja dugdha,,
understanding meditation,general_info,1.0,,,meditation
non-toxic remedy for oily skin,disease_prediction,1.0,,oily skin,
metabolism art,general_info,1.0,,,metabolism
information about utingana,herb_benefits,1.0,utingana,,
constipation cure,disease_prediction,1.0,,constipation,
therapeutic value of drakshadi kwath,herb_benefits,1.0,drakshadi kwath,,
symptoms of gas,disease_prediction,1.0,,gas,
advantages of kumbhika,herb_benefits,1.0,kumbhika,,
learn about circulation,general_info,1.0,,,circulation
therapeutic effects of satyanashi,herb_benefits,1.0,satyanashi,,
history of panchakarma,general_info,1.0,,,panchakarma
trimala fundamentals,general_info,1.0,,,trimala
krimighna vati nutritional benefits,herb_benefits,1.0,krimighna vati,,
science behind shirodhara,general_info,1.0,,,shirodhara
explain cleansing,general_info,1.0,,,cleansing
natural benefits of bhumyamalaki,herb_benefits,1.0,bhumyamalaki,,
non-toxic remedy for dandruff,disease_prediction,1.0,,dandruff,
having snoring,disease_prediction,1.0,,snoring,
meditation science,general_info,1.0,,,meditation
I'm experiencing morning sickness,disease_prediction,1.0,,morning sickness,
traditional cure for tingling,disease_prediction,1.0,,tingling,
safe treatments for abdominal pain,disease_prediction,1.0,,abdominal pain,
therapeutic applications of vriddhi,herb_benefits,1.0,vriddhi,,
discovering harmony,general_info,1.0,,,harmony
wellness system,general_info,1.0,,,wellness
effective treatment for chronic fatigue,disease_prediction,1.0,,chronic fatigue,
medicinal effects of dhatupaushtik churna,herb_benefits,1.0,dhatupaushtik churna,,
hijal remedy uses,herb_benefits,1.0,hijal,,
herbal medicine for burning sensation,disease_prediction,1.0,,burning sensation,
sleep apnea cure,disease_prediction,1.0,,sleep apnea,
bhutika healing properties,herb_benefits,1.0,bhutika,,
kokilaksha remedy uses,herb_benefits,1.0,kokilaksha,,
health benefits of kalajaji,herb_benefits,1.0,kalajaji,,
information about gokshuradi guggulu,herb_benefits,1.0,gokshuradi guggulu,,
virechana wisdom,general_info,1.0,,,virechana
cure for muscle pain,disease_prediction,1.0,,muscle pain,
severe gastritis,disease_prediction,1.0,,gastritis,
I have stomach ache,disease_prediction,1.0,,stomach ache,
sudden menstrual cramps,disease_prediction,1.0,,menstrual cramps,
therapeutic effects of rasona patra,herb_benefits,1.0,rasona patra,,
kulathadi kwath therapeutic benefits,herb_benefits,1.0,kulathadi kwath,,
burning sensation cure,disease_prediction,1.0,,burning sensation,
basti wisdom,general_info,1.0,,,basti
healing motion sickness,disease_prediction,1.0,,motion sickness,
managing dizziness,disease_prediction,1.0,,dizziness,
yoga system,general_info,1.0,,,yoga
recovering from cramps,disease_prediction,1.0,,cramps,
digestion viewpoint,general_info,1.0,,,digestion
therapeutic effects of satyanashi,herb_benefits,1.0,satyanashi,,
what makes rudraksha beneficial,herb_benefits,1.0,rudraksha,,
therapeutic value of kachura,herb_benefits,1.0,kachura,,
therapeutic effects of gotu kola,herb_benefits,1.0,gotu kola,,
pushkarmool medicinal uses,herb_benefits,1.0,pushkarmool,,
sarshapa taila healing properties,herb_benefits,1.0,sarshapa taila,,
alternative medicine for heartburn,disease_prediction,1.0,,heartburn,
ayurvedic treatments for arthritis,disease_prediction,1.0,,arthritis,
what are the principles of traditional medicine,general_info,1.0,,,traditional medicine
uses of laksha,herb_benefits,1.0,laksha,,
ketaki natural medicine,herb_benefits,1.0,ketaki,,
therapeutic value of bilwadi leha,herb_benefits,1.0,bilwadi leha,,
remedy for snoring,disease_prediction,1.0,,snoring,
advantages of asphota,herb_benefits,1.0,asphota,,
medicine for stress,disease_prediction,1.0,,stress,
treatment for inflammation,disease_prediction,1.0,,inflammation,
inflammation treatment,disease_prediction,1.0,,inflammation,
healthy lifestyle tradition,general_info,1.0,,,healthy lifestyle
studying body type,general_info,1.0,,,body type
significance of preventive medicine,general_info,1.0,,,preventive medicine
having mood swings,disease_prediction,1.0,,mood swings,
significance of preventive medicine,general_info,1.0,,,preventive medicine
tell me about kakoli,herb_benefits,1.0,kakoli,,
brahmi vati nutritional benefits,herb_benefits,1.0,brahmi vati,,
investigating prana,general_info,1.0,,,prana
herbal properties of gangeruki,herb_benefits,1.0,gangeruki,,
persistent asthma,disease_prediction,1.0,,asthma,
medicine for bruising,disease_prediction,1.0,,bruising,
traditional uses of gymnema,herb_benefits,1.0,gymnema,,
rasamanikya medicinal uses,herb_benefits,1.0,rasamanikya,,
fundamentals of rasa,general_info,1.0,,,rasa
why is vyaghri haritaki healthy,herb_benefits,1.0,vyaghri haritaki,,
alternative medicine for acne,disease_prediction,1.0,,acne,
help with low energy,disease_prediction,1.0,,low energy,
effective treatment for spasms,disease_prediction,1.0,,spasms,
what causes diabetes,disease_prediction,1.0,,diabetes,
traditional uses of kaharuba pishti,herb_benefits,1.0,kaharuba pishti,,
prabhava methodology,general_info,1.0,,,prabhava
I experience asthma,disease_prediction,1.0,,asthma,
home remedy for sprains,disease_prediction,1.0,,sprains,
recurring sprains,disease_prediction,1.0,,sprains,
alleviating strains,disease_prediction,1.0,,strains,
bhadra medicinal uses,herb_benefits,1.0,bhadra,,
guide to pranayama,general_info,1.0,,,pranayama
examining healthy lifestyle,general_info,1.0,,,healthy lifestyle
properties of gandhak rasayan,herb_benefits,1.0,gandhak rasayan,,
what causes blurred vision,disease_prediction,1.0,,blurred vision,
philosophy of herbal medicine,general_info,1.0,,,herbal medicine
I have runny nose,disease_prediction,1.0,,runny nose,
bacopa therapeutic benefits,herb_benefits,1.0,bacopa,,
benefits of saptadhatu,general_info,1.0,,,saptadhatu
vajra bhasma uses,herb_benefits,1.0,vajra bhasma,,
dealing with mood swings,disease_prediction,1.0,,mood swings,
chronic wounds,disease_prediction,1.0,,wounds,
intermittent cramps,disease_prediction,1.0,,cramps,
significance of meditation,general_info,1.0,,,meditation
what makes gorochana beneficial,herb_benefits,1.0,gorochana,,
what makes nagakesara beneficial,herb_benefits,1.0,nagakesara,,
kutajarishta nutritional benefits,herb_benefits,1.0,kutajarishta,,
history of trimala,general_info,1.0,,,trimala
cure for night sweats,disease_prediction,1.0,,night sweats,
science behind agni,general_info,1.0,,,agni
what can amritaprasha ghrita treat,herb_benefits,1.0,amritaprasha ghrita,,
importance of nasya,general_info,1.0,,,nasya
utingana health effects,herb_benefits,1.0,utingana,,
help with bloating,disease_prediction,1.0,,bloating,
guide to shadrasas,general_info,1.0,,,shadrasas
medicinal effects of dhatupaushtik churna,herb_benefits,1.0,dhatupaushtik churna,,
overcoming weakness,disease_prediction,1.0,,weakness,
examining immunity,general_info,1.0,,,immunity
safe treatment for cramps,disease_prediction,1.0,,cramps,
I feel menstrual cramps,disease_prediction,1.0,,menstrual cramps,
nutrition basics,general_info,1.0,,,nutrition
turmeric remedy uses,herb_benefits,1.0,turmeric,,
traditional cure for tingling,disease_prediction,1.0,,tingling,
natural benefits of gambhari phala,herb_benefits,1.0,gambhari phala,,
researching prabhava,general_info,1.0,,,prabhava
understanding mind-body connection,general_info,1.0,,,mind-body connection
help with memory problems,disease_prediction,1.0,,memory problems,
curcuma remedy uses,herb_benefits,1.0,curcuma,,
herbal medicine for oily skin,disease_prediction,1.0,,oily skin,
benefits and uses of vidangarishta,herb_benefits,1.0,vidangarishta,,
ancient uses of koshataki,herb_benefits,1.0,koshataki,,
home remedy for gas,disease_prediction,1.0,,gas,
saptadhatu understanding,general_info,1.0,,,saptadhatu
kalyanaka ghrita remedy uses,herb_benefits,1.0,kalyanaka ghrita,,
why is tintidika healthy,herb_benefits,1.0,tintidika,,
home remedy for hair loss,disease_prediction,1.0,,hair loss,
shirodhara philosophy,general_info,1.0,,,shirodhara
understanding body type,general_info,1.0,,,body type
reducing sleep disorders,disease_prediction,1.0,,sleep disorders,
natural cure for muscle pain,disease_prediction,1.0,,muscle pain,
health advantages of chitrakaharitaki,herb_benefits,1.0,chitrakaharitaki,,
recurring tinnitus,disease_prediction,1.0,,tinnitus,
understanding ojas,general_info,1.0,,,ojas
medicinal properties of kalamba,herb_benefits,1.0,kalamba,,
natural benefits of sarshapa taila,herb_benefits,1.0,sarshapa taila,,
severe burning sensation,disease_prediction,1.0,,burning sensation,
permanent cure for muscle pain,disease_prediction,1.0,,muscle pain,
what is ashoka ghrita good for,herb_benefits,1.0,ashoka ghrita,,
gangeruki for health improvement,herb_benefits,1.0,gangeruki,,
recovering from hot flashes,disease_prediction,1.0,,hot flashes,
tejapatra remedy uses,herb_benefits,1.0,tejapatra,,
prabhava explained,general_info,1.0,,,prabhava
importance of preventive medicine,general_info,1.0,,,preventive medicine
recovering from stomach ache,disease_prediction,1.0,,stomach ache,
medicinal value of murva,herb_benefits,1.0,murva,,
vajra bhasma for natural healing,herb_benefits,1.0,vajra bhasma,,
benefits of marichyadi vati,herb_benefits,1.0,marichyadi vati,,
remedy for sore throat,disease_prediction,1.0,,sore throat,
holistic treatment for stomach ache,disease_prediction,1.0,,stomach ache,
dealing with hot flashes,disease_prediction,1.0,,hot flashes,
svalpa khadiradi vati effects,herb_benefits,1.0,svalpa khadiradi vati,,
having motion sickness,disease_prediction,1.0,,motion sickness,
preventing memory problems,disease_prediction,1.0,,memory problems,
alleviating chronic fatigue,disease_prediction,1.0,,chronic fatigue,
what does kaharuba pishti do,herb_benefits,1.0,kaharuba pishti,,
effective treatment for brain fog,disease_prediction,1.0,,brain fog,
learn about digestion,general_info,1.0,,,digestion
help with sprains,disease_prediction,1.0,,sprains,
safe treatment for cramps,disease_prediction,1.0,,cramps,
recurring stress,disease_prediction,1.0,,stress,
properties of sudarshan churna,herb_benefits,1.0,sudarshan churna,,
gunas viewpoint,general_info,1.0,,,gunas
understand prabhava,general_info,1.0,,,prabhava
phanita therapeutic benefits,herb_benefits,1.0,phanita,,
help with vertigo,disease_prediction,1.0,,vertigo,
principles of panchamahabhutas,general_info,1.0,,,panchamahabhutas
reducing burns,disease_prediction,1.0,,burns,
history of shadrasas,general_info,1.0,,,shadrasas
ambasthaki for wellness,herb_benefits,1.0,ambasthaki,,
what are the principles of prabhava,general_info,1.0,,,prabhava
what are the advantages of chakramarda,herb_benefits,1.0,chakramarda,,
dhanyamla natural medicine,herb_benefits,1.0,dhanyamla,,
non-toxic remedy for cough,disease_prediction,1.0,,cough,
history of wellness,general_info,1.0,,,wellness
rasa methodology,general_info,1.0,,,rasa
explain rasa,general_info,1.0,,,rasa
tala for health improvement,herb_benefits,1.0,tala,,
how does nasya work,general_info,1.0,,,nasya
natural cure for allergies,disease_prediction,1.0,,allergies,
understand vata,general_info,1.0,,,vata
recurring tinnitus,disease_prediction,1.0,,tinnitus,
mild menstrual cramps,disease_prediction,1.0,,menstrual cramps,
medicinal properties of tumburu,herb_benefits,1.0,tumburu,,
dealing with night sweats,disease_prediction,1.0,,night sweats,
quick relief from diabetes,disease_prediction,1.0,,diabetes,
principles of body type,general_info,1.0,,,body type
kushmanda khanda medicinal uses,herb_benefits,1.0,kushmanda khanda,,
prakriti explained,general_info,1.0,,,prakriti
philosophy of yoga,general_info,1.0,,,yoga
importance of pitta,general_info,1.0,,,pitta
natural cure for memory problems,disease_prediction,1.0,,memory problems,
symptoms of sleep apnea,disease_prediction,1.0,,sleep apnea,
pushkarmool medicinal uses,herb_benefits,1.0,pushkarmool,,
introduction to energy,general_info,1.0,,,energy
science behind wellness,general_info,1.0,,,wellness
constant vomiting,disease_prediction,1.0,,vomiting,
controlling menstrual cramps,disease_prediction,1.0,,menstrual cramps,
alternative medicine for hair loss,disease_prediction,1.0,,hair loss,
ama knowledge,general_info,1.0,,,ama
kakamachi in traditional medicine,herb_benefits,1.0,kakamachi,,
medicinal value of alarka,herb_benefits,1.0,alarka,,
balarishta for holistic health,herb_benefits,1.0,balarishta,,
remedy for bruising,disease_prediction,1.0,,bruising,
tell me about wellness,general_info,1.0,,,wellness
shvet musli for health improvement,herb_benefits,1.0,shvet musli,,
understand panchakarma,general_info,1.0,,,panchakarma
natural healing understanding,general_info,1.0,,,natural healing
introduction to panchamahabhutas,general_info,1.0,,,panchamahabhutas
persistent skin rash,disease_prediction,1.0,,skin rash,
how does tridosha work,general_info,1.0,,,tridosha
badama taila in herbal medicine,herb_benefits,1.0,badama taila,,
kalajaji remedy uses,herb_benefits,1.0,kalajaji,,
healing weakness,disease_prediction,1.0,,weakness,
panchamahabhutas concepts,general_info,1.0,,,panchamahabhutas
what can amritaprasha ghrita treat,herb_benefits,1.0,amritaprasha ghrita,,
managing chest pain,disease_prediction,1.0,,chest pain,
lajjalu remedy uses,herb_benefits,1.0,lajjalu,,
tejas practice,general_info,1.0,,,tejas
benefits and uses of kushmanda avaleha,herb_benefits,1.0,kushmanda avaleha,,
principles of vikriti,general_info,1.0,,,vikriti
tamalpatra nutritional benefits,herb_benefits,1.0,tamalpatra,,
managing dizziness,disease_prediction,1.0,,dizziness,
karpooradi thailam for wellness,herb_benefits,1.0,karpooradi thailam,,
gambhari health effects,herb_benefits,1.0,gambhari,,
define basti,general_info,1.0,,,basti
examining gunas,general_info,1.0,,,gunas
permanent cure for sleep disorders,disease_prediction,1.0,,sleep disorders,
mind-body connection explained,general_info,1.0,,,mind-body connection
ayurvedic benefits of saptaparna,herb_benefits,1.0,saptaparna,,
basti understanding,general_info,1.0,,,basti
body type perspective,general_info,1.0,,,body type
having vertigo,disease_prediction,1.0,,vertigo,
introduction to wellness,general_info,1.0,,,wellness
significance of ojas,general_info,1.0,,,ojas
benefits of holistic health,general_info,1.0,,,holistic health
properties of ushtra dugdha,herb_benefits,1.0,ushtra dugdha,,
learn about digestion,general_info,1.0,,,digestion
information about suranjana,herb_benefits,1.0,suranjana,,
investigating nutrition,general_info,1.0,,,nutrition
exploring healthy lifestyle,general_info,1.0,,,healthy lifestyle
controlling sneezing,disease_prediction,1.0,,sneezing,
nutrition viewpoint,general_info,1.0,,,nutrition
parijata properties,herb_benefits,1.0,parijata,,
best medicine for tingling,disease_prediction,1.0,,tingling,
non-toxic remedy for stomach ache,disease_prediction,1.0,,stomach ache,
natural advantages of udumbara,herb_benefits,1.0,udumbara,,
healing psoriasis,disease_prediction,1.0,,psoriasis,
I'm suffering from bloating,disease_prediction,1.0,,bloating,
alabu for natural treatment,herb_benefits,1.0,alabu,,
information about nasya,general_info,1.0,,,nasya
controlling menstrual cramps,disease_prediction,1.0,,menstrual cramps,
information about karpasa,herb_benefits,1.0,karpasa,,
alternative medicine perspective,general_info,1.0,,,alternative medicine
dhatus system,general_info,1.0,,,dhatus
alternative medicine for sore throat,disease_prediction,1.0,,sore throat,
healthy lifestyle science,general_info,1.0,,,healthy lifestyle
preventing motion sickness,disease_prediction,1.0,,motion sickness,
preventing motion sickness,disease_prediction,1.0,,motion sickness,
chyawanprash effects,herb_benefits,1.0,chyawanprash,,
shirodhara theory,general_info,1.0,,,shirodhara
how to treat dry skin,disease_prediction,1.0,,dry skin,
kembuka remedy uses,herb_benefits,1.0,kembuka,,
kapha viewpoint,general_info,1.0,,,kapha
therapeutic applications of kapittha,herb_benefits,1.0,kapittha,,
health benefits of shyonaka,herb_benefits,1.0,shyonaka,,
importance of immunity,general_info,1.0,,,immunity
digestion fundamentals,general_info,1.0,,,digestion
wellness tradition,general_info,1.0,,,wellness
tell me about ashwagandha,herb_benefits,1.0,ashwagandha,,
sala properties,herb_benefits,1.0,sala,,
treatment for cold,disease_prediction,1.0,,cold,
treatment for chest pain,disease_prediction,1.0,,chest pain,
medicinal properties of dronapushpi,herb_benefits,1.0,dronapushpi,,
holistic health system,general_info,1.0,,,holistic health
medicinal applications of narikela,herb_benefits,1.0,narikela,,
what're the benefits of dhanyamla,herb_benefits,1.0,dhanyamla,,
role of traditional medicine,general_info,1.0,,,traditional medicine
safe treatment for sleep apnea,disease_prediction,1.0,,sleep apnea,
advantages of putikaranja,herb_benefits,1.0,putikaranja,,
natural treatment for runny nose,disease_prediction,1.0,,runny nose,
exploring rasa,general_info,1.0,,,rasa
prana fundamentals,general_info,1.0,,,prana
karkatashringi benefits,herb_benefits,1.0,karkatashringi,,
remedy for diabetes,disease_prediction,1.0,,diabetes,
traditional cure for cuts,disease_prediction,1.0,,cuts,
nasya philosophy,general_info,1.0,,,nasya
medicine for night sweats,disease_prediction,1.0,,night sweats,
mild allergies,disease_prediction,1.0,,allergies,
healing power of lakshadi thailam,herb_benefits,1.0,lakshadi thailam,,
tell me about aranya jeeraka,herb_benefits,1.0,aranya jeeraka,,
holistic treatment for hypertension,disease_prediction,1.0,,hypertension,
why is mastu healthy,herb_benefits,1.0,mastu,,
define tejas,general_info,1.0,,,tejas
what are the principles of srotas,general_info,1.0,,,srotas
treatment for wounds,disease_prediction,1.0,,wounds,
discovering trimala,general_info,1.0,,,trimala
quick relief from indigestion,disease_prediction,1.0,,indigestion,
ancient uses of shilajit,herb_benefits,1.0,shilajit,,
therapeutic value of dhattura,herb_benefits,1.0,dhattura,,
I feel eczema,disease_prediction,1.0,,eczema,
traditional medicine fundamentals,general_info,1.0,,,traditional medicine
raupya bhasma in herbal medicine,herb_benefits,1.0,raupya bhasma,,
kumbhika therapeutic benefits,herb_benefits,1.0,kumbhika,,
prana knowledge,general_info,1.0,,,prana
persistent inflammation,disease_prediction,1.0,,inflammation,
role of ama,general_info,1.0,,,ama
gambhari for holistic health,herb_benefits,1.0,gambhari,,
what is twak (cinnamon) good for,herb_benefits,1.0,twak (cinnamon),,
what causes hair loss,disease_prediction,1.0,,hair loss,
aja dugdha medicinal uses,herb_benefits,1.0,aja dugdha,,
science behind srotas,general_info,1.0,,,srotas
pushkarmool medicinal uses,herb_benefits,1.0,pushkarmool,,
discovering circulation,general_info,1.0,,,circulation
what does kaharuba pishti do,herb_benefits,1.0,kaharuba pishti,,
overview of tridosha,general_info,1.0,,,tridosha
rasa explained,general_info,1.0,,,rasa
tell me about basti,general_info,1.0,,,basti
tell me about natural healing,general_info,1.0,,,natural healing
principles of cleansing,general_info,1.0,,,cleansing
panchamahabhutas methodology,general_info,1.0,,,panchamahabhutas
ayurvedic benefits of souvarchala lavana,herb_benefits,1.0,souvarchala lavana,,
intermittent acidity,disease_prediction,1.0,,acidity,
studying ayurveda,general_info,1.0,,,ayurveda
why use shalparni,herb_benefits,1.0,shalparni,,
advantages of rasnairandadi kwath,herb_benefits,1.0,rasnairandadi kwath,,
constant chronic fatigue,disease_prediction,1.0,,chronic fatigue,
masi for holistic health,herb_benefits,1.0,masi,,
principles of tridosha,general_info,1.0,,,tridosha
healthy lifestyle science,general_info,1.0,,,healthy lifestyle
managing abdominal pain,disease_prediction,1.0,,abdominal pain,
tridosha theory,general_info,1.0,,,tridosha
dosha science,general_info,1.0,,,dosha
mild allergies,disease_prediction,1.0,,allergies,
how to use trivrit,herb_benefits,1.0,trivrit,,
kalyanaka ghrita remedy uses,herb_benefits,1.0,kalyanaka ghrita,,
studying alternative medicine,general_info,1.0,,,alternative medicine
preventive medicine perspective,general_info,1.0,,,preventive medicine
explain natural healing,general_info,1.0,,,natural healing
natural cure for sleep apnea,disease_prediction,1.0,,sleep apnea,
help with blurred vision,disease_prediction,1.0,,blurred vision,
controlling sneezing,disease_prediction,1.0,,sneezing,
vikriti theory,general_info,1.0,,,vikriti
bhadra healing properties,herb_benefits,1.0,bhadra,,
holistic treatment for allergies,disease_prediction,1.0,,allergies,
I feel blurred vision,disease_prediction,1.0,,blurred vision,
kulattha health effects,herb_benefits,1.0,kulattha,,
help with nausea,disease_prediction,1.0,,nausea,
history of healthy lifestyle,general_info,1.0,,,healthy lifestyle
role of healthy lifestyle,general_info,1.0,,,healthy lifestyle
panchamahabhutas viewpoint,general_info,1.0,,,panchamahabhutas
malas methodology,general_info,1.0,,,malas
how to use lodhradi churna,herb_benefits,1.0,lodhradi churna,,
srotas principles,general_info,1.0,,,srotas
shadbindu taila for wellness,herb_benefits,1.0,shadbindu taila,,
manjisthadi kwath medicinal uses,herb_benefits,1.0,manjisthadi kwath,,
pradarantak lauh remedy uses,herb_benefits,1.0,pradarantak lauh,,
non-toxic remedy for dandruff,disease_prediction,1.0,,dandruff,
history of nutrition,general_info,1.0,,,nutrition
natural cure for snoring,disease_prediction,1.0,,snoring,
medicine for itching,disease_prediction,1.0,,itching,
what are the principles of tridosha,general_info,1.0,,,tridosha
malas system,general_info,1.0,,,malas
ayurveda tradition,general_info,1.0,,,ayurveda
svetamarica nutritional benefits,herb_benefits,1.0,svetamarica,,
what makes vasa avaleha beneficial,herb_benefits,1.0,vasa avaleha,,
mahasudarshan churna for health,herb_benefits,1.0,mahasudarshan churna,,
mild chronic fatigue,disease_prediction,1.0,,chronic fatigue,
what's energy,general_info,1.0,,,energy
benefits and uses of aparajita,herb_benefits,1.0,aparajita,,
properties of gulakanda,herb_benefits,1.0,gulakanda,,
tridosha knowledge,general_info,1.0,,,tridosha
information about bimbi,herb_benefits,1.0,bimbi,,
overview of shadrasas,general_info,1.0,,,shadrasas
medicinal effects of aranya jeeraka,herb_benefits,1.0,aranya jeeraka,,
diagnosis of menstrual cramps,disease_prediction,1.0,,menstrual cramps,
applications of varahikanda,herb_benefits,1.0,varahikanda,,
best medicine for diabetes,disease_prediction,1.0,,diabetes,
information about kaishore guggul,herb_benefits,1.0,kaishore guggul,,
philosophy of tridosha,general_info,1.0,,,tridosha
science behind detoxification,general_info,1.0,,,detoxification
diagnosis of brain fog,disease_prediction,1.0,,brain fog,
benefits of bhumi jambuka,herb_benefits,1.0,bhumi jambuka,,
hijal healing properties,herb_benefits,1.0,hijal,,
benefits of nasya,general_info,1.0,,,nasya
utpala for wellness,herb_benefits,1.0,utpala,,
medicinal effects of kataka,herb_benefits,1.0,kataka,,
kalmegh for wellness,herb_benefits,1.0,kalmegh,,
how does ojas work,general_info,1.0,,,ojas
therapeutic value of matulunga,herb_benefits,1.0,matulunga,,
intermittent strains,disease_prediction,1.0,,strains,
history of meditation,general_info,1.0,,,meditation
managing asthma,disease_prediction,1.0,,asthma,
hijal remedy uses,herb_benefits,1.0,hijal,,
healing constipation,disease_prediction,1.0,,constipation,
abhyanga art,general_info,1.0,,,abhyanga
preventive medicine practice,general_info,1.0,,,preventive medicine
shvet musli for health improvement,herb_benefits,1.0,shvet musli,,
I have chronic fatigue,disease_prediction,1.0,,chronic fatigue,
basti tradition,general_info,1.0,,,basti
quick relief from morning sickness,disease_prediction,1.0,,morning sickness,
benefits of bhunimba,herb_benefits,1.0,bhunimba,,
why use pippali moola,herb_benefits,1.0,pippali moola,,
ama approach,general_info,1.0,,,ama
medicine for chronic fatigue,disease_prediction,1.0,,chronic fatigue,
traditional cure for hot flashes,disease_prediction,1.0,,hot flashes,
health properties of patrangasava,herb_benefits,1.0,patrangasava,,
constant chronic fatigue,disease_prediction,1.0,,chronic fatigue,
severe burning sensation,disease_prediction,1.0,,burning sensation,
tamalpatra nutritional benefits,herb_benefits,1.0,tamalpatra,,
prabhava explained,general_info,1.0,,,prabhava
what does kasheruka do,herb_benefits,1.0,kasheruka,,
natural healing basics,general_info,1.0,,,natural healing
exploring vikriti,general_info,1.0,,,vikriti
what causes hair loss,disease_prediction,1.0,,hair loss,
natural advantages of bharangi,herb_benefits,1.0,bharangi,,
home remedy for gas,disease_prediction,1.0,,gas,
shvet musli healing properties,herb_benefits,1.0,shvet musli,,
benefits and uses of guggulutiktakam ghritam,herb_benefits,1.0,guggulutiktakam ghritam,,
what are the principles of immunity,general_info,1.0,,,immunity
basics of meditation,general_info,1.0,,,meditation
discovering digestion,general_info,1.0,,,digestion
severe inflammation,disease_prediction,1.0,,inflammation,
what makes madhukarkati beneficial,herb_benefits,1.0,madhukarkati,,
having motion sickness,disease_prediction,1.0,,motion sickness,
basti fundamentals,general_info,1.0,,,basti
detoxification system,general_info,1.0,,,detoxification
alarka for holistic health,herb_benefits,1.0,alarka,,
sthuneyaka in traditional medicine,herb_benefits,1.0,sthuneyaka,,
recurring brain fog,disease_prediction,1.0,,brain fog,
advantages of gojihvadi kwath,herb_benefits,1.0,gojihvadi kwath,,
dhatus approach,general_info,1.0,,,dhatus
kasis bhasma natural medicine,herb_benefits,1.0,kasis bhasma,,
prakriti explained,general_info,1.0,,,prakriti
therapeutic value of bilwadi leha,herb_benefits,1.0,bilwadi leha,,
how to treat dry skin,disease_prediction,1.0,,dry skin,
what're the benefits of shankha vati,herb_benefits,1.0,shankha vati,,
dealing with acne,disease_prediction,1.0,,acne,
preventing fever,disease_prediction,1.0,,fever,
philosophy of digestion,general_info,1.0,,,digestion
persistent ear pain,disease_prediction,1.0,,ear pain,
traditional uses of pushkarmool,herb_benefits,1.0,pushkarmool,,
natural healing science,general_info,1.0,,,natural healing
ojas knowledge,general_info,1.0,,,ojas
shadrasas perspective,general_info,1.0,,,shadrasas
information about herbal medicine,general_info,1.0,,,herbal medicine
help with sleep apnea,disease_prediction,1.0,,sleep apnea,
alleviating hypertension,disease_prediction,1.0,,hypertension,
how does kalyanaka ghrita help,herb_benefits,1.0,kalyanaka ghrita,,
cure for chest pain,disease_prediction,1.0,,chest pain,
uses of rasnasaptakam kashayam,herb_benefits,1.0,rasnasaptakam kashayam,,
fundamentals of dosha,general_info,1.0,,,dosha
healing fatigue,disease_prediction,1.0,,fatigue,
learn about panchakarma,general_info,1.0,,,panchakarma
define wellness,general_info,1.0,,,wellness
meditation approach,general_info,1.0,,,meditation
saptadhatu understanding,general_info,1.0,,,saptadhatu
recurring burns,disease_prediction,1.0,,burns,
why is tintidika healthy,herb_benefits,1.0,tintidika,,
mild back pain,disease_prediction,1.0,,back pain,
basics of mind-body connection,general_info,1.0,,,mind-body connection
suryavarta benefits,herb_benefits,1.0,suryavarta,,
studying dosha,general_info,1.0,,,dosha
quick relief from hearing problems,disease_prediction,1.0,,hearing problems,
discovering rasa,general_info,1.0,,,rasa
best medicine for stomach ache,disease_prediction,1.0,,stomach ache,
importance of healthy lifestyle,general_info,1.0,,,healthy lifestyle
relief from heartburn,disease_prediction,1.0,,heartburn,
investigating constitution,general_info,1.0,,,constitution
basics of panchakarma,general_info,1.0,,,panchakarma
therapeutic applications of dadhi,herb_benefits,1.0,dadhi,,
recurring stress,disease_prediction,1.0,,stress,
learning pranayama,general_info,1.0,,,pranayama
matulunga rasa therapeutic benefits,herb_benefits,1.0,matulunga rasa,,
gairika in traditional medicine,herb_benefits,1.0,gairika,,
dealing with morning sickness,disease_prediction,1.0,,morning sickness,
vetasa benefits,herb_benefits,1.0,vetasa,,
blurred vision treatment,disease_prediction,1.0,,blurred vision,
danti moola effects,herb_benefits,1.0,danti moola,,
bhadra healing properties,herb_benefits,1.0,bhadra,,
learning wellness,general_info,1.0,,,wellness
basti understanding,general_info,1.0,,,basti
uses of hinguleshwar ras,herb_benefits,1.0,hinguleshwar ras,,
constitution perspective,general_info,1.0,,,constitution
information about karpasa,herb_benefits,1.0,karpasa,,
relief from headache,disease_prediction,1.0,,headache,
therapeutic effects of fenugreek,herb_benefits,1.0,fenugreek,,
symptoms of bruising,disease_prediction,1.0,,bruising,
healing power of krimighna vati,herb_benefits,1.0,krimighna vati,,
benefits and uses of mahatiktaka ghrita,herb_benefits,1.0,mahatiktaka ghrita,,
medicinal effects of bijapura,herb_benefits,1.0,bijapura,,
traditional medicine tradition,general_info,1.0,,,traditional medicine
how to treat menstrual cramps,disease_prediction,1.0,,menstrual cramps,
exploring dhatus,general_info,1.0,,,dhatus
role of vikriti,general_info,1.0,,,vikriti
I'm suffering from motion sickness,disease_prediction,1.0,,motion sickness,
medicine for snoring,disease_prediction,1.0,,snoring,
history of tejas,general_info,1.0,,,tejas
philosophy of pranayama,general_info,1.0,,,pranayama
controlling sinusitis,disease_prediction,1.0,,sinusitis,
tell me about panchamahabhutas,general_info,1.0,,,panchamahabhutas
trimala tradition,general_info,1.0,,,trimala
constant asthma,disease_prediction,1.0,,asthma,
alternative medicine viewpoint,general_info,1.0,,,alternative medicine
what is harmony,general_info,1.0,,,harmony
dhattura beeja for natural treatment,herb_benefits,1.0,dhattura beeja,,
irimedadi taila nutritional benefits,herb_benefits,1.0,irimedadi taila,,
danti moola for health,herb_benefits,1.0,danti moola,,
mild eye strain,disease_prediction,1.0,,eye strain,
role of mind-body connection,general_info,1.0,,,mind-body connection
having sinusitis,disease_prediction,1.0,,sinusitis,
dhanyamla natural medicine,herb_benefits,1.0,dhanyamla,,
curcuma remedy uses,herb_benefits,1.0,curcuma,,
cure for wounds,disease_prediction,1.0,,wounds,
ushira nutritional benefits,herb_benefits,1.0,ushira,,
want to know about rasa,general_info,1.0,,,rasa
ayurveda understanding,general_info,1.0,,,ayurveda
karpooradi thailam for wellness,herb_benefits,1.0,karpooradi thailam,,
philosophy of cleansing,general_info,1.0,,,cleansing
prativisha benefits,herb_benefits,1.0,prativisha,,
traditional medicine viewpoint,general_info,1.0,,,traditional medicine
dealing with acne,disease_prediction,1.0,,acne,
prakriti practice,general_info,1.0,,,prakriti
introduction to detoxification,general_info,1.0,,,detoxification
treatment for brain fog,disease_prediction,1.0,,brain fog,
natural cure for night sweats,disease_prediction,1.0,,night sweats,
researching dosha,general_info,1.0,,,dosha
understanding body type,general_info,1.0,,,body type
healing power of guduchi,herb_benefits,1.0,guduchi,,
history of energy,general_info,1.0,,,energy
learn about virya,general_info,1.0,,,virya
malas tradition,general_info,1.0,,,malas
narikela lavana in herbal medicine,herb_benefits,1.0,narikela lavana,,
information about karpasa,herb_benefits,1.0,karpasa,,
severe inflammation,disease_prediction,1.0,,inflammation,
basti wisdom,general_info,1.0,,,basti
controlling heartburn,disease_prediction,1.0,,heartburn,
medicinal applications of kovidara,herb_benefits,1.0,kovidara,,
explain nutrition,general_info,1.0,,,nutrition
pushkarmool in herbal medicine,herb_benefits,1.0,pushkarmool,,
safe treatment for skin rash,disease_prediction,1.0,,skin rash,
home remedy for allergies,disease_prediction,1.0,,allergies,
chronic gastritis,disease_prediction,1.0,,gastritis,
applications of vamsha,herb_benefits,1.0,vamsha,,
how does manikya pishti help,herb_benefits,1.0,manikya pishti,,
what makes renuka beneficial,herb_benefits,1.0,renuka,,
what's nutrition,general_info,1.0,,,nutrition
history of basti,general_info,1.0,,,basti
methi effects,herb_benefits,1.0,methi,,
meditation approach,general_info,1.0,,,meditation
preventing fever,disease_prediction,1.0,,fever,
holistic treatment for anxiety,disease_prediction,1.0,,anxiety,
natural treatment for sinusitis,disease_prediction,1.0,,sinusitis,
help with acne,disease_prediction,1.0,,acne,
chronic mood swings,disease_prediction,1.0,,mood swings,
natural treatment for oily skin,disease_prediction,1.0,,oily skin,
how to treat morning sickness,disease_prediction,1.0,,morning sickness,
benefits of gunas,general_info,1.0,,,gunas
benefits of pitta,general_info,1.0,,,pitta
medicine for bruising,disease_prediction,1.0,,bruising,
ancient uses of shilajit,herb_benefits,1.0,shilajit,,
medicinal effects of aranya jeeraka,herb_benefits,1.0,aranya jeeraka,,
mahanimba nutritional benefits,herb_benefits,1.0,mahanimba,,
help with low energy,disease_prediction,1.0,,low energy,
science behind circulation,general_info,1.0,,,circulation
importance of harmony,general_info,1.0,,,harmony
healing fatigue,disease_prediction,1.0,,fatigue,
kanmad bhasma nutritional benefits,herb_benefits,1.0,kanmad bhasma,,
ayurveda science,general_info,1.0,,,ayurveda
digestion tradition,general_info,1.0,,,digestion
kushmanda khanda properties,herb_benefits,1.0,kushmanda khanda,,
understanding meditation,general_info,1.0,,,meditation
intermittent skin rash,disease_prediction,1.0,,skin rash,
natural advantages of latakaranja,herb_benefits,1.0,latakaranja,,
karpooradi thailam for natural healing,herb_benefits,1.0,karpooradi thailam,,
best medicine for mood swings,disease_prediction,1.0,,mood swings,
blurred vision treatment,disease_prediction,1.0,,blurred vision,
controlling heartburn,disease_prediction,1.0,,heartburn,
importance of gunas,general_info,1.0,,,gunas
preventing bloating,disease_prediction,1.0,,bloating,
utpala medicinal uses,herb_benefits,1.0,utpala,,
dosha concepts,general_info,1.0,,,dosha
what does haridra do,herb_benefits,1.0,haridra,,
panna pishti for wellness,herb_benefits,1.0,panna pishti,,
harmony methodology,general_info,1.0,,,harmony
ushira for wellness,herb_benefits,1.0,ushira,,
sudden chest pain,disease_prediction,1.0,,chest pain,
panchakarma knowledge,general_info,1.0,,,panchakarma
effective treatment for hot flashes,disease_prediction,1.0,,hot flashes,
how to treat hearing problems,disease_prediction,1.0,,hearing problems,
cure for restless legs,disease_prediction,1.0,,restless legs,
healing stomach ache,disease_prediction,1.0,,stomach ache,
herbal properties of black pepper,herb_benefits,1.0,black pepper,,
how to use trivrit,herb_benefits,1.0,trivrit,,
I'm suffering from bloating,disease_prediction,1.0,,bloating,
remedy for diabetes,disease_prediction,1.0,,diabetes,
permanent cure for psoriasis,disease_prediction,1.0,,psoriasis,
therapeutic applications of centella,herb_benefits,1.0,centella,,
dosha principles,general_info,1.0,,,dosha
natural benefits of neelibringadi thailam,herb_benefits,1.0,neelibringadi thailam,,
applications of chakragaja,herb_benefits,1.0,chakragaja,,
relief from numbness,disease_prediction,1.0,,numbness,
pranayama science,general_info,1.0,,,pranayama
medicinal effects of drakshavaleha,herb_benefits,1.0,drakshavaleha,,
fundamentals of circulation,general_info,1.0,,,circulation
quick relief from diarrhea,disease_prediction,1.0,,diarrhea,
fundamentals of ayurveda,general_info,1.0,,,ayurveda
virya explained,general_info,1.0,,,virya
alleviating hypertension,disease_prediction,1.0,,hypertension,
diagnosis of asthma,disease_prediction,1.0,,asthma,
svalpa khadiradi vati effects,herb_benefits,1.0,svalpa khadiradi vati,,
guide to panchakarma,general_info,1.0,,,panchakarma
uses of nimba taila,herb_benefits,1.0,nimba taila,,
importance of meditation,general_info,1.0,,,meditation
ardraka svarasa for natural treatment,herb_benefits,1.0,ardraka svarasa,,
what does shukti bhasma do,herb_benefits,1.0,shukti bhasma,,
history of prana,general_info,1.0,,,prana
healthy lifestyle understanding,general_info,1.0,,,healthy lifestyle
medicine for eczema,disease_prediction,1.0,,eczema,
home remedy for irregular periods,disease_prediction,1.0,,irregular periods,
non-toxic remedy for nausea,disease_prediction,1.0,,nausea,
understand wellness,general_info,1.0,,,wellness
home remedy for diabetes,disease_prediction,1.0,,diabetes,
benefits of swarnapatri,herb_benefits,1.0,swarnapatri,,
medicinal properties of prapunnada,herb_benefits,1.0,prapunnada,,
detoxification basics,general_info,1.0,,,detoxification
recurring cramps,disease_prediction,1.0,,cramps,
therapeutic applications of neem,herb_benefits,1.0,neem,,
virechana philosophy,general_info,1.0,,,virechana
therapeutic applications of narikela jala,herb_benefits,1.0,narikela jala,,
principles of trimala,general_info,1.0,,,trimala
harmony theory,general_info,1.0,,,harmony
recurring muscle pain,disease_prediction,1.0,,muscle pain,
therapeutic value of karpura (camphor),herb_benefits,1.0,karpura (camphor),,
information about shankha bhasma,herb_benefits,1.0,shankha bhasma,,
why use bibhitaki,herb_benefits,1.0,bibhitaki,,
basics of shadrasas,general_info,1.0,,,shadrasas
what makes haridra beneficial,herb_benefits,1.0,haridra,,
origin of wellness,general_info,1.0,,,wellness
fundamentals of agni,general_info,1.0,,,agni
dealing with nausea,disease_prediction,1.0,,nausea,
holistic treatments for blurred vision,disease_prediction,1.0,,blurred vision,
bhadra medicinal uses,herb_benefits,1.0,bhadra,,
understand panchakarma,general_info,1.0,,,panchakarma
origin of ojas,general_info,1.0,,,ojas
benefits and uses of kushmanda avaleha,herb_benefits,1.0,kushmanda avaleha,,
makshika madhu therapeutic benefits,herb_benefits,1.0,makshika madhu,,
benefits and uses of agnijara,herb_benefits,1.0,agnijara,,
I'm experiencing ear pain,disease_prediction,1.0,,ear pain,
mahasudarshan churna nutritional benefits,herb_benefits,1.0,mahasudarshan churna,,
studying prabhava,general_info,1.0,,,prabhava
I have bruising,disease_prediction,1.0,,bruising,
sudarshan churna in traditional medicine,herb_benefits,1.0,sudarshan churna,,
harmony wisdom,general_info,1.0,,,harmony
quick relief from anxiety,disease_prediction,1.0,,anxiety,
somaraji taila nutritional benefits,herb_benefits,1.0,somaraji taila,,
I've got snoring,disease_prediction,1.0,,snoring,
herbal medicine science,general_info,1.0,,,herbal medicine
help with low energy,disease_prediction,1.0,,low energy,
medicinal value of shatavari,herb_benefits,1.0,shatavari,,
history of shadrasas,general_info,1.0,,,shadrasas
alternative medicine tradition,general_info,1.0,,,alternative medicine
therapeutic effects of ajmoda,herb_benefits,1.0,ajmoda,,
role of ayurveda,general_info,1.0,,,ayurveda
introduction to yoga,general_info,1.0,,,yoga
I feel menstrual cramps,disease_prediction,1.0,,menstrual cramps,
mild swelling,disease_prediction,1.0,,swelling,
ojas science,general_info,1.0,,,ojas
ayurvedic treatment for arthritis,disease_prediction,1.0,,arthritis,
preventing memory problems,disease_prediction,1.0,,memory problems,
what makes vaikranta bhasma beneficial,herb_benefits,1.0,vaikranta bhasma,,
therapeutic value of methi,herb_benefits,1.0,methi,,
how does agni work,general_info,1.0,,,agni
mahalakshmi vilas rasa for holistic health,herb_benefits,1.0,mahalakshmi vilas rasa,,
runny nose treatment,disease_prediction,1.0,,runny nose,
medicinal applications of pravala pishti,herb_benefits,1.0,pravala pishti,,
therapeutic value of sala,herb_benefits,1.0,sala,,
traditional medicine tradition,general_info,1.0,,,traditional medicine
therapeutic effects of gangadhara churna,herb_benefits,1.0,gangadhara churna,,
what causes dry skin,disease_prediction,1.0,,dry skin,
researching saptadhatu,general_info,1.0,,,saptadhatu
role of abhyanga,general_info,1.0,,,abhyanga
tell me about temperament,general_info,1.0,,,temperament
mind-body connection explained,general_info,1.0,,,mind-body connection
natural treatment for sprains,disease_prediction,1.0,,sprains,
kulattha health effects,herb_benefits,1.0,kulattha,,
I'm suffering from skin rash,disease_prediction,1.0,,skin rash,
ancient uses of aragvadhadi kwath,herb_benefits,1.0,aragvadhadi kwath,,
intermittent cold,disease_prediction,1.0,,cold,
herbal properties of kankshi,herb_benefits,1.0,kankshi,,
how can manikya pishti help,herb_benefits,1.0,manikya pishti,,
holistic treatment for cold,disease_prediction,1.0,,cold,
I'm experiencing sneezing,disease_prediction,1.0,,sneezing,
I feel hot flashes,disease_prediction,1.0,,hot flashes,
advantages of icchabhedi rasa,herb_benefits,1.0,icchabhedi rasa,,
durva uses,herb_benefits,1.0,durva,,
why is siddha makardhwaj healthy,herb_benefits,1.0,siddha makardhwaj,,
philosophy of gunas,general_info,1.0,,,gunas
importance of preventive medicine,general_info,1.0,,,preventive medicine
principles of shirodhara,general_info,1.0,,,shirodhara
therapeutic applications of dadhi,herb_benefits,1.0,dadhi,,
alleviating strains,disease_prediction,1.0,,strains,
saptaparna in traditional medicine,herb_benefits,1.0,saptaparna,,
advantages of asphota,herb_benefits,1.0,asphota,,
exploring basti,general_info,1.0,,,basti
why is vamsha healthy,herb_benefits,1.0,vamsha,,
traditional cure for tingling,disease_prediction,1.0,,tingling,
chyawanprash uses,herb_benefits,1.0,chyawanprash,,
alternative medicine for acidity,disease_prediction,1.0,,acidity,
recovering from low energy,disease_prediction,1.0,,low energy,
medicinal properties of jeerakarishtam,herb_benefits,1.0,jeerakarishtam,,
what is haridra good for,herb_benefits,1.0,haridra,,
therapeutic value of aragvadhadi kwath,herb_benefits,1.0,aragvadhadi kwath,,
what makes vasa avaleha beneficial,herb_benefits,1.0,vasa avaleha,,
vata system,general_info,1.0,,,vata
remedy for mood swings,disease_prediction,1.0,,mood swings,
relief from heartburn,disease_prediction,1.0,,heartburn,
basics of kapha,general_info,1.0,,,kapha
malas practice,general_info,1.0,,,malas
herbal properties of nag bhasma,herb_benefits,1.0,nag bhasma,,
what can vasa avaleha treat,herb_benefits,1.0,vasa avaleha,,
what is body type,general_info,1.0,,,body type
recurring cramps,disease_prediction,1.0,,cramps,
kasamarda in traditional medicine,herb_benefits,1.0,kasamarda,,
natural benefits of dhattura beeja,herb_benefits,1.0,dhattura beeja,,
relief from numbness,disease_prediction,1.0,,numbness,
dealing with sore throat,disease_prediction,1.0,,sore throat,
how to treat morning sickness,disease_prediction,1.0,,morning sickness,
treatments for brain fog,disease_prediction,1.0,,brain fog,
tell me about wellness,general_info,1.0,,,wellness
medicinal applications of narikela,herb_benefits,1.0,narikela,,
intermittent vomiting,disease_prediction,1.0,,vomiting,
sudarshan churna uses,herb_benefits,1.0,sudarshan churna,,
medicinal effects of vriddhi,herb_benefits,1.0,vriddhi,,
history of tridosha,general_info,1.0,,,tridosha
introduction to energy,general_info,1.0,,,energy
tell me about meda,herb_benefits,1.0,meda,,
cure for wounds,disease_prediction,1.0,,wounds,
intermittent hearing problems,disease_prediction,1.0,,hearing problems,
mind-body connection basics,general_info,1.0,,,mind-body connection
eranda patra for health,herb_benefits,1.0,eranda patra,,
ancient uses of bakuchi,herb_benefits,1.0,bakuchi,,
what does himasagara thailam do,herb_benefits,1.0,himasagara thailam,,
safe treatment for indigestion,disease_prediction,1.0,,indigestion,
what makes haridra beneficial,herb_benefits,1.0,haridra,,
kapha art,general_info,1.0,,,kapha
therapeutic value of amlaparni,herb_benefits,1.0,amlaparni,,
natural benefits of prapunnada,herb_benefits,1.0,prapunnada,,
preventing dry skin,disease_prediction,1.0,,dry skin,
dealing with bronchitis,disease_prediction,1.0,,bronchitis,
holistic treatment for motion sickness,disease_prediction,1.0,,motion sickness,
nimba beeja natural medicine,herb_benefits,1.0,nimba beeja,,
significance of body type,general_info,1.0,,,body type
arjunarishta in herbal medicine,herb_benefits,1.0,arjunarishta,,
principles of prana,general_info,1.0,,,prana
discovering rasa,general_info,1.0,,,rasa
significance of body type,general_info,1.0,,,body type
bijapura natural medicine,herb_benefits,1.0,bijapura,,
chyawanprash effects,herb_benefits,1.0,chyawanprash,,
therapeutic value of methi,herb_benefits,1.0,methi,,
advantages of jivaka,herb_benefits,1.0,jivaka,,
effective treatment for abdominal pain,disease_prediction,1.0,,abdominal pain,
researching harmony,general_info,1.0,,,harmony
arjunarishta in traditional medicine,herb_benefits,1.0,arjunarishta,,
metabolism art,general_info,1.0,,,metabolism
medicinal value of snuhi ksheera,herb_benefits,1.0,snuhi ksheera,,
severe irregular periods,disease_prediction,1.0,,irregular periods,
importance of meditation,general_info,1.0,,,meditation
overcoming weakness,disease_prediction,1.0,,weakness,
basics of shadrasas,general_info,1.0,,,shadrasas
natural benefits of upodika,herb_benefits,1.0,upodika,,
herbal medicine for chronic fatigue,disease_prediction,1.0,,chronic fatigue,
ancient applications of jeerakarishtam,herb_benefits,1.0,jeerakarishtam,,
trimala theory,general_info,1.0,,,trimala
mild chronic fatigue,disease_prediction,1.0,,chronic fatigue,
meditation explained,general_info,1.0,,,meditation
understand abhyanga,general_info,1.0,,,abhyanga
health properties of coriander,herb_benefits,1.0,coriander,,
ayurvedic advantages of ghrita,herb_benefits,1.0,ghrita,,
sudden low energy,disease_prediction,1.0,,low energy,
trimala explained,general_info,1.0,,,trimala
natural cure for snoring,disease_prediction,1.0,,snoring,
natural advantages of riddhi,herb_benefits,1.0,riddhi,,
health properties of yakuti rasayana,herb_benefits,1.0,yakuti rasayana,,
quick relief from gastritis,disease_prediction,1.0,,gastritis,
tridosha theory,general_info,1.0,,,tridosha
diagnosis of irregular periods,disease_prediction,1.0,,irregular periods,
tridosha understanding,general_info,1.0,,,tridosha
cure for dandruff,disease_prediction,1.0,,dandruff,
severe irregular periods,disease_prediction,1.0,,irregular periods,
vetasa for natural healing,herb_benefits,1.0,vetasa,,
rohitaka for health,herb_benefits,1.0,rohitaka,,
shigru nutritional benefits,herb_benefits,1.0,shigru,,
significance of vikriti,general_info,1.0,,,vikriti
what makes gorochana beneficial,herb_benefits,1.0,gorochana,,
holistic treatments for cold,disease_prediction,1.0,,cold,
alternative medicine for sore throat,disease_prediction,1.0,,sore throat,
how to use agnikarna,herb_benefits,1.0,agnikarna,,
healing hot flashes,disease_prediction,1.0,,hot flashes,
importance of srotas,general_info,1.0,,,srotas
dosha science,general_info,1.0,,,dosha
skin rash symptoms,disease_prediction,1.0,,skin rash,
effective treatment for spasms,disease_prediction,1.0,,spasms,
meditation concepts,general_info,1.0,,,meditation
simhanada guggulu healing properties,herb_benefits,1.0,simhanada guggulu,,
non-toxic remedy for arthritis,disease_prediction,1.0,,arthritis,
healthy lifestyle tradition,general_info,1.0,,,healthy lifestyle
effective treatment for gastritis,disease_prediction,1.0,,gastritis,
mandukparni in traditional medicine,herb_benefits,1.0,mandukparni,,
dosha basics,general_info,1.0,,,dosha
science behind circulation,general_info,1.0,,,circulation
tell me about chana,herb_benefits,1.0,chana,,
medicinal value of murva,herb_benefits,1.0,murva,,
how does brihatyadi kashayam help,herb_benefits,1.0,brihatyadi kashayam,,
basics of prana,general_info,1.0,,,prana
natural treatment for vomiting,disease_prediction,1.0,,vomiting,
natural treatments for diarrhea,disease_prediction,1.0,,diarrhea,
metabolism theory,general_info,1.0,,,metabolism
tell me about haridra,herb_benefits,1.0,haridra,,
what causes bronchitis,disease_prediction,1.0,,bronchitis,
information about prakriti,general_info,1.0,,,prakriti
controlling memory problems,disease_prediction,1.0,,memory problems,
healing wounds,disease_prediction,1.0,,wounds,
quick relief from eczema,disease_prediction,1.0,,eczema,
researching saptadhatu,general_info,1.0,,,saptadhatu
natural cure for insomnia,disease_prediction,1.0,,insomnia,
symptoms of gastritis,disease_prediction,1.0,,gastritis,
what are the principles of natural healing,general_info,1.0,,,natural healing
importance of energy,general_info,1.0,,,energy
medicinal applications of manibhadra guda,herb_benefits,1.0,manibhadra guda,,
therapeutic applications of bakula,herb_benefits,1.0,bakula,,
kottamchukkadi thailam natural medicine,herb_benefits,1.0,kottamchukkadi thailam,,
mastu wellness benefits,herb_benefits,1.0,mastu,,
shuddha guggulu effects,herb_benefits,1.0,shuddha guggulu,,
shadrasas perspective,general_info,1.0,,,shadrasas
saptaparna in traditional medicine,herb_benefits,1.0,saptaparna,,
tell me about yoga,general_info,1.0,,,yoga
effective treatment for dandruff,disease_prediction,1.0,,dandruff,
why use vidaryadi kashayam,herb_benefits,1.0,vidaryadi kashayam,,
what is shigru good for,herb_benefits,1.0,shigru,,
health properties of coriander,herb_benefits,1.0,coriander,,
harmony wisdom,general_info,1.0,,,harmony
prabhava methodology,general_info,1.0,,,prabhava
information about saptadhatu,general_info,1.0,,,saptadhatu
traditional uses of putikaranja,herb_benefits,1.0,putikaranja,,
medicinal applications of parijata,herb_benefits,1.0,parijata,,
I feel bronchitis,disease_prediction,1.0,,bronchitis,
I'm suffering from gastritis,disease_prediction,1.0,,gastritis,
what is harmony,general_info,1.0,,,harmony
information about kachnar,herb_benefits,1.0,kachnar,,
bhadra medicinal uses,herb_benefits,1.0,bhadra,,
tejas philosophy,general_info,1.0,,,tejas
prana fundamentals,general_info,1.0,,,prana
best medicine for wounds,disease_prediction,1.0,,wounds,
what is wellness,general_info,1.0,,,wellness
I'm suffering from oily skin,disease_prediction,1.0,,oily skin,
quick relief from bruising,disease_prediction,1.0,,bruising,
how does parpataka help,herb_benefits,1.0,parpataka,,
traditional uses of andrographis,herb_benefits,1.0,andrographis,,
kapha system,general_info,1.0,,,kapha
I have asthma,disease_prediction,1.0,,asthma,
role of healthy lifestyle,general_info,1.0,,,healthy lifestyle
information about mashaparni,herb_benefits,1.0,mashaparni,,
importance of preventive medicine,general_info,1.0,,,preventive medicine
what makes changeri ghrita beneficial,herb_benefits,1.0,changeri ghrita,,
treatments for sleep apnea,disease_prediction,1.0,,sleep apnea,
history of holistic health,general_info,1.0,,,holistic health
ayurvedic treatment for eczema,disease_prediction,1.0,,eczema,
dealing with strains,disease_prediction,1.0,,strains,
learn about tejas,general_info,1.0,,,tejas
permanent cure for psoriasis,disease_prediction,1.0,,psoriasis,
how to use kusha,herb_benefits,1.0,kusha,,
relief from dry skin,disease_prediction,1.0,,dry skin,
abhayarishta for health,herb_benefits,1.0,abhayarishta,,
how does immunity work,general_info,1.0,,,immunity
information about mind-body connection,general_info,1.0,,,mind-body connection
herbal properties of vidaryadyasava,herb_benefits,1.0,vidaryadyasava,,
significance of harmony,general_info,1.0,,,harmony
medicinal effects of riddhi,herb_benefits,1.0,riddhi,,
help with vertigo,disease_prediction,1.0,,vertigo,
properties of gulakanda,herb_benefits,1.0,gulakanda,,
medicinal effects of ashwattha,herb_benefits,1.0,ashwattha,,
want to know about wellness,general_info,1.0,,,wellness
guloochyadi kashayam healing properties,herb_benefits,1.0,guloochyadi kashayam,,
medicine for itching,disease_prediction,1.0,,itching,
ayurvedic treatment for hot flashes,disease_prediction,1.0,,hot flashes,
prana practice,general_info,1.0,,,prana
healing stomach ache,disease_prediction,1.0,,stomach ache,
persistent diarrhea,disease_prediction,1.0,,diarrhea,
origin of kapha,general_info,1.0,,,kapha
constant menstrual cramps,disease_prediction,1.0,,menstrual cramps,
mahishi dugdha for natural healing,herb_benefits,1.0,mahishi dugdha,,
treatment for motion sickness,disease_prediction,1.0,,motion sickness,
traditional medicine viewpoint,general_info,1.0,,,traditional medicine
rasa knowledge,general_info,1.0,,,rasa
having swelling,disease_prediction,1.0,,swelling,
rasa science,general_info,1.0,,,rasa
what causes spasms,disease_prediction,1.0,,spasms,
tell me about kumkumadi thailam,herb_benefits,1.0,kumkumadi thailam,,
tell me about kakoli,herb_benefits,1.0,kakoli,,
benefits and applications of pushkarmool,herb_benefits,1.0,pushkarmool,,
alternative medicine system,general_info,1.0,,,alternative medicine
what causes spasms,disease_prediction,1.0,,spasms,
mahanimba nutritional benefits,herb_benefits,1.0,mahanimba,,
discovering harmony,general_info,1.0,,,harmony
why is tintidika healthy,herb_benefits,1.0,tintidika,,
reducing vertigo,disease_prediction,1.0,,vertigo,
traditional uses of jatyadi taila,herb_benefits,1.0,jatyadi taila,,
recurring constipation,disease_prediction,1.0,,constipation,
preventive medicine perspective,general_info,1.0,,,preventive medicine
why use hapusa,herb_benefits,1.0,hapusa,,
what can agastya haritaki rasayana treat,herb_benefits,1.0,agastya haritaki rasayana,,
arka ksheera effects,herb_benefits,1.0,arka ksheera,,
medicine for itching,disease_prediction,1.0,,itching,
sudden numbness,disease_prediction,1.0,,numbness,
importance of vikriti,general_info,1.0,,,vikriti
advantages of changeri,herb_benefits,1.0,changeri,,
gajapippali therapeutic benefits,herb_benefits,1.0,gajapippali,,
healing power of jivaka,herb_benefits,1.0,jivaka,,
tanduliyaka healing properties,herb_benefits,1.0,tanduliyaka,,
blurred vision treatment,disease_prediction,1.0,,blurred vision,
chronic fatigue treatment,disease_prediction,1.0,,chronic fatigue,
chandrashura benefits,herb_benefits,1.0,chandrashura,,
learning circulation,general_info,1.0,,,circulation
cure for bloating,disease_prediction,1.0,,bloating,
alleviating psoriasis,disease_prediction,1.0,,psoriasis,
therapeutic applications of kanchanara guggulu,herb_benefits,1.0,kanchanara guggulu,,
origin of herbal medicine,general_info,1.0,,,herbal medicine
remedy for wounds,disease_prediction,1.0,,wounds,
preventing sore throat,disease_prediction,1.0,,sore throat,
herbal medicine for ear pain,disease_prediction,1.0,,ear pain,
healthy lifestyle tradition,general_info,1.0,,,healthy lifestyle
investigating pitta,general_info,1.0,,,pitta
how does kasheruka help,herb_benefits,1.0,kasheruka,,
remedy for snoring,disease_prediction,1.0,,snoring,
safe treatment for joint pain,disease_prediction,1.0,,joint pain,
what makes gambhari phala beneficial,herb_benefits,1.0,gambhari phala,,
understanding rasa,general_info,1.0,,,rasa
persistent runny nose,disease_prediction,1.0,,runny nose,
ayurvedic benefits of souvarchala lavana,herb_benefits,1.0,souvarchala lavana,,
diagnosis of bloating,disease_prediction,1.0,,bloating,
fundamentals of alternative medicine,general_info,1.0,,,alternative medicine
alleviating irregular periods,disease_prediction,1.0,,irregular periods,
medicine for asthma,disease_prediction,1.0,,asthma,
alleviating brain fog,disease_prediction,1.0,,brain fog,
dosha basics,general_info,1.0,,,dosha
basti fundamentals,general_info,1.0,,,basti
role of alternative medicine,general_info,1.0,,,alternative medicine
define cleansing,general_info,1.0,,,cleansing
recurring tinnitus,disease_prediction,1.0,,tinnitus,
I'm suffering from bloating,disease_prediction,1.0,,bloating,
recovering from mood swings,disease_prediction,1.0,,mood swings,
nasya fundamentals,general_info,1.0,,,nasya
I have strains,disease_prediction,1.0,,strains,
therapeutic value of samudra phena,herb_benefits,1.0,samudra phena,,
importance of agni,general_info,1.0,,,agni
origin of constitution,general_info,1.0,,,constitution
benefits of pitta,general_info,1.0,,,pitta
healing burning sensation,disease_prediction,1.0,,burning sensation,
agni philosophy,general_info,1.0,,,agni
exploring healthy lifestyle,general_info,1.0,,,healthy lifestyle
natural benefits of jatyadi taila,herb_benefits,1.0,jatyadi taila,,
ayurvedic treatment for gas,disease_prediction,1.0,,gas,
lakshadi thailam wellness benefits,herb_benefits,1.0,lakshadi thailam,,
diarrhea treatment,disease_prediction,1.0,,diarrhea,
mind-body connection basics,general_info,1.0,,,mind-body connection
mild strains,disease_prediction,1.0,,strains,
ancient uses of chitraka moola,herb_benefits,1.0,chitraka moola,,
reducing blurred vision,disease_prediction,1.0,,blurred vision,
principles of cleansing,general_info,1.0,,,cleansing
uses of suranjana,herb_benefits,1.0,suranjana,,
therapeutic effects of mishreya,herb_benefits,1.0,mishreya,,
natural treatment for diarrhea,disease_prediction,1.0,,diarrhea,
traditional cure for tingling,disease_prediction,1.0,,tingling,
studying prabhava,general_info,1.0,,,prabhava
madhuka in traditional medicine,herb_benefits,1.0,madhuka,,
overcoming gas,disease_prediction,1.0,,gas,
sprains cure,disease_prediction,1.0,,sprains,
what does haridra do,herb_benefits,1.0,haridra,,
preventing sinusitis,disease_prediction,1.0,,sinusitis,
remedy for concentration issues,disease_prediction,1.0,,concentration issues,
tridosha understanding,general_info,1.0,,,tridosha
benefits and uses of masi,herb_benefits,1.0,masi,,
severe burning sensation,disease_prediction,1.0,,burning sensation,
karkatashringi benefits,herb_benefits,1.0,karkatashringi,,
researching basti,general_info,1.0,,,basti
chronic eye strain,disease_prediction,1.0,,eye strain,
relief from snoring,disease_prediction,1.0,,snoring,
kalyana ksharam effects,herb_benefits,1.0,kalyana ksharam,,
shirodhara art,general_info,1.0,,,shirodhara
medicine for vomiting,disease_prediction,1.0,,vomiting,
history of panchakarma,general_info,1.0,,,panchakarma
history of natural healing,general_info,1.0,,,natural healing
preventing dry skin,disease_prediction,1.0,,dry skin,
therapeutic effects of fenugreek,herb_benefits,1.0,fenugreek,,
define preventive medicine,general_info,1.0,,,preventive medicine
benefits of gunas,general_info,1.0,,,gunas
researching mind-body connection,general_info,1.0,,,mind-body connection
medicine for allergies,disease_prediction,1.0,,allergies,
uses of laksha,herb_benefits,1.0,laksha,,
how does prabhava work,general_info,1.0,,,prabhava
sudden numbness,disease_prediction,1.0,,numbness,
applications of gandharvahastadi kashayam,herb_benefits,1.0,gandharvahastadi kashayam,,
non-toxic remedy for sneezing,disease_prediction,1.0,,sneezing,
mild sleep disorders,disease_prediction,1.0,,sleep disorders,
introduction to wellness,general_info,1.0,,,wellness
therapeutic effects of kumbhika,herb_benefits,1.0,kumbhika,,
tanduliyaka healing properties,herb_benefits,1.0,tanduliyaka,,
virechana art,general_info,1.0,,,virechana
understand dosha,general_info,1.0,,,dosha
therapeutic applications of dadhi,herb_benefits,1.0,dadhi,,
health properties of karnikara,herb_benefits,1.0,karnikara,,
information about utingana,herb_benefits,1.0,utingana,,
health properties of shatavari ksheera,herb_benefits,1.0,shatavari ksheera,,
symptoms of snoring,disease_prediction,1.0,,snoring,
herbal properties of tila,herb_benefits,1.0,tila,,
help with low energy,disease_prediction,1.0,,low energy,
philosophy of kapha,general_info,1.0,,,kapha
medicine for burns,disease_prediction,1.0,,burns,
karpas-asthyadi thailam effects,herb_benefits,1.0,karpas-asthyadi thailam,,
narayana thailam for health improvement,herb_benefits,1.0,narayana thailam,,
principles of cleansing,general_info,1.0,,,cleansing
what is nutrition,general_info,1.0,,,nutrition
prana art,general_info,1.0,,,prana
benefits of natural healing,general_info,1.0,,,natural healing
tell me about abhyanga,general_info,1.0,,,abhyanga
exploring virechana,general_info,1.0,,,virechana
marichyadi vati remedy uses,herb_benefits,1.0,marichyadi vati,,
prakriti art,general_info,1.0,,,prakriti
tell me about wellness,general_info,1.0,,,wellness
significance of panchamahabhutas,general_info,1.0,,,panchamahabhutas
recovering from sprains,disease_prediction,1.0,,sprains,
help with memory problems,disease_prediction,1.0,,memory problems,
history of healthy lifestyle,general_info,1.0,,,healthy lifestyle
dosha approach,general_info,1.0,,,dosha
philosophy of alternative medicine,general_info,1.0,,,alternative medicine
help with snoring,disease_prediction,1.0,,snoring,
preventing mood swings,disease_prediction,1.0,,mood swings,
severe stomach ache,disease_prediction,1.0,,stomach ache,
ama methodology,general_info,1.0,,,ama
permanent cure for psoriasis,disease_prediction,1.0,,psoriasis,
saptadhatu understanding,general_info,1.0,,,saptadhatu
introduction to wellness,general_info,1.0,,,wellness
studying energy,general_info,1.0,,,energy
healing spasms,disease_prediction,1.0,,spasms,
karanja taila for holistic health,herb_benefits,1.0,karanja taila,,
prabhava explained,general_info,1.0,,,prabhava
alternative medicine for restless legs,disease_prediction,1.0,,restless legs,
non-toxic remedy for wounds,disease_prediction,1.0,,wounds,
I feel indigestion,disease_prediction,1.0,,indigestion,
preventing cough,disease_prediction,1.0,,cough,
I'm experiencing irregular periods,disease_prediction,1.0,,irregular periods,
natural healing understanding,general_info,1.0,,,natural healing
cleansing understanding,general_info,1.0,,,cleansing
introduction to yoga,general_info,1.0,,,yoga
herbal medicine for muscle pain,disease_prediction,1.0,,muscle pain,
fundamentals of circulation,general_info,1.0,,,circulation
quick relief from heartburn,disease_prediction,1.0,,heartburn,
vaikranta bhasma for health improvement,herb_benefits,1.0,vaikranta bhasma,,
recovering from low energy,disease_prediction,1.0,,low energy,
persistent memory problems,disease_prediction,1.0,,memory problems,
mild strains,disease_prediction,1.0,,strains,
vaikranta bhasma for health improvement,herb_benefits,1.0,vaikranta bhasma,,
non-toxic remedy for nausea,disease_prediction,1.0,,nausea,
chyawanprash uses,herb_benefits,1.0,chyawanprash,,
medicinal properties of jeerakarishtam,herb_benefits,1.0,jeerakarishtam,,
natural cure for insomnia,disease_prediction,1.0,,insomnia,
herbal medicine perspective,general_info,1.0,,,herbal medicine
tintidika natural medicine,herb_benefits,1.0,tintidika,,
health benefits of dadimashtaka churna,herb_benefits,1.0,dadimashtaka churna,,
philosophy of digestion,general_info,1.0,,,digestion
diagnosis of vomiting,disease_prediction,1.0,,vomiting,
properties of gulakanda,herb_benefits,1.0,gulakanda,,
therapeutic applications of nagadanti,herb_benefits,1.0,nagadanti,,
narayana thailam for health improvement,herb_benefits,1.0,narayana thailam,,
fundamentals of circulation,general_info,1.0,,,circulation
bacopa for natural treatment,herb_benefits,1.0,bacopa,,
importance of energy,general_info,1.0,,,energy
herbal medicine principles,general_info,1.0,,,herbal medicine
controlling motion sickness,disease_prediction,1.0,,motion sickness,
kakoli effects,herb_benefits,1.0,kakoli,,
why use shigru,herb_benefits,1.0,shigru,,
natural cure for motion sickness,disease_prediction,1.0,,motion sickness,
principles of natural healing,general_info,1.0,,,natural healing
pranayama philosophy,general_info,1.0,,,pranayama
how does panchakarma work,general_info,1.0,,,panchakarma
detoxification concepts,general_info,1.0,,,detoxification
therapeutic value of matulunga,herb_benefits,1.0,matulunga,,
uses of chakragaja,herb_benefits,1.0,chakragaja,,
benefits of prakriti,general_info,1.0,,,prakriti
non-toxic remedy for stomach ache,disease_prediction,1.0,,stomach ache,
rasnairandadi kwath nutritional benefits,herb_benefits,1.0,rasnairandadi kwath,,
principles of panchamahabhutas,general_info,1.0,,,panchamahabhutas
karmaranga natural medicine,herb_benefits,1.0,karmaranga,,
guide to agni,general_info,1.0,,,agni
information about srotas,general_info,1.0,,,srotas
snuhi ksheera for natural healing,herb_benefits,1.0,snuhi ksheera,,
ancient uses of hajrul yahood bhasma,herb_benefits,1.0,hajrul yahood bhasma,,
constant fatigue,disease_prediction,1.0,,fatigue,
medicinal properties of jeerakarishtam,herb_benefits,1.0,jeerakarishtam,,
tell me about srotas,general_info,1.0,,,srotas
examining prabhava,general_info,1.0,,,prabhava
define kapha,general_info,1.0,,,kapha
recovering from allergies,disease_prediction,1.0,,allergies,
immunity wisdom,general_info,1.0,,,immunity
arjunarishta remedy uses,herb_benefits,1.0,arjunarishta,,
non-toxic remedy for cough,disease_prediction,1.0,,cough,
herbal medicine for mood swings,disease_prediction,1.0,,mood swings,
natural healing wisdom,general_info,1.0,,,natural healing
panna pishti for wellness,herb_benefits,1.0,panna pishti,,
shirodhara approach,general_info,1.0,,,shirodhara
therapeutic value of vidari,herb_benefits,1.0,vidari,,
fundamentals of tejas,general_info,1.0,,,tejas
vata tradition,general_info,1.0,,,vata
kulathadi kwath therapeutic benefits,herb_benefits,1.0,kulathadi kwath,,
virya philosophy,general_info,1.0,,,virya
quick relief from dry eyes,disease_prediction,1.0,,dry eyes,
srotas perspective,general_info,1.0,,,srotas
therapeutic effects of kumbhika,herb_benefits,1.0,kumbhika,,
severe sneezing,disease_prediction,1.0,,sneezing,
therapeutic applications of aivana,herb_benefits,1.0,aivana,,
giloy satva benefits,herb_benefits,1.0,giloy satva,,
srotas principles,general_info,1.0,,,srotas
akika pishti therapeutic benefits,herb_benefits,1.0,akika pishti,,
I'm suffering from skin rash,disease_prediction,1.0,,skin rash,
tell me about kakoli,herb_benefits,1.0,kakoli,,
natural benefits of ingudi,herb_benefits,1.0,ingudi,,
saptaparna natural medicine,herb_benefits,1.0,saptaparna,,
nutrition viewpoint,general_info,1.0,,,nutrition
temperament explained,general_info,1.0,,,temperament
yoga basics,general_info,1.0,,,yoga
remedy for cough,disease_prediction,1.0,,cough,
energy system,general_info,1.0,,,energy
holistic treatment for ear pain,disease_prediction,1.0,,ear pain,
nimba beeja natural medicine,herb_benefits,1.0,nimba beeja,,
healing power of lakshadi thailam,herb_benefits,1.0,lakshadi thailam,,
I have bruising,disease_prediction,1.0,,bruising,
remedy for gas,disease_prediction,1.0,,gas,
ayurvedic benefits of gotu kola,herb_benefits,1.0,gotu kola,,
philosophy of basti,general_info,1.0,,,basti
karanja taila natural medicine,herb_benefits,1.0,karanja taila,,
reducing psoriasis,disease_prediction,1.0,,psoriasis,
help with ear pain,disease_prediction,1.0,,ear pain,
I have indigestion,disease_prediction,1.0,,indigestion,
kushtha nutritional benefits,herb_benefits,1.0,kushtha,,
introduction to rasa,general_info,1.0,,,rasa
badama taila in herbal medicine,herb_benefits,1.0,badama taila,,
detoxification basics,general_info,1.0,,,detoxification
treatment for brain fog,disease_prediction,1.0,,brain fog,
dhatus knowledge,general_info,1.0,,,dhatus
medicine for allergies,disease_prediction,1.0,,allergies,
preventive medicine perspective,general_info,1.0,,,preventive medicine
what are the principles of srotas,general_info,1.0,,,srotas
what causes wounds,disease_prediction,1.0,,wounds,
intermittent sneezing,disease_prediction,1.0,,sneezing,
natural treatments for cuts,disease_prediction,1.0,,cuts,
vatsanabha in traditional medicine,herb_benefits,1.0,vatsanabha,,
detoxification viewpoint,general_info,1.0,,,detoxification
understanding cleansing,general_info,1.0,,,cleansing
advantages of changeri,herb_benefits,1.0,changeri,,
fundamentals of detoxification,general_info,1.0,,,detoxification
exploring traditional medicine,general_info,1.0,,,traditional medicine
healing wounds,disease_prediction,1.0,,wounds,
srotas science,general_info,1.0,,,srotas
info about shirodhara,general_info,1.0,,,shirodhara
centella for health,herb_benefits,1.0,centella,,
recovering from motion sickness,disease_prediction,1.0,,motion sickness,
discovering temperament,general_info,1.0,,,temperament
health benefits of ashokarishta,herb_benefits,1.0,ashokarishta,,
basti explained,general_info,1.0,,,basti
suryavarta benefits,herb_benefits,1.0,suryavarta,,
investigating pitta,general_info,1.0,,,pitta
karpas-asthyadi thailam effects,herb_benefits,1.0,karpas-asthyadi thailam,,
medicinal properties of kalamba,herb_benefits,1.0,kalamba,,
herbal medicine for mood swings,disease_prediction,1.0,,mood swings,
understand srotas,general_info,1.0,,,srotas
arjunarishta in herbal medicine,herb_benefits,1.0,arjunarishta,,
what is shirodhara,general_info,1.0,,,shirodhara
origin of energy,general_info,1.0,,,energy
learn about panchakarma,general_info,1.0,,,panchakarma
define prabhava,general_info,1.0,,,prabhava
philosophy of ama,general_info,1.0,,,ama
information about prapunnada,herb_benefits,1.0,prapunnada,,
holistic treatment for motion sickness,disease_prediction,1.0,,motion sickness,
dosha understanding,general_info,1.0,,,dosha
researching pranayama,general_info,1.0,,,pranayama
hijal healing properties,herb_benefits,1.0,hijal,,
advantages of panasa,herb_benefits,1.0,panasa,,
herbal medicine perspective,general_info,1.0,,,herbal medicine
basics of preventive medicine,general_info,1.0,,,preventive medicine
what causes muscle pain,disease_prediction,1.0,,muscle pain,
researching body type,general_info,1.0,,,body type
discovering alternative medicine,general_info,1.0,,,alternative medicine
remedy for weakness,disease_prediction,1.0,,weakness,
constant vertigo,disease_prediction,1.0,,vertigo,
surana for natural treatment,herb_benefits,1.0,surana,,
jambu in herbal medicine,herb_benefits,1.0,jambu,,
define basti,general_info,1.0,,,basti
therapeutic applications of nagadanti,herb_benefits,1.0,nagadanti,,
how does temperament work,general_info,1.0,,,temperament
studying ayurveda,general_info,1.0,,,ayurveda
back pain symptoms,disease_prediction,1.0,,back pain,
what does dhanadanayanadi kashayam do,herb_benefits,1.0,dhanadanayanadi kashayam,,
reducing sleep disorders,disease_prediction,1.0,,sleep disorders,
ambasthaki properties,herb_benefits,1.0,ambasthaki,,
health benefits of kalyanaka ghrita,herb_benefits,1.0,kalyanaka ghrita,,
benefits of natural healing,general_info,1.0,,,natural healing
permanent cure for bronchitis,disease_prediction,1.0,,bronchitis,
role of abhyanga,general_info,1.0,,,abhyanga
benefits of gunas,general_info,1.0,,,gunas
manjisthadi kwath medicinal uses,herb_benefits,1.0,manjisthadi kwath,,
philosophy of digestion,general_info,1.0,,,digestion
why use makoy,herb_benefits,1.0,makoy,,
having inflammation,disease_prediction,1.0,,inflammation,
exploring natural healing,general_info,1.0,,,natural healing
origin of metabolism,general_info,1.0,,,metabolism
best medicine for stomach ache,disease_prediction,1.0,,stomach ache,
relief from dry skin,disease_prediction,1.0,,dry skin,
irregular periods treatment,disease_prediction,1.0,,irregular periods,
meditation science,general_info,1.0,,,meditation
dhattura beeja for natural treatment,herb_benefits,1.0,dhattura beeja,,
having weakness,disease_prediction,1.0,,weakness,
overview of immunity,general_info,1.0,,,immunity
I feel headache,disease_prediction,1.0,,headache,
understand immunity,general_info,1.0,,,immunity
runny nose treatment,disease_prediction,1.0,,runny nose,
vaikranta bhasma for health improvement,herb_benefits,1.0,vaikranta bhasma,,
healing dizziness,disease_prediction,1.0,,dizziness,
changeri ghrita for natural treatment,herb_benefits,1.0,changeri ghrita,,
basti understanding,general_info,1.0,,,basti
history of energy,general_info,1.0,,,energy
tejas basics,general_info,1.0,,,tejas
kantakari for natural healing,herb_benefits,1.0,kantakari,,
mild vertigo,disease_prediction,1.0,,vertigo,
wellness wisdom,general_info,1.0,,,wellness
symptoms of ear pain,disease_prediction,1.0,,ear pain,
how to use varahikanda,herb_benefits,1.0,varahikanda,,
prabhava practice,general_info,1.0,,,prabhava
saptadhatu theory,general_info,1.0,,,saptadhatu
sinusitis symptoms,disease_prediction,1.0,,sinusitis,
benefits of balance,general_info,1.0,,,balance
uses of navayasa loha,herb_benefits,1.0,navayasa loha,,
what's herbal medicine,general_info,1.0,,,herbal medicine
best medicine for mood swings,disease_prediction,1.0,,mood swings,
overview of pitta,general_info,1.0,,,pitta
non-toxic remedy for stomach ache,disease_prediction,1.0,,stomach ache,
therapeutic value of methi,herb_benefits,1.0,methi,,
how does agni work,general_info,1.0,,,agni
therapeutic applications of eranda,herb_benefits,1.0,eranda,,
mahasudarshan churna for health,herb_benefits,1.0,mahasudarshan churna,,
traditional medicine knowledge,general_info,1.0,,,traditional medicine
reducing hypertension,disease_prediction,1.0,,hypertension,
dosha explained,general_info,1.0,,,dosha
ayurvedic advantages of dhanwantaram thailam,herb_benefits,1.0,dhanwantaram thailam,,
benefits and uses of vidangarishta,herb_benefits,1.0,vidangarishta,,
herbal medicine for muscle pain,disease_prediction,1.0,,muscle pain,
investigating panchakarma,general_info,1.0,,,panchakarma
how to treat hot flashes,disease_prediction,1.0,,hot flashes,
kutajarishta nutritional benefits,herb_benefits,1.0,kutajarishta,,
I'm experiencing eye strain,disease_prediction,1.0,,eye strain,
ancient uses of aragvadhadi kwath,herb_benefits,1.0,aragvadhadi kwath,,
origin of detoxification,general_info,1.0,,,detoxification
energy system,general_info,1.0,,,energy
dry eyes symptoms,disease_prediction,1.0,,dry eyes,
what's preventive medicine,general_info,1.0,,,preventive medicine
guide to basti,general_info,1.0,,,basti
learning balance,general_info,1.0,,,balance
pattanga health effects,herb_benefits,1.0,pattanga,,
overcoming anxiety,disease_prediction,1.0,,anxiety,
science behind wellness,general_info,1.0,,,wellness
benefits of rasa,general_info,1.0,,,rasa
punarnava natural medicine,herb_benefits,1.0,punarnava,,
what is wellness,general_info,1.0,,,wellness
reducing hearing problems,disease_prediction,1.0,,hearing problems,
what makes kushmanda avaleha beneficial,herb_benefits,1.0,kushmanda avaleha,,
what can dhanwantaram gutika treat,herb_benefits,1.0,dhanwantaram gutika,,
vikriti tradition,general_info,1.0,,,vikriti
diagnosis of chest pain,disease_prediction,1.0,,chest pain,
healing power of vetasa,herb_benefits,1.0,vetasa,,
alternative medicine for bruising,disease_prediction,1.0,,bruising,
persistent asthma,disease_prediction,1.0,,asthma,
guide to healthy lifestyle,general_info,1.0,,,healthy lifestyle
history of prana,general_info,1.0,,,prana
kurabaka natural medicine,herb_benefits,1.0,kurabaka,,
vidaryadi kashayam for health,herb_benefits,1.0,vidaryadi kashayam,,
ama science,general_info,1.0,,,ama
what are the principles of shadrasas,general_info,1.0,,,shadrasas
exploring traditional medicine,general_info,1.0,,,traditional medicine
shirodhara principles,general_info,1.0,,,shirodhara
chopchini remedy uses,herb_benefits,1.0,chopchini,,
panchamahabhutas viewpoint,general_info,1.0,,,panchamahabhutas
bacopa therapeutic benefits,herb_benefits,1.0,bacopa,,
how to use sukumara kashayam,herb_benefits,1.0,sukumara kashayam,,
healing power of fennel,herb_benefits,1.0,fennel,,
virechana understanding,general_info,1.0,,,virechana
natural cure for hot flashes,disease_prediction,1.0,,hot flashes,
alternative medicine for night sweats,disease_prediction,1.0,,night sweats,
advantages of kumbhika,herb_benefits,1.0,kumbhika,,
dealing with strains,disease_prediction,1.0,,strains,
learn about panchakarma,general_info,1.0,,,panchakarma
managing sprains,disease_prediction,1.0,,sprains,
what does chitrakadi vati do,herb_benefits,1.0,chitrakadi vati,,
preventing mood swings,disease_prediction,1.0,,mood swings,
dealing with strains,disease_prediction,1.0,,strains,
quick relief from vomiting,disease_prediction,1.0,,vomiting,
cure for bloating,disease_prediction,1.0,,bloating,
natural benefits of jatyadi taila,herb_benefits,1.0,jatyadi taila,,
natural cure for motion sickness,disease_prediction,1.0,,motion sickness,
how to treat oily skin,disease_prediction,1.0,,oily skin,
what makes gambhari phala beneficial,herb_benefits,1.0,gambhari phala,,
explain rasa,general_info,1.0,,,rasa
remedy for asthma,disease_prediction,1.0,,asthma,
dhattura beeja for natural treatment,herb_benefits,1.0,dhattura beeja,,
exploring dhatus,general_info,1.0,,,dhatus
what are the benefits of shankha vati,herb_benefits,1.0,shankha vati,,
how can kharbhuja help,herb_benefits,1.0,kharbhuja,,
persistent asthma,disease_prediction,1.0,,asthma,
constant hair loss,disease_prediction,1.0,,hair loss,
how to use bhanga,herb_benefits,1.0,bhanga,,
kanmad bhasma nutritional benefits,herb_benefits,1.0,kanmad bhasma,,
snuhi ksheera for natural healing,herb_benefits,1.0,snuhi ksheera,,
controlling tinnitus,disease_prediction,1.0,,tinnitus,
introduction to pitta,general_info,1.0,,,pitta
meditation methodology,general_info,1.0,,,meditation
what causes heartburn,disease_prediction,1.0,,heartburn,
kembuka healing properties,herb_benefits,1.0,kembuka,,
traditional uses of phala ghrita,herb_benefits,1.0,phala ghrita,,
khadiradi vati medicinal uses,herb_benefits,1.0,khadiradi vati,,
help with ear pain,disease_prediction,1.0,,ear pain,
benefits and uses of nimbadi churna,herb_benefits,1.0,nimbadi churna,,
medicinal effects of tumburu,herb_benefits,1.0,tumburu,,
explain circulation,general_info,1.0,,,circulation
rasa fundamentals,general_info,1.0,,,rasa
basics of gunas,general_info,1.0,,,gunas
what causes diabetes,disease_prediction,1.0,,diabetes,
detoxification principles,general_info,1.0,,,detoxification
what makes neelam pishti beneficial,herb_benefits,1.0,neelam pishti,,
researching virechana,general_info,1.0,,,virechana
dealing with mood swings,disease_prediction,1.0,,mood swings,
healing fatigue,disease_prediction,1.0,,fatigue,
information about saptadhatu,general_info,1.0,,,saptadhatu
what are the principles of srotas,general_info,1.0,,,srotas
ancient applications of ananta mool,herb_benefits,1.0,ananta mool,,
what are the benefits of chakramarda,herb_benefits,1.0,chakramarda,,
dealing with blurred vision,disease_prediction,1.0,,blurred vision,
medicinal applications of somaraji taila,herb_benefits,1.0,somaraji taila,,
therapeutic effects of aloe vera,herb_benefits,1.0,aloe vera,,
prativisha benefits,herb_benefits,1.0,prativisha,,
controlling restless legs,disease_prediction,1.0,,restless legs,
cure for bloating,disease_prediction,1.0,,bloating,
how to use masha,herb_benefits,1.0,masha,,
history of meditation,general_info,1.0,,,meditation
prabhava system,general_info,1.0,,,prabhava
history of circulation,general_info,1.0,,,circulation
recovering from fatigue,disease_prediction,1.0,,fatigue,
preventing sinusitis,disease_prediction,1.0,,sinusitis,
treatment for chronic fatigue,disease_prediction,1.0,,chronic fatigue,
healing oily skin,disease_prediction,1.0,,oily skin,
what is prabhava,general_info,1.0,,,prabhava
philosophy of rasa,general_info,1.0,,,rasa
discovering detoxification,general_info,1.0,,,detoxification
info about nasya,general_info,1.0,,,nasya
advantages of ashoka ghrita,herb_benefits,1.0,ashoka ghrita,,
advantages of mahakalyanaka ghritam,herb_benefits,1.0,mahakalyanaka ghritam,,
abhyanga theory,general_info,1.0,,,abhyanga
marichyadi vati remedy uses,herb_benefits,1.0,marichyadi vati,,
best medicine for acne,disease_prediction,1.0,,acne,
virya philosophy,general_info,1.0,,,virya
krimighna vati nutritional benefits,herb_benefits,1.0,krimighna vati,,
what is karnikara good for,herb_benefits,1.0,karnikara,,
harmony theory,general_info,1.0,,,harmony
intermittent stress,disease_prediction,1.0,,stress,
non-toxic remedy for stomach ache,disease_prediction,1.0,,stomach ache,
srotas methodology,general_info,1.0,,,srotas
panchamahabhutas basics,general_info,1.0,,,panchamahabhutas
recovering from stomach ache,disease_prediction,1.0,,stomach ache,
suranjana for natural treatment,herb_benefits,1.0,suranjana,,
researching yoga,general_info,1.0,,,yoga
best medicine for sleep apnea,disease_prediction,1.0,,sleep apnea,
learn about energy,general_info,1.0,,,energy
basti understanding,general_info,1.0,,,basti
overview of srotas,general_info,1.0,,,srotas
herbal medicine for chronic fatigue,disease_prediction,1.0,,chronic fatigue,
utpala medicinal uses,herb_benefits,1.0,utpala,,
reducing tinnitus,disease_prediction,1.0,,tinnitus,
kusumbha benefits,herb_benefits,1.0,kusumbha,,
uses of vrihi,herb_benefits,1.0,vrihi,,
itching treatment,disease_prediction,1.0,,itching,
non-toxic remedy for wounds,disease_prediction,1.0,,wounds,
balance viewpoint,general_info,1.0,,,balance
examining holistic health,general_info,1.0,,,holistic health
vajra bhasma for natural treatment,herb_benefits,1.0,vajra bhasma,,
severe dandruff,disease_prediction,1.0,,dandruff,
therapeutic applications of vriddhi,herb_benefits,1.0,vriddhi,,
gambhari phala therapeutic benefits,herb_benefits,1.0,gambhari phala,,
exploring pitta,general_info,1.0,,,pitta
severe depression,disease_prediction,1.0,,depression,
bhadra medicinal uses,herb_benefits,1.0,bhadra,,
temperament practice,general_info,1.0,,,temperament
what is body type,general_info,1.0,,,body type
remedy for weakness,disease_prediction,1.0,,weakness,
recurring eczema,disease_prediction,1.0,,eczema,
medicinal value of snuhi ksheera,herb_benefits,1.0,snuhi ksheera,,
understanding meditation,general_info,1.0,,,meditation
back pain symptoms,disease_prediction,1.0,,back pain,
treatment for heartburn,disease_prediction,1.0,,heartburn,
preventing sore throat,disease_prediction,1.0,,sore throat,
virechana wisdom,general_info,1.0,,,virechana
significance of abhyanga,general_info,1.0,,,abhyanga
basics of malas,general_info,1.0,,,malas
tell me about patala,herb_benefits,1.0,patala,,
vasant kusumakar rasa therapeutic benefits,herb_benefits,1.0,vasant kusumakar rasa,,
bhurja for wellness,herb_benefits,1.0,bhurja,,
controlling restless legs,disease_prediction,1.0,,restless legs,
how does tridosha work,general_info,1.0,,,tridosha
lakshadi thailam wellness benefits,herb_benefits,1.0,lakshadi thailam,,
saptaparna in traditional medicine,herb_benefits,1.0,saptaparna,,
benefits and applications of kanmad bhasma,herb_benefits,1.0,kanmad bhasma,,
how can kalyanaka ghrita help,herb_benefits,1.0,kalyanaka ghrita,,
traditional uses of chakragaja,herb_benefits,1.0,chakragaja,,
symptoms of dizziness,disease_prediction,1.0,,dizziness,
how to treat sinusitis,disease_prediction,1.0,,sinusitis,
gambhari for holistic health,herb_benefits,1.0,gambhari,,
alleviating hypertension,disease_prediction,1.0,,hypertension,
tejas perspective,general_info,1.0,,,tejas
I feel depression,disease_prediction,1.0,,depression,
origin of kapha,general_info,1.0,,,kapha
natural treatments for bruising,disease_prediction,1.0,,bruising,
ayurvedic treatment for insomnia,disease_prediction,1.0,,insomnia,
basti understanding,general_info,1.0,,,basti
cuts treatment,disease_prediction,1.0,,cuts,
bhutika healing properties,herb_benefits,1.0,bhutika,,
how does varshabhu help,herb_benefits,1.0,varshabhu,,
trimala theory,general_info,1.0,,,trimala
what's kshirabala thailam good for,herb_benefits,1.0,kshirabala thailam,,
persistent migraine,disease_prediction,1.0,,migraine,
tridosha knowledge,general_info,1.0,,,tridosha
introduction to wellness,general_info,1.0,,,wellness
significance of tejas,general_info,1.0,,,tejas
significance of detoxification,general_info,1.0,,,detoxification
non-toxic remedy for sneezing,disease_prediction,1.0,,sneezing,
natural treatment for oily skin,disease_prediction,1.0,,oily skin,
health benefits of kanchanara guggulu,herb_benefits,1.0,kanchanara guggulu,,
philosophy of virechana,general_info,1.0,,,virechana
basics of panchakarma,general_info,1.0,,,panchakarma
diagnosis of low energy,disease_prediction,1.0,,low energy,
trivrit healing properties,herb_benefits,1.0,trivrit,,
virechana theory,general_info,1.0,,,virechana
understanding rasa,general_info,1.0,,,rasa
history of balance,general_info,1.0,,,balance
therapeutic effects of satyanashi,herb_benefits,1.0,satyanashi,,
alabu for natural treatment,herb_benefits,1.0,alabu,,
constant hair loss,disease_prediction,1.0,,hair loss,
medicinal applications of kutaj,herb_benefits,1.0,kutaj,,
natural cure for hot flashes,disease_prediction,1.0,,hot flashes,
recurring heartburn,disease_prediction,1.0,,heartburn,
alternative medicine perspective,general_info,1.0,,,alternative medicine
kasis bhasma for wellness,herb_benefits,1.0,kasis bhasma,,
natural treatment for wounds,disease_prediction,1.0,,wounds,
help with snoring,disease_prediction,1.0,,snoring,
why is vyaghri haritaki healthy,herb_benefits,1.0,vyaghri haritaki,,
karvellaka for health improvement,herb_benefits,1.0,karvellaka,,
benefits and applications of vriddhi,herb_benefits,1.0,vriddhi,,
examining immunity,general_info,1.0,,,immunity
science behind herbal medicine,general_info,1.0,,,herbal medicine
history of saptadhatu,general_info,1.0,,,saptadhatu
amra haridra for health improvement,herb_benefits,1.0,amra haridra,,
natural healing approach,general_info,1.0,,,natural healing
kottamchukkadi thailam natural medicine,herb_benefits,1.0,kottamchukkadi thailam,,
intermittent wounds,disease_prediction,1.0,,wounds,
recurring cramps,disease_prediction,1.0,,cramps,
health benefits of ashwattha,herb_benefits,1.0,ashwattha,,
gandharvahastadi kashayam medicinal uses,herb_benefits,1.0,gandharvahastadi kashayam,,
natural benefits of udumbara,herb_benefits,1.0,udumbara,,
why use varahikanda,herb_benefits,1.0,varahikanda,,
ayurvedic treatment for memory problems,disease_prediction,1.0,,memory problems,
relief from snoring,disease_prediction,1.0,,snoring,
how to use bhanga,herb_benefits,1.0,bhanga,,
abdominal pain symptoms,disease_prediction,1.0,,abdominal pain,
lakshadi thailam wellness benefits,herb_benefits,1.0,lakshadi thailam,,
what is shigru good for,herb_benefits,1.0,shigru,,
best medicine for ear pain,disease_prediction,1.0,,ear pain,
renuka medicinal uses,herb_benefits,1.0,renuka,,
examining prabhava,general_info,1.0,,,prabhava
significance of ojas,general_info,1.0,,,ojas
understand srotas,general_info,1.0,,,srotas
discovering prana,general_info,1.0,,,prana
constant memory problems,disease_prediction,1.0,,memory problems,
ayurvedic benefits of shalparni,herb_benefits,1.0,shalparni,,
health properties of satavari ghrita,herb_benefits,1.0,satavari ghrita,,
gorakhmundi natural medicine,herb_benefits,1.0,gorakhmundi,,
role of alternative medicine,general_info,1.0,,,alternative medicine
traditional cure for cramps,disease_prediction,1.0,,cramps,
how does panchakarma work,general_info,1.0,,,panchakarma
mahishi dugdha for natural healing,herb_benefits,1.0,mahishi dugdha,,
dosha principles,general_info,1.0,,,dosha
health properties of icchabhedi rasa,herb_benefits,1.0,icchabhedi rasa,,
karanja health effects,herb_benefits,1.0,karanja,,
jatyadi ghrita health effects,herb_benefits,1.0,jatyadi ghrita,,
what are the principles of prabhava,general_info,1.0,,,prabhava
what makes fenugreek beneficial,herb_benefits,1.0,fenugreek,,
importance of nasya,general_info,1.0,,,nasya
persistent cuts,disease_prediction,1.0,,cuts,
severe gastritis,disease_prediction,1.0,,gastritis,
information about dhatus,general_info,1.0,,,dhatus
controlling sinusitis,disease_prediction,1.0,,sinusitis,
information about suranjana,herb_benefits,1.0,suranjana,,
intermittent low energy,disease_prediction,1.0,,low energy,
fundamentals of balance,general_info,1.0,,,balance
uses of chakragaja,herb_benefits,1.0,chakragaja,,
permanent cure for bruising,disease_prediction,1.0,,bruising,
introduction to temperament,general_info,1.0,,,temperament
utingana health effects,herb_benefits,1.0,utingana,,
intermittent skin rash,disease_prediction,1.0,,skin rash,
permanent cure for hot flashes,disease_prediction,1.0,,hot flashes,
importance of mind-body connection,general_info,1.0,,,mind-body connection
introduction to body type,general_info,1.0,,,body type
mild abdominal pain,disease_prediction,1.0,,abdominal pain,
managing abdominal pain,disease_prediction,1.0,,abdominal pain,
safe treatment for joint pain,disease_prediction,1.0,,joint pain,
intermittent fatigue,disease_prediction,1.0,,fatigue,
importance of basti,general_info,1.0,,,basti
overview of harmony,general_info,1.0,,,harmony
how to treat menstrual cramps,disease_prediction,1.0,,menstrual cramps,
safe treatments for morning sickness,disease_prediction,1.0,,morning sickness,
why use shalparni,herb_benefits,1.0,shalparni,,
mild dandruff,disease_prediction,1.0,,dandruff,
tell me about himsra,herb_benefits,1.0,himsra,,
symptoms of brain fog,disease_prediction,1.0,,brain fog,
principles of body type,general_info,1.0,,,body type
relief from diabetes,disease_prediction,1.0,,diabetes,
managing sprains,disease_prediction,1.0,,sprains,
srotas understanding,general_info,1.0,,,srotas
what makes kukkutanda twak bhasma beneficial,herb_benefits,1.0,kukkutanda twak bhasma,,
arjunarishta remedy uses,herb_benefits,1.0,arjunarishta,,
fundamentals of meditation,general_info,1.0,,,meditation
treatment for strains,disease_prediction,1.0,,strains,
what can ishwari treat,herb_benefits,1.0,ishwari,,
nutrition theory,general_info,1.0,,,nutrition
persistent cuts,disease_prediction,1.0,,cuts,
ayurvedic advantages of utpala,herb_benefits,1.0,utpala,,
cure for asthma,disease_prediction,1.0,,asthma,
herbal properties of tila,herb_benefits,1.0,tila,,
preventing bloating,disease_prediction,1.0,,bloating,
why use putranjivaka,herb_benefits,1.0,putranjivaka,,
effective treatment for chronic fatigue,disease_prediction,1.0,,chronic fatigue,
healing low energy,disease_prediction,1.0,,low energy,
prabhava tradition,general_info,1.0,,,prabhava
guide to dhatus,general_info,1.0,,,dhatus
what is haridra good for,herb_benefits,1.0,haridra,,
kushtha nutritional benefits,herb_benefits,1.0,kushtha,,
treatment for strains,disease_prediction,1.0,,strains,
learning gunas,general_info,1.0,,,gunas
guide to pranayama,general_info,1.0,,,pranayama
importance of preventive medicine,general_info,1.0,,,preventive medicine
what makes neelam pishti beneficial,herb_benefits,1.0,neelam pishti,,
mild constipation,disease_prediction,1.0,,constipation,
quick relief from dry eyes,disease_prediction,1.0,,dry eyes,
traditional uses of babbula,herb_benefits,1.0,babbula,,
what're the benefits of draksharishta,herb_benefits,1.0,draksharishta,,
ayurvedic benefits of ghrita,herb_benefits,1.0,ghrita,,
remedy for fever,disease_prediction,1.0,,fever,
basics of traditional medicine,general_info,1.0,,,traditional medicine
kapikachhu for health improvement,herb_benefits,1.0,kapikachhu,,
digestion art,general_info,1.0,,,digestion
controlling motion sickness,disease_prediction,1.0,,motion sickness,
controlling heartburn,disease_prediction,1.0,,heartburn,
guide to prakriti,general_info,1.0,,,prakriti
tell me about tridosha,general_info,1.0,,,tridosha
what causes wounds,disease_prediction,1.0,,wounds,
recovering from stomach ache,disease_prediction,1.0,,stomach ache,
what are the benefits of chakramarda,herb_benefits,1.0,chakramarda,,
introduction to metabolism,general_info,1.0,,,metabolism
natural healing basics,general_info,1.0,,,natural healing
sarshapa taila healing properties,herb_benefits,1.0,sarshapa taila,,
ancient uses of shilajit,herb_benefits,1.0,shilajit,,
benefits of masha,herb_benefits,1.0,masha,,
constant hair loss,disease_prediction,1.0,,hair loss,
why use shunthi,herb_benefits,1.0,shunthi,,
ushira nutritional benefits,herb_benefits,1.0,ushira,,
why is vyaghri haritaki healthy,herb_benefits,1.0,vyaghri haritaki,,
recovering from sprains,disease_prediction,1.0,,sprains,
learning shirodhara,general_info,1.0,,,shirodhara
effective treatment for runny nose,disease_prediction,1.0,,runny nose,
recurring cramps,disease_prediction,1.0,,cramps,
recurring cramps,disease_prediction,1.0,,cramps,
help with stomach ache,disease_prediction,1.0,,stomach ache,
jalapippali for natural treatment,herb_benefits,1.0,jalapippali,,
sprains cure,disease_prediction,1.0,,sprains,
natural treatments for bloating,disease_prediction,1.0,,bloating,
relief from tingling,disease_prediction,1.0,,tingling,
what is vrikshamla phala good for,herb_benefits,1.0,vrikshamla phala,,
gunas viewpoint,general_info,1.0,,,gunas
balance perspective,general_info,1.0,,,balance
panchakarma knowledge,general_info,1.0,,,panchakarma
safe treatment for skin rash,disease_prediction,1.0,,skin rash,
herbal medicine basics,general_info,1.0,,,herbal medicine
detoxification fundamentals,general_info,1.0,,,detoxification
health properties of paribhadra,herb_benefits,1.0,paribhadra,,
philosophy of alternative medicine,general_info,1.0,,,alternative medicine
ojas principles,general_info,1.0,,,ojas
overcoming headache,disease_prediction,1.0,,headache,
non-toxic remedy for wounds,disease_prediction,1.0,,wounds,
I'm experiencing sneezing,disease_prediction,1.0,,sneezing,
ancient uses of shilajit,herb_benefits,1.0,shilajit,,
wellness tradition,general_info,1.0,,,wellness
healing power of tankana bhasma,herb_benefits,1.0,tankana bhasma,,
health properties of satavari ghrita,herb_benefits,1.0,satavari ghrita,,
preventing eye strain,disease_prediction,1.0,,eye strain,
natural treatment for oily skin,disease_prediction,1.0,,oily skin,
preventing sore throat,disease_prediction,1.0,,sore throat,
medicinal value of phala kalyana ghrita,herb_benefits,1.0,phala kalyana ghrita,,
bhringraj natural medicine,herb_benefits,1.0,bhringraj,,
virechana theory,general_info,1.0,,,virechana
lakshadi thailam wellness benefits,herb_benefits,1.0,lakshadi thailam,,
managing inflammation,disease_prediction,1.0,,inflammation,
ghrita for health,herb_benefits,1.0,ghrita,,
energy system,general_info,1.0,,,energy
ardraka svarasa for natural treatment,herb_benefits,1.0,ardraka svarasa,,
information about shankha bhasma,herb_benefits,1.0,shankha bhasma,,
allergies treatment,disease_prediction,1.0,,allergies,
natural benefits of sarshapa taila,herb_benefits,1.0,sarshapa taila,,
krimi kuthar rasa for health,herb_benefits,1.0,krimi kuthar rasa,,
I feel sinusitis,disease_prediction,1.0,,sinusitis,
advantages of shukti bhasma,herb_benefits,1.0,shukti bhasma,,
benefits of marichyadi vati,herb_benefits,1.0,marichyadi vati,,
examining harmony,general_info,1.0,,,harmony
health advantages of ashwattha,herb_benefits,1.0,ashwattha,,
history of virya,general_info,1.0,,,virya
how to use masha,herb_benefits,1.0,masha,,
why is takra healthy,herb_benefits,1.0,takra,,
traditional uses of phala ghrita,herb_benefits,1.0,phala ghrita,,
balance concepts,general_info,1.0,,,balance
severe eczema,disease_prediction,1.0,,eczema,
chronic stomach ache,disease_prediction,1.0,,stomach ache,
significance of body type,general_info,1.0,,,body type
prana philosophy,general_info,1.0,,,prana
overview of malas,general_info,1.0,,,malas
learning pranayama,general_info,1.0,,,pranayama
significance of tejas,general_info,1.0,,,tejas
role of vikriti,general_info,1.0,,,vikriti
healing power of guduchi,herb_benefits,1.0,guduchi,,
importance of preventive medicine,general_info,1.0,,,preventive medicine
how to treat muscle pain,disease_prediction,1.0,,muscle pain,
advantages of jivaka,herb_benefits,1.0,jivaka,,
holistic treatment for hypertension,disease_prediction,1.0,,hypertension,
learning gunas,general_info,1.0,,,gunas
sarpaksi nutritional benefits,herb_benefits,1.0,sarpaksi,,
philosophy of herbal medicine,general_info,1.0,,,herbal medicine
controlling snoring,disease_prediction,1.0,,snoring,
learning tridosha,general_info,1.0,,,tridosha
traditional uses of nimba beeja,herb_benefits,1.0,nimba beeja,,
constant menstrual cramps,disease_prediction,1.0,,menstrual cramps,
what is agni,general_info,1.0,,,agni
home remedy for joint pain,disease_prediction,1.0,,joint pain,
benefits of pitta,general_info,1.0,,,pitta
reducing burns,disease_prediction,1.0,,burns,
tejapatra remedy uses,herb_benefits,1.0,tejapatra,,
therapeutic value of aragvadhadi kwath,herb_benefits,1.0,aragvadhadi kwath,,
healing constipation,disease_prediction,1.0,,constipation,
history of shadrasas,general_info,1.0,,,shadrasas
dosha understanding,general_info,1.0,,,dosha
pranayama system,general_info,1.0,,,pranayama
tell me about saptadhatu,general_info,1.0,,,saptadhatu
exploring vata,general_info,1.0,,,vata
I feel hot flashes,disease_prediction,1.0,,hot flashes,
mild hearing problems,disease_prediction,1.0,,hearing problems,
herbal medicine methodology,general_info,1.0,,,herbal medicine
yoga viewpoint,general_info,1.0,,,yoga
dhatus approach,general_info,1.0,,,dhatus
tell me about dosha,general_info,1.0,,,dosha
how to use musta,herb_benefits,1.0,musta,,
simhanada guggulu in herbal medicine,herb_benefits,1.0,simhanada guggulu,,
chronic gastritis,disease_prediction,1.0,,gastritis,
investigating panchakarma,general_info,1.0,,,panchakarma
science behind detoxification,general_info,1.0,,,detoxification
cure for sinusitis,disease_prediction,1.0,,sinusitis,
health benefits of arka pushpa,herb_benefits,1.0,arka pushpa,,
what is vasant kusumakar rasa good for,herb_benefits,1.0,vasant kusumakar rasa,,
advantages of gojihvadi kwath,herb_benefits,1.0,gojihvadi kwath,,
grinjana healing properties,herb_benefits,1.0,grinjana,,
mild menstrual cramps,disease_prediction,1.0,,menstrual cramps,
persistent tingling,disease_prediction,1.0,,tingling,
body type perspective,general_info,1.0,,,body type
virechana understanding,general_info,1.0,,,virechana
medicinal effects of masi,herb_benefits,1.0,masi,,
aja dugdha in herbal medicine,herb_benefits,1.0,aja dugdha,,
diagnosis of tinnitus,disease_prediction,1.0,,tinnitus,
treatment for chest pain,disease_prediction,1.0,,chest pain,
dhatus knowledge,general_info,1.0,,,dhatus
panchakarma concepts,general_info,1.0,,,panchakarma
gunas principles,general_info,1.0,,,gunas
fundamentals of immunity,general_info,1.0,,,immunity
cures for muscle pain,disease_prediction,1.0,,muscle pain,
I'm experiencing acne,disease_prediction,1.0,,acne,
safe treatment for weakness,disease_prediction,1.0,,weakness,
abhyanga principles,general_info,1.0,,,abhyanga
swelling cure,disease_prediction,1.0,,swelling,
learn about rasa,general_info,1.0,,,rasa
I'm experiencing fatigue,disease_prediction,1.0,,fatigue,
discovering herbal medicine,general_info,1.0,,,herbal medicine
agni viewpoint,general_info,1.0,,,agni
what causes hair loss,disease_prediction,1.0,,hair loss,
herbal medicine for dizziness,disease_prediction,1.0,,dizziness,
amra in traditional medicine,herb_benefits,1.0,amra,,
kasis bhasma for wellness,herb_benefits,1.0,kasis bhasma,,
nutrition art,general_info,1.0,,,nutrition
fundamentals of metabolism,general_info,1.0,,,metabolism
what causes cuts,disease_prediction,1.0,,cuts,
how to use sukumara kashayam,herb_benefits,1.0,sukumara kashayam,,
mild abdominal pain,disease_prediction,1.0,,abdominal pain,
sarshapa taila healing properties,herb_benefits,1.0,sarshapa taila,,
herbal properties of ajamodadi churna,herb_benefits,1.0,ajamodadi churna,,
help with hearing problems,disease_prediction,1.0,,hearing problems,
non-toxic remedy for dandruff,disease_prediction,1.0,,dandruff,
narikela lavana in herbal medicine,herb_benefits,1.0,narikela lavana,,
philosophy of herbal medicine,general_info,1.0,,,herbal medicine
how to use lodhradi churna,herb_benefits,1.0,lodhradi churna,,
chandrashura benefits,herb_benefits,1.0,chandrashura,,
vetasa benefits,herb_benefits,1.0,vetasa,,
parpataka natural medicine,herb_benefits,1.0,parpataka,,
ginger therapeutic benefits,herb_benefits,1.0,ginger,,
exploring basti,general_info,1.0,,,basti
gangeruki for health improvement,herb_benefits,1.0,gangeruki,,
examining dhatus,general_info,1.0,,,dhatus
skin rash symptoms,disease_prediction,1.0,,skin rash,
guloochyadi kashayam healing properties,herb_benefits,1.0,guloochyadi kashayam,,
information about srotas,general_info,1.0,,,srotas
tell me about pravala pishti,herb_benefits,1.0,pravala pishti,,
panchakarma basics,general_info,1.0,,,panchakarma
examining panchamahabhutas,general_info,1.0,,,panchamahabhutas
irregular periods treatment,disease_prediction,1.0,,irregular periods,
malas approach,general_info,1.0,,,malas
tridosha concepts,general_info,1.0,,,tridosha
information about mashaparni,herb_benefits,1.0,mashaparni,,
alternative medicine for night sweats,disease_prediction,1.0,,night sweats,
recurring constipation,disease_prediction,1.0,,constipation,
overview of shadrasas,general_info,1.0,,,shadrasas
danti uses,herb_benefits,1.0,danti,,
information about kachnar,herb_benefits,1.0,kachnar,,
medicine for stress,disease_prediction,1.0,,stress,
diagnosis of chest pain,disease_prediction,1.0,,chest pain,
burning sensation cure,disease_prediction,1.0,,burning sensation,
want to know about body type,general_info,1.0,,,body type
chronic eye strain,disease_prediction,1.0,,eye strain,
vetasa for natural healing,herb_benefits,1.0,vetasa,,
reducing sleep disorders,disease_prediction,1.0,,sleep disorders,
ushira for wellness,herb_benefits,1.0,ushira,,
panchamahabhutas tradition,general_info,1.0,,,panchamahabhutas
immunity art,general_info,1.0,,,immunity
what can rudraksha treat,herb_benefits,1.0,rudraksha,,
medicinal properties of kalamba,herb_benefits,1.0,kalamba,,
relief from cold,disease_prediction,1.0,,cold,
chirabilva therapeutic benefits,herb_benefits,1.0,chirabilva,,
history of tejas,general_info,1.0,,,tejas
nutrition concepts,general_info,1.0,,,nutrition
overcoming mood swings,disease_prediction,1.0,,mood swings,
I feel oily skin,disease_prediction,1.0,,oily skin,
what makes gotu kola beneficial,herb_benefits,1.0,gotu kola,,
healing hearing problems,disease_prediction,1.0,,hearing problems,
dhatus approach,general_info,1.0,,,dhatus
examining holistic health,general_info,1.0,,,holistic health
what is body type,general_info,1.0,,,body type
traditional cure for snoring,disease_prediction,1.0,,snoring,
karpasasthyadi thailam benefits,herb_benefits,1.0,karpasasthyadi thailam,,
exploring vikriti,general_info,1.0,,,vikriti
managing gastritis,disease_prediction,1.0,,gastritis,
I'm suffering from oily skin,disease_prediction,1.0,,oily skin,
karkatashringi benefits,herb_benefits,1.0,karkatashringi,,
kalamba in herbal medicine,herb_benefits,1.0,kalamba,,
what does amrita ghrita do,herb_benefits,1.0,amrita ghrita,,
karanja healing properties,herb_benefits,1.0,karanja,,
I have chronic fatigue,disease_prediction,1.0,,chronic fatigue,
tell me about withania,herb_benefits,1.0,withania,,
understand panchakarma,general_info,1.0,,,panchakarma
information about kachnar,herb_benefits,1.0,kachnar,,
explain meditation,general_info,1.0,,,meditation
having snoring,disease_prediction,1.0,,snoring,
what makes krimighna vati beneficial,herb_benefits,1.0,krimighna vati,,
what causes wounds,disease_prediction,1.0,,wounds,
therapeutic value of sala,herb_benefits,1.0,sala,,
suranjana for natural treatment,herb_benefits,1.0,suranjana,,
saptadhatu understanding,general_info,1.0,,,saptadhatu
learning abhyanga,general_info,1.0,,,abhyanga
tamalpatra therapeutic benefits,herb_benefits,1.0,tamalpatra,,
medicinal value of shvet musli,herb_benefits,1.0,shvet musli,,
preventing low energy,disease_prediction,1.0,,low energy,
define malas,general_info,1.0,,,malas
natural treatment for muscle pain,disease_prediction,1.0,,muscle pain,
benefits and uses of talisa,herb_benefits,1.0,talisa,,
how to use kusha,herb_benefits,1.0,kusha,,
learn about rasa,general_info,1.0,,,rasa
learn about preventive medicine,general_info,1.0,,,preventive medicine
vata understanding,general_info,1.0,,,vata
rasa perspective,general_info,1.0,,,rasa
learn about pranayama,general_info,1.0,,,pranayama
ayurveda understanding,general_info,1.0,,,ayurveda
controlling memory problems,disease_prediction,1.0,,memory problems,
therapeutic value of kataka,herb_benefits,1.0,kataka,,
studying wellness,general_info,1.0,,,wellness
I feel blurred vision,disease_prediction,1.0,,blurred vision,
remedy for wounds,disease_prediction,1.0,,wounds,
therapeutic applications of vriddhi,herb_benefits,1.0,vriddhi,,
holy basil therapeutic benefits,herb_benefits,1.0,holy basil,,
alternative medicine perspective,general_info,1.0,,,alternative medicine
ayurvedic treatment for snoring,disease_prediction,1.0,,snoring,
examining prabhava,general_info,1.0,,,prabhava
non-toxic remedy for hypertension,disease_prediction,1.0,,hypertension,
benefits and uses of eranda taila,herb_benefits,1.0,eranda taila,,
detoxification fundamentals,general_info,1.0,,,detoxification
discovering prana,general_info,1.0,,,prana
persistent inflammation,disease_prediction,1.0,,inflammation,
managing bruising,disease_prediction,1.0,,bruising,
healing constipation,disease_prediction,1.0,,constipation,
tell me about pradarantak lauh,herb_benefits,1.0,pradarantak lauh,,
natural cure for morning sickness,disease_prediction,1.0,,morning sickness,
examining ama,general_info,1.0,,,ama
preventive medicine methodology,general_info,1.0,,,preventive medicine
pattanga health effects,herb_benefits,1.0,pattanga,,
exploring virechana,general_info,1.0,,,virechana
information about ardraka,herb_benefits,1.0,ardraka,,
what is twak (cinnamon) good for,herb_benefits,1.0,twak (cinnamon),,
understanding digestion,general_info,1.0,,,digestion
indrayava for natural healing,herb_benefits,1.0,indrayava,,
masha properties,herb_benefits,1.0,masha,,
metabolism art,general_info,1.0,,,metabolism
what makes madhukarkati beneficial,herb_benefits,1.0,madhukarkati,,
investigating ama,general_info,1.0,,,ama
advantages of dhataki,herb_benefits,1.0,dhataki,,
how does kharbhuja help,herb_benefits,1.0,kharbhuja,,
guide to dosha,general_info,1.0,,,dosha
what causes wounds,disease_prediction,1.0,,wounds,
medicinal applications of kovidara,herb_benefits,1.0,kovidara,,
vrihi for natural healing,herb_benefits,1.0,vrihi,,
sleep apnea symptoms,disease_prediction,1.0,,sleep apnea,
discovering virya,general_info,1.0,,,virya
metabolism wisdom,general_info,1.0,,,metabolism
sudden numbness,disease_prediction,1.0,,numbness,
intermittent spasms,disease_prediction,1.0,,spasms,
karpasa moola nutritional benefits,herb_benefits,1.0,karpasa moola,,
therapeutic effects of changeri,herb_benefits,1.0,changeri,,
philosophy of cleansing,general_info,1.0,,,cleansing
benefits and uses of rajapravartini vati,herb_benefits,1.0,rajapravartini vati,,
gunas viewpoint,general_info,1.0,,,gunas
cough cure,disease_prediction,1.0,,cough,
health benefits of dadimashtaka churna,herb_benefits,1.0,dadimashtaka churna,,
chitrakaharitaki healing properties,herb_benefits,1.0,chitrakaharitaki,,
dealing with gas,disease_prediction,1.0,,gas,
history of virya,general_info,1.0,,,virya
basics of dosha,general_info,1.0,,,dosha
I feel headache,disease_prediction,1.0,,headache,
vajra bhasma uses,herb_benefits,1.0,vajra bhasma,,
advantages of mahakalyanaka ghritam,herb_benefits,1.0,mahakalyanaka ghritam,,
natural benefits of manjistha,herb_benefits,1.0,manjistha,,
tell me about meda,herb_benefits,1.0,meda,,
sudden sleep apnea,disease_prediction,1.0,,sleep apnea,
prishniparni for wellness,herb_benefits,1.0,prishniparni,,
why use javitri,herb_benefits,1.0,javitri,,
role of shadrasas,general_info,1.0,,,shadrasas
help with acne,disease_prediction,1.0,,acne,
help with nausea,disease_prediction,1.0,,nausea,
understand rasa,general_info,1.0,,,rasa
discovering mind-body connection,general_info,1.0,,,mind-body connection
immunity tradition,general_info,1.0,,,immunity
what is srotas,general_info,1.0,,,srotas
what makes fenugreek beneficial,herb_benefits,1.0,fenugreek,,
ksheera for natural treatment,herb_benefits,1.0,ksheera,,
alternative medicine theory,general_info,1.0,,,alternative medicine
how does manikya pishti help,herb_benefits,1.0,manikya pishti,,
shadrasas fundamentals,general_info,1.0,,,shadrasas
origin of trimala,general_info,1.0,,,trimala
what's harmony,general_info,1.0,,,harmony
properties of shvet musli,herb_benefits,1.0,shvet musli,,
permanent cure for indigestion,disease_prediction,1.0,,indigestion,
learning wellness,general_info,1.0,,,wellness
natural cure for memory problems,disease_prediction,1.0,,memory problems,
significance of virechana,general_info,1.0,,,virechana
health properties of satavari ghrita,herb_benefits,1.0,satavari ghrita,,
advantages of rasnairandadi kwath,herb_benefits,1.0,rasnairandadi kwath,,
science behind yoga,general_info,1.0,,,yoga
holistic treatment for stomach ache,disease_prediction,1.0,,stomach ache,
herbal medicine for weakness,disease_prediction,1.0,,weakness,
medicinal properties of prabhakar vati,herb_benefits,1.0,prabhakar vati,,
bibhitaki wellness benefits,herb_benefits,1.0,bibhitaki,,
health properties of manjisthadi kwath,herb_benefits,1.0,manjisthadi kwath,,
virechana explained,general_info,1.0,,,virechana
treatment for motion sickness,disease_prediction,1.0,,motion sickness,
arka ksheera effects,herb_benefits,1.0,arka ksheera,,
health properties of akarakarabha,herb_benefits,1.0,akarakarabha,,
what is harmony,general_info,1.0,,,harmony
exploring basti,general_info,1.0,,,basti
how does ojas work,general_info,1.0,,,ojas
palandu natural medicine,herb_benefits,1.0,palandu,,
benefits of balance,general_info,1.0,,,balance
reducing hearing problems,disease_prediction,1.0,,hearing problems,
principles of preventive medicine,general_info,1.0,,,preventive medicine
cough cure,disease_prediction,1.0,,cough,
exploring ojas,general_info,1.0,,,ojas
brahmi vati for health,herb_benefits,1.0,brahmi vati,,
dosha approach,general_info,1.0,,,dosha
matulunga rasa therapeutic benefits,herb_benefits,1.0,matulunga rasa,,
therapeutic effects of swarnapatri,herb_benefits,1.0,swarnapatri,,
medicinal applications of narikela,herb_benefits,1.0,narikela,,
bibhitaki wellness benefits,herb_benefits,1.0,bibhitaki,,
explain healthy lifestyle,general_info,1.0,,,healthy lifestyle
what is herbal medicine,general_info,1.0,,,herbal medicine
information about prapunnada,herb_benefits,1.0,prapunnada,,
what does kaharuba pishti do,herb_benefits,1.0,kaharuba pishti,,
learn about herbal medicine,general_info,1.0,,,herbal medicine
malas tradition,general_info,1.0,,,malas
immunity tradition,general_info,1.0,,,immunity
what makes meshashringi beneficial,herb_benefits,1.0,meshashringi,,
medicinal value of nirgundi,herb_benefits,1.0,nirgundi,,
discovering trimala,general_info,1.0,,,trimala
understanding basti,general_info,1.0,,,basti
ayurvedic treatment for eczema,disease_prediction,1.0,,eczema,
medicinal properties of prapunnada,herb_benefits,1.0,prapunnada,,
I have snoring,disease_prediction,1.0,,snoring,
origin of holistic health,general_info,1.0,,,holistic health
parpatakarishta in herbal medicine,herb_benefits,1.0,parpatakarishta,,
dosha wisdom,general_info,1.0,,,dosha
natural cure for constipation,disease_prediction,1.0,,constipation,
I feel acne,disease_prediction,1.0,,acne,
introduction to malas,general_info,1.0,,,malas
persistent wounds,disease_prediction,1.0,,wounds,
ancient uses of aparajita,herb_benefits,1.0,aparajita,,
medicinal value of shatavari,herb_benefits,1.0,shatavari,,
investigating pranayama,general_info,1.0,,,pranayama
cure for muscle pain,disease_prediction,1.0,,muscle pain,
health benefits of arka pushpa,herb_benefits,1.0,arka pushpa,,
healing power of shvet musli,herb_benefits,1.0,shvet musli,,
harmony system,general_info,1.0,,,harmony
what is pitta,general_info,1.0,,,pitta
what causes sore throat,disease_prediction,1.0,,sore throat,
mind-body connection explained,general_info,1.0,,,mind-body connection
kankataka for holistic health,herb_benefits,1.0,kankataka,,
treatment for chest pain,disease_prediction,1.0,,chest pain,
safe treatment for joint pain,disease_prediction,1.0,,joint pain,
what is ashoka ghrita good for,herb_benefits,1.0,ashoka ghrita,,
how to treat allergies,disease_prediction,1.0,,allergies,
what are the benefits of durva,herb_benefits,1.0,durva,,
learning ama,general_info,1.0,,,ama
history of tridosha,general_info,1.0,,,tridosha
tingling cure,disease_prediction,1.0,,tingling,
introduction to malas,general_info,1.0,,,malas
home remedy for memory problems,disease_prediction,1.0,,memory problems,
benefits and uses of agnikumarika,herb_benefits,1.0,agnikumarika,,
how to treat sleep disorders,disease_prediction,1.0,,sleep disorders,
preventing vomiting,disease_prediction,1.0,,vomiting,
tridosha theory,general_info,1.0,,,tridosha
persistent memory problems,disease_prediction,1.0,,memory problems,
tell me about aranya jeeraka,herb_benefits,1.0,aranya jeeraka,,
mild chronic fatigue,disease_prediction,1.0,,chronic fatigue,
mahasudarshan churna for health,herb_benefits,1.0,mahasudarshan churna,,
advantages of dhataki,herb_benefits,1.0,dhataki,,
what is ama,general_info,1.0,,,ama
itching treatment,disease_prediction,1.0,,itching,
medicinal properties of kalamba,herb_benefits,1.0,kalamba,,
define cleansing,general_info,1.0,,,cleansing
intermittent strains,disease_prediction,1.0,,strains,
narayana thailam for health improvement,herb_benefits,1.0,narayana thailam,,
philosophy of pranayama,general_info,1.0,,,pranayama
controlling restless legs,disease_prediction,1.0,,restless legs,
medicinal applications of kanchanara guggulu,herb_benefits,1.0,kanchanara guggulu,,
health benefits of kanchanara guggulu,herb_benefits,1.0,kanchanara guggulu,,
permanent cures for stress,disease_prediction,1.0,,stress,
balance fundamentals,general_info,1.0,,,balance
natural cure for memory problems,disease_prediction,1.0,,memory problems,
what is vasant kusumakar rasa good for,herb_benefits,1.0,vasant kusumakar rasa,,
harmony system,general_info,1.0,,,harmony
intermittent numbness,disease_prediction,1.0,,numbness,
healing power of karmaranga,herb_benefits,1.0,karmaranga,,
ayurveda tradition,general_info,1.0,,,ayurveda
non-toxic remedy for abdominal pain,disease_prediction,1.0,,abdominal pain,
mamsarohini for holistic health,herb_benefits,1.0,mamsarohini,,
exploring rasa,general_info,1.0,,,rasa
herbal medicine for dizziness,disease_prediction,1.0,,dizziness,
controlling headache,disease_prediction,1.0,,headache,
understand preventive medicine,general_info,1.0,,,preventive medicine
discovering natural healing,general_info,1.0,,,natural healing
uses of visha tinduka,herb_benefits,1.0,visha tinduka,,
karpooradi thailam for wellness,herb_benefits,1.0,karpooradi thailam,,
medicinal applications of kutaj,herb_benefits,1.0,kutaj,,
philosophy of pranayama,general_info,1.0,,,pranayama
non-toxic remedy for sneezing,disease_prediction,1.0,,sneezing,
cleansing system,general_info,1.0,,,cleansing
controlling concentration issues,disease_prediction,1.0,,concentration issues,
how to treat hot flashes,disease_prediction,1.0,,hot flashes,
what are the benefits of chakramarda,herb_benefits,1.0,chakramarda,,
temperament wisdom,general_info,1.0,,,temperament
diagnosis of vomiting,disease_prediction,1.0,,vomiting,
karmaranga natural medicine,herb_benefits,1.0,karmaranga,,
importance of healthy lifestyle,general_info,1.0,,,healthy lifestyle
medicinal effects of varunadi kashayam,herb_benefits,1.0,varunadi kashayam,,
philosophy of rasa,general_info,1.0,,,rasa
managing spasms,disease_prediction,1.0,,spasms,
understand saptadhatu,general_info,1.0,,,saptadhatu
dealing with fever,disease_prediction,1.0,,fever,
shirodhara fundamentals,general_info,1.0,,,shirodhara
mahatriphala ghrita natural medicine,herb_benefits,1.0,mahatriphala ghrita,,
neelam pishti medicinal uses,herb_benefits,1.0,neelam pishti,,
fundamentals of tejas,general_info,1.0,,,tejas
trimala understanding,general_info,1.0,,,trimala
tell me about manikya pishti,herb_benefits,1.0,manikya pishti,,
herbal properties of ajamodadi churna,herb_benefits,1.0,ajamodadi churna,,
what are the principles of natural healing,general_info,1.0,,,natural healing
what causes wounds,disease_prediction,1.0,,wounds,
madhuka in traditional medicine,herb_benefits,1.0,madhuka,,
constant stress,disease_prediction,1.0,,stress,
explain healthy lifestyle,general_info,1.0,,,healthy lifestyle
what is tumburu good for,herb_benefits,1.0,tumburu,,
researching wellness,general_info,1.0,,,wellness
dealing with nausea,disease_prediction,1.0,,nausea,
treatment for chronic fatigue,disease_prediction,1.0,,chronic fatigue,
severe fatigue,disease_prediction,1.0,,fatigue,
I'm suffering from motion sickness,disease_prediction,1.0,,motion sickness,
pravala pishti remedy uses,herb_benefits,1.0,pravala pishti,,
nutrition concepts,general_info,1.0,,,nutrition
intermittent strains,disease_prediction,1.0,,strains,
ancient uses of kuntalakanti tailam,herb_benefits,1.0,kuntalakanti tailam,,
severe runny nose,disease_prediction,1.0,,runny nose,
reducing oily skin,disease_prediction,1.0,,oily skin,
ojas methodology,general_info,1.0,,,ojas
role of alternative medicine,general_info,1.0,,,alternative medicine
understanding dosha,general_info,1.0,,,dosha
controlling headache,disease_prediction,1.0,,headache,
harmony theory,general_info,1.0,,,harmony
akhuparni health effects,herb_benefits,1.0,akhuparni,,
introduction to agni,general_info,1.0,,,agni
sudden morning sickness,disease_prediction,1.0,,morning sickness,
properties of kusumbha taila,herb_benefits,1.0,kusumbha taila,,
kaishore guggul wellness benefits,herb_benefits,1.0,kaishore guggul,,
permanent cure for hot flashes,disease_prediction,1.0,,hot flashes,
kushmanda khanda properties,herb_benefits,1.0,kushmanda khanda,,
discovering alternative medicine,general_info,1.0,,,alternative medicine
why use panchakola churna,herb_benefits,1.0,panchakola churna,,
quick relief from acne,disease_prediction,1.0,,acne,
digestion tradition,general_info,1.0,,,digestion
mahalakshmi vilas rasa for holistic health,herb_benefits,1.0,mahalakshmi vilas rasa,,
safe treatments for irregular periods,disease_prediction,1.0,,irregular periods,
I'm suffering from numbness,disease_prediction,1.0,,numbness,
andrographis effects,herb_benefits,1.0,andrographis,,
exploring vata,general_info,1.0,,,vata
managing ear pain,disease_prediction,1.0,,ear pain,
karanja taila for holistic health,herb_benefits,1.0,karanja taila,,
importance of kapha,general_info,1.0,,,kapha
basti fundamentals,general_info,1.0,,,basti
masha nutritional benefits,herb_benefits,1.0,masha,,
natural cure for dry skin,disease_prediction,1.0,,dry skin,
runny nose treatment,disease_prediction,1.0,,runny nose,
help with motion sickness,disease_prediction,1.0,,motion sickness,
health benefits of kalajaji,herb_benefits,1.0,kalajaji,,
traditional medicine fundamentals,general_info,1.0,,,traditional medicine
safe treatment for hair loss,disease_prediction,1.0,,hair loss,
significance of preventive medicine,general_info,1.0,,,preventive medicine
chana for wellness,herb_benefits,1.0,chana,,
tell me about prana,general_info,1.0,,,prana
remedy for fever,disease_prediction,1.0,,fever,
how does wellness work,general_info,1.0,,,wellness
persistent fever,disease_prediction,1.0,,fever,
narayana thailam for health improvement,herb_benefits,1.0,narayana thailam,,
healing swelling,disease_prediction,1.0,,swelling,
wellness science,general_info,1.0,,,wellness
pippali moola health effects,herb_benefits,1.0,pippali moola,,
dosha knowledge,general_info,1.0,,,dosha
diagnosis of depression,disease_prediction,1.0,,depression,
medicinal applications of shadbindu taila,herb_benefits,1.0,shadbindu taila,,
introduction to panchamahabhutas,general_info,1.0,,,panchamahabhutas
why is siddha makardhwaj healthy,herb_benefits,1.0,siddha makardhwaj,,
natural treatment for swelling,disease_prediction,1.0,,swelling,
exploring temperament,general_info,1.0,,,temperament
therapeutic effects of rasona patra,herb_benefits,1.0,rasona patra,,
what are the principles of natural healing,general_info,1.0,,,natural healing
preventing constipation,disease_prediction,1.0,,constipation,
therapeutic applications of vriddhi,herb_benefits,1.0,vriddhi,,
philosophy of energy,general_info,1.0,,,energy
sudden burns,disease_prediction,1.0,,burns,
health properties of akarakarabha,herb_benefits,1.0,akarakarabha,,
remedy for gas,disease_prediction,1.0,,gas,
help with low energy,disease_prediction,1.0,,low energy,
therapeutic effects of satyanashi,herb_benefits,1.0,satyanashi,,
detoxification wisdom,general_info,1.0,,,detoxification
detoxification principles,general_info,1.0,,,detoxification
therapeutic value of pushkarmool,herb_benefits,1.0,pushkarmool,,
vikriti tradition,general_info,1.0,,,vikriti
shirodhara principles,general_info,1.0,,,shirodhara
aragwadha wellness benefits,herb_benefits,1.0,aragwadha,,
properties of shuddha guggulu,herb_benefits,1.0,shuddha guggulu,,
information about punarnavadi guggulu,herb_benefits,1.0,punarnavadi guggulu,,
treatment for cold,disease_prediction,1.0,,cold,
investigating wellness,general_info,1.0,,,wellness
sneezing cure,disease_prediction,1.0,,sneezing,
tejas tradition,general_info,1.0,,,tejas
mild back pain,disease_prediction,1.0,,back pain,
relief from cold,disease_prediction,1.0,,cold,
home remedy for constipation,disease_prediction,1.0,,constipation,
fundamentals of vata,general_info,1.0,,,vata
ayurvedic benefits of gulakanda,herb_benefits,1.0,gulakanda,,
medicinal effects of masi,herb_benefits,1.0,masi,,
herbal medicine for muscle pain,disease_prediction,1.0,,muscle pain,
what can ginger treat,herb_benefits,1.0,ginger,,
advantages of anu taila,herb_benefits,1.0,anu taila,,
learn about circulation,general_info,1.0,,,circulation
saptaparna natural medicine,herb_benefits,1.0,saptaparna,,
temperament practice,general_info,1.0,,,temperament
alternative medicine for fatigue,disease_prediction,1.0,,fatigue,
what causes wounds,disease_prediction,1.0,,wounds,
how does varshabhu help,herb_benefits,1.0,varshabhu,,
quick relief from morning sickness,disease_prediction,1.0,,morning sickness,
benefits of prabhava,general_info,1.0,,,prabhava
natural benefits of sarshapa taila,herb_benefits,1.0,sarshapa taila,,
medicinal properties of gulakanda,herb_benefits,1.0,gulakanda,,
health properties of akarakarabha,herb_benefits,1.0,akarakarabha,,
guide to meditation,general_info,1.0,,,meditation
holistic treatment for chronic fatigue,disease_prediction,1.0,,chronic fatigue,
shigru nutritional benefits,herb_benefits,1.0,shigru,,
quick relief from chest pain,disease_prediction,1.0,,chest pain,
medicinal value of murva,herb_benefits,1.0,murva,,
tell me about pravala pishti,herb_benefits,1.0,pravala pishti,,
home remedy for joint pain,disease_prediction,1.0,,joint pain,
what makes nagakesara beneficial,herb_benefits,1.0,nagakesara,,
what causes cramps,disease_prediction,1.0,,cramps,
introduction to vikriti,general_info,1.0,,,vikriti
fundamentals of ayurveda,general_info,1.0,,,ayurveda
prana explained,general_info,1.0,,,prana
what are the principles of srotas,general_info,1.0,,,srotas
ayurvedic treatments for snoring,disease_prediction,1.0,,snoring,
benefits of talisapatra,herb_benefits,1.0,talisapatra,,
irimedadi taila nutritional benefits,herb_benefits,1.0,irimedadi taila,,
chakramarda for health,herb_benefits,1.0,chakramarda,,
healing bronchitis,disease_prediction,1.0,,bronchitis,
controlling swelling,disease_prediction,1.0,,swelling,
basti fundamentals,general_info,1.0,,,basti
philosophy of cleansing,general_info,1.0,,,cleansing
I feel sinusitis,disease_prediction,1.0,,sinusitis,
help with snoring,disease_prediction,1.0,,snoring,
what causes cramps,disease_prediction,1.0,,cramps,
learning circulation,general_info,1.0,,,circulation
health benefits of kalajaji,herb_benefits,1.0,kalajaji,,
vidaryadi kashayam for health,herb_benefits,1.0,vidaryadi kashayam,,
why use shigru,herb_benefits,1.0,shigru,,
kulathadi kwath benefits,herb_benefits,1.0,kulathadi kwath,,
mild menstrual cramps,disease_prediction,1.0,,menstrual cramps,
sleep disorders treatment,disease_prediction,1.0,,sleep disorders,
advantages of alarka,herb_benefits,1.0,alarka,,
mild dandruff,disease_prediction,1.0,,dandruff,
natural treatment for acidity,disease_prediction,1.0,,acidity,
therapeutic applications of kapittha,herb_benefits,1.0,kapittha,,
matulunga rasa therapeutic benefits,herb_benefits,1.0,matulunga rasa,,
ayurvedic treatment for diabetes,disease_prediction,1.0,,diabetes,
abhyanga principles,general_info,1.0,,,abhyanga
explain holistic health,general_info,1.0,,,holistic health
kakamachi in traditional medicine,herb_benefits,1.0,kakamachi,,
understand immunity,general_info,1.0,,,immunity
help with gastritis,disease_prediction,1.0,,gastritis,
alternative medicine perspective,general_info,1.0,,,alternative medicine
holistic treatment for blurred vision,disease_prediction,1.0,,blurred vision,
meditation system,general_info,1.0,,,meditation
health benefits of mahishi dugdha,herb_benefits,1.0,mahishi dugdha,,
I'm suffering from stomach ache,disease_prediction,1.0,,stomach ache,
nasya knowledge,general_info,1.0,,,nasya
I experience bloating,disease_prediction,1.0,,bloating,
philosophy of balance,general_info,1.0,,,balance
safe treatment for indigestion,disease_prediction,1.0,,indigestion,
lata kasturi uses,herb_benefits,1.0,lata kasturi,,
how to use agnikarna,herb_benefits,1.0,agnikarna,,
medicinal properties of prabhakar vati,herb_benefits,1.0,prabhakar vati,,
therapeutic value of kachura,herb_benefits,1.0,kachura,,
treatment for sleep apnea,disease_prediction,1.0,,sleep apnea,
cough cure,disease_prediction,1.0,,cough,
what is tumburu good for,herb_benefits,1.0,tumburu,,
home remedy for allergies,disease_prediction,1.0,,allergies,
history of meditation,general_info,1.0,,,meditation
gunas perspective,general_info,1.0,,,gunas
dealing with blurred vision,disease_prediction,1.0,,blurred vision,
introduction to detoxification,general_info,1.0,,,detoxification
hearing problems symptoms,disease_prediction,1.0,,hearing problems,
eladi vati therapeutic benefits,herb_benefits,1.0,eladi vati,,
how to treat hot flashes,disease_prediction,1.0,,hot flashes,
why use javitri,herb_benefits,1.0,javitri,,
sudden sleep apnea,disease_prediction,1.0,,sleep apnea,
origin of virya,general_info,1.0,,,virya
relief from sprains,disease_prediction,1.0,,sprains,
therapeutic value of shukti bhasma,herb_benefits,1.0,shukti bhasma,,
what can surana treat,herb_benefits,1.0,surana,,
I'm experiencing fatigue,disease_prediction,1.0,,fatigue,
what causes vomiting,disease_prediction,1.0,,vomiting,
ayurvedic treatment for diabetes,disease_prediction,1.0,,diabetes,
natural advantages of bhumyamalaki,herb_benefits,1.0,bhumyamalaki,,
what are the principles of srotas,general_info,1.0,,,srotas
prativisha benefits,herb_benefits,1.0,prativisha,,
rohitaka for health,herb_benefits,1.0,rohitaka,,
virya explained,general_info,1.0,,,virya
alternative medicine for irregular periods,disease_prediction,1.0,,irregular periods,
understand wellness,general_info,1.0,,,wellness
information about shankha bhasma,herb_benefits,1.0,shankha bhasma,,
severe burning sensation,disease_prediction,1.0,,burning sensation,
tala for health improvement,herb_benefits,1.0,tala,,
dealing with fever,disease_prediction,1.0,,fever,
controlling tinnitus,disease_prediction,1.0,,tinnitus,
what does abhraka bhasma do,herb_benefits,1.0,abhraka bhasma,,
malas approach,general_info,1.0,,,malas
symptoms of eye strain,disease_prediction,1.0,,eye strain,
significance of yoga,general_info,1.0,,,yoga
severe runny nose,disease_prediction,1.0,,runny nose,
immunity wisdom,general_info,1.0,,,immunity
philosophy of cleansing,general_info,1.0,,,cleansing
medicine for vomiting,disease_prediction,1.0,,vomiting,
shirodhara art,general_info,1.0,,,shirodhara
medicinal applications of pravala pishti,herb_benefits,1.0,pravala pishti,,
cure for numbness,disease_prediction,1.0,,numbness,
agni philosophy,general_info,1.0,,,agni
benefits of holistic health,general_info,1.0,,,holistic health
discovering temperament,general_info,1.0,,,temperament
best medicine for stomach ache,disease_prediction,1.0,,stomach ache,
medicinal effects of drakshavaleha,herb_benefits,1.0,drakshavaleha,,
information about detoxification,general_info,1.0,,,detoxification
what are the benefits of bhumyamalaki,herb_benefits,1.0,bhumyamalaki,,
tintidika health effects,herb_benefits,1.0,tintidika,,
bhringaraja svarasa in herbal medicine,herb_benefits,1.0,bhringaraja svarasa,,
chronic abdominal pain,disease_prediction,1.0,,abdominal pain,
persistent cramps,disease_prediction,1.0,,cramps,
permanent cure for stomach ache,disease_prediction,1.0,,stomach ache,
medicinal properties of vidanga,herb_benefits,1.0,vidanga,,
constant sore throat,disease_prediction,1.0,,sore throat,
medicinal value of shvet musli,herb_benefits,1.0,shvet musli,,
home remedy for diabetes,disease_prediction,1.0,,diabetes,
benefits of gunas,general_info,1.0,,,gunas
basti understanding,general_info,1.0,,,basti
body type fundamentals,general_info,1.0,,,body type
what is ayurveda,general_info,1.0,,,ayurveda
traditional cure for hot flashes,disease_prediction,1.0,,hot flashes,
role of abhyanga,general_info,1.0,,,abhyanga
traditional uses of chakragaja,herb_benefits,1.0,chakragaja,,
what makes kukkutanda twak bhasma beneficial,herb_benefits,1.0,kukkutanda twak bhasma,,
hijal remedy uses,herb_benefits,1.0,hijal,,
traditional uses of nimba beeja,herb_benefits,1.0,nimba beeja,,
what makes gorochana beneficial,herb_benefits,1.0,gorochana,,
therapeutic value of marichyadi vati,herb_benefits,1.0,marichyadi vati,,
origin of srotas,general_info,1.0,,,srotas
non-toxic remedy for stomach ache,disease_prediction,1.0,,stomach ache,
studying abhyanga,general_info,1.0,,,abhyanga
health advantages of kadali pushpa,herb_benefits,1.0,kadali pushpa,,
safe treatment for abdominal pain,disease_prediction,1.0,,abdominal pain,
rasamanikya medicinal uses,herb_benefits,1.0,rasamanikya,,
I'm suffering from dry skin,disease_prediction,1.0,,dry skin,
vomiting treatment,disease_prediction,1.0,,vomiting,
why is vyaghri haritaki healthy,herb_benefits,1.0,vyaghri haritaki,,
panchamahabhutas principles,general_info,1.0,,,panchamahabhutas
what are the principles of immunity,general_info,1.0,,,immunity
benefits of ayurveda,general_info,1.0,,,ayurveda
discovering alternative medicine,general_info,1.0,,,alternative medicine
importance of wellness,general_info,1.0,,,wellness
cure for nausea,disease_prediction,1.0,,nausea,
severe vertigo,disease_prediction,1.0,,vertigo,
properties of karvellaka,herb_benefits,1.0,karvellaka,,
effective treatment for runny nose,disease_prediction,1.0,,runny nose,
what are the principles of dosha,general_info,1.0,,,dosha
healing power of krimighna vati,herb_benefits,1.0,krimighna vati,,
tell me about madhukarkati,herb_benefits,1.0,madhukarkati,,
best medicine for tingling,disease_prediction,1.0,,tingling,
energy knowledge,general_info,1.0,,,energy
eranda properties,herb_benefits,1.0,eranda,,
karanja health effects,herb_benefits,1.0,karanja,,
information about chavika,herb_benefits,1.0,chavika,,
mild strains,disease_prediction,1.0,,strains,
properties of sudarshan churna,herb_benefits,1.0,sudarshan churna,,
herbal medicine concepts,general_info,1.0,,,herbal medicine
basics of metabolism,general_info,1.0,,,metabolism
holistic treatment for allergies,disease_prediction,1.0,,allergies,
gojihva effects,herb_benefits,1.0,gojihva,,
traditional cure for hot flashes,disease_prediction,1.0,,hot flashes,
examining vata,general_info,1.0,,,vata
preventing burns,disease_prediction,1.0,,burns,
herbal properties of tila taila,herb_benefits,1.0,tila taila,,
principles of yoga,general_info,1.0,,,yoga
having sinusitis,disease_prediction,1.0,,sinusitis,
advantages of murivenna,herb_benefits,1.0,murivenna,,
kulathadi kwath benefits,herb_benefits,1.0,kulathadi kwath,,
healing weakness,disease_prediction,1.0,,weakness,
sudarshan churna uses,herb_benefits,1.0,sudarshan churna,,
shirodhara approach,general_info,1.0,,,shirodhara
alternative medicine for heartburn,disease_prediction,1.0,,heartburn,
recurring eczema,disease_prediction,1.0,,eczema,
saindhava lavana for health improvement,herb_benefits,1.0,saindhava lavana,,
guide to shadrasas,general_info,1.0,,,shadrasas
introduction to prakriti,general_info,1.0,,,prakriti
rasa science,general_info,1.0,,,rasa
balance philosophy,general_info,1.0,,,balance
burning sensation cure,disease_prediction,1.0,,burning sensation,
cure for inflammation,disease_prediction,1.0,,inflammation,
philosophy of balance,general_info,1.0,,,balance
non-toxic remedy for arthritis,disease_prediction,1.0,,arthritis,
how to treat night sweats,disease_prediction,1.0,,night sweats,
healing fatigue,disease_prediction,1.0,,fatigue,
natural treatments for vomiting,disease_prediction,1.0,,vomiting,
basti explained,general_info,1.0,,,basti
introduction to metabolism,general_info,1.0,,,metabolism
non-toxic remedy for hypertension,disease_prediction,1.0,,hypertension,
holistic treatment for anxiety,disease_prediction,1.0,,anxiety,
mamsarohini for holistic health,herb_benefits,1.0,mamsarohini,,
metabolism art,general_info,1.0,,,metabolism
chronic acidity,disease_prediction,1.0,,acidity,
permanent cure for sleep disorders,disease_prediction,1.0,,sleep disorders,
amritarishta for health,herb_benefits,1.0,amritarishta,,
healing spasms,disease_prediction,1.0,,spasms,
introduction to virechana,general_info,1.0,,,virechana
what does himsra do,herb_benefits,1.0,himsra,,
medicinal effects of sala,herb_benefits,1.0,sala,,
therapeutic effects of parpataka,herb_benefits,1.0,parpataka,,
home remedy for hair loss,disease_prediction,1.0,,hair loss,
how does vikriti work,general_info,1.0,,,vikriti
reducing abdominal pain,disease_prediction,1.0,,abdominal pain,
what causes wounds,disease_prediction,1.0,,wounds,
alleviating irregular periods,disease_prediction,1.0,,irregular periods,
health advantages of kalajaji,herb_benefits,1.0,kalajaji,,
researching holistic health,general_info,1.0,,,holistic health
hearing problems symptoms,disease_prediction,1.0,,hearing problems,
overview of tridosha,general_info,1.0,,,tridosha
philosophy of tridosha,general_info,1.0,,,tridosha
permanent cure for sleep disorders,disease_prediction,1.0,,sleep disorders,
yoga understanding,general_info,1.0,,,yoga
health benefits of asanadi kwath,herb_benefits,1.0,asanadi kwath,,
health benefits of asanadi kwath,herb_benefits,1.0,asanadi kwath,,
what is saptadhatu,general_info,1.0,,,saptadhatu
sarja natural medicine,herb_benefits,1.0,sarja,,
healthy lifestyle understanding,general_info,1.0,,,healthy lifestyle
kantakari benefits,herb_benefits,1.0,kantakari,,
what does kaharuba pishti do,herb_benefits,1.0,kaharuba pishti,,
researching holistic health,general_info,1.0,,,holistic health
investigating holistic health,general_info,1.0,,,holistic health
traditional cure for snoring,disease_prediction,1.0,,snoring,
therapeutic applications of eranda,herb_benefits,1.0,eranda,,
dosha explained,general_info,1.0,,,dosha
principles of trimala,general_info,1.0,,,trimala
significance of ojas,general_info,1.0,,,ojas
vetasa for natural healing,herb_benefits,1.0,vetasa,,
overcoming sleep apnea,disease_prediction,1.0,,sleep apnea,
dhatus knowledge,general_info,1.0,,,dhatus
learning nutrition,general_info,1.0,,,nutrition
detoxification principles,general_info,1.0,,,detoxification
benefits and applications of aparajita,herb_benefits,1.0,aparajita,,
learning balance,general_info,1.0,,,balance
effective treatment for runny nose,disease_prediction,1.0,,runny nose,
principles of panchamahabhutas,general_info,1.0,,,panchamahabhutas
holistic treatment for stomach ache,disease_prediction,1.0,,stomach ache,
panchamahabhutas philosophy,general_info,1.0,,,panchamahabhutas
fundamentals of detoxification,general_info,1.0,,,detoxification
benefits of marichyadi vati,herb_benefits,1.0,marichyadi vati,,
examining malas,general_info,1.0,,,malas
benefits of saptadhatu,general_info,1.0,,,saptadhatu
what are the principles of cleansing,general_info,1.0,,,cleansing
health benefits of haritaki,herb_benefits,1.0,haritaki,,
introduction to abhyanga,general_info,1.0,,,abhyanga
eczema treatment,disease_prediction,1.0,,eczema,
permanent cure for concentration issues,disease_prediction,1.0,,concentration issues,
diagnosis of joint pain,disease_prediction,1.0,,joint pain,
therapeutic value of vidari,herb_benefits,1.0,vidari,,
alleviating low energy,disease_prediction,1.0,,low energy,
aja dugdha in herbal medicine,herb_benefits,1.0,aja dugdha,,
role of traditional medicine,general_info,1.0,,,traditional medicine
researching prabhava,general_info,1.0,,,prabhava
prabhava system,general_info,1.0,,,prabhava
herbal medicine for chronic fatigue,disease_prediction,1.0,,chronic fatigue,
studying prabhava,general_info,1.0,,,prabhava
kembuka healing properties,herb_benefits,1.0,kembuka,,
treatments for cough,disease_prediction,1.0,,cough,
what does shunthi do,herb_benefits,1.0,shunthi,,
quick relief from hearing problems,disease_prediction,1.0,,hearing problems,
prabhava methodology,general_info,1.0,,,prabhava
remedy for bruising,disease_prediction,1.0,,bruising,
saptadhatu understanding,general_info,1.0,,,saptadhatu
sudarshan churna healing properties,herb_benefits,1.0,sudarshan churna,,
explain holistic health,general_info,1.0,,,holistic health
tell me about haridra,herb_benefits,1.0,haridra,,
diagnosis of bloating,disease_prediction,1.0,,bloating,
fundamentals of harmony,general_info,1.0,,,harmony
relief from numbness,disease_prediction,1.0,,numbness,
medicinal properties of tumburu,herb_benefits,1.0,tumburu,,
discovering herbal medicine,general_info,1.0,,,herbal medicine
uses of varahikanda,herb_benefits,1.0,varahikanda,,
harmony perspective,general_info,1.0,,,harmony
surana for wellness,herb_benefits,1.0,surana,,
balance perspective,general_info,1.0,,,balance
traditional uses of andrographis,herb_benefits,1.0,andrographis,,
holistic treatment for cold,disease_prediction,1.0,,cold,
uses of varahikanda,herb_benefits,1.0,varahikanda,,
properties of shukti bhasma,herb_benefits,1.0,shukti bhasma,,
home remedy for nausea,disease_prediction,1.0,,nausea,
jambu in herbal medicine,herb_benefits,1.0,jambu,,
alleviating inflammation,disease_prediction,1.0,,inflammation,
ayurvedic treatment for memory problems,disease_prediction,1.0,,memory problems,
sudden diabetes,disease_prediction,1.0,,diabetes,
shirodhara knowledge,general_info,1.0,,,shirodhara
saindhava lavana for health improvement,herb_benefits,1.0,saindhava lavana,,
traditional cure for eczema,disease_prediction,1.0,,eczema,
recurring stress,disease_prediction,1.0,,stress,
define agni,general_info,1.0,,,agni
pitta theory,general_info,1.0,,,pitta
philosophy of vikriti,general_info,1.0,,,vikriti
why use pippali moola,herb_benefits,1.0,pippali moola,,
treatments for cold,disease_prediction,1.0,,cold,
holistic health fundamentals,general_info,1.0,,,holistic health
severe runny nose,disease_prediction,1.0,,runny nose,
why use shunthi,herb_benefits,1.0,shunthi,,
chavya therapeutic benefits,herb_benefits,1.0,chavya,,
what is tumburu good for,herb_benefits,1.0,tumburu,,
what causes bronchitis,disease_prediction,1.0,,bronchitis,
severe depression,disease_prediction,1.0,,depression,
triphala guggulu for health,herb_benefits,1.0,triphala guggulu,,
ayurvedic benefits of gulakanda,herb_benefits,1.0,gulakanda,,
constant fatigue,disease_prediction,1.0,,fatigue,
karpasa moola nutritional benefits,herb_benefits,1.0,karpasa moola,,
holistic treatment for muscle pain,disease_prediction,1.0,,muscle pain,
benefits of body type,general_info,1.0,,,body type
chakramarda for health,herb_benefits,1.0,chakramarda,,
digestion tradition,general_info,1.0,,,digestion
therapeutic value of kovidara,herb_benefits,1.0,kovidara,,
permanent cure for acne,disease_prediction,1.0,,acne,
what is trivanga bhasma good for,herb_benefits,1.0,trivanga bhasma,,
information about utingana,herb_benefits,1.0,utingana,,
how to treat vertigo,disease_prediction,1.0,,vertigo,
saptaparna natural medicine,herb_benefits,1.0,saptaparna,,
significance of vikriti,general_info,1.0,,,vikriti
relief from runny nose,disease_prediction,1.0,,runny nose,
importance of nasya,general_info,1.0,,,nasya
help with snoring,disease_prediction,1.0,,snoring,
intermittent hearing problems,disease_prediction,1.0,,hearing problems,
eladi thailam remedy uses,herb_benefits,1.0,eladi thailam,,
mild indigestion,disease_prediction,1.0,,indigestion,
health benefits of mahishi dugdha,herb_benefits,1.0,mahishi dugdha,,
mind-body connection approach,general_info,1.0,,,mind-body connection
healthy lifestyle viewpoint,general_info,1.0,,,healthy lifestyle
treatment for strains,disease_prediction,1.0,,strains,
basics of panchakarma,general_info,1.0,,,panchakarma
philosophy of virechana,general_info,1.0,,,virechana
virechana perspective,general_info,1.0,,,virechana
healing power of lakshadi thailam,herb_benefits,1.0,lakshadi thailam,,
having stress,disease_prediction,1.0,,stress,
natural cure for allergies,disease_prediction,1.0,,allergies,
medicinal properties of vidanga,herb_benefits,1.0,vidanga,,
turmeric properties,herb_benefits,1.0,turmeric,,
relief from chronic fatigue,disease_prediction,1.0,,chronic fatigue,
dealing with night sweats,disease_prediction,1.0,,night sweats,
history of nutrition,general_info,1.0,,,nutrition
what makes meshashringi beneficial,herb_benefits,1.0,meshashringi,,
tell me about pradarantak lauh,herb_benefits,1.0,pradarantak lauh,,
what makes swarnapatri beneficial,herb_benefits,1.0,swarnapatri,,
mild hearing problems,disease_prediction,1.0,,hearing problems,
help with eczema,disease_prediction,1.0,,eczema,
cure for bloating,disease_prediction,1.0,,bloating,
natural cure for acne,disease_prediction,1.0,,acne,
having oily skin,disease_prediction,1.0,,oily skin,
medicinal applications of chitraka moola,herb_benefits,1.0,chitraka moola,,
cure for asthma,disease_prediction,1.0,,asthma,
learning circulation,general_info,1.0,,,circulation
panchamahabhutas theory,general_info,1.0,,,panchamahabhutas
medicinal properties of guloochyadi kashayam,herb_benefits,1.0,guloochyadi kashayam,,
mahatriphala ghrita for health improvement,herb_benefits,1.0,mahatriphala ghrita,,
non-toxic remedy for nausea,disease_prediction,1.0,,nausea,
tintidika health effects,herb_benefits,1.0,tintidika,,
traditional uses of jatyadi taila,herb_benefits,1.0,jatyadi taila,,
sudarshan churna healing properties,herb_benefits,1.0,sudarshan churna,,
herbal medicine science,general_info,1.0,,,herbal medicine
remedy for fever,disease_prediction,1.0,,fever,
intermittent oily skin,disease_prediction,1.0,,oily skin,
preventive medicine theory,general_info,1.0,,,preventive medicine
alleviating chronic fatigue,disease_prediction,1.0,,chronic fatigue,
constant cramps,disease_prediction,1.0,,cramps,
researching basti,general_info,1.0,,,basti
diagnosis of depression,disease_prediction,1.0,,depression,
sudden sleep apnea,disease_prediction,1.0,,sleep apnea,
nutrition knowledge,general_info,1.0,,,nutrition
information about constitution,general_info,1.0,,,constitution
uses of visha tinduka,herb_benefits,1.0,visha tinduka,,
symptoms of snoring,disease_prediction,1.0,,snoring,
talisadi churna in traditional medicine,herb_benefits,1.0,talisadi churna,,
sleep apnea symptoms,disease_prediction,1.0,,sleep apnea,
overcoming motion sickness,disease_prediction,1.0,,motion sickness,
significance of ojas,general_info,1.0,,,ojas
akika pishti natural medicine,herb_benefits,1.0,akika pishti,,
introduction to holistic health,general_info,1.0,,,holistic health
sphatika bhasma therapeutic benefits,herb_benefits,1.0,sphatika bhasma,,
basti viewpoint,general_info,1.0,,,basti
I feel eczema,disease_prediction,1.0,,eczema,
how to treat sinusitis,disease_prediction,1.0,,sinusitis,
body type art,general_info,1.0,,,body type
introduction to prakriti,general_info,1.0,,,prakriti
basics of dosha,general_info,1.0,,,dosha
natural treatments for vomiting,disease_prediction,1.0,,vomiting,
herbal medicine for night sweats,disease_prediction,1.0,,night sweats,
parijata properties,herb_benefits,1.0,parijata,,
how to use karnikara,herb_benefits,1.0,karnikara,,
healing arthritis,disease_prediction,1.0,,arthritis,
mahalakshmi vilas rasa for holistic health,herb_benefits,1.0,mahalakshmi vilas rasa,,
understand srotas,general_info,1.0,,,srotas
pippali moola health effects,herb_benefits,1.0,pippali moola,,
symptoms of sinusitis,disease_prediction,1.0,,sinusitis,
healing wounds,disease_prediction,1.0,,wounds,
fundamentals of body type,general_info,1.0,,,body type
natural benefits of kasamarda,herb_benefits,1.0,kasamarda,,
therapeutic applications of nagadanti,herb_benefits,1.0,nagadanti,,
want to know about tejas,general_info,1.0,,,tejas
rasa explained,general_info,1.0,,,rasa
advantages of changeri,herb_benefits,1.0,changeri,,
properties of ksheera,herb_benefits,1.0,ksheera,,
I feel indigestion,disease_prediction,1.0,,indigestion,
natural treatment for sinusitis,disease_prediction,1.0,,sinusitis,
natural healing explained,general_info,1.0,,,natural healing
I'm experiencing asthma,disease_prediction,1.0,,asthma,
diagnosis of depression,disease_prediction,1.0,,depression,
exploring alternative medicine,general_info,1.0,,,alternative medicine
natural cure for allergies,disease_prediction,1.0,,allergies,
traditional uses of kaharuba pishti,herb_benefits,1.0,kaharuba pishti,,
ahiphena wellness benefits,herb_benefits,1.0,ahiphena,,
vidaryadi ghrita remedy uses,herb_benefits,1.0,vidaryadi ghrita,,
what does vaiswanara churna do,herb_benefits,1.0,vaiswanara churna,,
cardamom effects,herb_benefits,1.0,cardamom,,
medicine for night sweats,disease_prediction,1.0,,night sweats,
virechana fundamentals,general_info,1.0,,,virechana
reducing oily skin,disease_prediction,1.0,,oily skin,
explain cleansing,general_info,1.0,,,cleansing
preventive medicine approach,general_info,1.0,,,preventive medicine
gangeruki for health improvement,herb_benefits,1.0,gangeruki,,
origin of holistic health,general_info,1.0,,,holistic health
health properties of icchabhedi rasa,herb_benefits,1.0,icchabhedi rasa,,
hypertension cure,disease_prediction,1.0,,hypertension,
define prana,general_info,1.0,,,prana
non-toxic remedy for eye strain,disease_prediction,1.0,,eye strain,
discovering yoga,general_info,1.0,,,yoga
simsapa medicinal uses,herb_benefits,1.0,simsapa,,
akika pishti natural medicine,herb_benefits,1.0,akika pishti,,
fundamentals of dosha,general_info,1.0,,,dosha
mild gas,disease_prediction,1.0,,gas,
quick relief from sprains,disease_prediction,1.0,,sprains,
why use hapusa,herb_benefits,1.0,hapusa,,
tridosha perspective,general_info,1.0,,,tridosha
what can ishwari treat,herb_benefits,1.0,ishwari,,
learning ama,general_info,1.0,,,ama
basics of trimala,general_info,1.0,,,trimala
what is herbal medicine,general_info,1.0,,,herbal medicine
benefits of utpala,herb_benefits,1.0,utpala,,
curcuma remedy uses,herb_benefits,1.0,curcuma,,
shirodhara fundamentals,general_info,1.0,,,shirodhara
what causes hearing problems,disease_prediction,1.0,,hearing problems,
researching mind-body connection,general_info,1.0,,,mind-body connection
tintidika for health improvement,herb_benefits,1.0,tintidika,,
harmony wisdom,general_info,1.0,,,harmony
traditional cure for cramps,disease_prediction,1.0,,cramps,
virechana understanding,general_info,1.0,,,virechana
information about shirodhara,general_info,1.0,,,shirodhara
kalyanaka ghrita nutritional benefits,herb_benefits,1.0,kalyanaka ghrita,,
fundamentals of detoxification,general_info,1.0,,,detoxification
cuts treatment,disease_prediction,1.0,,cuts,
digestion principles,general_info,1.0,,,digestion
studying wellness,general_info,1.0,,,wellness
what is herbal medicine,general_info,1.0,,,herbal medicine
treatment for muscle pain,disease_prediction,1.0,,muscle pain,
dealing with mood swings,disease_prediction,1.0,,mood swings,
alternative medicine for mood swings,disease_prediction,1.0,,mood swings,
I've got stomach ache,disease_prediction,1.0,,stomach ache,
holistic treatments for anxiety,disease_prediction,1.0,,anxiety,
non-toxic remedy for muscle pain,disease_prediction,1.0,,muscle pain,
natural benefits of ingudi,herb_benefits,1.0,ingudi,,
introduction to abhyanga,general_info,1.0,,,abhyanga
what does himsra do,herb_benefits,1.0,himsra,,
pippali natural medicine,herb_benefits,1.0,pippali,,
having oily skin,disease_prediction,1.0,,oily skin,
discovering constitution,general_info,1.0,,,constitution
examining traditional medicine,general_info,1.0,,,traditional medicine
investigating holistic health,general_info,1.0,,,holistic health
natural advantages of gambhari phala,herb_benefits,1.0,gambhari phala,,
medicinal applications of kovidara,herb_benefits,1.0,kovidara,,
ayurvedic benefits of gulakanda,herb_benefits,1.0,gulakanda,,
traditional cure for brain fog,disease_prediction,1.0,,brain fog,
ayurvedic treatment for dandruff,disease_prediction,1.0,,dandruff,
benefits and uses of agnikumarika,herb_benefits,1.0,agnikumarika,,
examining shirodhara,general_info,1.0,,,shirodhara
help with depression,disease_prediction,1.0,,depression,
kusumbha benefits,herb_benefits,1.0,kusumbha,,
why is kalmegh healthy,herb_benefits,1.0,kalmegh,,
researching prabhava,general_info,1.0,,,prabhava
what's prabhava,general_info,1.0,,,prabhava
constant oily skin,disease_prediction,1.0,,oily skin,
help with inflammation,disease_prediction,1.0,,inflammation,
health benefits of kadali pushpa,herb_benefits,1.0,kadali pushpa,,
ajmoda wellness benefits,herb_benefits,1.0,ajmoda,,
alternative medicine for numbness,disease_prediction,1.0,,numbness,
natural cures for allergies,disease_prediction,1.0,,allergies,
why use shigru patra,herb_benefits,1.0,shigru patra,,
changeri ghrita health effects,herb_benefits,1.0,changeri ghrita,,
ayurvedic benefits of vetasa,herb_benefits,1.0,vetasa,,
constant asthma,disease_prediction,1.0,,asthma,
how to use srikhandasava,herb_benefits,1.0,srikhandasava,,
relief from sleep apnea,disease_prediction,1.0,,sleep apnea,
what's chandraprabha vati good for,herb_benefits,1.0,chandraprabha vati,,
aja dugdha medicinal uses,herb_benefits,1.0,aja dugdha,,
ama methodology,general_info,1.0,,,ama
explain alternative medicine,general_info,1.0,,,alternative medicine
ayurvedic treatments for hot flashes,disease_prediction,1.0,,hot flashes,
cardamom effects,herb_benefits,1.0,cardamom,,
skin rash symptoms,disease_prediction,1.0,,skin rash,
origin of kapha,general_info,1.0,,,kapha
treatment for constipation,disease_prediction,1.0,,constipation,
dosha basics,general_info,1.0,,,dosha
basics of virechana,general_info,1.0,,,virechana
nimba beeja natural medicine,herb_benefits,1.0,nimba beeja,,
what are the principles of tridosha,general_info,1.0,,,tridosha
immunity wisdom,general_info,1.0,,,immunity
medicinal effects of ashwattha,herb_benefits,1.0,ashwattha,,
examining malas,general_info,1.0,,,malas
cinnamon for natural treatment,herb_benefits,1.0,cinnamon,,
constitution wisdom,general_info,1.0,,,constitution
natural treatment for cuts,disease_prediction,1.0,,cuts,
dosha approach,general_info,1.0,,,dosha
prana knowledge,general_info,1.0,,,prana
natural treatment for diabetes,disease_prediction,1.0,,diabetes,
intermittent cramps,disease_prediction,1.0,,cramps,
traditional applications of kasis bhasma,herb_benefits,1.0,kasis bhasma,,
karmaranga natural medicine,herb_benefits,1.0,karmaranga,,
what is herbal medicine,general_info,1.0,,,herbal medicine
agnijara benefits,herb_benefits,1.0,agnijara,,
prana knowledge,general_info,1.0,,,prana
mandukparni in traditional medicine,herb_benefits,1.0,mandukparni,,
therapeutic effects of indravaruni,herb_benefits,1.0,indravaruni,,
constant fever,disease_prediction,1.0,,fever,
studying srotas,general_info,1.0,,,srotas
quick relief from vomiting,disease_prediction,1.0,,vomiting,
information about ardraka,herb_benefits,1.0,ardraka,,
ahiphena wellness benefits,herb_benefits,1.0,ahiphena,,
tell me about pravala pishti,herb_benefits,1.0,pravala pishti,,
persistent numbness,disease_prediction,1.0,,numbness,
significance of harmony,general_info,1.0,,,harmony
traditional uses of pushkarmool,herb_benefits,1.0,pushkarmool,,
history of holistic health,general_info,1.0,,,holistic health
what is body type,general_info,1.0,,,body type
bhadra medicinal uses,herb_benefits,1.0,bhadra,,
overview of pitta,general_info,1.0,,,pitta
natural benefits of gambhari phala,herb_benefits,1.0,gambhari phala,,
learn about vata,general_info,1.0,,,vata
discovering tejas,general_info,1.0,,,tejas
managing bruising,disease_prediction,1.0,,bruising,
inflammation treatment,disease_prediction,1.0,,inflammation,
karanja health effects,herb_benefits,1.0,karanja,,
healing fatigue,disease_prediction,1.0,,fatigue,
severe dandruff,disease_prediction,1.0,,dandruff,
quick relief from sprains,disease_prediction,1.0,,sprains,
healing power of shvet musli,herb_benefits,1.0,shvet musli,,
benefits and uses of talisa,herb_benefits,1.0,talisa,,
why use ocimum,herb_benefits,1.0,ocimum,,
pranayama system,general_info,1.0,,,pranayama
understanding mind-body connection,general_info,1.0,,,mind-body connection
learning tridosha,general_info,1.0,,,tridosha
benefits of pitta,general_info,1.0,,,pitta
best medicine for hearing problems,disease_prediction,1.0,,hearing problems,
cleansing understanding,general_info,1.0,,,cleansing
cleansing understanding,general_info,1.0,,,cleansing
tell me about madhukarkati,herb_benefits,1.0,madhukarkati,,
medicinal properties of aja dugdha,herb_benefits,1.0,aja dugdha,,
panchamahabhutas theory,general_info,1.0,,,panchamahabhutas
how does varuna help,herb_benefits,1.0,varuna,,
preventing burns,disease_prediction,1.0,,burns,
natural benefits of dhattura beeja,herb_benefits,1.0,dhattura beeja,,
importance of virechana,general_info,1.0,,,virechana
amritarishta medicinal uses,herb_benefits,1.0,amritarishta,,
researching mind-body connection,general_info,1.0,,,mind-body connection
mild allergies,disease_prediction,1.0,,allergies,
quick relief from anxiety,disease_prediction,1.0,,anxiety,
natural treatment for sprains,disease_prediction,1.0,,sprains,
meditation explained,general_info,1.0,,,meditation
sudarshan churna uses,herb_benefits,1.0,sudarshan churna,,
balarishta for holistic health,herb_benefits,1.0,balarishta,,
natural benefits of manjistha,herb_benefits,1.0,manjistha,,
shirodhara principles,general_info,1.0,,,shirodhara
prakriti art,general_info,1.0,,,prakriti
inflammation treatment,disease_prediction,1.0,,inflammation,
simsapa medicinal uses,herb_benefits,1.0,simsapa,,
recurring heartburn,disease_prediction,1.0,,heartburn,
severe irregular periods,disease_prediction,1.0,,irregular periods,
recovering from stomach ache,disease_prediction,1.0,,stomach ache,
effective treatment for insomnia,disease_prediction,1.0,,insomnia,
severe gastritis,disease_prediction,1.0,,gastritis,
mind-body connection viewpoint,general_info,1.0,,,mind-body connection
dhattura for health improvement,herb_benefits,1.0,dhattura,,
constant heartburn,disease_prediction,1.0,,heartburn,
fundamentals of ayurveda,general_info,1.0,,,ayurveda
vetasa benefits,herb_benefits,1.0,vetasa,,
origin of metabolism,general_info,1.0,,,metabolism
tell me about laghu sutshekhar ras,herb_benefits,1.0,laghu sutshekhar ras,,
advantages of bhurja,herb_benefits,1.0,bhurja,,
controlling heartburn,disease_prediction,1.0,,heartburn,
alternative medicine theory,general_info,1.0,,,alternative medicine
detoxification philosophy,general_info,1.0,,,detoxification
understand prana,general_info,1.0,,,prana
tell me about tridosha,general_info,1.0,,,tridosha
panchakarma art,general_info,1.0,,,panchakarma
managing dizziness,disease_prediction,1.0,,dizziness,
shirodhara knowledge,general_info,1.0,,,shirodhara
intermittent cold,disease_prediction,1.0,,cold,
parijata properties,herb_benefits,1.0,parijata,,
preventive medicine methodology,general_info,1.0,,,preventive medicine
what causes wounds,disease_prediction,1.0,,wounds,
treatment for cough,disease_prediction,1.0,,cough,
effective treatment for depression,disease_prediction,1.0,,depression,
persistent asthma,disease_prediction,1.0,,asthma,
how to treat skin rash,disease_prediction,1.0,,skin rash,
natural healing approach,general_info,1.0,,,natural healing
philosophy of pitta,general_info,1.0,,,pitta
dhatus principles,general_info,1.0,,,dhatus
basti theory,general_info,1.0,,,basti
I'm experiencing ear pain,disease_prediction,1.0,,ear pain,
non-toxic remedy for wounds,disease_prediction,1.0,,wounds,
detoxification wisdom,general_info,1.0,,,detoxification
how does panchakarma work,general_info,1.0,,,panchakarma
herbal medicine for cough,disease_prediction,1.0,,cough,
what is hijal good for,herb_benefits,1.0,hijal,,
severe stomach ache,disease_prediction,1.0,,stomach ache,
health properties of icchabhedi rasa,herb_benefits,1.0,icchabhedi rasa,,
learn about rasa,general_info,1.0,,,rasa
investigating holistic health,general_info,1.0,,,holistic health
what makes dhanwantaram gutika beneficial,herb_benefits,1.0,dhanwantaram gutika,,
examining harmony,general_info,1.0,,,harmony
severe inflammation,disease_prediction,1.0,,inflammation,
pradarantak lauh remedy uses,herb_benefits,1.0,pradarantak lauh,,
examining ama,general_info,1.0,,,ama
exploring yoga,general_info,1.0,,,yoga
information about ahiphena,herb_benefits,1.0,ahiphena,,
I have asthma,disease_prediction,1.0,,asthma,
recovering from stomach ache,disease_prediction,1.0,,stomach ache,
elakanadi kashayam effects,herb_benefits,1.0,elakanadi kashayam,,
how to use hinguvachadi churna,herb_benefits,1.0,hinguvachadi churna,,
mind-body connection approach,general_info,1.0,,,mind-body connection
I've got indigestion,disease_prediction,1.0,,indigestion,
controlling headache,disease_prediction,1.0,,headache,
virechana fundamentals,general_info,1.0,,,virechana
neelam pishti medicinal uses,herb_benefits,1.0,neelam pishti,,
investigating alternative medicine,general_info,1.0,,,alternative medicine
healthy lifestyle understanding,general_info,1.0,,,healthy lifestyle
lata kasturi uses,herb_benefits,1.0,lata kasturi,,
chakramarda for health,herb_benefits,1.0,chakramarda,,
how to treat skin rash,disease_prediction,1.0,,skin rash,
sudden menstrual cramps,disease_prediction,1.0,,menstrual cramps,
healing power of krimi kuthar rasa,herb_benefits,1.0,krimi kuthar rasa,,
therapeutic applications of varunadi kashayam,herb_benefits,1.0,varunadi kashayam,,
cures for wounds,disease_prediction,1.0,,wounds,
dhatus system,general_info,1.0,,,dhatus
quick relief from gastritis,disease_prediction,1.0,,gastritis,
remedy for sore throat,disease_prediction,1.0,,sore throat,
natural treatment for oily skin,disease_prediction,1.0,,oily skin,
traditional cure for tingling,disease_prediction,1.0,,tingling,
healing power of shvet musli,herb_benefits,1.0,shvet musli,,
kapha art,general_info,1.0,,,kapha
overview of herbal medicine,general_info,1.0,,,herbal medicine
amra haridra for health improvement,herb_benefits,1.0,amra haridra,,
saptadhatu theory,general_info,1.0,,,saptadhatu
alleviating brain fog,disease_prediction,1.0,,brain fog,
therapeutic applications of kanchanara guggulu,herb_benefits,1.0,kanchanara guggulu,,
examining srotas,general_info,1.0,,,srotas
natural advantages of khadiradi vati,herb_benefits,1.0,khadiradi vati,,
priyangu wellness benefits,herb_benefits,1.0,priyangu,,
benefits of dhatus,general_info,1.0,,,dhatus
fundamentals of alternative medicine,general_info,1.0,,,alternative medicine
tejas practice,general_info,1.0,,,tejas
guide to vikriti,general_info,1.0,,,vikriti
effective treatment for sleep disorders,disease_prediction,1.0,,sleep disorders,
natural treatments for muscle pain,disease_prediction,1.0,,muscle pain,
applications of navayasa loha,herb_benefits,1.0,navayasa loha,,
benefits and uses of shyonaka,herb_benefits,1.0,shyonaka,,
wellness tradition,general_info,1.0,,,wellness
quick relief from low energy,disease_prediction,1.0,,low energy,
herbal properties of dashamularishta,herb_benefits,1.0,dashamularishta,,
information about punarnavadi guggulu,herb_benefits,1.0,punarnavadi guggulu,,
mild hearing problems,disease_prediction,1.0,,hearing problems,
I'm suffering from dry skin,disease_prediction,1.0,,dry skin,
can you explain saptadhatu,general_info,1.0,,,saptadhatu
utpala for wellness,herb_benefits,1.0,utpala,,
metabolism wisdom,general_info,1.0,,,metabolism
what can surana treat,herb_benefits,1.0,surana,,
meditation system,general_info,1.0,,,meditation
intermittent numbness,disease_prediction,1.0,,numbness,
safe treatment for morning sickness,disease_prediction,1.0,,morning sickness,
importance of immunity,general_info,1.0,,,immunity
advantages of mahakalyanaka ghritam,herb_benefits,1.0,mahakalyanaka ghritam,,
how to use shankha vati,herb_benefits,1.0,shankha vati,,
benefits of ojas,general_info,1.0,,,ojas
what are the advantages of rohitakarishta,herb_benefits,1.0,rohitakarishta,,
benefits and applications of mahatiktaka ghrita,herb_benefits,1.0,mahatiktaka ghrita,,
cinnamon for natural treatment,herb_benefits,1.0,cinnamon,,
remedy for weakness,disease_prediction,1.0,,weakness,
introduction to circulation,general_info,1.0,,,circulation
dosha viewpoint,general_info,1.0,,,dosha
natural benefits of raupya bhasma,herb_benefits,1.0,raupya bhasma,,
sphatika bhasma therapeutic benefits,herb_benefits,1.0,sphatika bhasma,,
vajra bhasma for natural healing,herb_benefits,1.0,vajra bhasma,,
constitution perspective,general_info,1.0,,,constitution
cuts treatment,disease_prediction,1.0,,cuts,
ushiradi churna for wellness,herb_benefits,1.0,ushiradi churna,,
understanding meditation,general_info,1.0,,,meditation
ayurvedic benefits of maricha,herb_benefits,1.0,maricha,,
varanadi ghritam nutritional benefits,herb_benefits,1.0,varanadi ghritam,,
dealing with acne,disease_prediction,1.0,,acne,
panchamahabhutas concepts,general_info,1.0,,,panchamahabhutas
permanent cures for stomach ache,disease_prediction,1.0,,stomach ache,
severe depression,disease_prediction,1.0,,depression,
kasis bhasma natural medicine,herb_benefits,1.0,kasis bhasma,,
agnijara for natural healing,herb_benefits,1.0,agnijara,,
guide to basti,general_info,1.0,,,basti
ardraka svarasa for natural treatment,herb_benefits,1.0,ardraka svarasa,,
eczema treatment,disease_prediction,1.0,,eczema,
alternative medicine for bruising,disease_prediction,1.0,,bruising,
what are the advantages of draksharishta,herb_benefits,1.0,draksharishta,,
studying panchamahabhutas,general_info,1.0,,,panchamahabhutas
alleviating strains,disease_prediction,1.0,,strains,
ancient applications of chitraka moola,herb_benefits,1.0,chitraka moola,,
ksheera for natural treatment,herb_benefits,1.0,ksheera,,
significance of vikriti,general_info,1.0,,,vikriti
medicinal applications of kutaj,herb_benefits,1.0,kutaj,,
varanadi ghritam effects,herb_benefits,1.0,varanadi ghritam,,
varanadi ghritam nutritional benefits,herb_benefits,1.0,varanadi ghritam,,
sphatika bhasma therapeutic benefits,herb_benefits,1.0,sphatika bhasma,,
fundamentals of natural healing,general_info,1.0,,,natural healing
intermittent acidity,disease_prediction,1.0,,acidity,
therapeutic applications of neem,herb_benefits,1.0,neem,,
gomeda bhasma effects,herb_benefits,1.0,gomeda bhasma,,
natural cure for constipation,disease_prediction,1.0,,constipation,
yoga basics,general_info,1.0,,,yoga
relief from skin rash,disease_prediction,1.0,,skin rash,
saptaparna in traditional medicine,herb_benefits,1.0,saptaparna,,
natural treatments for sinusitis,disease_prediction,1.0,,sinusitis,
constipation cure,disease_prediction,1.0,,constipation,
properties of madanaphala,herb_benefits,1.0,madanaphala,,
therapeutic effects of mishreya,herb_benefits,1.0,mishreya,,
trimala tradition,general_info,1.0,,,trimala
significance of preventive medicine,general_info,1.0,,,preventive medicine
palasha properties,herb_benefits,1.0,palasha,,
how to use nirgundi,herb_benefits,1.0,nirgundi,,
sleep apnea cure,disease_prediction,1.0,,sleep apnea,
basics of meditation,general_info,1.0,,,meditation
malas approach,general_info,1.0,,,malas
holistic treatment for motion sickness,disease_prediction,1.0,,motion sickness,
safe treatment for irregular periods,disease_prediction,1.0,,irregular periods,
ayurveda understanding,general_info,1.0,,,ayurveda
constant asthma,disease_prediction,1.0,,asthma,
simhamoola properties,herb_benefits,1.0,simhamoola,,
therapeutic value of karpura (camphor),herb_benefits,1.0,karpura (camphor),,
medicine for hot flashes,disease_prediction,1.0,,hot flashes,
kankataka for holistic health,herb_benefits,1.0,kankataka,,
kalyanaka ghrita nutritional benefits,herb_benefits,1.0,kalyanaka ghrita,,
basics of metabolism,general_info,1.0,,,metabolism
overcoming motion sickness,disease_prediction,1.0,,motion sickness,
tejapatra for wellness,herb_benefits,1.0,tejapatra,,
traditional applications of pushkarmool,herb_benefits,1.0,pushkarmool,,
metabolism art,general_info,1.0,,,metabolism
what does haridra do,herb_benefits,1.0,haridra,,
how to treat heartburn,disease_prediction,1.0,,heartburn,
jatyadi ghrita health effects,herb_benefits,1.0,jatyadi ghrita,,
introduction to circulation,general_info,1.0,,,circulation
discovering tejas,general_info,1.0,,,tejas
how to use sudarshan churna,herb_benefits,1.0,sudarshan churna,,
tell me about holistic health,general_info,1.0,,,holistic health
shara medicinal uses,herb_benefits,1.0,shara,,
alternative medicine for sinusitis,disease_prediction,1.0,,sinusitis,
tell me about detoxification,general_info,1.0,,,detoxification
history of saptadhatu,general_info,1.0,,,saptadhatu
I'm suffering from night sweats,disease_prediction,1.0,,night sweats,
phanita therapeutic benefits,herb_benefits,1.0,phanita,,
what is wellness,general_info,1.0,,,wellness
healing low energy,disease_prediction,1.0,,low energy,
severe fatigue,disease_prediction,1.0,,fatigue,
kalmegh for wellness,herb_benefits,1.0,kalmegh,,
herbal properties of prativisha,herb_benefits,1.0,prativisha,,
benefits of virechana,general_info,1.0,,,virechana
sleep apnea cure,disease_prediction,1.0,,sleep apnea,
importance of immunity,general_info,1.0,,,immunity
aragwadha wellness benefits,herb_benefits,1.0,aragwadha,,
understand prabhava,general_info,1.0,,,prabhava
chronic stomach ache,disease_prediction,1.0,,stomach ache,
brahmi vati for health,herb_benefits,1.0,brahmi vati,,
severe inflammation,disease_prediction,1.0,,inflammation,
overview of immunity,general_info,1.0,,,immunity
investigating constitution,general_info,1.0,,,constitution
relief from heartburn,disease_prediction,1.0,,heartburn,
balance fundamentals,general_info,1.0,,,balance
severe stomach ache,disease_prediction,1.0,,stomach ache,
how does pradarantak lauh help,herb_benefits,1.0,pradarantak lauh,,
what is kshirabala thailam good for,herb_benefits,1.0,kshirabala thailam,,
learning panchamahabhutas,general_info,1.0,,,panchamahabhutas
medicinal properties of aja dugdha,herb_benefits,1.0,aja dugdha,,
burning sensation cure,disease_prediction,1.0,,burning sensation,
health properties of patrangasava,herb_benefits,1.0,patrangasava,,
how can pradarantak lauh help,herb_benefits,1.0,pradarantak lauh,,
natural healing basics,general_info,1.0,,,natural healing
symptoms of sinusitis,disease_prediction,1.0,,sinusitis,
pippali moola therapeutic benefits,herb_benefits,1.0,pippali moola,,
preventing constipation,disease_prediction,1.0,,constipation,
what are the advantages of ksheera,herb_benefits,1.0,ksheera,,
advantages of bhurja,herb_benefits,1.0,bhurja,,
herbal medicine for cold,disease_prediction,1.0,,cold,
tejas basics,general_info,1.0,,,tejas
terminalia natural medicine,herb_benefits,1.0,terminalia,,
examining immunity,general_info,1.0,,,immunity
having dry eyes,disease_prediction,1.0,,dry eyes,
I have eczema,disease_prediction,1.0,,eczema,
cough cure,disease_prediction,1.0,,cough,
dhamargava natural medicine,herb_benefits,1.0,dhamargava,,
traditional uses of jatyadi taila,herb_benefits,1.0,jatyadi taila,,
benefits of tridosha,general_info,1.0,,,tridosha
dizziness cure,disease_prediction,1.0,,dizziness,
recovering from blurred vision,disease_prediction,1.0,,blurred vision,
holistic treatments for allergies,disease_prediction,1.0,,allergies,
how to treat menstrual cramps,disease_prediction,1.0,,menstrual cramps,
eladi thailam remedy uses,herb_benefits,1.0,eladi thailam,,
medicinal effects of kataka,herb_benefits,1.0,kataka,,
advantages of panasa,herb_benefits,1.0,panasa,,
tell me about pradarantak lauh,herb_benefits,1.0,pradarantak lauh,,
fundamentals of agni,general_info,1.0,,,agni
I'm experiencing wounds,disease_prediction,1.0,,wounds,
how does kapha work,general_info,1.0,,,kapha
guloochyadi kashayam healing properties,herb_benefits,1.0,guloochyadi kashayam,,
quick relief from cramps,disease_prediction,1.0,,cramps,
saptadhatu approach,general_info,1.0,,,saptadhatu
exploring natural healing,general_info,1.0,,,natural healing
abhayarishta for health,herb_benefits,1.0,abhayarishta,,
herbal properties of nag bhasma,herb_benefits,1.0,nag bhasma,,
gandharvahastadi kashayam medicinal uses,herb_benefits,1.0,gandharvahastadi kashayam,,
meditation viewpoint,general_info,1.0,,,meditation
herbal properties of simsapa,herb_benefits,1.0,simsapa,,
non-toxic remedy for oily skin,disease_prediction,1.0,,oily skin,
saptaparna natural medicine,herb_benefits,1.0,saptaparna,,
holy basil therapeutic benefits,herb_benefits,1.0,holy basil,,
what makes changeri ghrita beneficial,herb_benefits,1.0,changeri ghrita,,
alleviating hypertension,disease_prediction,1.0,,hypertension,
safe treatments for indigestion,disease_prediction,1.0,,indigestion,
madayantika for holistic health,herb_benefits,1.0,madayantika,,
I feel acne,disease_prediction,1.0,,acne,
how does kalyanaka ghrita help,herb_benefits,1.0,kalyanaka ghrita,,
amra haridra benefits,herb_benefits,1.0,amra haridra,,
vikriti concepts,general_info,1.0,,,vikriti
significance of vikriti,general_info,1.0,,,vikriti
natural treatments for oily skin,disease_prediction,1.0,,oily skin,
exploring virya,general_info,1.0,,,virya
philosophy of pitta,general_info,1.0,,,pitta
discovering natural healing,general_info,1.0,,,natural healing
examining traditional medicine,general_info,1.0,,,traditional medicine
dealing with blurred vision,disease_prediction,1.0,,blurred vision,
natural advantages of upodika,herb_benefits,1.0,upodika,,
digestion principles,general_info,1.0,,,digestion
shadrasas fundamentals,general_info,1.0,,,shadrasas
treatment for motion sickness,disease_prediction,1.0,,motion sickness,
learn about body type,general_info,1.0,,,body type
what can vasa avaleha treat,herb_benefits,1.0,vasa avaleha,,
guide to prana,general_info,1.0,,,prana
traditional cure for snoring,disease_prediction,1.0,,snoring,
can you explain meditation,general_info,1.0,,,meditation
prativisha benefits,herb_benefits,1.0,prativisha,,
investigating abhyanga,general_info,1.0,,,abhyanga
what makes vaikranta bhasma beneficial,herb_benefits,1.0,vaikranta bhasma,,
alternative medicine system,general_info,1.0,,,alternative medicine
kutajarishta nutritional benefits,herb_benefits,1.0,kutajarishta,,
origin of mind-body connection,general_info,1.0,,,mind-body connection
examining dhatus,general_info,1.0,,,dhatus
what can ishwari treat,herb_benefits,1.0,ishwari,,
herbal properties of prativisha,herb_benefits,1.0,prativisha,,
natural cure for acne,disease_prediction,1.0,,acne,
permanent cure for acne,disease_prediction,1.0,,acne,
gambhari phala therapeutic benefits,herb_benefits,1.0,gambhari phala,,
managing sprains,disease_prediction,1.0,,sprains,
significance of ojas,general_info,1.0,,,ojas
psoriasis treatment,disease_prediction,1.0,,psoriasis,
non-toxic remedy for arthritis,disease_prediction,1.0,,arthritis,
exploring alternative medicine,general_info,1.0,,,alternative medicine
prishniparni for wellness,herb_benefits,1.0,prishniparni,,
healing restless legs,disease_prediction,1.0,,restless legs,
kembuka remedy uses,herb_benefits,1.0,kembuka,,
narayana thailam for health improvement,herb_benefits,1.0,narayana thailam,,
remedy for burning sensation,disease_prediction,1.0,,burning sensation,
sudden psoriasis,disease_prediction,1.0,,psoriasis,
simsapa medicinal uses,herb_benefits,1.0,simsapa,,
alternative medicine for morning sickness,disease_prediction,1.0,,morning sickness,
therapeutic value of samudra phena,herb_benefits,1.0,samudra phena,,
permanent cure for concentration issues,disease_prediction,1.0,,concentration issues,
importance of gunas,general_info,1.0,,,gunas
what's yava good for,herb_benefits,1.0,yava,,
information about chavika,herb_benefits,1.0,chavika,,
kakoli effects,herb_benefits,1.0,kakoli,,
what is prakriti,general_info,1.0,,,prakriti
remedy for concentration issues,disease_prediction,1.0,,concentration issues,
constant diarrhea,disease_prediction,1.0,,diarrhea,
safe treatment for menstrual cramps,disease_prediction,1.0,,menstrual cramps,
I feel eczema,disease_prediction,1.0,,eczema,
detoxification concepts,general_info,1.0,,,detoxification
what is himasagara thailam good for,herb_benefits,1.0,himasagara thailam,,
natural treatment for diabetes,disease_prediction,1.0,,diabetes,
reducing burns,disease_prediction,1.0,,burns,
learn about preventive medicine,general_info,1.0,,,preventive medicine
exploring yoga,general_info,1.0,,,yoga
tell me about akika pishti,herb_benefits,1.0,akika pishti,,
metabolism explained,general_info,1.0,,,metabolism
upodika for health improvement,herb_benefits,1.0,upodika,,
vata understanding,general_info,1.0,,,vata
tejapatra for wellness,herb_benefits,1.0,tejapatra,,
what are the advantages of dhanyamla,herb_benefits,1.0,dhanyamla,,
overcoming motion sickness,disease_prediction,1.0,,motion sickness,
constant heartburn,disease_prediction,1.0,,heartburn,
runny nose symptoms,disease_prediction,1.0,,runny nose,
symptoms of sleep apnea,disease_prediction,1.0,,sleep apnea,
what is shirodhara,general_info,1.0,,,shirodhara
dealing with allergies,disease_prediction,1.0,,allergies,
madhuka in traditional medicine,herb_benefits,1.0,madhuka,,
examining ama,general_info,1.0,,,ama
natural cures for night sweats,disease_prediction,1.0,,night sweats,
help with low energy,disease_prediction,1.0,,low energy,
how does varuna help,herb_benefits,1.0,varuna,,
medicinal effects of sala,herb_benefits,1.0,sala,,
how to use neem,herb_benefits,1.0,neem,,
why is takra healthy,herb_benefits,1.0,takra,,
exploring dhatus,general_info,1.0,,,dhatus
what's ayurveda,general_info,1.0,,,ayurveda
dhanyaka for health,herb_benefits,1.0,dhanyaka,,
learn about pitta,general_info,1.0,,,pitta
reducing oily skin,disease_prediction,1.0,,oily skin,
chronic gastritis,disease_prediction,1.0,,gastritis,
what is himasagara thailam good for,herb_benefits,1.0,himasagara thailam,,
I'm suffering from stomach ache,disease_prediction,1.0,,stomach ache,
bhurja for wellness,herb_benefits,1.0,bhurja,,
snuhi ksheera for natural healing,herb_benefits,1.0,snuhi ksheera,,
traditional cure for hot flashes,disease_prediction,1.0,,hot flashes,
properties of saraswatarishta,herb_benefits,1.0,saraswatarishta,,
health benefits of tulsi,herb_benefits,1.0,tulsi,,
how to use trivrit,herb_benefits,1.0,trivrit,,
body type fundamentals,general_info,1.0,,,body type
how does circulation work,general_info,1.0,,,circulation
healing power of tankana bhasma,herb_benefits,1.0,tankana bhasma,,
quick relief from morning sickness,disease_prediction,1.0,,morning sickness,
examining pranayama,general_info,1.0,,,pranayama
mild tingling,disease_prediction,1.0,,tingling,
virechana perspective,general_info,1.0,,,virechana
jalapippali for natural treatment,herb_benefits,1.0,jalapippali,,
ayurvedic treatment for memory problems,disease_prediction,1.0,,memory problems,
help with memory problems,disease_prediction,1.0,,memory problems,
fundamentals of natural healing,general_info,1.0,,,natural healing
I have strains,disease_prediction,1.0,,strains,
alternative medicine for numbness,disease_prediction,1.0,,numbness,
recurring skin rash,disease_prediction,1.0,,skin rash,
info about detoxification,general_info,1.0,,,detoxification
amra in traditional medicine,herb_benefits,1.0,amra,,
principles of panchamahabhutas,general_info,1.0,,,panchamahabhutas
ancient uses of ketaki,herb_benefits,1.0,ketaki,,
advantages of ashwattha,herb_benefits,1.0,ashwattha,,
properties of sudarshan churna,herb_benefits,1.0,sudarshan churna,,
vrihi for natural healing,herb_benefits,1.0,vrihi,,
swarnapatri for health improvement,herb_benefits,1.0,swarnapatri,,
ayurvedic benefits of simhamoola,herb_benefits,1.0,simhamoola,,
ginger for wellness,herb_benefits,1.0,ginger,,
preventing psoriasis,disease_prediction,1.0,,psoriasis,
ancient applications of hajrul yahood bhasma,herb_benefits,1.0,hajrul yahood bhasma,,
relief from back pain,disease_prediction,1.0,,back pain,
advantages of murivenna,herb_benefits,1.0,murivenna,,
lata kasturi uses,herb_benefits,1.0,lata kasturi,,
benefits and uses of kanmad bhasma,herb_benefits,1.0,kanmad bhasma,,
hijal healing properties,herb_benefits,1.0,hijal,,
what does madhu do,herb_benefits,1.0,madhu,,
detoxification principles,general_info,1.0,,,detoxification
examining dhatus,general_info,1.0,,,dhatus
information about arjunarishta,herb_benefits,1.0,arjunarishta,,
medicinal effects of kataka,herb_benefits,1.0,kataka,,
exploring healthy lifestyle,general_info,1.0,,,healthy lifestyle
health properties of satavari ghrita,herb_benefits,1.0,satavari ghrita,,
benefits of shukti bhasma,herb_benefits,1.0,shukti bhasma,,
nag bhasma therapeutic benefits,herb_benefits,1.0,nag bhasma,,
information about mashaparni,herb_benefits,1.0,mashaparni,,
herbal medicine for oily skin,disease_prediction,1.0,,oily skin,
introduction to wellness,general_info,1.0,,,wellness
healing hearing problems,disease_prediction,1.0,,hearing problems,
introduction to panchamahabhutas,general_info,1.0,,,panchamahabhutas
understand wellness,general_info,1.0,,,wellness
panchamahabhutas philosophy,general_info,1.0,,,panchamahabhutas
benefits of eranda patra,herb_benefits,1.0,eranda patra,,
trimala theory,general_info,1.0,,,trimala
alleviating psoriasis,disease_prediction,1.0,,psoriasis,
shringyadi churna medicinal uses,herb_benefits,1.0,shringyadi churna,,
tulsi health effects,herb_benefits,1.0,tulsi,,
history of basti,general_info,1.0,,,basti
herbal properties of dashamularishta,herb_benefits,1.0,dashamularishta,,
recovering from fatigue,disease_prediction,1.0,,fatigue,
history of wellness,general_info,1.0,,,wellness
what makes rudraksha beneficial,herb_benefits,1.0,rudraksha,,
cure for eye strain,disease_prediction,1.0,,eye strain,
cough cure,disease_prediction,1.0,,cough,
natural treatment for bloating,disease_prediction,1.0,,bloating,
why is siddha makardhwaj healthy,herb_benefits,1.0,siddha makardhwaj,,
intermittent fatigue,disease_prediction,1.0,,fatigue,
define constitution,general_info,1.0,,,constitution
bijapura natural medicine,herb_benefits,1.0,bijapura,,
basics of malas,general_info,1.0,,,malas
panchakarma concepts,general_info,1.0,,,panchakarma
benefits of black pepper,herb_benefits,1.0,black pepper,,
benefits of masha,herb_benefits,1.0,masha,,
non-toxic remedy for muscle pain,disease_prediction,1.0,,muscle pain,
swelling cure,disease_prediction,1.0,,swelling,
varanadi ghritam effects,herb_benefits,1.0,varanadi ghritam,,
saptadhatu principles,general_info,1.0,,,saptadhatu
abdominal pain symptoms,disease_prediction,1.0,,abdominal pain,
lajjalu in traditional medicine,herb_benefits,1.0,lajjalu,,
information about chavika,herb_benefits,1.0,chavika,,
diagnosis of hair loss,disease_prediction,1.0,,hair loss,
traditional cure for cramps,disease_prediction,1.0,,cramps,
what makes gotu kola beneficial,herb_benefits,1.0,gotu kola,,
tell me about metabolism,general_info,1.0,,,metabolism
importance of nasya,general_info,1.0,,,nasya
I'm experiencing migraine,disease_prediction,1.0,,migraine,
introduction to pitta,general_info,1.0,,,pitta
history of natural healing,general_info,1.0,,,natural healing
benefits and uses of agnijara,herb_benefits,1.0,agnijara,,
remedy for snoring,disease_prediction,1.0,,snoring,
medicine for eczema,disease_prediction,1.0,,eczema,
what makes krimighna vati beneficial,herb_benefits,1.0,krimighna vati,,
tell me about hapusa,herb_benefits,1.0,hapusa,,
what are the principles of virechana,general_info,1.0,,,virechana
controlling sinusitis,disease_prediction,1.0,,sinusitis,
principles of cleansing,general_info,1.0,,,cleansing
ayurveda science,general_info,1.0,,,ayurveda
advantages of asphota,herb_benefits,1.0,asphota,,
history of balance,general_info,1.0,,,balance
investigating constitution,general_info,1.0,,,constitution
remedy for bloating,disease_prediction,1.0,,bloating,
I'm experiencing spasms,disease_prediction,1.0,,spasms,
importance of harmony,general_info,1.0,,,harmony
relief from sleep apnea,disease_prediction,1.0,,sleep apnea,
ginger for wellness,herb_benefits,1.0,ginger,,
trimala methodology,general_info,1.0,,,trimala
I'm suffering from psoriasis,disease_prediction,1.0,,psoriasis,
want to know about circulation,general_info,1.0,,,circulation
marichyadi vati remedy uses,herb_benefits,1.0,marichyadi vati,,
what can rudraksha treat,herb_benefits,1.0,rudraksha,,
giloy satva for natural healing,herb_benefits,1.0,giloy satva,,
philosophy of malas,general_info,1.0,,,malas
saireyaka in herbal medicine,herb_benefits,1.0,saireyaka,,
srotas understanding,general_info,1.0,,,srotas
philosophy of circulation,general_info,1.0,,,circulation
exploring yoga,general_info,1.0,,,yoga
therapeutic effects of rasona patra,herb_benefits,1.0,rasona patra,,
best medicine for sleep apnea,disease_prediction,1.0,,sleep apnea,
how to use trivrit,herb_benefits,1.0,trivrit,,
significance of abhyanga,general_info,1.0,,,abhyanga
what are the benefits of shankha vati,herb_benefits,1.0,shankha vati,,
uses of laksha,herb_benefits,1.0,laksha,,
introduction to yoga,general_info,1.0,,,yoga
fundamentals of virechana,general_info,1.0,,,virechana
shadbindu taila for wellness,herb_benefits,1.0,shadbindu taila,,
alleviating eye strain,disease_prediction,1.0,,eye strain,
natural benefits of sthuneyaka,herb_benefits,1.0,sthuneyaka,,
importance of nasya,general_info,1.0,,,nasya
metabolism explained,general_info,1.0,,,metabolism
runny nose treatment,disease_prediction,1.0,,runny nose,
kumbhika therapeutic benefits,herb_benefits,1.0,kumbhika,,
mind-body connection system,general_info,1.0,,,mind-body connection
philosophy of balance,general_info,1.0,,,balance
understanding prana,general_info,1.0,,,prana
want to know about harmony,general_info,1.0,,,harmony
what makes nagabala beneficial,herb_benefits,1.0,nagabala,,
I'm experiencing back pain,disease_prediction,1.0,,back pain,
trimala art,general_info,1.0,,,trimala
benefits of body type,general_info,1.0,,,body type
explain holistic health,general_info,1.0,,,holistic health
significance of harmony,general_info,1.0,,,harmony
vidaryadi ghrita remedy uses,herb_benefits,1.0,vidaryadi ghrita,,
alleviating irregular periods,disease_prediction,1.0,,irregular periods,
recurring muscle pain,disease_prediction,1.0,,muscle pain,
researching yoga,general_info,1.0,,,yoga
overview of pranayama,general_info,1.0,,,pranayama
I'm suffering from gastritis,disease_prediction,1.0,,gastritis,
tala for health improvement,herb_benefits,1.0,tala,,
benefits of holistic health,general_info,1.0,,,holistic health
srotas viewpoint,general_info,1.0,,,srotas
panchakarma concepts,general_info,1.0,,,panchakarma
recovering from low energy,disease_prediction,1.0,,low energy,
dealing with mood swings,disease_prediction,1.0,,mood swings,
ayurvedic treatment for arthritis,disease_prediction,1.0,,arthritis,
agni art,general_info,1.0,,,agni
malas practice,general_info,1.0,,,malas
history of natural healing,general_info,1.0,,,natural healing
importance of gunas,general_info,1.0,,,gunas
origin of metabolism,general_info,1.0,,,metabolism
why is tintidika healthy,herb_benefits,1.0,tintidika,,
holistic treatment for hypertension,disease_prediction,1.0,,hypertension,
exploring yoga,general_info,1.0,,,yoga
how to treat morning sickness,disease_prediction,1.0,,morning sickness,
stress cure,disease_prediction,1.0,,stress,
why use vidaryadi kashayam,herb_benefits,1.0,vidaryadi kashayam,,
cures for burning sensation,disease_prediction,1.0,,burning sensation,
treatment for sprains,disease_prediction,1.0,,sprains,
basics of circulation,general_info,1.0,,,circulation
pranayama science,general_info,1.0,,,pranayama
investigating panchakarma,general_info,1.0,,,panchakarma
healing psoriasis,disease_prediction,1.0,,psoriasis,
what can rudraksha treat,herb_benefits,1.0,rudraksha,,
define kapha,general_info,1.0,,,kapha
introduction to temperament,general_info,1.0,,,temperament
role of traditional medicine,general_info,1.0,,,traditional medicine
ojas knowledge,general_info,1.0,,,ojas
therapeutic effects of somaraji taila,herb_benefits,1.0,somaraji taila,,
uses of gandharvahastadi kashayam,herb_benefits,1.0,gandharvahastadi kashayam,,
learn about vata,general_info,1.0,,,vata
help with low energy,disease_prediction,1.0,,low energy,
kalamba in herbal medicine,herb_benefits,1.0,kalamba,,
exploring healthy lifestyle,general_info,1.0,,,healthy lifestyle
advantages of bhunimba,herb_benefits,1.0,bhunimba,,
quick relief from bruising,disease_prediction,1.0,,bruising,
benefits and uses of vriddhi,herb_benefits,1.0,vriddhi,,
yoga basics,general_info,1.0,,,yoga
ayurveda tradition,general_info,1.0,,,ayurveda
benefits and uses of rajapravartini vati,herb_benefits,1.0,rajapravartini vati,,
turmeric properties,herb_benefits,1.0,turmeric,,
vajra bhasma uses,herb_benefits,1.0,vajra bhasma,,
dosha explained,general_info,1.0,,,dosha
information about harmony,general_info,1.0,,,harmony
panchakarma viewpoint,general_info,1.0,,,panchakarma
preventive medicine science,general_info,1.0,,,preventive medicine
natural cure for muscle pain,disease_prediction,1.0,,muscle pain,
best medicine for acne,disease_prediction,1.0,,acne,
sudden diabetes,disease_prediction,1.0,,diabetes,
significance of virya,general_info,1.0,,,virya
utingana health effects,herb_benefits,1.0,utingana,,
nutrition theory,general_info,1.0,,,nutrition
bacopa therapeutic benefits,herb_benefits,1.0,bacopa,,
exploring pitta,general_info,1.0,,,pitta
overcoming motion sickness,disease_prediction,1.0,,motion sickness,
help with ear pain,disease_prediction,1.0,,ear pain,
origin of pitta,general_info,1.0,,,pitta
ayurvedic benefits of gotu kola,herb_benefits,1.0,gotu kola,,
symptoms of ear pain,disease_prediction,1.0,,ear pain,
virya wisdom,general_info,1.0,,,virya
I'm experiencing migraine,disease_prediction,1.0,,migraine,
persistent memory problems,disease_prediction,1.0,,memory problems,
therapeutic applications of saptaparna,herb_benefits,1.0,saptaparna,,
herbal properties of gangeruki,herb_benefits,1.0,gangeruki,,
hypertension cure,disease_prediction,1.0,,hypertension,
having stress,disease_prediction,1.0,,stress,
herbal properties of black pepper,herb_benefits,1.0,black pepper,,
recovering from motion sickness,disease_prediction,1.0,,motion sickness,
chronic headache,disease_prediction,1.0,,headache,
ayurvedic treatment for eczema,disease_prediction,1.0,,eczema,
temperament theory,general_info,1.0,,,temperament
why is vamsha healthy,herb_benefits,1.0,vamsha,,
saptadhatu understanding,general_info,1.0,,,saptadhatu
overview of pitta,general_info,1.0,,,pitta
why use putranjivaka,herb_benefits,1.0,putranjivaka,,
jalapippali for natural treatment,herb_benefits,1.0,jalapippali,,
information about gunas,general_info,1.0,,,gunas
bacopa therapeutic benefits,herb_benefits,1.0,bacopa,,
overcoming weakness,disease_prediction,1.0,,weakness,
define malas,general_info,1.0,,,malas
intermittent strains,disease_prediction,1.0,,strains,
natural treatment for vomiting,disease_prediction,1.0,,vomiting,
discovering digestion,general_info,1.0,,,digestion
health benefits of chitrakaharitaki,herb_benefits,1.0,chitrakaharitaki,,
what can gokarna treat,herb_benefits,1.0,gokarna,,
examining vata,general_info,1.0,,,vata
learn about rasa,general_info,1.0,,,rasa
tintidika natural medicine,herb_benefits,1.0,tintidika,,
herbal medicine for low energy,disease_prediction,1.0,,low energy,
priyangu wellness benefits,herb_benefits,1.0,priyangu,,
gunas science,general_info,1.0,,,gunas
history of tejas,general_info,1.0,,,tejas
meditation knowledge,general_info,1.0,,,meditation
examining virechana,general_info,1.0,,,virechana
ambasthaki for wellness,herb_benefits,1.0,ambasthaki,,
I've got strains,disease_prediction,1.0,,strains,
what are the principles of traditional medicine,general_info,1.0,,,traditional medicine
medicinal value of alarka,herb_benefits,1.0,alarka,,
body type tradition,general_info,1.0,,,body type
constipation cure,disease_prediction,1.0,,constipation,
health benefits of vida lavana,herb_benefits,1.0,vida lavana,,
science behind detoxification,general_info,1.0,,,detoxification
understanding ojas,general_info,1.0,,,ojas
information about traditional medicine,general_info,1.0,,,traditional medicine
permanent cure for bronchitis,disease_prediction,1.0,,bronchitis,
bacopa therapeutic benefits,herb_benefits,1.0,bacopa,,
herbal medicine basics,general_info,1.0,,,herbal medicine
traditional applications of arka pushpa,herb_benefits,1.0,arka pushpa,,
persistent numbness,disease_prediction,1.0,,numbness,
I'm experiencing abdominal pain,disease_prediction,1.0,,abdominal pain,
therapeutic effects of parpataka,herb_benefits,1.0,parpataka,,
role of alternative medicine,general_info,1.0,,,alternative medicine
what can dhanwantaram gutika treat,herb_benefits,1.0,dhanwantaram gutika,,
intermittent skin rash,disease_prediction,1.0,,skin rash,
what is vrikshamla phala good for,herb_benefits,1.0,vrikshamla phala,,
tintidika for health improvement,herb_benefits,1.0,tintidika,,
want to know about vata,general_info,1.0,,,vata
how to use lodhradi churna,herb_benefits,1.0,lodhradi churna,,
sudden cramps,disease_prediction,1.0,,cramps,
importance of constitution,general_info,1.0,,,constitution
herbal medicine perspective,general_info,1.0,,,herbal medicine
understand rasa,general_info,1.0,,,rasa
ghrita for health,herb_benefits,1.0,ghrita,,
help with blurred vision,disease_prediction,1.0,,blurred vision,
metabolism theory,general_info,1.0,,,metabolism
learning circulation,general_info,1.0,,,circulation
what're the benefits of durva,herb_benefits,1.0,durva,,
healing spasms,disease_prediction,1.0,,spasms,
discovering traditional medicine,general_info,1.0,,,traditional medicine
how to treat vertigo,disease_prediction,1.0,,vertigo,
history of balance,general_info,1.0,,,balance
permanent cure for sleep disorders,disease_prediction,1.0,,sleep disorders,
what makes gambhari phala beneficial,herb_benefits,1.0,gambhari phala,,
dhanyaka for health,herb_benefits,1.0,dhanyaka,,
effective treatment for constipation,disease_prediction,1.0,,constipation,
intermittent cramps,disease_prediction,1.0,,cramps,
permanent cures for sleep disorders,disease_prediction,1.0,,sleep disorders,
benefits of prana,general_info,1.0,,,prana
investigating pitta,general_info,1.0,,,pitta
what can nirgundi taila treat,herb_benefits,1.0,nirgundi taila,,
masi for holistic health,herb_benefits,1.0,masi,,
what is ama,general_info,1.0,,,ama
what makes vasa avaleha beneficial,herb_benefits,1.0,vasa avaleha,,
palandu natural medicine,herb_benefits,1.0,palandu,,
properties of yavasa,herb_benefits,1.0,yavasa,,
therapeutic effects of rasona patra,herb_benefits,1.0,rasona patra,,
agni wisdom,general_info,1.0,,,agni
significance of virya,general_info,1.0,,,virya
tingling cure,disease_prediction,1.0,,tingling,
recurring dry eyes,disease_prediction,1.0,,dry eyes,
I'm suffering from back pain,disease_prediction,1.0,,back pain,
non-toxic remedy for night sweats,disease_prediction,1.0,,night sweats,
energy methodology,general_info,1.0,,,energy
therapeutic applications of centella,herb_benefits,1.0,centella,,
medicinal properties of aja dugdha,herb_benefits,1.0,aja dugdha,,
how to treat oily skin,disease_prediction,1.0,,oily skin,
alternative medicine for numbness,disease_prediction,1.0,,numbness,
therapeutic value of sala,herb_benefits,1.0,sala,,
gajapippali therapeutic benefits,herb_benefits,1.0,gajapippali,,
importance of vata,general_info,1.0,,,vata
discovering temperament,general_info,1.0,,,temperament
reducing vertigo,disease_prediction,1.0,,vertigo,
temperament explained,general_info,1.0,,,temperament
cures for inflammation,disease_prediction,1.0,,inflammation,
holistic health fundamentals,general_info,1.0,,,holistic health
significance of body type,general_info,1.0,,,body type
medicinal applications of ashoka ghrita,herb_benefits,1.0,ashoka ghrita,,
I've got runny nose,disease_prediction,1.0,,runny nose,
trimala theory,general_info,1.0,,,trimala
investigating constitution,general_info,1.0,,,constitution
what does rohitakarishta do,herb_benefits,1.0,rohitakarishta,,
ghrita for health,herb_benefits,1.0,ghrita,,
origin of dosha,general_info,1.0,,,dosha
chandana properties,herb_benefits,1.0,chandana,,
what makes renuka beneficial,herb_benefits,1.0,renuka,,
how does balance work,general_info,1.0,,,balance
intermittent ear pain,disease_prediction,1.0,,ear pain,
sleep apnea cure,disease_prediction,1.0,,sleep apnea,
why use sariva,herb_benefits,1.0,sariva,,
non-toxic remedy for night sweats,disease_prediction,1.0,,night sweats,
shadrasas explained,general_info,1.0,,,shadrasas
eczema treatment,disease_prediction,1.0,,eczema,
saptadhatu concepts,general_info,1.0,,,saptadhatu
principles of prana,general_info,1.0,,,prana
what are the principles of srotas,general_info,1.0,,,srotas
dhatus knowledge,general_info,1.0,,,dhatus
trimala methodology,general_info,1.0,,,trimala
mahatriphala ghrita natural medicine,herb_benefits,1.0,mahatriphala ghrita,,
best medicine for wounds,disease_prediction,1.0,,wounds,
kakoli effects,herb_benefits,1.0,kakoli,,
basics of kapha,general_info,1.0,,,kapha
discovering herbal medicine,general_info,1.0,,,herbal medicine
khadiradi vati medicinal uses,herb_benefits,1.0,khadiradi vati,,
benefits and uses of kushmanda avaleha,herb_benefits,1.0,kushmanda avaleha,,
what does shunthi do,herb_benefits,1.0,shunthi,,
understand saptadhatu,general_info,1.0,,,saptadhatu
tell me about kakoli,herb_benefits,1.0,kakoli,,
recurring muscle pain,disease_prediction,1.0,,muscle pain,
madayantika for holistic health,herb_benefits,1.0,madayantika,,
learn about panchakarma,general_info,1.0,,,panchakarma
why use vidaryadi kashayam,herb_benefits,1.0,vidaryadi kashayam,,
dealing with blurred vision,disease_prediction,1.0,,blurred vision,
ayurvedic treatment for hot flashes,disease_prediction,1.0,,hot flashes,
constant abdominal pain,disease_prediction,1.0,,abdominal pain,
reducing hearing problems,disease_prediction,1.0,,hearing problems,
having weakness,disease_prediction,1.0,,weakness,
examining cleansing,general_info,1.0,,,cleansing
benefits and uses of pushkarmool,herb_benefits,1.0,pushkarmool,,
sudden chest pain,disease_prediction,1.0,,chest pain,
mind-body connection viewpoint,general_info,1.0,,,mind-body connection
balance understanding,general_info,1.0,,,balance
exploring rasa,general_info,1.0,,,rasa
alternative medicine for hearing problems,disease_prediction,1.0,,hearing problems,
intermittent vomiting,disease_prediction,1.0,,vomiting,
overcoming gas,disease_prediction,1.0,,gas,
traditional applications of nimba beeja,herb_benefits,1.0,nimba beeja,,
exploring ojas,general_info,1.0,,,ojas
having chronic fatigue,disease_prediction,1.0,,chronic fatigue,
traditional uses of putikaranja,herb_benefits,1.0,putikaranja,,
relief from numbness,disease_prediction,1.0,,numbness,
origin of kapha,general_info,1.0,,,kapha
panchamahabhutas methodology,general_info,1.0,,,panchamahabhutas
basti theory,general_info,1.0,,,basti
mind-body connection explained,general_info,1.0,,,mind-body connection
best medicine for low energy,disease_prediction,1.0,,low energy,
applications of arjuna,herb_benefits,1.0,arjuna,,
role of vikriti,general_info,1.0,,,vikriti
alternative medicine for psoriasis,disease_prediction,1.0,,psoriasis,
jati effects,herb_benefits,1.0,jati,,
role of circulation,general_info,1.0,,,circulation
information about gokshuradi guggulu,herb_benefits,1.0,gokshuradi guggulu,,
sarja natural medicine,herb_benefits,1.0,sarja,,
medicine for stress,disease_prediction,1.0,,stress,
reducing heartburn,disease_prediction,1.0,,heartburn,
makshika madhu therapeutic benefits,herb_benefits,1.0,makshika madhu,,
sinusitis symptoms,disease_prediction,1.0,,sinusitis,
science behind alternative medicine,general_info,1.0,,,alternative medicine
nutrition knowledge,general_info,1.0,,,nutrition
safe treatment for irregular periods,disease_prediction,1.0,,irregular periods,
kumbhika therapeutic benefits,herb_benefits,1.0,kumbhika,,
herbal medicine for runny nose,disease_prediction,1.0,,runny nose,
psoriasis treatment,disease_prediction,1.0,,psoriasis,
home remedy for strains,disease_prediction,1.0,,strains,
remedy for bloating,disease_prediction,1.0,,bloating,
medicinal effects of masi,herb_benefits,1.0,masi,,
hypertension cure,disease_prediction,1.0,,hypertension,
intermittent low energy,disease_prediction,1.0,,low energy,
constipation cure,disease_prediction,1.0,,constipation,
natural treatment for sinusitis,disease_prediction,1.0,,sinusitis,
managing sore throat,disease_prediction,1.0,,sore throat,
ayurvedic treatment for hot flashes,disease_prediction,1.0,,hot flashes,
alleviating inflammation,disease_prediction,1.0,,inflammation,
eranda properties,herb_benefits,1.0,eranda,,
preventive medicine theory,general_info,1.0,,,preventive medicine
virya understanding,general_info,1.0,,,virya
alleviating sleep apnea,disease_prediction,1.0,,sleep apnea,
benefits of nasya,general_info,1.0,,,nasya
what's patolamuladi kwath good for,herb_benefits,1.0,patolamuladi kwath,,
nag bhasma therapeutic benefits,herb_benefits,1.0,nag bhasma,,
what are the principles of virechana,general_info,1.0,,,virechana
how to use shankha vati,herb_benefits,1.0,shankha vati,,
researching yoga,general_info,1.0,,,yoga
origin of kapha,general_info,1.0,,,kapha
ancient uses of guda,herb_benefits,1.0,guda,,
srotas principles,general_info,1.0,,,srotas
recovering from blurred vision,disease_prediction,1.0,,blurred vision,
bacopa for natural treatment,herb_benefits,1.0,bacopa,,
constant diarrhea,disease_prediction,1.0,,diarrhea,
how to use panchamrita parpati,herb_benefits,1.0,panchamrita parpati,,
phanita therapeutic benefits,herb_benefits,1.0,phanita,,
principles of vikriti,general_info,1.0,,,vikriti
learn about digestion,general_info,1.0,,,digestion
hearing problems symptoms,disease_prediction,1.0,,hearing problems,
chronic swelling,disease_prediction,1.0,,swelling,
guide to dhatus,general_info,1.0,,,dhatus
holistic health practice,general_info,1.0,,,holistic health
yavani natural medicine,herb_benefits,1.0,yavani,,
sudden chest pain,disease_prediction,1.0,,chest pain,
benefits of talisapatra,herb_benefits,1.0,talisapatra,,
fundamentals of metabolism,general_info,1.0,,,metabolism
what are the benefits of kamala kesara,herb_benefits,1.0,kamala kesara,,
researching body type,general_info,1.0,,,body type
benefits of masha,herb_benefits,1.0,masha,,
herbal medicine for night sweats,disease_prediction,1.0,,night sweats,
understanding digestion,general_info,1.0,,,digestion
what is shigru good for,herb_benefits,1.0,shigru,,
exploring ojas,general_info,1.0,,,ojas
digestion viewpoint,general_info,1.0,,,digestion
healing power of tankana bhasma,herb_benefits,1.0,tankana bhasma,,
wellness wisdom,general_info,1.0,,,wellness
define prabhava,general_info,1.0,,,prabhava
help with blurred vision,disease_prediction,1.0,,blurred vision,
therapeutic value of neem,herb_benefits,1.0,neem,,
remedy for mood swings,disease_prediction,1.0,,mood swings,
body type tradition,general_info,1.0,,,body type
detoxification basics,general_info,1.0,,,detoxification
recurring mood swings,disease_prediction,1.0,,mood swings,
quick relief from acne,disease_prediction,1.0,,acne,
natural treatment for sprains,disease_prediction,1.0,,sprains,
tell me about himsra,herb_benefits,1.0,himsra,,
constitution knowledge,general_info,1.0,,,constitution
tingling cure,disease_prediction,1.0,,tingling,
philosophy of vikriti,general_info,1.0,,,vikriti
mind-body connection theory,general_info,1.0,,,mind-body connection
how does madhusnuhi rasayana help,herb_benefits,1.0,madhusnuhi rasayana,,
properties of ushtra dugdha,herb_benefits,1.0,ushtra dugdha,,
therapeutic applications of eladi thailam,herb_benefits,1.0,eladi thailam,,
overcoming weakness,disease_prediction,1.0,,weakness,
panchakarma art,general_info,1.0,,,panchakarma
traditional medicine art,general_info,1.0,,,traditional medicine
info about constitution,general_info,1.0,,,constitution
intermittent hair loss,disease_prediction,1.0,,hair loss,
eczema treatment,disease_prediction,1.0,,eczema,
amra in traditional medicine,herb_benefits,1.0,amra,,
mahatriphala ghrita for health improvement,herb_benefits,1.0,mahatriphala ghrita,,
ear pain cure,disease_prediction,1.0,,ear pain,
kapha viewpoint,general_info,1.0,,,kapha
overcoming diarrhea,disease_prediction,1.0,,diarrhea,
cure for restless legs,disease_prediction,1.0,,restless legs,
panchakarma science,general_info,1.0,,,panchakarma
prabhava tradition,general_info,1.0,,,prabhava
fundamentals of panchakarma,general_info,1.0,,,panchakarma
medicinal value of utpala,herb_benefits,1.0,utpala,,
what are the benefits of draksharishta,herb_benefits,1.0,draksharishta,,
dhanyamla natural medicine,herb_benefits,1.0,dhanyamla,,
kurabaka natural medicine,herb_benefits,1.0,kurabaka,,
relief from irregular periods,disease_prediction,1.0,,irregular periods,
how does kshirabala thailam help,herb_benefits,1.0,kshirabala thailam,,
significance of detoxification,general_info,1.0,,,detoxification
learning vikriti,general_info,1.0,,,vikriti
how to treat stomach ache,disease_prediction,1.0,,stomach ache,
tridosha basics,general_info,1.0,,,tridosha
best medicine for dandruff,disease_prediction,1.0,,dandruff,
tell me about madhukarkati,herb_benefits,1.0,madhukarkati,,
exploring vata,general_info,1.0,,,vata
terminalia natural medicine,herb_benefits,1.0,terminalia,,
managing sore throat,disease_prediction,1.0,,sore throat,
tejapatra for wellness,herb_benefits,1.0,tejapatra,,
fundamentals of harmony,general_info,1.0,,,harmony
non-toxic remedy for stomach ache,disease_prediction,1.0,,stomach ache,
properties of dhatupaushtik churna,herb_benefits,1.0,dhatupaushtik churna,,
chronic gastritis,disease_prediction,1.0,,gastritis,
constant stress,disease_prediction,1.0,,stress,
persistent tingling,disease_prediction,1.0,,tingling,
science behind wellness,general_info,1.0,,,wellness
constant hair loss,disease_prediction,1.0,,hair loss,
yoga viewpoint,general_info,1.0,,,yoga
exploring agni,general_info,1.0,,,agni
traditional cure for swelling,disease_prediction,1.0,,swelling,
ama approach,general_info,1.0,,,ama
health benefits of ambasthaki,herb_benefits,1.0,ambasthaki,,
effective treatment for sleep disorders,disease_prediction,1.0,,sleep disorders,
what makes tilaparni beneficial,herb_benefits,1.0,tilaparni,,
svalpa khadiradi vati effects,herb_benefits,1.0,svalpa khadiradi vati,,
managing menstrual cramps,disease_prediction,1.0,,menstrual cramps,
understanding prakriti,general_info,1.0,,,prakriti
kshara parpati benefits,herb_benefits,1.0,kshara parpati,,
metabolism explained,general_info,1.0,,,metabolism
mind-body connection theory,general_info,1.0,,,mind-body connection
persistent hot flashes,disease_prediction,1.0,,hot flashes,
how does herbal medicine work,general_info,1.0,,,herbal medicine
benefits of dhatus,general_info,1.0,,,dhatus
persistent fatigue,disease_prediction,1.0,,fatigue,
relief from numbness,disease_prediction,1.0,,numbness,
holistic treatment for tingling,disease_prediction,1.0,,tingling,
sore throat symptoms,disease_prediction,1.0,,sore throat,
principles of body type,general_info,1.0,,,body type
chandana therapeutic benefits,herb_benefits,1.0,chandana,,
benefits of body type,general_info,1.0,,,body type
punarnava natural medicine,herb_benefits,1.0,punarnava,,
therapeutic effects of shalparni,herb_benefits,1.0,shalparni,,
natural treatment for burns,disease_prediction,1.0,,burns,
healing hearing problems,disease_prediction,1.0,,hearing problems,
safe treatment for joint pain,disease_prediction,1.0,,joint pain,
safe treatment for hair loss,disease_prediction,1.0,,hair loss,
safe treatment for eye strain,disease_prediction,1.0,,eye strain,
I'm suffering from dry skin,disease_prediction,1.0,,dry skin,
help with low energy,disease_prediction,1.0,,low energy,
holistic treatment for motion sickness,disease_prediction,1.0,,motion sickness,
bhringaraja svarasa in herbal medicine,herb_benefits,1.0,bhringaraja svarasa,,
managing chest pain,disease_prediction,1.0,,chest pain,
introduction to detoxification,general_info,1.0,,,detoxification
brahmi vati nutritional benefits,herb_benefits,1.0,brahmi vati,,
I'm suffering from constipation,disease_prediction,1.0,,constipation,
medicinal effects of vriddhi,herb_benefits,1.0,vriddhi,,
discovering harmony,general_info,1.0,,,harmony
health advantages of rasnairandadi kwath,herb_benefits,1.0,rasnairandadi kwath,,
persistent wounds,disease_prediction,1.0,,wounds,
panchamahabhutas methodology,general_info,1.0,,,panchamahabhutas
information about prapunnada,herb_benefits,1.0,prapunnada,,
why is mastu healthy,herb_benefits,1.0,mastu,,
examining wellness,general_info,1.0,,,wellness
mastu wellness benefits,herb_benefits,1.0,mastu,,
virechana explained,general_info,1.0,,,virechana
ancient uses of aragvadhadi kwath,herb_benefits,1.0,aragvadhadi kwath,,
examining trimala,general_info,1.0,,,trimala
medicinal effects of drakshavaleha,herb_benefits,1.0,drakshavaleha,,
acne cure,disease_prediction,1.0,,acne,
studying virya,general_info,1.0,,,virya
traditional cure for vomiting,disease_prediction,1.0,,vomiting,
safe treatment for eye strain,disease_prediction,1.0,,eye strain,
herbal properties of panchakola churna,herb_benefits,1.0,panchakola churna,,
preventing motion sickness,disease_prediction,1.0,,motion sickness,
therapeutic effects of elakanadi kashayam,herb_benefits,1.0,elakanadi kashayam,,
benefits and uses of azadirachta,herb_benefits,1.0,azadirachta,,
philosophy of rasa,general_info,1.0,,,rasa
I have itching,disease_prediction,1.0,,itching,
kusumbha benefits,herb_benefits,1.0,kusumbha,,
ambasthaki for wellness,herb_benefits,1.0,ambasthaki,,
karkatashringi benefits,herb_benefits,1.0,karkatashringi,,
kushtha nutritional benefits,herb_benefits,1.0,kushtha,,
history of circulation,general_info,1.0,,,circulation
herbal medicine for dizziness,disease_prediction,1.0,,dizziness,
examining vata,general_info,1.0,,,vata
sudden sleep apnea,disease_prediction,1.0,,sleep apnea,
karanja for wellness,herb_benefits,1.0,karanja,,
ambasthaki for wellness,herb_benefits,1.0,ambasthaki,,
how to use hinguvachadi churna,herb_benefits,1.0,hinguvachadi churna,,
natural cure for constipation,disease_prediction,1.0,,constipation,
basics of circulation,general_info,1.0,,,circulation
agnijara benefits,herb_benefits,1.0,agnijara,,
what causes sleep apnea,disease_prediction,1.0,,sleep apnea,
what is patolamuladi kwath good for,herb_benefits,1.0,patolamuladi kwath,,
intermittent fatigue,disease_prediction,1.0,,fatigue,
information about karpasa,herb_benefits,1.0,karpasa,,
gairika medicinal uses,herb_benefits,1.0,gairika,,
information about prakriti,general_info,1.0,,,prakriti
benefits and uses of agnijara,herb_benefits,1.0,agnijara,,
saptadhatu principles,general_info,1.0,,,saptadhatu
pitta art,general_info,1.0,,,pitta
help with hearing problems,disease_prediction,1.0,,hearing problems,
benefits and uses of aparajita,herb_benefits,1.0,aparajita,,
science behind shirodhara,general_info,1.0,,,shirodhara
ayurvedic benefits of utpala,herb_benefits,1.0,utpala,,
origin of ayurveda,general_info,1.0,,,ayurveda
mahanimba nutritional benefits,herb_benefits,1.0,mahanimba,,
I experience spasms,disease_prediction,1.0,,spasms,
shirodhara art,general_info,1.0,,,shirodhara
quick relief from cramps,disease_prediction,1.0,,cramps,
traditional applications of chakragaja,herb_benefits,1.0,chakragaja,,
managing chest pain,disease_prediction,1.0,,chest pain,
I'm suffering from dry skin,disease_prediction,1.0,,dry skin,
controlling restless legs,disease_prediction,1.0,,restless legs,
reducing tinnitus,disease_prediction,1.0,,tinnitus,
what is constitution,general_info,1.0,,,constitution
define malas,general_info,1.0,,,malas
define kapha,general_info,1.0,,,kapha
introduction to panchamahabhutas,general_info,1.0,,,panchamahabhutas
therapeutic value of drakshadi kwath,herb_benefits,1.0,drakshadi kwath,,
parpatakarishta in herbal medicine,herb_benefits,1.0,parpatakarishta,,
how to use sudarshan churna,herb_benefits,1.0,sudarshan churna,,
health benefits of asanadi kwath,herb_benefits,1.0,asanadi kwath,,
I'm suffering from motion sickness,disease_prediction,1.0,,motion sickness,
medicinal applications of shadbindu taila,herb_benefits,1.0,shadbindu taila,,
cures for eye strain,disease_prediction,1.0,,eye strain,
panchakarma art,general_info,1.0,,,panchakarma
natural treatment for vomiting,disease_prediction,1.0,,vomiting,
importance of mind-body connection,general_info,1.0,,,mind-body connection
cure for eye strain,disease_prediction,1.0,,eye strain,
health properties of akarakarabha,herb_benefits,1.0,akarakarabha,,
trimala methodology,general_info,1.0,,,trimala
health properties of manjisthadi kwath,herb_benefits,1.0,manjisthadi kwath,,
tell me about matsyakshi,herb_benefits,1.0,matsyakshi,,
basics of gunas,general_info,1.0,,,gunas
what makes kataka beneficial,herb_benefits,1.0,kataka,,
mild chronic fatigue,disease_prediction,1.0,,chronic fatigue,
discovering alternative medicine,general_info,1.0,,,alternative medicine
benefits of metabolism,general_info,1.0,,,metabolism
dry eyes symptoms,disease_prediction,1.0,,dry eyes,
trivrit healing properties,herb_benefits,1.0,trivrit,,
examining shirodhara,general_info,1.0,,,shirodhara
persistent sleep apnea,disease_prediction,1.0,,sleep apnea,
why use svalpa khadiradi vati,herb_benefits,1.0,svalpa khadiradi vati,,
permanent cure for motion sickness,disease_prediction,1.0,,motion sickness,
dealing with fever,disease_prediction,1.0,,fever,
I have morning sickness,disease_prediction,1.0,,morning sickness,
discovering traditional medicine,general_info,1.0,,,traditional medicine
alternative medicine for acidity,disease_prediction,1.0,,acidity,
natural cure for memory problems,disease_prediction,1.0,,memory problems,
role of traditional medicine,general_info,1.0,,,traditional medicine
how does kharbhuja help,herb_benefits,1.0,kharbhuja,,
medicinal applications of shunthi,herb_benefits,1.0,shunthi,,
researching shadrasas,general_info,1.0,,,shadrasas
healing hot flashes,disease_prediction,1.0,,hot flashes,
natural benefits of latakaranja,herb_benefits,1.0,latakaranja,,
examining traditional medicine,general_info,1.0,,,traditional medicine
fundamentals of balance,general_info,1.0,,,balance
healthy lifestyle tradition,general_info,1.0,,,healthy lifestyle
discovering gunas,general_info,1.0,,,gunas
managing gastritis,disease_prediction,1.0,,gastritis,
kasis bhasma for wellness,herb_benefits,1.0,kasis bhasma,,
medicinal effects of riddhi,herb_benefits,1.0,riddhi,,
vikriti fundamentals,general_info,1.0,,,vikriti
holistic treatment for allergies,disease_prediction,1.0,,allergies,
non-toxic remedy for arthritis,disease_prediction,1.0,,arthritis,
importance of meditation,general_info,1.0,,,meditation
advantages of narikela,herb_benefits,1.0,narikela,,
tamalpatra nutritional benefits,herb_benefits,1.0,tamalpatra,,
alternative medicine system,general_info,1.0,,,alternative medicine
nutrition knowledge,general_info,1.0,,,nutrition
tingling cure,disease_prediction,1.0,,tingling,
somaraji taila nutritional benefits,herb_benefits,1.0,somaraji taila,,
traditional cure for swelling,disease_prediction,1.0,,swelling,
best medicine for low energy,disease_prediction,1.0,,low energy,
explain rasa,general_info,1.0,,,rasa
what causes bronchitis,disease_prediction,1.0,,bronchitis,
chronic fatigue,disease_prediction,1.0,,fatigue,
define kapha,general_info,1.0,,,kapha
karanja healing properties,herb_benefits,1.0,karanja,,
understanding abhyanga,general_info,1.0,,,abhyanga
tell me about tinospora,herb_benefits,1.0,tinospora,,
medicinal effects of sphatika bhasma,herb_benefits,1.0,sphatika bhasma,,
information about dhatus,general_info,1.0,,,dhatus
alternative medicine for restless legs,disease_prediction,1.0,,restless legs,
tamalpatra therapeutic benefits,herb_benefits,1.0,tamalpatra,,
history of nutrition,general_info,1.0,,,nutrition
natural cures for memory problems,disease_prediction,1.0,,memory problems,
diagnosis of depression,disease_prediction,1.0,,depression,
symptoms of nausea,disease_prediction,1.0,,nausea,
recovering from mood swings,disease_prediction,1.0,,mood swings,
exploring ojas,general_info,1.0,,,ojas
advantages of kumbhika,herb_benefits,1.0,kumbhika,,
sleep disorders treatment,disease_prediction,1.0,,sleep disorders,
importance of constitution,general_info,1.0,,,constitution
dosha principles,general_info,1.0,,,dosha
meditation approach,general_info,1.0,,,meditation
studying alternative medicine,general_info,1.0,,,alternative medicine
discovering shirodhara,general_info,1.0,,,shirodhara
karanja healing properties,herb_benefits,1.0,karanja,,
benefits of utpala,herb_benefits,1.0,utpala,,
introduction to holistic health,general_info,1.0,,,holistic health
healing weakness,disease_prediction,1.0,,weakness,
I have weakness,disease_prediction,1.0,,weakness,
natural benefits of bhumyamalaki,herb_benefits,1.0,bhumyamalaki,,
what is pitta,general_info,1.0,,,pitta
I feel sinusitis,disease_prediction,1.0,,sinusitis,
preventive medicine theory,general_info,1.0,,,preventive medicine
trivrit healing properties,herb_benefits,1.0,trivrit,,
sudden morning sickness,disease_prediction,1.0,,morning sickness,
arka ksheera effects,herb_benefits,1.0,arka ksheera,,
mild back pain,disease_prediction,1.0,,back pain,
prabhava tradition,general_info,1.0,,,prabhava
examining shirodhara,general_info,1.0,,,shirodhara
recurring sore throat,disease_prediction,1.0,,sore throat,
non-toxic remedy for hypertension,disease_prediction,1.0,,hypertension,
what is herbal medicine,general_info,1.0,,,herbal medicine
wellness science,general_info,1.0,,,wellness
traditional uses of kasis bhasma,herb_benefits,1.0,kasis bhasma,,
what makes palankya beneficial,herb_benefits,1.0,palankya,,
explain rasa,general_info,1.0,,,rasa
therapeutic applications of madhu,herb_benefits,1.0,madhu,,
treatment for vomiting,disease_prediction,1.0,,vomiting,
what can ginger treat,herb_benefits,1.0,ginger,,
healing power of krimi kuthar rasa,herb_benefits,1.0,krimi kuthar rasa,,
intermittent cold,disease_prediction,1.0,,cold,
overview of srotas,general_info,1.0,,,srotas
jambu in herbal medicine,herb_benefits,1.0,jambu,,
what is haridra good for,herb_benefits,1.0,haridra,,
overcoming diarrhea,disease_prediction,1.0,,diarrhea,
kaishore guggul wellness benefits,herb_benefits,1.0,kaishore guggul,,
basics of kapha,general_info,1.0,,,kapha
significance of abhyanga,general_info,1.0,,,abhyanga
discovering panchamahabhutas,general_info,1.0,,,panchamahabhutas
ancient uses of hajrul yahood bhasma,herb_benefits,1.0,hajrul yahood bhasma,,
philosophy of digestion,general_info,1.0,,,digestion
medicinal effects of sphatika bhasma,herb_benefits,1.0,sphatika bhasma,,
prabhava science,general_info,1.0,,,prabhava
medicinal effects of dhatupaushtik churna,herb_benefits,1.0,dhatupaushtik churna,,
healing power of jivaka,herb_benefits,1.0,jivaka,,
discovering natural healing,general_info,1.0,,,natural healing
snoring cure,disease_prediction,1.0,,snoring,
virya tradition,general_info,1.0,,,virya
healing power of krimighna vati,herb_benefits,1.0,krimighna vati,,
ancient uses of hajrul yahood bhasma,herb_benefits,1.0,hajrul yahood bhasma,,
science behind circulation,general_info,1.0,,,circulation
raupya bhasma in herbal medicine,herb_benefits,1.0,raupya bhasma,,
detoxification principles,general_info,1.0,,,detoxification
eczema treatment,disease_prediction,1.0,,eczema,
define prakriti,general_info,1.0,,,prakriti
philosophy of malas,general_info,1.0,,,malas
shothari loha healing properties,herb_benefits,1.0,shothari loha,,
discovering tejas,general_info,1.0,,,tejas
dadrughna in herbal medicine,herb_benefits,1.0,dadrughna,,
dealing with allergies,disease_prediction,1.0,,allergies,
what is vrikshamla phala good for,herb_benefits,1.0,vrikshamla phala,,
severe irregular periods,disease_prediction,1.0,,irregular periods,
health properties of patrangasava,herb_benefits,1.0,patrangasava,,
I have mood swings,disease_prediction,1.0,,mood swings,
virya understanding,general_info,1.0,,,virya
advantages of changeri,herb_benefits,1.0,changeri,,
info about traditional medicine,general_info,1.0,,,traditional medicine
medicine for diarrhea,disease_prediction,1.0,,diarrhea,
alternative medicine for fatigue,disease_prediction,1.0,,fatigue,
understand vata,general_info,1.0,,,vata
controlling tinnitus,disease_prediction,1.0,,tinnitus,
what causes spasms,disease_prediction,1.0,,spasms,
I suffer from motion sickness,disease_prediction,1.0,,motion sickness,
kusha medicinal uses,herb_benefits,1.0,kusha,,
shankhini effects,herb_benefits,1.0,shankhini,,
understand alternative medicine,general_info,1.0,,,alternative medicine
importance of vikriti,general_info,1.0,,,vikriti
agnijara for natural healing,herb_benefits,1.0,agnijara,,
persistent spasms,disease_prediction,1.0,,spasms,
learning shirodhara,general_info,1.0,,,shirodhara
khadira in traditional medicine,herb_benefits,1.0,khadira,,
rasa perspective,general_info,1.0,,,rasa
eczema treatment,disease_prediction,1.0,,eczema,
natural benefits of riddhi,herb_benefits,1.0,riddhi,,
natural treatment for bloating,disease_prediction,1.0,,bloating,
how does vanapsa help,herb_benefits,1.0,vanapsa,,
temperament theory,general_info,1.0,,,temperament
history of saptadhatu,general_info,1.0,,,saptadhatu
cure for burning sensation,disease_prediction,1.0,,burning sensation,
tell me about tinospora,herb_benefits,1.0,tinospora,,
investigating pitta,general_info,1.0,,,pitta
overcoming tinnitus,disease_prediction,1.0,,tinnitus,
significance of meditation,general_info,1.0,,,meditation
health properties of manjisthadi kwath,herb_benefits,1.0,manjisthadi kwath,,
remedy for weakness,disease_prediction,1.0,,weakness,
herbal medicine for runny nose,disease_prediction,1.0,,runny nose,
herbal properties of vidaryadyasava,herb_benefits,1.0,vidaryadyasava,,
health advantages of kalyanaka ghrita,herb_benefits,1.0,kalyanaka ghrita,,
alternative medicine for hair loss,disease_prediction,1.0,,hair loss,
principles of natural healing,general_info,1.0,,,natural healing
non-toxic remedy for wounds,disease_prediction,1.0,,wounds,
understanding rasa,general_info,1.0,,,rasa
benefits and uses of masi,herb_benefits,1.0,masi,,
significance of virechana,general_info,1.0,,,virechana
information about punarnavadi guggulu,herb_benefits,1.0,punarnavadi guggulu,,
lasunadi vati for health,herb_benefits,1.0,lasunadi vati,,
what is trivanga bhasma good for,herb_benefits,1.0,trivanga bhasma,,
alternative medicine for nausea,disease_prediction,1.0,,nausea,
twak (cinnamon) natural medicine,herb_benefits,1.0,twak (cinnamon),,
having chronic fatigue,disease_prediction,1.0,,chronic fatigue,
treatments for heartburn,disease_prediction,1.0,,heartburn,
reducing abdominal pain,disease_prediction,1.0,,abdominal pain,
kulathadi kwath benefits,herb_benefits,1.0,kulathadi kwath,,
I'm experiencing abdominal pain,disease_prediction,1.0,,abdominal pain,
what causes cuts,disease_prediction,1.0,,cuts,
learn about harmony,general_info,1.0,,,harmony
what are the principles of cleansing,general_info,1.0,,,cleansing
researching holistic health,general_info,1.0,,,holistic health
importance of basti,general_info,1.0,,,basti
medicinal applications of kutaj,herb_benefits,1.0,kutaj,,
what causes muscle pain,disease_prediction,1.0,,muscle pain,
alternative medicine for psoriasis,disease_prediction,1.0,,psoriasis,
recovering from stomach ache,disease_prediction,1.0,,stomach ache,
alleviating psoriasis,disease_prediction,1.0,,psoriasis,
help with hearing problems,disease_prediction,1.0,,hearing problems,
role of ayurveda,general_info,1.0,,,ayurveda
why is takra healthy,herb_benefits,1.0,takra,,
preventing dry skin,disease_prediction,1.0,,dry skin,
mind-body connection explained,general_info,1.0,,,mind-body connection
relief from acne,disease_prediction,1.0,,acne,
mild vertigo,disease_prediction,1.0,,vertigo,
what causes spasms,disease_prediction,1.0,,spasms,
how to treat sleep disorders,disease_prediction,1.0,,sleep disorders,
safe treatment for skin rash,disease_prediction,1.0,,skin rash,
vaikranta bhasma for health improvement,herb_benefits,1.0,vaikranta bhasma,,
preventing bloating,disease_prediction,1.0,,bloating,
palasha properties,herb_benefits,1.0,palasha,,
utingana health effects,herb_benefits,1.0,utingana,,
balarishta for holistic health,herb_benefits,1.0,balarishta,,
yoga understanding,general_info,1.0,,,yoga
I'm experiencing restless legs,disease_prediction,1.0,,restless legs,
define shirodhara,general_info,1.0,,,shirodhara
saptadhatu viewpoint,general_info,1.0,,,saptadhatu
effective treatment for spasms,disease_prediction,1.0,,spasms,
non-toxic remedy for wounds,disease_prediction,1.0,,wounds,
mind-body connection approach,general_info,1.0,,,mind-body connection
how does kasheruka help,herb_benefits,1.0,kasheruka,,
examining gunas,general_info,1.0,,,gunas
I feel sinusitis,disease_prediction,1.0,,sinusitis,
understanding basti,general_info,1.0,,,basti
kulathadi kwath therapeutic benefits,herb_benefits,1.0,kulathadi kwath,,
intermittent strains,disease_prediction,1.0,,strains,
preventing burns,disease_prediction,1.0,,burns,
healing stomach ache,disease_prediction,1.0,,stomach ache,
metabolism tradition,general_info,1.0,,,metabolism
therapeutic effects of elakanadi kashayam,herb_benefits,1.0,elakanadi kashayam,,
I'm experiencing spasms,disease_prediction,1.0,,spasms,
dosha concepts,general_info,1.0,,,dosha
allergies treatment,disease_prediction,1.0,,allergies,
karanja taila for holistic health,herb_benefits,1.0,karanja taila,,
how does immunity work,general_info,1.0,,,immunity
traditional cure for cuts,disease_prediction,1.0,,cuts,
overcoming depression,disease_prediction,1.0,,depression,
fundamentals of circulation,general_info,1.0,,,circulation
natural benefits of bharangi,herb_benefits,1.0,bharangi,,
shadrasas perspective,general_info,1.0,,,shadrasas
importance of ojas,general_info,1.0,,,ojas
alternative medicine for hair loss,disease_prediction,1.0,,hair loss,
medicinal effects of vriddhi,herb_benefits,1.0,vriddhi,,
sudden burns,disease_prediction,1.0,,burns,
significance of body type,general_info,1.0,,,body type
philosophy of natural healing,general_info,1.0,,,natural healing
abhyanga theory,general_info,1.0,,,abhyanga
srotas viewpoint,general_info,1.0,,,srotas
preventing sore throat,disease_prediction,1.0,,sore throat,
importance of virechana,general_info,1.0,,,virechana
herbal properties of swarnapatri,herb_benefits,1.0,swarnapatri,,
information about kshirabala 101 avarti,herb_benefits,1.0,kshirabala 101 avarti,,
I'm experiencing snoring,disease_prediction,1.0,,snoring,
properties of shvet musli,herb_benefits,1.0,shvet musli,,
fundamentals of dosha,general_info,1.0,,,dosha
what causes heartburn,disease_prediction,1.0,,heartburn,
aja dugdha in herbal medicine,herb_benefits,1.0,aja dugdha,,
ama art,general_info,1.0,,,ama
dosha wisdom,general_info,1.0,,,dosha
guide to vikriti,general_info,1.0,,,vikriti
herbal medicine for oily skin,disease_prediction,1.0,,oily skin,
significance of preventive medicine,general_info,1.0,,,preventive medicine
managing depression,disease_prediction,1.0,,depression,
benefits of jivaka,herb_benefits,1.0,jivaka,,
chirabilva therapeutic benefits,herb_benefits,1.0,chirabilva,,
therapeutic applications of madayantika,herb_benefits,1.0,madayantika,,
recovering from cramps,disease_prediction,1.0,,cramps,
diagnosis of hypertension,disease_prediction,1.0,,hypertension,
guide to basti,general_info,1.0,,,basti
mind-body connection theory,general_info,1.0,,,mind-body connection
learn about trimala,general_info,1.0,,,trimala
saptadhatu viewpoint,general_info,1.0,,,saptadhatu
gomeda bhasma effects,herb_benefits,1.0,gomeda bhasma,,
symptoms of indigestion,disease_prediction,1.0,,indigestion,
exploring vata,general_info,1.0,,,vata
information about bimbi,herb_benefits,1.0,bimbi,,
uses of gandharvahastadi kashayam,herb_benefits,1.0,gandharvahastadi kashayam,,
home remedy for allergies,disease_prediction,1.0,,allergies,
giloy satva benefits,herb_benefits,1.0,giloy satva,,
importance of agni,general_info,1.0,,,agni
diagnosis of bloating,disease_prediction,1.0,,bloating,
benefits and uses of mahatiktaka ghrita,herb_benefits,1.0,mahatiktaka ghrita,,
health properties of icchabhedi rasa,herb_benefits,1.0,icchabhedi rasa,,
sthuneyaka in traditional medicine,herb_benefits,1.0,sthuneyaka,,
constant vomiting,disease_prediction,1.0,,vomiting,
dealing with night sweats,disease_prediction,1.0,,night sweats,
medicine for dry skin,disease_prediction,1.0,,dry skin,
properties of gandhak rasayan,herb_benefits,1.0,gandhak rasayan,,
natural benefits of swarnapatri,herb_benefits,1.0,swarnapatri,,
tejas basics,general_info,1.0,,,tejas
principles of vikriti,general_info,1.0,,,vikriti
chronic headache,disease_prediction,1.0,,headache,
shirodhara principles,general_info,1.0,,,shirodhara
recurring sprains,disease_prediction,1.0,,sprains,
virechana perspective,general_info,1.0,,,virechana
overcoming diarrhea,disease_prediction,1.0,,diarrhea,
trimala explained,general_info,1.0,,,trimala
I suffer from night sweats,disease_prediction,1.0,,night sweats,
uses of visha tinduka,herb_benefits,1.0,visha tinduka,,
health benefits of asanadi kwath,herb_benefits,1.0,asanadi kwath,,
best medicine for tingling,disease_prediction,1.0,,tingling,
importance of pitta,general_info,1.0,,,pitta
fundamentals of virechana,general_info,1.0,,,virechana
shuddha guggulu effects,herb_benefits,1.0,shuddha guggulu,,
balance perspective,general_info,1.0,,,balance
what is constitution,general_info,1.0,,,constitution
karanja taila for holistic health,herb_benefits,1.0,karanja taila,,
mild menstrual cramps,disease_prediction,1.0,,menstrual cramps,
natural benefits of udumbara,herb_benefits,1.0,udumbara,,
medicine for burns,disease_prediction,1.0,,burns,
symptoms of oily skin,disease_prediction,1.0,,oily skin,
want to know about digestion,general_info,1.0,,,digestion
benefits of marichyadi vati,herb_benefits,1.0,marichyadi vati,,
simsapa medicinal uses,herb_benefits,1.0,simsapa,,
best medicine for acne,disease_prediction,1.0,,acne,
advantages of icchabhedi rasa,herb_benefits,1.0,icchabhedi rasa,,
history of wellness,general_info,1.0,,,wellness
symptoms of brain fog,disease_prediction,1.0,,brain fog,
herbal medicine for ear pain,disease_prediction,1.0,,ear pain,
origin of constitution,general_info,1.0,,,constitution
importance of energy,general_info,1.0,,,energy
cures for acne,disease_prediction,1.0,,acne,
non-toxic remedy for stress,disease_prediction,1.0,,stress,
ayurvedic benefits of maricha,herb_benefits,1.0,maricha,,
having stress,disease_prediction,1.0,,stress,
understanding abhyanga,general_info,1.0,,,abhyanga
panchakarma viewpoint,general_info,1.0,,,panchakarma
prabhava system,general_info,1.0,,,prabhava
understand metabolism,general_info,1.0,,,metabolism
eladi vati therapeutic benefits,herb_benefits,1.0,eladi vati,,
healthy lifestyle tradition,general_info,1.0,,,healthy lifestyle
natural benefits of sthuneyaka,herb_benefits,1.0,sthuneyaka,,
vidanga in traditional medicine,herb_benefits,1.0,vidanga,,
intermittent ear pain,disease_prediction,1.0,,ear pain,
recurring constipation,disease_prediction,1.0,,constipation,
chandana therapeutic benefits,herb_benefits,1.0,chandana,,
investigating vata,general_info,1.0,,,vata
properties of shuddha guggulu,herb_benefits,1.0,shuddha guggulu,,
what causes muscle pain,disease_prediction,1.0,,muscle pain,
principles of natural healing,general_info,1.0,,,natural healing
herbal properties of swarnapatri,herb_benefits,1.0,swarnapatri,,
investigating virechana,general_info,1.0,,,virechana
traditional cure for eczema,disease_prediction,1.0,,eczema,
guide to prakriti,general_info,1.0,,,prakriti
basics of pitta,general_info,1.0,,,pitta
ama approach,general_info,1.0,,,ama
how does madhusnuhi rasayana help,herb_benefits,1.0,madhusnuhi rasayana,,
recurring eczema,disease_prediction,1.0,,eczema,
wellness system,general_info,1.0,,,wellness
properties of gandhak rasayan,herb_benefits,1.0,gandhak rasayan,,
runny nose symptoms,disease_prediction,1.0,,runny nose,
medicine for itching,disease_prediction,1.0,,itching,
karpooradi thailam for wellness,herb_benefits,1.0,karpooradi thailam,,
principles of shirodhara,general_info,1.0,,,shirodhara
what are the principles of immunity,general_info,1.0,,,immunity
I'm experiencing back pain,disease_prediction,1.0,,back pain,
stress cure,disease_prediction,1.0,,stress,
treatments for dry skin,disease_prediction,1.0,,dry skin,
holistic treatment for blurred vision,disease_prediction,1.0,,blurred vision,
ayurvedic advantages of matsyakshi,herb_benefits,1.0,matsyakshi,,
health properties of satavari ghrita,herb_benefits,1.0,satavari ghrita,,
ancient uses of ketaki,herb_benefits,1.0,ketaki,,
medicinal properties of punarnava,herb_benefits,1.0,punarnava,,
uses of priyangu,herb_benefits,1.0,priyangu,,
herbal properties of black pepper,herb_benefits,1.0,black pepper,,
manjisthadi kwath medicinal uses,herb_benefits,1.0,manjisthadi kwath,,
effective treatments for dandruff,disease_prediction,1.0,,dandruff,
managing inflammation,disease_prediction,1.0,,inflammation,
treatments for morning sickness,disease_prediction,1.0,,morning sickness,
dealing with gas,disease_prediction,1.0,,gas,
dosha approach,general_info,1.0,,,dosha
safe treatments for stress,disease_prediction,1.0,,stress,
constant memory problems,disease_prediction,1.0,,memory problems,
advantages of marichyadi vati,herb_benefits,1.0,marichyadi vati,,
learning shirodhara,general_info,1.0,,,shirodhara
non-toxic remedy for oily skin,disease_prediction,1.0,,oily skin,
quick relief from eczema,disease_prediction,1.0,,eczema,
therapeutic effects of aloe vera,herb_benefits,1.0,aloe vera,,
recurring sprains,disease_prediction,1.0,,sprains,
information about prapunnada,herb_benefits,1.0,prapunnada,,
methi effects,herb_benefits,1.0,methi,,
sudden psoriasis,disease_prediction,1.0,,psoriasis,
detoxification theory,general_info,1.0,,,detoxification
learn about saptadhatu,general_info,1.0,,,saptadhatu
persistent asthma,disease_prediction,1.0,,asthma,
controlling swelling,disease_prediction,1.0,,swelling,
how does nasya work,general_info,1.0,,,nasya
vidaryadi ghrita remedy uses,herb_benefits,1.0,vidaryadi ghrita,,
traditional uses of nimba beeja,herb_benefits,1.0,nimba beeja,,
why use makoy,herb_benefits,1.0,makoy,,
lasunadi vati for natural healing,herb_benefits,1.0,lasunadi vati,,
I feel headache,disease_prediction,1.0,,headache,
what causes hearing problems,disease_prediction,1.0,,hearing problems,
what does himsra do,herb_benefits,1.0,himsra,,
emblica for health,herb_benefits,1.0,emblica,,
history of shadrasas,general_info,1.0,,,shadrasas
virechana explained,general_info,1.0,,,virechana
fundamentals of agni,general_info,1.0,,,agni
researching prabhava,general_info,1.0,,,prabhava
introduction to agni,general_info,1.0,,,agni
alternative medicine for hair loss,disease_prediction,1.0,,hair loss,
how to treat sinusitis,disease_prediction,1.0,,sinusitis,
srotas methodology,general_info,1.0,,,srotas
dealing with heartburn,disease_prediction,1.0,,heartburn,
properties of gulakanda,herb_benefits,1.0,gulakanda,,
alternative medicine for fatigue,disease_prediction,1.0,,fatigue,
explain circulation,general_info,1.0,,,circulation
kadali pushpa natural medicine,herb_benefits,1.0,kadali pushpa,,
overcoming gas,disease_prediction,1.0,,gas,
sneezing symptoms,disease_prediction,1.0,,sneezing,
simhanada guggulu healing properties,herb_benefits,1.0,simhanada guggulu,,
philosophy of malas,general_info,1.0,,,malas
alleviating night sweats,disease_prediction,1.0,,night sweats,
shothari loha healing properties,herb_benefits,1.0,shothari loha,,
natural advantages of neelibringadi thailam,herb_benefits,1.0,neelibringadi thailam,,
applications of visha tinduka,herb_benefits,1.0,visha tinduka,,
therapeutic effects of gotu kola,herb_benefits,1.0,gotu kola,,
preventing mood swings,disease_prediction,1.0,,mood swings,
arka in traditional medicine,herb_benefits,1.0,arka,,
studying prabhava,general_info,1.0,,,prabhava
healthy lifestyle methodology,general_info,1.0,,,healthy lifestyle
natural benefits of swarnapatri,herb_benefits,1.0,swarnapatri,,
significance of detoxification,general_info,1.0,,,detoxification
I'm suffering from hair loss,disease_prediction,1.0,,hair loss,
medicinal applications of manibhadra guda,herb_benefits,1.0,manibhadra guda,,
ayurveda understanding,general_info,1.0,,,ayurveda
exploring natural healing,general_info,1.0,,,natural healing
I'm suffering from back pain,disease_prediction,1.0,,back pain,
kankataka for holistic health,herb_benefits,1.0,kankataka,,
detoxification principles,general_info,1.0,,,detoxification
define cleansing,general_info,1.0,,,cleansing
benefits of prabhava,general_info,1.0,,,prabhava
how to treat night sweats,disease_prediction,1.0,,night sweats,
researching meditation,general_info,1.0,,,meditation
meditation approach,general_info,1.0,,,meditation
overcoming hypertension,disease_prediction,1.0,,hypertension,
significance of preventive medicine,general_info,1.0,,,preventive medicine
panchamahabhutas concepts,general_info,1.0,,,panchamahabhutas
dealing with bronchitis,disease_prediction,1.0,,bronchitis,
guide to meditation,general_info,1.0,,,meditation
quick relief from anxiety,disease_prediction,1.0,,anxiety,
fundamentals of natural healing,general_info,1.0,,,natural healing
medicine for burns,disease_prediction,1.0,,burns,
natural cures for night sweats,disease_prediction,1.0,,night sweats,
tridosha knowledge,general_info,1.0,,,tridosha
benefits of ayurveda,general_info,1.0,,,ayurveda
science behind tridosha,general_info,1.0,,,tridosha
parpataka natural medicine,herb_benefits,1.0,parpataka,,
neelam pishti for natural treatment,herb_benefits,1.0,neelam pishti,,
discovering vata,general_info,1.0,,,vata
chandana properties,herb_benefits,1.0,chandana,,
dhanyaka for health,herb_benefits,1.0,dhanyaka,,
ayurvedic benefits of dhanwantaram thailam,herb_benefits,1.0,dhanwantaram thailam,,
healing spasms,disease_prediction,1.0,,spasms,
philosophy of tridosha,general_info,1.0,,,tridosha
harmony theory,general_info,1.0,,,harmony
exploring vata,general_info,1.0,,,vata
properties of gulakanda,herb_benefits,1.0,gulakanda,,
how to treat sleep disorders,disease_prediction,1.0,,sleep disorders,
chakramarda for health,herb_benefits,1.0,chakramarda,,
discovering digestion,general_info,1.0,,,digestion
origin of dosha,general_info,1.0,,,dosha
gairika in traditional medicine,herb_benefits,1.0,gairika,,
I have eczema,disease_prediction,1.0,,eczema,
I'm experiencing bloating,disease_prediction,1.0,,bloating,
want to know about pranayama,general_info,1.0,,,pranayama
home remedy for irregular periods,disease_prediction,1.0,,irregular periods,
therapeutic effects of ajmoda,herb_benefits,1.0,ajmoda,,
treatment for motion sickness,disease_prediction,1.0,,motion sickness,
shirodhara art,general_info,1.0,,,shirodhara
investigating prana,general_info,1.0,,,prana
significance of prana,general_info,1.0,,,prana
somaraji taila nutritional benefits,herb_benefits,1.0,somaraji taila,,
amritarishta for health,herb_benefits,1.0,amritarishta,,
exploring ojas,general_info,1.0,,,ojas
kasis bhasma for wellness,herb_benefits,1.0,kasis bhasma,,
remedy for gas,disease_prediction,1.0,,gas,
discovering prana,general_info,1.0,,,prana
treatment for wounds,disease_prediction,1.0,,wounds,
changeri ghrita for natural treatment,herb_benefits,1.0,changeri ghrita,,
why is chitraka moola healthy,herb_benefits,1.0,chitraka moola,,
therapeutic value of vidari,herb_benefits,1.0,vidari,,
controlling gastritis,disease_prediction,1.0,,gastritis,
persistent fatigue,disease_prediction,1.0,,fatigue,
what causes vomiting,disease_prediction,1.0,,vomiting,
what makes dhanwantaram gutika beneficial,herb_benefits,1.0,dhanwantaram gutika,,
how can kasheruka help,herb_benefits,1.0,kasheruka,,
panchakarma practice,general_info,1.0,,,panchakarma
constant asthma,disease_prediction,1.0,,asthma,
vata understanding,general_info,1.0,,,vata
introduction to prakriti,general_info,1.0,,,prakriti
what makes haridra beneficial,herb_benefits,1.0,haridra,,
durva uses,herb_benefits,1.0,durva,,
constant abdominal pain,disease_prediction,1.0,,abdominal pain,
properties of ksheera,herb_benefits,1.0,ksheera,,
trimala tradition,general_info,1.0,,,trimala
medicine for skin rash,disease_prediction,1.0,,skin rash,
traditional uses of babbula,herb_benefits,1.0,babbula,,
why use shalparni,herb_benefits,1.0,shalparni,,
properties of madanaphala,herb_benefits,1.0,madanaphala,,
intermittent cramps,disease_prediction,1.0,,cramps,
tell me about meditation,general_info,1.0,,,meditation
exploring healthy lifestyle,general_info,1.0,,,healthy lifestyle
relief from headache,disease_prediction,1.0,,headache,
chronic swelling,disease_prediction,1.0,,swelling,
prana fundamentals,general_info,1.0,,,prana
madhuka in traditional medicine,herb_benefits,1.0,madhuka,,
tejas tradition,general_info,1.0,,,tejas
what is harmony,general_info,1.0,,,harmony
principles of shirodhara,general_info,1.0,,,shirodhara
herbal properties of nag bhasma,herb_benefits,1.0,nag bhasma,,
healing power of lakshadi thailam,herb_benefits,1.0,lakshadi thailam,,
medicinal applications of triphala,herb_benefits,1.0,triphala,,
tell me about natural healing,general_info,1.0,,,natural healing
healing sprains,disease_prediction,1.0,,sprains,
having snoring,disease_prediction,1.0,,snoring,
advantages of ashoka ghrita,herb_benefits,1.0,ashoka ghrita,,
help with depression,disease_prediction,1.0,,depression,
I'm experiencing spasms,disease_prediction,1.0,,spasms,
treatment for brain fog,disease_prediction,1.0,,brain fog,
intermittent ear pain,disease_prediction,1.0,,ear pain,
ksheera for natural treatment,herb_benefits,1.0,ksheera,,
how does kasheruka help,herb_benefits,1.0,kasheruka,,
therapeutic effects of ajmoda,herb_benefits,1.0,ajmoda,,
kakajangha medicinal uses,herb_benefits,1.0,kakajangha,,
srotas perspective,general_info,1.0,,,srotas
preventive medicine methodology,general_info,1.0,,,preventive medicine
traditional medicine fundamentals,general_info,1.0,,,traditional medicine
what are the principles of rasa,general_info,1.0,,,rasa
help with blurred vision,disease_prediction,1.0,,blurred vision,
meditation viewpoint,general_info,1.0,,,meditation
detoxification concepts,general_info,1.0,,,detoxification
how does varuna help,herb_benefits,1.0,varuna,,
prana practice,general_info,1.0,,,prana
significance of virya,general_info,1.0,,,virya
shigru nutritional benefits,herb_benefits,1.0,shigru,,
understanding ojas,general_info,1.0,,,ojas
simhamoola properties,herb_benefits,1.0,simhamoola,,
why use shunthi,herb_benefits,1.0,shunthi,,
pippali natural medicine,herb_benefits,1.0,pippali,,
dealing with bronchitis,disease_prediction,1.0,,bronchitis,
swarnapatri for health improvement,herb_benefits,1.0,swarnapatri,,
kumbhika therapeutic benefits,herb_benefits,1.0,kumbhika,,
preventive medicine practice,general_info,1.0,,,preventive medicine
I suffer from stomach ache,disease_prediction,1.0,,stomach ache,
history of trimala,general_info,1.0,,,trimala
recurring heartburn,disease_prediction,1.0,,heartburn,
properties of kankataka,herb_benefits,1.0,kankataka,,
quick relief from dry eyes,disease_prediction,1.0,,dry eyes,
natural treatment for itching,disease_prediction,1.0,,itching,
treatments for sprains,disease_prediction,1.0,,sprains,
understanding agni,general_info,1.0,,,agni
intermittent wounds,disease_prediction,1.0,,wounds,
acne treatment,disease_prediction,1.0,,acne,
I have chronic fatigue,disease_prediction,1.0,,chronic fatigue,
properties of shukti bhasma,herb_benefits,1.0,shukti bhasma,,
how does wellness work,general_info,1.0,,,wellness
panchamahabhutas methodology,general_info,1.0,,,panchamahabhutas
herbal properties of kamala kesara,herb_benefits,1.0,kamala kesara,,
ushiradi churna for wellness,herb_benefits,1.0,ushiradi churna,,
medicine for tinnitus,disease_prediction,1.0,,tinnitus,
learning nutrition,general_info,1.0,,,nutrition
sudden diabetes,disease_prediction,1.0,,diabetes,
therapeutic applications of saptaparna,herb_benefits,1.0,saptaparna,,
I'm experiencing bloating,disease_prediction,1.0,,bloating,
reducing sleep disorders,disease_prediction,1.0,,sleep disorders,
therapeutic effects of aloe vera,herb_benefits,1.0,aloe vera,,
non-toxic remedy for strains,disease_prediction,1.0,,strains,
understand panchakarma,general_info,1.0,,,panchakarma
shankhpushpi effects,herb_benefits,1.0,shankhpushpi,,
learning vikriti,general_info,1.0,,,vikriti
what makes vasa avaleha beneficial,herb_benefits,1.0,vasa avaleha,,
detoxification philosophy,general_info,1.0,,,detoxification
shadrasas knowledge,general_info,1.0,,,shadrasas
benefits of balance,general_info,1.0,,,balance
healthy lifestyle tradition,general_info,1.0,,,healthy lifestyle
why use shigru,herb_benefits,1.0,shigru,,
therapeutic effects of swarnapatri,herb_benefits,1.0,swarnapatri,,
I'm experiencing ear pain,disease_prediction,1.0,,ear pain,
science behind gunas,general_info,1.0,,,gunas
panchamahabhutas wisdom,general_info,1.0,,,panchamahabhutas
how does tridosha work,general_info,1.0,,,tridosha
what makes nagabala beneficial,herb_benefits,1.0,nagabala,,
health properties of yakuti rasayana,herb_benefits,1.0,yakuti rasayana,,
natural benefits of latakaranja,herb_benefits,1.0,latakaranja,,
information about saptadhatu,general_info,1.0,,,saptadhatu
safe treatments for indigestion,disease_prediction,1.0,,indigestion,
benefits and uses of nimbadi churna,herb_benefits,1.0,nimbadi churna,,
best medicine for hearing problems,disease_prediction,1.0,,hearing problems,
how does eranda help,herb_benefits,1.0,eranda,,
alternative medicine for hearing problems,disease_prediction,1.0,,hearing problems,
how does kasamarda help,herb_benefits,1.0,kasamarda,,
history of nutrition,general_info,1.0,,,nutrition
what's shirodhara,general_info,1.0,,,shirodhara
vikriti fundamentals,general_info,1.0,,,vikriti
circulation philosophy,general_info,1.0,,,circulation
safe treatment for weakness,disease_prediction,1.0,,weakness,
ghrita for health,herb_benefits,1.0,ghrita,,
gojihva effects,herb_benefits,1.0,gojihva,,
recurring mood swings,disease_prediction,1.0,,mood swings,
advantages of bhurja,herb_benefits,1.0,bhurja,,
home remedy for allergies,disease_prediction,1.0,,allergies,
information about punarnavadi guggulu,herb_benefits,1.0,punarnavadi guggulu,,
advantages of jivaka,herb_benefits,1.0,jivaka,,
I'm suffering from psoriasis,disease_prediction,1.0,,psoriasis,
alternative medicine for night sweats,disease_prediction,1.0,,night sweats,
yavani natural medicine,herb_benefits,1.0,yavani,,
how to treat bloating,disease_prediction,1.0,,bloating,
overview of ama,general_info,1.0,,,ama
ushira nutritional benefits,herb_benefits,1.0,ushira,,
what are the principles of virechana,general_info,1.0,,,virechana
persistent spasms,disease_prediction,1.0,,spasms,
examining srotas,general_info,1.0,,,srotas
symptoms of brain fog,disease_prediction,1.0,,brain fog,
kalmegh for wellness,herb_benefits,1.0,kalmegh,,
I'm experiencing wounds,disease_prediction,1.0,,wounds,
uses of ocimum,herb_benefits,1.0,ocimum,,
non-toxic remedy for night sweats,disease_prediction,1.0,,night sweats,
why is mastu healthy,herb_benefits,1.0,mastu,,
role of healthy lifestyle,general_info,1.0,,,healthy lifestyle
severe gastritis,disease_prediction,1.0,,gastritis,
constitution practice,general_info,1.0,,,constitution
what is energy,general_info,1.0,,,energy
akika pishti therapeutic benefits,herb_benefits,1.0,akika pishti,,
ancient uses of bakuchi,herb_benefits,1.0,bakuchi,,
tintidika natural medicine,herb_benefits,1.0,tintidika,,
role of abhyanga,general_info,1.0,,,abhyanga
vajra bhasma for natural treatment,herb_benefits,1.0,vajra bhasma,,
benefits of prakriti,general_info,1.0,,,prakriti
shigru nutritional benefits,herb_benefits,1.0,shigru,,
discovering panchamahabhutas,general_info,1.0,,,panchamahabhutas
immunity wisdom,general_info,1.0,,,immunity
basics of kapha,general_info,1.0,,,kapha
alleviating stomach ache,disease_prediction,1.0,,stomach ache,
holistic treatment for cold,disease_prediction,1.0,,cold,
advantages of karnikara,herb_benefits,1.0,karnikara,,
I'm suffering from oily skin,disease_prediction,1.0,,oily skin,
what makes palankya beneficial,herb_benefits,1.0,palankya,,
I have depression,disease_prediction,1.0,,depression,
chronic abdominal pain,disease_prediction,1.0,,abdominal pain,
vrihi for natural healing,herb_benefits,1.0,vrihi,,
malas tradition,general_info,1.0,,,malas
what makes fenugreek beneficial,herb_benefits,1.0,fenugreek,,
srotas understanding,general_info,1.0,,,srotas
researching mind-body connection,general_info,1.0,,,mind-body connection
holistic health viewpoint,general_info,1.0,,,holistic health
medicinal applications of ashoka ghrita,herb_benefits,1.0,ashoka ghrita,,
natural cure for night sweats,disease_prediction,1.0,,night sweats,
marichyadi vati benefits,herb_benefits,1.0,marichyadi vati,,
healing wounds,disease_prediction,1.0,,wounds,
vajra bhasma uses,herb_benefits,1.0,vajra bhasma,,
discovering agni,general_info,1.0,,,agni
how to use hinguvachadi churna,herb_benefits,1.0,hinguvachadi churna,,
benefits and applications of rajapravartini vati,herb_benefits,1.0,rajapravartini vati,,
effective treatment for chronic fatigue,disease_prediction,1.0,,chronic fatigue,
what does phala ghrita do,herb_benefits,1.0,phala ghrita,,
significance of ama,general_info,1.0,,,ama
vyaghri haritaki for wellness,herb_benefits,1.0,vyaghri haritaki,,
what is hijal good for,herb_benefits,1.0,hijal,,
examining wellness,general_info,1.0,,,wellness
kusha medicinal uses,herb_benefits,1.0,kusha,,
giloy satva for natural healing,herb_benefits,1.0,giloy satva,,
diarrhea treatment,disease_prediction,1.0,,diarrhea,
holistic treatment for stomach ache,disease_prediction,1.0,,stomach ache,
why is kshirabala 101 avarti healthy,herb_benefits,1.0,kshirabala 101 avarti,,
karpasasthyadi thailam benefits,herb_benefits,1.0,karpasasthyadi thailam,,
vata system,general_info,1.0,,,vata
information about arjunarishta,herb_benefits,1.0,arjunarishta,,
what are the principles of rasa,general_info,1.0,,,rasa
how to treat hot flashes,disease_prediction,1.0,,hot flashes,
what causes heartburn,disease_prediction,1.0,,heartburn,
principles of malas,general_info,1.0,,,malas
medicinal applications of shadbindu taila,herb_benefits,1.0,shadbindu taila,,
sudden chest pain,disease_prediction,1.0,,chest pain,
why use pippali moola,herb_benefits,1.0,pippali moola,,
gambhari phala therapeutic benefits,herb_benefits,1.0,gambhari phala,,
constant dry skin,disease_prediction,1.0,,dry skin,
properties of gulakanda,herb_benefits,1.0,gulakanda,,
overview of wellness,general_info,1.0,,,wellness
researching shadrasas,general_info,1.0,,,shadrasas
health benefits of haritaki,herb_benefits,1.0,haritaki,,
ajmoda wellness benefits,herb_benefits,1.0,ajmoda,,
giloy satva for natural healing,herb_benefits,1.0,giloy satva,,
home remedy for allergies,disease_prediction,1.0,,allergies,
I feel menstrual cramps,disease_prediction,1.0,,menstrual cramps,
define malas,general_info,1.0,,,malas
introduction to constitution,general_info,1.0,,,constitution
natural benefits of riddhi,herb_benefits,1.0,riddhi,,
role of abhyanga,general_info,1.0,,,abhyanga
introduction to panchamahabhutas,general_info,1.0,,,panchamahabhutas
srotas viewpoint,general_info,1.0,,,srotas
gunja remedy uses,herb_benefits,1.0,gunja,,
body type perspective,general_info,1.0,,,body type
traditional medicine science,general_info,1.0,,,traditional medicine
chronic fatigue,disease_prediction,1.0,,fatigue,
non-toxic remedy for abdominal pain,disease_prediction,1.0,,abdominal pain,
quick relief from dry eyes,disease_prediction,1.0,,dry eyes,
natural benefits of ingudi,herb_benefits,1.0,ingudi,,
relief from chronic fatigue,disease_prediction,1.0,,chronic fatigue,
what causes dry skin,disease_prediction,1.0,,dry skin,
snoring cure,disease_prediction,1.0,,snoring,
dhamargava natural medicine,herb_benefits,1.0,dhamargava,,
benefits and uses of guggulutiktakam ghritam,herb_benefits,1.0,guggulutiktakam ghritam,,
introduction to body type,general_info,1.0,,,body type
advantages of dhataki,herb_benefits,1.0,dhataki,,
benefits and uses of rajapravartini vati,herb_benefits,1.0,rajapravartini vati,,
eladi vati therapeutic benefits,herb_benefits,1.0,eladi vati,,
detoxification theory,general_info,1.0,,,detoxification
what are the benefits of durva,herb_benefits,1.0,durva,,
origin of ojas,general_info,1.0,,,ojas
philosophy of basti,general_info,1.0,,,basti
tejas tradition,general_info,1.0,,,tejas
introduction to constitution,general_info,1.0,,,constitution
medicinal effects of ashwattha,herb_benefits,1.0,ashwattha,,
abhyanga art,general_info,1.0,,,abhyanga
studying wellness,general_info,1.0,,,wellness
non-toxic remedy for arthritis,disease_prediction,1.0,,arthritis,
alternative medicine for morning sickness,disease_prediction,1.0,,morning sickness,
persistent sleep apnea,disease_prediction,1.0,,sleep apnea,
natural benefits of udumbara,herb_benefits,1.0,udumbara,,
sphatika bhasma therapeutic benefits,herb_benefits,1.0,sphatika bhasma,,
how to treat allergies,disease_prediction,1.0,,allergies,
hamsapadi for natural treatment,herb_benefits,1.0,hamsapadi,,
cure for numbness,disease_prediction,1.0,,numbness,
origin of ayurveda,general_info,1.0,,,ayurveda
twak (cinnamon) natural medicine,herb_benefits,1.0,twak (cinnamon),,
saptadhatu concepts,general_info,1.0,,,saptadhatu
how does pradarantak lauh help,herb_benefits,1.0,pradarantak lauh,,
sudden cramps,disease_prediction,1.0,,cramps,
overcoming diarrhea,disease_prediction,1.0,,diarrhea,
principles of body type,general_info,1.0,,,body type
talisadi churna in traditional medicine,herb_benefits,1.0,talisadi churna,,
eczema treatment,disease_prediction,1.0,,eczema,
what does madhu do,herb_benefits,1.0,madhu,,
define cleansing,general_info,1.0,,,cleansing
why is siddha makardhwaj healthy,herb_benefits,1.0,siddha makardhwaj,,
chronic wounds,disease_prediction,1.0,,wounds,
how does kasamarda help,herb_benefits,1.0,kasamarda,,
managing gastritis,disease_prediction,1.0,,gastritis,
intermittent ear pain,disease_prediction,1.0,,ear pain,
how can varshabhu help,herb_benefits,1.0,varshabhu,,
severe burning sensation,disease_prediction,1.0,,burning sensation,
ayurvedic benefits of simhamoola,herb_benefits,1.0,simhamoola,,
preventive medicine science,general_info,1.0,,,preventive medicine
reducing sleep disorders,disease_prediction,1.0,,sleep disorders,
therapeutic applications of saptaparna,herb_benefits,1.0,saptaparna,,
guloochyadi kashayam healing properties,herb_benefits,1.0,guloochyadi kashayam,,
having vertigo,disease_prediction,1.0,,vertigo,
trivanga bhasma for health improvement,herb_benefits,1.0,trivanga bhasma,,
aja dugdha medicinal uses,herb_benefits,1.0,aja dugdha,,
kuntalakanti tailam for health improvement,herb_benefits,1.0,kuntalakanti tailam,,
I feel oily skin,disease_prediction,1.0,,oily skin,
constitution perspective,general_info,1.0,,,constitution
shirodhara theory,general_info,1.0,,,shirodhara
what are the benefits of kamala kesara,herb_benefits,1.0,kamala kesara,,
advantages of talisapatra,herb_benefits,1.0,talisapatra,,
saindhava lavana for health improvement,herb_benefits,1.0,saindhava lavana,,
snoring cure,disease_prediction,1.0,,snoring,
inflammation treatment,disease_prediction,1.0,,inflammation,
philosophy of malas,general_info,1.0,,,malas
quick relief from bruising,disease_prediction,1.0,,bruising,
discovering agni,general_info,1.0,,,agni
medicine for asthma,disease_prediction,1.0,,asthma,
history of ama,general_info,1.0,,,ama
ayurvedic treatment for gas,disease_prediction,1.0,,gas,
why is kshirabala 101 avarti healthy,herb_benefits,1.0,kshirabala 101 avarti,,
ayurvedic benefits of vetasa,herb_benefits,1.0,vetasa,,
ayurvedic treatment for hot flashes,disease_prediction,1.0,,hot flashes,
shirodhara knowledge,general_info,1.0,,,shirodhara
remedy for sore throat,disease_prediction,1.0,,sore throat,
home remedy for sinusitis,disease_prediction,1.0,,sinusitis,
what are the advantages of kamala kesara,herb_benefits,1.0,kamala kesara,,
information about shirodhara,general_info,1.0,,,shirodhara
what are the advantages of kharbhuja,herb_benefits,1.0,kharbhuja,,
alleviating brain fog,disease_prediction,1.0,,brain fog,
overcoming depression,disease_prediction,1.0,,depression,
immunity wisdom,general_info,1.0,,,immunity
learning panchamahabhutas,general_info,1.0,,,panchamahabhutas
therapeutic applications of madayantika,herb_benefits,1.0,madayantika,,
symptoms of brain fog,disease_prediction,1.0,,brain fog,
medicinal value of sarpaksi,herb_benefits,1.0,sarpaksi,,
understand natural healing,general_info,1.0,,,natural healing
constant cramps,disease_prediction,1.0,,cramps,
history of trimala,general_info,1.0,,,trimala
ayurvedic benefits of chitrak,herb_benefits,1.0,chitrak,,
saptadhatu theory,general_info,1.0,,,saptadhatu
karmaranga natural medicine,herb_benefits,1.0,karmaranga,,
trimala tradition,general_info,1.0,,,trimala
vatsanabha in traditional medicine,herb_benefits,1.0,vatsanabha,,
basics of vikriti,general_info,1.0,,,vikriti
why use sariva,herb_benefits,1.0,sariva,,
basics of balance,general_info,1.0,,,balance
immunity tradition,general_info,1.0,,,immunity
fundamentals of metabolism,general_info,1.0,,,metabolism
recurring dry eyes,disease_prediction,1.0,,dry eyes,
role of traditional medicine,general_info,1.0,,,traditional medicine
trimala explained,general_info,1.0,,,trimala
what causes dry skin,disease_prediction,1.0,,dry skin,
intermittent sneezing,disease_prediction,1.0,,sneezing,
recurring dry eyes,disease_prediction,1.0,,dry eyes,
properties of dhatupaushtik churna,herb_benefits,1.0,dhatupaushtik churna,,
controlling concentration issues,disease_prediction,1.0,,concentration issues,
giloy satva benefits,herb_benefits,1.0,giloy satva,,
herbal medicine for cough,disease_prediction,1.0,,cough,
learn about harmony,general_info,1.0,,,harmony
holistic treatment for joint pain,disease_prediction,1.0,,joint pain,
prapunnada natural medicine,herb_benefits,1.0,prapunnada,,
examining holistic health,general_info,1.0,,,holistic health
how does sarivadyasava help,herb_benefits,1.0,sarivadyasava,,
define wellness,general_info,1.0,,,wellness
understand natural healing,general_info,1.0,,,natural healing
investigating tejas,general_info,1.0,,,tejas
fundamentals of vata,general_info,1.0,,,vata
what makes kataka beneficial,herb_benefits,1.0,kataka,,
prana art,general_info,1.0,,,prana
dosha principles,general_info,1.0,,,dosha
agni art,general_info,1.0,,,agni
treatment for wounds,disease_prediction,1.0,,wounds,
discovering yoga,general_info,1.0,,,yoga
diagnosis of hypertension,disease_prediction,1.0,,hypertension,
kantakari benefits,herb_benefits,1.0,kantakari,,
importance of agni,general_info,1.0,,,agni
I'm suffering from psoriasis,disease_prediction,1.0,,psoriasis,
herbal medicine basics,general_info,1.0,,,herbal medicine
tell me about detoxification,general_info,1.0,,,detoxification
guide to panchakarma,general_info,1.0,,,panchakarma
controlling snoring,disease_prediction,1.0,,snoring,
rasnairandadi kwath nutritional benefits,herb_benefits,1.0,rasnairandadi kwath,,
herbal properties of panchakola churna,herb_benefits,1.0,panchakola churna,,
how to use musta,herb_benefits,1.0,musta,,
inflammation treatment,disease_prediction,1.0,,inflammation,
therapeutic effects of fenugreek,herb_benefits,1.0,fenugreek,,
constant fever,disease_prediction,1.0,,fever,
diagnosis of cramps,disease_prediction,1.0,,cramps,
what makes kushmanda avaleha beneficial,herb_benefits,1.0,kushmanda avaleha,,
severe irregular periods,disease_prediction,1.0,,irregular periods,
role of ama,general_info,1.0,,,ama
healing wounds,disease_prediction,1.0,,wounds,
what does himasagara thailam do,herb_benefits,1.0,himasagara thailam,,
kutajarishta nutritional benefits,herb_benefits,1.0,kutajarishta,,
quick relief from hearing problems,disease_prediction,1.0,,hearing problems,
introduction to detoxification,general_info,1.0,,,detoxification
best medicine for mood swings,disease_prediction,1.0,,mood swings,
ajmoda wellness benefits,herb_benefits,1.0,ajmoda,,
virya system,general_info,1.0,,,virya
mild dandruff,disease_prediction,1.0,,dandruff,
panchamahabhutas methodology,general_info,1.0,,,panchamahabhutas
overview of energy,general_info,1.0,,,energy
ancient uses of kuntalakanti tailam,herb_benefits,1.0,kuntalakanti tailam,,
rasa methodology,general_info,1.0,,,rasa
traditional applications of kaharuba pishti,herb_benefits,1.0,kaharuba pishti,,
kasis bhasma natural medicine,herb_benefits,1.0,kasis bhasma,,
prana explained,general_info,1.0,,,prana
intermittent cramps,disease_prediction,1.0,,cramps,
permanent cure for fatigue,disease_prediction,1.0,,fatigue,
energy science,general_info,1.0,,,energy
basics of traditional medicine,general_info,1.0,,,traditional medicine
basics of meditation,general_info,1.0,,,meditation
meditation system,general_info,1.0,,,meditation
principles of yoga,general_info,1.0,,,yoga
ayurvedic treatment for memory problems,disease_prediction,1.0,,memory problems,
traditional uses of kasis bhasma,herb_benefits,1.0,kasis bhasma,,
advantages of narikela,herb_benefits,1.0,narikela,,
herbal properties of nimba beeja,herb_benefits,1.0,nimba beeja,,
help with eczema,disease_prediction,1.0,,eczema,
dhamasa in herbal medicine,herb_benefits,1.0,dhamasa,,
patola patra nutritional benefits,herb_benefits,1.0,patola patra,,
investigating constitution,general_info,1.0,,,constitution
medicinal applications of kaishore guggul,herb_benefits,1.0,kaishore guggul,,
what makes nagabala beneficial,herb_benefits,1.0,nagabala,,
what causes bronchitis,disease_prediction,1.0,,bronchitis,
medicine for night sweats,disease_prediction,1.0,,night sweats,
immunity art,general_info,1.0,,,immunity
sinusitis symptoms,disease_prediction,1.0,,sinusitis,
what does kaharuba pishti do,herb_benefits,1.0,kaharuba pishti,,
discovering virya,general_info,1.0,,,virya
harmony viewpoint,general_info,1.0,,,harmony
danti uses,herb_benefits,1.0,danti,,
therapeutic value of amlaparni,herb_benefits,1.0,amlaparni,,
natural treatment for vomiting,disease_prediction,1.0,,vomiting,
therapeutic value of vyoshadi vati,herb_benefits,1.0,vyoshadi vati,,
what are the benefits of dhanyamla,herb_benefits,1.0,dhanyamla,,
healing motion sickness,disease_prediction,1.0,,motion sickness,
studying panchamahabhutas,general_info,1.0,,,panchamahabhutas
home remedy for joint pain,disease_prediction,1.0,,joint pain,
significance of yoga,general_info,1.0,,,yoga
philosophy of basti,general_info,1.0,,,basti
home remedy for sprains,disease_prediction,1.0,,sprains,
therapeutic effects of shalparni,herb_benefits,1.0,shalparni,,
sore throat symptoms,disease_prediction,1.0,,sore throat,
what causes hair loss,disease_prediction,1.0,,hair loss,
surana for natural treatment,herb_benefits,1.0,surana,,
sleep apnea cure,disease_prediction,1.0,,sleep apnea,
herbal properties of tila,herb_benefits,1.0,tila,,
constant sore throat,disease_prediction,1.0,,sore throat,
fundamentals of natural healing,general_info,1.0,,,natural healing
alleviating sleep apnea,disease_prediction,1.0,,sleep apnea,
persistent asthma,disease_prediction,1.0,,asthma,
safe treatment for abdominal pain,disease_prediction,1.0,,abdominal pain,
sudden numbness,disease_prediction,1.0,,numbness,
persistent ear pain,disease_prediction,1.0,,ear pain,
trimala fundamentals,general_info,1.0,,,trimala
information about mashaparni,herb_benefits,1.0,mashaparni,,
constant hair loss,disease_prediction,1.0,,hair loss,
preventing mood swings,disease_prediction,1.0,,mood swings,
dealing with heartburn,disease_prediction,1.0,,heartburn,
triphala guggulu for health,herb_benefits,1.0,triphala guggulu,,
history of holistic health,general_info,1.0,,,holistic health
having dry eyes,disease_prediction,1.0,,dry eyes,
best medicine for wounds,disease_prediction,1.0,,wounds,
role of constitution,general_info,1.0,,,constitution
eranda properties,herb_benefits,1.0,eranda,,
best medicine for ear pain,disease_prediction,1.0,,ear pain,
medicinal applications of somaraji taila,herb_benefits,1.0,somaraji taila,,
basics of agni,general_info,1.0,,,agni
eranda taila medicinal uses,herb_benefits,1.0,eranda taila,,
alleviating low energy,disease_prediction,1.0,,low energy,
detoxification fundamentals,general_info,1.0,,,detoxification
benefits and uses of pushkarmool,herb_benefits,1.0,pushkarmool,,
changeri ghrita health effects,herb_benefits,1.0,changeri ghrita,,
dosha approach,general_info,1.0,,,dosha
how does brihatyadi kashayam help,herb_benefits,1.0,brihatyadi kashayam,,
energy methodology,general_info,1.0,,,energy
natural cure for night sweats,disease_prediction,1.0,,night sweats,
intermittent wounds,disease_prediction,1.0,,wounds,
learn about pranayama,general_info,1.0,,,pranayama
tell me about withania,herb_benefits,1.0,withania,,
uses of arjuna,herb_benefits,1.0,arjuna,,
herbal medicine principles,general_info,1.0,,,herbal medicine
understanding meditation,general_info,1.0,,,meditation
japa remedy uses,herb_benefits,1.0,japa,,
explain natural healing,general_info,1.0,,,natural healing
therapeutic applications of vriddhi,herb_benefits,1.0,vriddhi,,
panchamahabhutas viewpoint,general_info,1.0,,,panchamahabhutas
chavya therapeutic benefits,herb_benefits,1.0,chavya,,
dealing with mood swings,disease_prediction,1.0,,mood swings,
gomeda bhasma effects,herb_benefits,1.0,gomeda bhasma,,
bibhitaki wellness benefits,herb_benefits,1.0,bibhitaki,,
researching detoxification,general_info,1.0,,,detoxification
dosha explained,general_info,1.0,,,dosha
treatment for sprains,disease_prediction,1.0,,sprains,
basics of balance,general_info,1.0,,,balance
ayurvedic treatments for gas,disease_prediction,1.0,,gas,
permanent cure for motion sickness,disease_prediction,1.0,,motion sickness,
kalajaji remedy uses,herb_benefits,1.0,kalajaji,,
basics of meditation,general_info,1.0,,,meditation
overview of wellness,general_info,1.0,,,wellness
what does kasheruka do,herb_benefits,1.0,kasheruka,,
how to use masha,herb_benefits,1.0,masha,,
sudden sleep apnea,disease_prediction,1.0,,sleep apnea,
vajra bhasma for natural treatment,herb_benefits,1.0,vajra bhasma,,
relief from acne,disease_prediction,1.0,,acne,
history of saptadhatu,general_info,1.0,,,saptadhatu
medicinal effects of bijapura,herb_benefits,1.0,bijapura,,
lajjalu in traditional medicine,herb_benefits,1.0,lajjalu,,
chyawanprash uses,herb_benefits,1.0,chyawanprash,,
svalpa khadiradi vati effects,herb_benefits,1.0,svalpa khadiradi vati,,
alleviating psoriasis,disease_prediction,1.0,,psoriasis,
herbal properties of vidaryadyasava,herb_benefits,1.0,vidaryadyasava,,
significance of vikriti,general_info,1.0,,,vikriti
medicinal value of alarka,herb_benefits,1.0,alarka,,
history of meditation,general_info,1.0,,,meditation
panchamahabhutas principles,general_info,1.0,,,panchamahabhutas
circulation philosophy,general_info,1.0,,,circulation
explain pranayama,general_info,1.0,,,pranayama
kalmegh for wellness,herb_benefits,1.0,kalmegh,,
diagnosis of cough,disease_prediction,1.0,,cough,
health benefits of asanadi kwath,herb_benefits,1.0,asanadi kwath,,
ayurvedic treatment for arthritis,disease_prediction,1.0,,arthritis,
controlling sinusitis,disease_prediction,1.0,,sinusitis,
holistic treatment for hypertension,disease_prediction,1.0,,hypertension,
benefits of eranda patra,herb_benefits,1.0,eranda patra,,
kapha art,general_info,1.0,,,kapha
relief from tinnitus,disease_prediction,1.0,,tinnitus,
overcoming weakness,disease_prediction,1.0,,weakness,
importance of tejas,general_info,1.0,,,tejas
sala properties,herb_benefits,1.0,sala,,
alternative medicine for acne,disease_prediction,1.0,,acne,
help with snoring,disease_prediction,1.0,,snoring,
studying body type,general_info,1.0,,,body type
matulunga rasa therapeutic benefits,herb_benefits,1.0,matulunga rasa,,
tell me about akika pishti,herb_benefits,1.0,akika pishti,,
treatment for motion sickness,disease_prediction,1.0,,motion sickness,
yoga basics,general_info,1.0,,,yoga
amra haridra benefits,herb_benefits,1.0,amra haridra,,
history of natural healing,general_info,1.0,,,natural healing
gorakhmundi natural medicine,herb_benefits,1.0,gorakhmundi,,
giloy satva for natural healing,herb_benefits,1.0,giloy satva,,
amalaki rasayana therapeutic benefits,herb_benefits,1.0,amalaki rasayana,,
origin of detoxification,general_info,1.0,,,detoxification
intermittent spasms,disease_prediction,1.0,,spasms,
having weakness,disease_prediction,1.0,,weakness,
relief from irregular periods,disease_prediction,1.0,,irregular periods,
giloy satva for natural healing,herb_benefits,1.0,giloy satva,,
kantakari benefits,herb_benefits,1.0,kantakari,,
jalapippali for natural treatment,herb_benefits,1.0,jalapippali,,
traditional medicine tradition,general_info,1.0,,,traditional medicine
learn about immunity,general_info,1.0,,,immunity
changeri healing properties,herb_benefits,1.0,changeri,,
traditional medicine art,general_info,1.0,,,traditional medicine
therapeutic value of pushkarmool,herb_benefits,1.0,pushkarmool,,
what's body type,general_info,1.0,,,body type
origin of holistic health,general_info,1.0,,,holistic health
examining harmony,general_info,1.0,,,harmony
alleviating strains,disease_prediction,1.0,,strains,
understanding meditation,general_info,1.0,,,meditation
symptoms of bruising,disease_prediction,1.0,,bruising,
tell me about prabhava,general_info,1.0,,,prabhava
how to treat bloating,disease_prediction,1.0,,bloating,
why is tintidika healthy,herb_benefits,1.0,tintidika,,
learn about rasa,general_info,1.0,,,rasa
examining cleansing,general_info,1.0,,,cleansing
understand vata,general_info,1.0,,,vata
intermittent fatigue,disease_prediction,1.0,,fatigue,
harmony perspective,general_info,1.0,,,harmony
centella for health,herb_benefits,1.0,centella,,
therapeutic applications of varunadi kashayam,herb_benefits,1.0,varunadi kashayam,,
examining alternative medicine,general_info,1.0,,,alternative medicine
kuntalakanti tailam for health improvement,herb_benefits,1.0,kuntalakanti tailam,,
fundamentals of prabhava,general_info,1.0,,,prabhava
tagar uses,herb_benefits,1.0,tagar,,
remedy for fever,disease_prediction,1.0,,fever,
medicinal applications of shadbindu taila,herb_benefits,1.0,shadbindu taila,,
ayurvedic advantages of gulakanda,herb_benefits,1.0,gulakanda,,
permanent cure for sinusitis,disease_prediction,1.0,,sinusitis,
holistic treatment for tingling,disease_prediction,1.0,,tingling,
cinnamon for natural treatment,herb_benefits,1.0,cinnamon,,
intermittent acidity,disease_prediction,1.0,,acidity,
utpala medicinal uses,herb_benefits,1.0,utpala,,
medicinal properties of kalamba,herb_benefits,1.0,kalamba,,
investigating detoxification,general_info,1.0,,,detoxification
srotas science,general_info,1.0,,,srotas
digestion principles,general_info,1.0,,,digestion
information about arjunarishta,herb_benefits,1.0,arjunarishta,,
reducing burns,disease_prediction,1.0,,burns,
hypertension cure,disease_prediction,1.0,,hypertension,
diagnosis of chest pain,disease_prediction,1.0,,chest pain,
detoxification philosophy,general_info,1.0,,,detoxification
I'm suffering from numbness,disease_prediction,1.0,,numbness,
kulathadi kwath therapeutic benefits,herb_benefits,1.0,kulathadi kwath,,
uses of vamsha,herb_benefits,1.0,vamsha,,
guide to healthy lifestyle,general_info,1.0,,,healthy lifestyle
temperament wisdom,general_info,1.0,,,temperament
overcoming depression,disease_prediction,1.0,,depression,
healing sprains,disease_prediction,1.0,,sprains,
how to treat muscle pain,disease_prediction,1.0,,muscle pain,
cure for burning sensation,disease_prediction,1.0,,burning sensation,
prana art,general_info,1.0,,,prana
methi effects,herb_benefits,1.0,methi,,
treatment for itching,disease_prediction,1.0,,itching,
what does vaiswanara churna do,herb_benefits,1.0,vaiswanara churna,,
controlling sneezing,disease_prediction,1.0,,sneezing,
ancient uses of aparajita,herb_benefits,1.0,aparajita,,
dealing with mood swings,disease_prediction,1.0,,mood swings,
benefits of holistic health,general_info,1.0,,,holistic health
tell me about meda,herb_benefits,1.0,meda,,
rasa perspective,general_info,1.0,,,rasa
effective treatments for insomnia,disease_prediction,1.0,,insomnia,
having oily skin,disease_prediction,1.0,,oily skin,
healing hearing problems,disease_prediction,1.0,,hearing problems,
principles of panchamahabhutas,general_info,1.0,,,panchamahabhutas
cleansing understanding,general_info,1.0,,,cleansing
hearing problems symptoms,disease_prediction,1.0,,hearing problems,
remedy for concentration issues,disease_prediction,1.0,,concentration issues,
healing power of vetasa,herb_benefits,1.0,vetasa,,
natural benefits of ingudi,herb_benefits,1.0,ingudi,,
treatment for sprains,disease_prediction,1.0,,sprains,
benefits and uses of aparajita,herb_benefits,1.0,aparajita,,
severe burning sensation,disease_prediction,1.0,,burning sensation,
medicinal properties of prabhakar vati,herb_benefits,1.0,prabhakar vati,,
help with sleep apnea,disease_prediction,1.0,,sleep apnea,
gajapippali therapeutic benefits,herb_benefits,1.0,gajapippali,,
managing bruising,disease_prediction,1.0,,bruising,
investigating vikriti,general_info,1.0,,,vikriti
ancient uses of chitraka moola,herb_benefits,1.0,chitraka moola,,
alleviating heartburn,disease_prediction,1.0,,heartburn,
explain meditation,general_info,1.0,,,meditation
severe irregular periods,disease_prediction,1.0,,irregular periods,
what are the principles of tridosha,general_info,1.0,,,tridosha
recovering from mood swings,disease_prediction,1.0,,mood swings,
define wellness,general_info,1.0,,,wellness
medicinal applications of kaishore guggul,herb_benefits,1.0,kaishore guggul,,
reducing vertigo,disease_prediction,1.0,,vertigo,
quick relief from gastritis,disease_prediction,1.0,,gastritis,
chronic fatigue treatment,disease_prediction,1.0,,chronic fatigue,
define prakriti,general_info,1.0,,,prakriti
fundamentals of meditation,general_info,1.0,,,meditation
home remedy for gas,disease_prediction,1.0,,gas,
how to treat hearing problems,disease_prediction,1.0,,hearing problems,
narikela lavana in herbal medicine,herb_benefits,1.0,narikela lavana,,
benefits of bhunimba,herb_benefits,1.0,bhunimba,,
holistic treatment for ear pain,disease_prediction,1.0,,ear pain,
trimala art,general_info,1.0,,,trimala
understanding meditation,general_info,1.0,,,meditation
therapeutic value of kovidara,herb_benefits,1.0,kovidara,,
what causes bronchitis,disease_prediction,1.0,,bronchitis,
jatyadi ghrita health effects,herb_benefits,1.0,jatyadi ghrita,,
how does vanapsa help,herb_benefits,1.0,vanapsa,,
remedy for burning sensation,disease_prediction,1.0,,burning sensation,
basics of traditional medicine,general_info,1.0,,,traditional medicine
kanmad bhasma nutritional benefits,herb_benefits,1.0,kanmad bhasma,,
sukumara kashayam therapeutic benefits,herb_benefits,1.0,sukumara kashayam,,
traditional cure for swelling,disease_prediction,1.0,,swelling,
home remedy for irregular periods,disease_prediction,1.0,,irregular periods,
natural treatments for vomiting,disease_prediction,1.0,,vomiting,
benefits of ayurveda,general_info,1.0,,,ayurveda
explain alternative medicine,general_info,1.0,,,alternative medicine
alternative medicine viewpoint,general_info,1.0,,,alternative medicine
ojas knowledge,general_info,1.0,,,ojas
how to treat hearing problems,disease_prediction,1.0,,hearing problems,
dealing with fever,disease_prediction,1.0,,fever,
symptoms of oily skin,disease_prediction,1.0,,oily skin,
medicinal value of shvet musli,herb_benefits,1.0,shvet musli,,
harmony wisdom,general_info,1.0,,,harmony
therapeutic applications of eladi thailam,herb_benefits,1.0,eladi thailam,,
principles of trimala,general_info,1.0,,,trimala
amra haridra benefits,herb_benefits,1.0,amra haridra,,
benefits and uses of matulunga,herb_benefits,1.0,matulunga,,
meditation approach,general_info,1.0,,,meditation
permanent cures for fatigue,disease_prediction,1.0,,fatigue,
reducing spasms,disease_prediction,1.0,,spasms,
remedy for asthma,disease_prediction,1.0,,asthma,
pitta viewpoint,general_info,1.0,,,pitta
overview of shadrasas,general_info,1.0,,,shadrasas
recovering from hot flashes,disease_prediction,1.0,,hot flashes,
quick relief from indigestion,disease_prediction,1.0,,indigestion,
how to treat burns,disease_prediction,1.0,,burns,
masha nutritional benefits,herb_benefits,1.0,masha,,
medicine for burns,disease_prediction,1.0,,burns,
what is patola good for,herb_benefits,1.0,patola,,
how to treat skin rash,disease_prediction,1.0,,skin rash,
holistic treatment for sore throat,disease_prediction,1.0,,sore throat,
arka ksheera effects,herb_benefits,1.0,arka ksheera,,
what are the principles of cleansing,general_info,1.0,,,cleansing
sarpaksi for holistic health,herb_benefits,1.0,sarpaksi,,
what is constitution,general_info,1.0,,,constitution
non-toxic remedy for stomach ache,disease_prediction,1.0,,stomach ache,
alleviating hypertension,disease_prediction,1.0,,hypertension,
benefits of natural healing,general_info,1.0,,,natural healing
pranayama understanding,general_info,1.0,,,pranayama
examining ayurveda,general_info,1.0,,,ayurveda
danti moola for health,herb_benefits,1.0,danti moola,,
nimba beeja natural medicine,herb_benefits,1.0,nimba beeja,,
recurring sneezing,disease_prediction,1.0,,sneezing,
alternative medicine for acidity,disease_prediction,1.0,,acidity,
introduction to yoga,general_info,1.0,,,yoga
learn about vata,general_info,1.0,,,vata
remedy for weakness,disease_prediction,1.0,,weakness,
overcoming anxiety,disease_prediction,1.0,,anxiety,
researching wellness,general_info,1.0,,,wellness
diagnosis of brain fog,disease_prediction,1.0,,brain fog,
therapeutic value of karpura (camphor),herb_benefits,1.0,karpura (camphor),,
herbal medicine for mood swings,disease_prediction,1.0,,mood swings,
vikriti concepts,general_info,1.0,,,vikriti
medicinal properties of gulakanda,herb_benefits,1.0,gulakanda,,
shvet musli healing properties,herb_benefits,1.0,shvet musli,,
natural benefits of sarshapa taila,herb_benefits,1.0,sarshapa taila,,
herbal properties of rajapravartini vati,herb_benefits,1.0,rajapravartini vati,,
best medicine for dandruff,disease_prediction,1.0,,dandruff,
quick relief from gastritis,disease_prediction,1.0,,gastritis,
philosophy of virechana,general_info,1.0,,,virechana
tell me about himsra,herb_benefits,1.0,himsra,,
ushiradi churna for wellness,herb_benefits,1.0,ushiradi churna,,
herbal properties of rajapravartini vati,herb_benefits,1.0,rajapravartini vati,,
fundamentals of immunity,general_info,1.0,,,immunity
herbal properties of vidaryadyasava,herb_benefits,1.0,vidaryadyasava,,
what is energy,general_info,1.0,,,energy
uses of arka,herb_benefits,1.0,arka,,
medicinal properties of punarnava,herb_benefits,1.0,punarnava,,
persistent asthma,disease_prediction,1.0,,asthma,
matulunga rasa therapeutic benefits,herb_benefits,1.0,matulunga rasa,,
researching prabhava,general_info,1.0,,,prabhava
why use varahikanda,herb_benefits,1.0,varahikanda,,
controlling restless legs,disease_prediction,1.0,,restless legs,
what causes bronchitis,disease_prediction,1.0,,bronchitis,
sprains treatment,disease_prediction,1.0,,sprains,
manjisthadi kwath medicinal uses,herb_benefits,1.0,manjisthadi kwath,,
what's patola good for,herb_benefits,1.0,patola,,
panchamahabhutas philosophy,general_info,1.0,,,panchamahabhutas
natural benefits of prapunnada,herb_benefits,1.0,prapunnada,,
introduction to panchamahabhutas,general_info,1.0,,,panchamahabhutas
immunity art,general_info,1.0,,,immunity
shringyadi churna medicinal uses,herb_benefits,1.0,shringyadi churna,,
importance of kapha,general_info,1.0,,,kapha
I feel indigestion,disease_prediction,1.0,,indigestion,
chronic swelling,disease_prediction,1.0,,swelling,
what causes cramps,disease_prediction,1.0,,cramps,
tejas practice,general_info,1.0,,,tejas
medicinal applications of manibhadra guda,herb_benefits,1.0,manibhadra guda,,
prana philosophy,general_info,1.0,,,prana
relief from irregular periods,disease_prediction,1.0,,irregular periods,
alternative medicine for acidity,disease_prediction,1.0,,acidity,
healing itching,disease_prediction,1.0,,itching,
investigating constitution,general_info,1.0,,,constitution
cleansing tradition,general_info,1.0,,,cleansing
benefits and uses of matulunga,herb_benefits,1.0,matulunga,,
stress cure,disease_prediction,1.0,,stress,
ayurvedic benefits of ghrita,herb_benefits,1.0,ghrita,,
understand abhyanga,general_info,1.0,,,abhyanga
ama approach,general_info,1.0,,,ama
investigating nutrition,general_info,1.0,,,nutrition
simhamoola properties,herb_benefits,1.0,simhamoola,,
guide to panchakarma,general_info,1.0,,,panchakarma
what is body type,general_info,1.0,,,body type
tamalpatra therapeutic benefits,herb_benefits,1.0,tamalpatra,,
saptadhatu concepts,general_info,1.0,,,saptadhatu
intermittent joint pain,disease_prediction,1.0,,joint pain,
benefits of holistic health,general_info,1.0,,,holistic health
philosophy of body type,general_info,1.0,,,body type
medicinal applications of rohitaka,herb_benefits,1.0,rohitaka,,
origin of kapha,general_info,1.0,,,kapha
panchakarma practice,general_info,1.0,,,panchakarma
learn about immunity,general_info,1.0,,,immunity
severe burning sensation,disease_prediction,1.0,,burning sensation,
information about ahiphena,herb_benefits,1.0,ahiphena,,
tulsi health effects,herb_benefits,1.0,tulsi,,
why use shigru,herb_benefits,1.0,shigru,,
reducing dry eyes,disease_prediction,1.0,,dry eyes,
benefits of nasya,general_info,1.0,,,nasya
properties of shvet musli,herb_benefits,1.0,shvet musli,,
origin of kapha,general_info,1.0,,,kapha
mild eye strain,disease_prediction,1.0,,eye strain,
researching mind-body connection,general_info,1.0,,,mind-body connection
therapeutic value of drakshadi kwath,herb_benefits,1.0,drakshadi kwath,,
ayurvedic benefits of shalparni,herb_benefits,1.0,shalparni,,
severe irregular periods,disease_prediction,1.0,,irregular periods,
basti explained,general_info,1.0,,,basti
tejas tradition,general_info,1.0,,,tejas
explain cleansing,general_info,1.0,,,cleansing
uses of gandharvahastadi kashayam,herb_benefits,1.0,gandharvahastadi kashayam,,
overcoming weakness,disease_prediction,1.0,,weakness,
dhattura for health improvement,herb_benefits,1.0,dhattura,,
understanding abhyanga,general_info,1.0,,,abhyanga
philosophy of ojas,general_info,1.0,,,ojas
cures for night sweats,disease_prediction,1.0,,night sweats,
diagnosis of hypertension,disease_prediction,1.0,,hypertension,
origin of herbal medicine,general_info,1.0,,,herbal medicine
alleviating brain fog,disease_prediction,1.0,,brain fog,
investigating pitta,general_info,1.0,,,pitta
abhyanga theory,general_info,1.0,,,abhyanga
karkatashringi benefits,herb_benefits,1.0,karkatashringi,,
overcoming depression,disease_prediction,1.0,,depression,
grinjana healing properties,herb_benefits,1.0,grinjana,,
how to use neem,herb_benefits,1.0,neem,,
basti fundamentals,general_info,1.0,,,basti
advantages of hingvashtak churna,herb_benefits,1.0,hingvashtak churna,,
kankataka for holistic health,herb_benefits,1.0,kankataka,,
advantages of utpala,herb_benefits,1.0,utpala,,
best medicine for psoriasis,disease_prediction,1.0,,psoriasis,
role of constitution,general_info,1.0,,,constitution
health benefits of vida lavana,herb_benefits,1.0,vida lavana,,
digestion basics,general_info,1.0,,,digestion
what are the principles of rasa,general_info,1.0,,,rasa
uses of gandharvahastadi kashayam,herb_benefits,1.0,gandharvahastadi kashayam,,
traditional medicine viewpoint,general_info,1.0,,,traditional medicine
constant menstrual cramps,disease_prediction,1.0,,menstrual cramps,
natural healing art,general_info,1.0,,,natural healing
I'm experiencing snoring,disease_prediction,1.0,,snoring,
studying energy,general_info,1.0,,,energy
medicinal value of murva,herb_benefits,1.0,murva,,
reducing heartburn,disease_prediction,1.0,,heartburn,
triphala guggulu for health,herb_benefits,1.0,triphala guggulu,,
examining wellness,general_info,1.0,,,wellness
virya wisdom,general_info,1.0,,,virya
kalajaji remedy uses,herb_benefits,1.0,kalajaji,,
patola patra nutritional benefits,herb_benefits,1.0,patola patra,,
what is natural healing,general_info,1.0,,,natural healing
science behind srotas,general_info,1.0,,,srotas
understand prabhava,general_info,1.0,,,prabhava
benefits of masha,herb_benefits,1.0,masha,,
tagar uses,herb_benefits,1.0,tagar,,
amra in traditional medicine,herb_benefits,1.0,amra,,
role of vikriti,general_info,1.0,,,vikriti
constant heartburn,disease_prediction,1.0,,heartburn,
medicinal applications of kaishore guggul,herb_benefits,1.0,kaishore guggul,,
traditional cure for cramps,disease_prediction,1.0,,cramps,
how does healthy lifestyle work,general_info,1.0,,,healthy lifestyle
exploring agni,general_info,1.0,,,agni
quick relief from heartburn,disease_prediction,1.0,,heartburn,
studying wellness,general_info,1.0,,,wellness
trimala understanding,general_info,1.0,,,trimala
exploring healthy lifestyle,general_info,1.0,,,healthy lifestyle
balance viewpoint,general_info,1.0,,,balance
philosophy of gunas,general_info,1.0,,,gunas
recovering from hot flashes,disease_prediction,1.0,,hot flashes,
vajra bhasma uses,herb_benefits,1.0,vajra bhasma,,
quick relief from heartburn,disease_prediction,1.0,,heartburn,
traditional applications of gymnema,herb_benefits,1.0,gymnema,,
constant oily skin,disease_prediction,1.0,,oily skin,
herbal medicine methodology,general_info,1.0,,,herbal medicine
lajjalu in traditional medicine,herb_benefits,1.0,lajjalu,,
ayurveda understanding,general_info,1.0,,,ayurveda
chronic stomach ache,disease_prediction,1.0,,stomach ache,
natural cure for memory problems,disease_prediction,1.0,,memory problems,
I have runny nose,disease_prediction,1.0,,runny nose,
dealing with blurred vision,disease_prediction,1.0,,blurred vision,
ambasthaki properties,herb_benefits,1.0,ambasthaki,,
examining srotas,general_info,1.0,,,srotas
what are the benefits of ksheera,herb_benefits,1.0,ksheera,,
principles of prabhava,general_info,1.0,,,prabhava
guide to dhatus,general_info,1.0,,,dhatus
recurring stress,disease_prediction,1.0,,stress,
ama approach,general_info,1.0,,,ama
help with memory problems,disease_prediction,1.0,,memory problems,
benefits and uses of pushkarmool,herb_benefits,1.0,pushkarmool,,
medicinal value of shvet musli,herb_benefits,1.0,shvet musli,,
learn about immunity,general_info,1.0,,,immunity
overview of herbal medicine,general_info,1.0,,,herbal medicine
trivanga bhasma for health improvement,herb_benefits,1.0,trivanga bhasma,,
dealing with strains,disease_prediction,1.0,,strains,
information about suranjana,herb_benefits,1.0,suranjana,,
shankhini effects,herb_benefits,1.0,shankhini,,
what are the principles of cleansing,general_info,1.0,,,cleansing
recurring heartburn,disease_prediction,1.0,,heartburn,
how to use neem,herb_benefits,1.0,neem,,
detoxification philosophy,general_info,1.0,,,detoxification
turmeric properties,herb_benefits,1.0,turmeric,,
what can dhanwantaram gutika treat,herb_benefits,1.0,dhanwantaram gutika,,
traditional uses of andrographis,herb_benefits,1.0,andrographis,,
history of shadrasas,general_info,1.0,,,shadrasas
how does nimba patra help,herb_benefits,1.0,nimba patra,,
why use shigru,herb_benefits,1.0,shigru,,
guide to vikriti,general_info,1.0,,,vikriti
examining gunas,general_info,1.0,,,gunas
upodika for health improvement,herb_benefits,1.0,upodika,,
alternative medicine tradition,general_info,1.0,,,alternative medicine
natural benefits of sarshapa taila,herb_benefits,1.0,sarshapa taila,,
dosha approach,general_info,1.0,,,dosha
science behind alternative medicine,general_info,1.0,,,alternative medicine
managing asthma,disease_prediction,1.0,,asthma,
advantages of alarka,herb_benefits,1.0,alarka,,
kakajangha in herbal medicine,herb_benefits,1.0,kakajangha,,
intermittent acidity,disease_prediction,1.0,,acidity,
I have morning sickness,disease_prediction,1.0,,morning sickness,
role of constitution,general_info,1.0,,,constitution
why use svalpa khadiradi vati,herb_benefits,1.0,svalpa khadiradi vati,,
stress cure,disease_prediction,1.0,,stress,
rohitaka for health,herb_benefits,1.0,rohitaka,,
nutrition concepts,general_info,1.0,,,nutrition
quick relief from sprains,disease_prediction,1.0,,sprains,
vikriti system,general_info,1.0,,,vikriti
medicinal value of phala kalyana ghrita,herb_benefits,1.0,phala kalyana ghrita,,
dhattura for health improvement,herb_benefits,1.0,dhattura,,
persistent spasms,disease_prediction,1.0,,spasms,
body type fundamentals,general_info,1.0,,,body type
importance of vata,general_info,1.0,,,vata
controlling itching,disease_prediction,1.0,,itching,
learning pranayama,general_info,1.0,,,pranayama
uses of hinguleshwar ras,herb_benefits,1.0,hinguleshwar ras,,
medicinal applications of pravala pishti,herb_benefits,1.0,pravala pishti,,
role of mind-body connection,general_info,1.0,,,mind-body connection
therapeutic value of neem,herb_benefits,1.0,neem,,
what are the principles of srotas,general_info,1.0,,,srotas
relief from sprains,disease_prediction,1.0,,sprains,
origin of digestion,general_info,1.0,,,digestion
researching tridosha,general_info,1.0,,,tridosha
investigating alternative medicine,general_info,1.0,,,alternative medicine
persistent hot flashes,disease_prediction,1.0,,hot flashes,
intermittent joint pain,disease_prediction,1.0,,joint pain,
natural benefits of kasamarda,herb_benefits,1.0,kasamarda,,
traditional uses of putikaranja,herb_benefits,1.0,putikaranja,,
learn about preventive medicine,general_info,1.0,,,preventive medicine
vidaryadi ghrita remedy uses,herb_benefits,1.0,vidaryadi ghrita,,
philosophy of balance,general_info,1.0,,,balance
severe irregular periods,disease_prediction,1.0,,irregular periods,
medicinal effects of riddhi,herb_benefits,1.0,riddhi,,
significance of panchamahabhutas,general_info,1.0,,,panchamahabhutas
exploring agni,general_info,1.0,,,agni
what makes gambhari phala beneficial,herb_benefits,1.0,gambhari phala,,
permanent cure for acne,disease_prediction,1.0,,acne,
I'm suffering from back pain,disease_prediction,1.0,,back pain,
philosophy of herbal medicine,general_info,1.0,,,herbal medicine
medicinal properties of prabhakar vati,herb_benefits,1.0,prabhakar vati,,
basics of kapha,general_info,1.0,,,kapha
benefits of shukti bhasma,herb_benefits,1.0,shukti bhasma,,
therapeutic value of kovidara,herb_benefits,1.0,kovidara,,
health properties of yakuti rasayana,herb_benefits,1.0,yakuti rasayana,,
why is panchavalkala kwath healthy,herb_benefits,1.0,panchavalkala kwath,,
want to know about pitta,general_info,1.0,,,pitta
turmeric properties,herb_benefits,1.0,turmeric,,
benefits of prana,general_info,1.0,,,prana
svetamarica nutritional benefits,herb_benefits,1.0,svetamarica,,
what does vaiswanara churna do,herb_benefits,1.0,vaiswanara churna,,
pippali natural medicine,herb_benefits,1.0,pippali,,
dealing with concentration issues,disease_prediction,1.0,,concentration issues,
treatments for wounds,disease_prediction,1.0,,wounds,
meditation system,general_info,1.0,,,meditation
understand srotas,general_info,1.0,,,srotas
malas tradition,general_info,1.0,,,malas
quick relief from diarrhea,disease_prediction,1.0,,diarrhea,
itching treatment,disease_prediction,1.0,,itching,
significance of virya,general_info,1.0,,,virya
studying prabhava,general_info,1.0,,,prabhava
learning abhyanga,general_info,1.0,,,abhyanga
reducing oily skin,disease_prediction,1.0,,oily skin,
natural treatment for cuts,disease_prediction,1.0,,cuts,
constant vertigo,disease_prediction,1.0,,vertigo,
having motion sickness,disease_prediction,1.0,,motion sickness,
reducing fever,disease_prediction,1.0,,fever,
how does parpataka help,herb_benefits,1.0,parpataka,,
tell me about aranya jeeraka,herb_benefits,1.0,aranya jeeraka,,
symptoms of oily skin,disease_prediction,1.0,,oily skin,
constant diarrhea,disease_prediction,1.0,,diarrhea,
symptoms of sleep disorders,disease_prediction,1.0,,sleep disorders,
studying panchamahabhutas,general_info,1.0,,,panchamahabhutas
kuntalakanti tailam for health improvement,herb_benefits,1.0,kuntalakanti tailam,,
medicinal value of kanmad bhasma,herb_benefits,1.0,kanmad bhasma,,
gunas approach,general_info,1.0,,,gunas
significance of virechana,general_info,1.0,,,virechana
medicinal effects of aranya jeeraka,herb_benefits,1.0,aranya jeeraka,,
herbal properties of vidaryadyasava,herb_benefits,1.0,vidaryadyasava,,
sudden morning sickness,disease_prediction,1.0,,morning sickness,
vomiting treatment,disease_prediction,1.0,,vomiting,
ayurvedic treatment for eczema,disease_prediction,1.0,,eczema,
treatments for inflammation,disease_prediction,1.0,,inflammation,
severe depression,disease_prediction,1.0,,depression,
dealing with allergies,disease_prediction,1.0,,allergies,
permanent cures for concentration issues,disease_prediction,1.0,,concentration issues,
medicinal value of utpala,herb_benefits,1.0,utpala,,
prakriti explained,general_info,1.0,,,prakriti
treatment for brain fog,disease_prediction,1.0,,brain fog,
tridosha understanding,general_info,1.0,,,tridosha
dealing with gas,disease_prediction,1.0,,gas,
remedy for sore throat,disease_prediction,1.0,,sore throat,
vomiting treatment,disease_prediction,1.0,,vomiting,
remedy for bruising,disease_prediction,1.0,,bruising,
recurring cramps,disease_prediction,1.0,,cramps,
natural cure for morning sickness,disease_prediction,1.0,,morning sickness,
non-toxic remedy for oily skin,disease_prediction,1.0,,oily skin,
health properties of icchabhedi rasa,herb_benefits,1.0,icchabhedi rasa,,
fundamentals of virechana,general_info,1.0,,,virechana
permanent cure for psoriasis,disease_prediction,1.0,,psoriasis,
basics of gunas,general_info,1.0,,,gunas
I have runny nose,disease_prediction,1.0,,runny nose,
holistic treatment for blurred vision,disease_prediction,1.0,,blurred vision,
studying energy,general_info,1.0,,,energy
learn about energy,general_info,1.0,,,energy
guide to agni,general_info,1.0,,,agni
centella for health,herb_benefits,1.0,centella,,
bhunimba remedy uses,herb_benefits,1.0,bhunimba,,
trimala tradition,general_info,1.0,,,trimala
diagnosis of cramps,disease_prediction,1.0,,cramps,
tell me about saptadhatu,general_info,1.0,,,saptadhatu
karanja for wellness,herb_benefits,1.0,karanja,,
eczema treatment,disease_prediction,1.0,,eczema,
virya wisdom,general_info,1.0,,,virya
exploring ojas,general_info,1.0,,,ojas
information about ahiphena,herb_benefits,1.0,ahiphena,,
vrihi for natural healing,herb_benefits,1.0,vrihi,,
parpataka natural medicine,herb_benefits,1.0,parpataka,,
I'm suffering from dry skin,disease_prediction,1.0,,dry skin,
vatsanabha in traditional medicine,herb_benefits,1.0,vatsanabha,,
discovering shirodhara,general_info,1.0,,,shirodhara
introduction to metabolism,general_info,1.0,,,metabolism
alternative medicine for numbness,disease_prediction,1.0,,numbness,
hot flashes symptoms,disease_prediction,1.0,,hot flashes,
dhatus approach,general_info,1.0,,,dhatus
investigating abhyanga,general_info,1.0,,,abhyanga
what makes dhanwantaram gutika beneficial,herb_benefits,1.0,dhanwantaram gutika,,
relief from back pain,disease_prediction,1.0,,back pain,
digestion fundamentals,general_info,1.0,,,digestion
history of panchakarma,general_info,1.0,,,panchakarma
having dry skin,disease_prediction,1.0,,dry skin,
detoxification principles,general_info,1.0,,,detoxification
herbal medicine for chronic fatigue,disease_prediction,1.0,,chronic fatigue,
how does varshabhu help,herb_benefits,1.0,varshabhu,,
what is vrikshamla phala good for,herb_benefits,1.0,vrikshamla phala,,
recurring burns,disease_prediction,1.0,,burns,
benefits of prana,general_info,1.0,,,prana
shringyadi churna medicinal uses,herb_benefits,1.0,shringyadi churna,,
what is chandraprabha vati good for,herb_benefits,1.0,chandraprabha vati,,
mild vertigo,disease_prediction,1.0,,vertigo,
intermittent oily skin,disease_prediction,1.0,,oily skin,
dadrughna in herbal medicine,herb_benefits,1.0,dadrughna,,
alternative medicine knowledge,general_info,1.0,,,alternative medicine
brahmi vati for health,herb_benefits,1.0,brahmi vati,,
overcoming cramps,disease_prediction,1.0,,cramps,
yoga viewpoint,general_info,1.0,,,yoga
basti tradition,general_info,1.0,,,basti
what is twak (cinnamon) good for,herb_benefits,1.0,twak (cinnamon),,
how does balance work,general_info,1.0,,,balance
harmony theory,general_info,1.0,,,harmony
I have weakness,disease_prediction,1.0,,weakness,
investigating nutrition,general_info,1.0,,,nutrition
controlling restless legs,disease_prediction,1.0,,restless legs,
non-toxic remedy for stress,disease_prediction,1.0,,stress,
fundamentals of tejas,general_info,1.0,,,tejas
healing swelling,disease_prediction,1.0,,swelling,
tell me about nutrition,general_info,1.0,,,nutrition
basics of circulation,general_info,1.0,,,circulation
gunas principles,general_info,1.0,,,gunas
importance of pitta,general_info,1.0,,,pitta
saptadhatu concepts,general_info,1.0,,,saptadhatu
natural cure for allergies,disease_prediction,1.0,,allergies,
controlling memory problems,disease_prediction,1.0,,memory problems,
brahmi vati for health,herb_benefits,1.0,brahmi vati,,
what are the benefits of draksharishta,herb_benefits,1.0,draksharishta,,
priyangu wellness benefits,herb_benefits,1.0,priyangu,,
medicine for vertigo,disease_prediction,1.0,,vertigo,
healing weakness,disease_prediction,1.0,,weakness,
importance of tejas,general_info,1.0,,,tejas
diagnosis of cough,disease_prediction,1.0,,cough,
intermittent oily skin,disease_prediction,1.0,,oily skin,
history of wellness,general_info,1.0,,,wellness
sudarshan churna healing properties,herb_benefits,1.0,sudarshan churna,,
exploring agni,general_info,1.0,,,agni
benefits of holistic health,general_info,1.0,,,holistic health
medicinal properties of kankshi,herb_benefits,1.0,kankshi,,
permanent cures for muscle pain,disease_prediction,1.0,,muscle pain,
natural benefits of swarnapatri,herb_benefits,1.0,swarnapatri,,
diagnosis of menstrual cramps,disease_prediction,1.0,,menstrual cramps,
studying virya,general_info,1.0,,,virya
agnitundi vati natural medicine,herb_benefits,1.0,agnitundi vati,,
advantages of rasnairandadi kwath,herb_benefits,1.0,rasnairandadi kwath,,
basics of srotas,general_info,1.0,,,srotas
why use javitri,herb_benefits,1.0,javitri,,
effective treatment for night sweats,disease_prediction,1.0,,night sweats,
vyaghri haritaki for wellness,herb_benefits,1.0,vyaghri haritaki,,
nasya knowledge,general_info,1.0,,,nasya
kapha perspective,general_info,1.0,,,kapha
examining alternative medicine,general_info,1.0,,,alternative medicine
persistent skin rash,disease_prediction,1.0,,skin rash,
science behind tridosha,general_info,1.0,,,tridosha
palasha properties,herb_benefits,1.0,palasha,,
how does balance work,general_info,1.0,,,balance
yoga system,general_info,1.0,,,yoga
persistent memory problems,disease_prediction,1.0,,memory problems,
what makes meshashringi beneficial,herb_benefits,1.0,meshashringi,,
safe treatment for weakness,disease_prediction,1.0,,weakness,
alleviating chronic fatigue,disease_prediction,1.0,,chronic fatigue,
panchakarma basics,general_info,1.0,,,panchakarma
why use makoy,herb_benefits,1.0,makoy,,
treatments for insomnia,disease_prediction,1.0,,insomnia,
meditation explained,general_info,1.0,,,meditation
herbal medicine for cold,disease_prediction,1.0,,cold,
overview of herbal medicine,general_info,1.0,,,herbal medicine
natural cure for hot flashes,disease_prediction,1.0,,hot flashes,
tell me about ashwagandha,herb_benefits,1.0,ashwagandha,,
health properties of yakuti rasayana,herb_benefits,1.0,yakuti rasayana,,
herbal medicine for oily skin,disease_prediction,1.0,,oily skin,
dosha principles,general_info,1.0,,,dosha
what's shigru good for,herb_benefits,1.0,shigru,,
help with depression,disease_prediction,1.0,,depression,
alternative medicine for restless legs,disease_prediction,1.0,,restless legs,
indrayava for natural healing,herb_benefits,1.0,indrayava,,
how does tridosha work,general_info,1.0,,,tridosha
arka in traditional medicine,herb_benefits,1.0,arka,,
exploring traditional medicine,general_info,1.0,,,traditional medicine
introduction to yoga,general_info,1.0,,,yoga
origin of mind-body connection,general_info,1.0,,,mind-body connection
recurring cramps,disease_prediction,1.0,,cramps,
why use panchakola churna,herb_benefits,1.0,panchakola churna,,
therapeutic value of shukti bhasma,herb_benefits,1.0,shukti bhasma,,
medicinal applications of ashoka ghrita,herb_benefits,1.0,ashoka ghrita,,
ushira for wellness,herb_benefits,1.0,ushira,,
I feel migraine,disease_prediction,1.0,,migraine,
prakriti explained,general_info,1.0,,,prakriti
healthy lifestyle tradition,general_info,1.0,,,healthy lifestyle
information about gunas,general_info,1.0,,,gunas
therapeutic value of vyoshadi vati,herb_benefits,1.0,vyoshadi vati,,
benefits of shukti bhasma,herb_benefits,1.0,shukti bhasma,,
therapeutic applications of centella,herb_benefits,1.0,centella,,
uses of chakragaja,herb_benefits,1.0,chakragaja,,
ancient uses of kuntalakanti tailam,herb_benefits,1.0,kuntalakanti tailam,,
healing restless legs,disease_prediction,1.0,,restless legs,
kalyanaka ghrita nutritional benefits,herb_benefits,1.0,kalyanaka ghrita,,
ginger for wellness,herb_benefits,1.0,ginger,,
can you explain natural healing,general_info,1.0,,,natural healing
chronic acidity,disease_prediction,1.0,,acidity,
properties of ksheera,herb_benefits,1.0,ksheera,,
studying dosha,general_info,1.0,,,dosha
what are the principles of holistic health,general_info,1.0,,,holistic health
non-toxic remedy for oily skin,disease_prediction,1.0,,oily skin,
tejapatra remedy uses,herb_benefits,1.0,tejapatra,,
healing bronchitis,disease_prediction,1.0,,bronchitis,
mamsarohini for holistic health,herb_benefits,1.0,mamsarohini,,
ojas explained,general_info,1.0,,,ojas
medicinal properties of prapunnada,herb_benefits,1.0,prapunnada,,
non-toxic remedy for strains,disease_prediction,1.0,,strains,
sudden diabetes,disease_prediction,1.0,,diabetes,
ama science,general_info,1.0,,,ama
what causes blurred vision,disease_prediction,1.0,,blurred vision,
overcoming gas,disease_prediction,1.0,,gas,
philosophy of pranayama,general_info,1.0,,,pranayama
vikriti approach,general_info,1.0,,,vikriti
introduction to panchamahabhutas,general_info,1.0,,,panchamahabhutas
origin of constitution,general_info,1.0,,,constitution
what are the benefits of bhumyamalaki,herb_benefits,1.0,bhumyamalaki,,
I feel acne,disease_prediction,1.0,,acne,
permanent cure for concentration issues,disease_prediction,1.0,,concentration issues,
what makes neelam pishti beneficial,herb_benefits,1.0,neelam pishti,,
what is yava good for,herb_benefits,1.0,yava,,
fundamentals of vata,general_info,1.0,,,vata
introduction to holistic health,general_info,1.0,,,holistic health
properties of yavasa,herb_benefits,1.0,yavasa,,
advantages of masha,herb_benefits,1.0,masha,,
mind-body connection system,general_info,1.0,,,mind-body connection
what are the principles of immunity,general_info,1.0,,,immunity
importance of vikriti,general_info,1.0,,,vikriti
medicinal applications of pravala pishti,herb_benefits,1.0,pravala pishti,,
cure for hot flashes,disease_prediction,1.0,,hot flashes,
virya philosophy,general_info,1.0,,,virya
permanent cure for stress,disease_prediction,1.0,,stress,
shadbindu taila for wellness,herb_benefits,1.0,shadbindu taila,,
philosophy of vikriti,general_info,1.0,,,vikriti
herbal medicine for dizziness,disease_prediction,1.0,,dizziness,
natural cure for motion sickness,disease_prediction,1.0,,motion sickness,
kankataka for holistic health,herb_benefits,1.0,kankataka,,
symptoms of eye strain,disease_prediction,1.0,,eye strain,
treatment for cough,disease_prediction,1.0,,cough,
ojas basics,general_info,1.0,,,ojas
health benefits of arka pushpa,herb_benefits,1.0,arka pushpa,,
uses of tulsi,herb_benefits,1.0,tulsi,,
healing dizziness,disease_prediction,1.0,,dizziness,
medicinal value of sarpaksi,herb_benefits,1.0,sarpaksi,,
arjuna twak in herbal medicine,herb_benefits,1.0,arjuna twak,,
surana for wellness,herb_benefits,1.0,surana,,
non-toxic remedy for dandruff,disease_prediction,1.0,,dandruff,
explain holistic health,general_info,1.0,,,holistic health
kulathadi kwath benefits,herb_benefits,1.0,kulathadi kwath,,
recovering from blurred vision,disease_prediction,1.0,,blurred vision,
how to treat stomach ache,disease_prediction,1.0,,stomach ache,
traditional cures for vomiting,disease_prediction,1.0,,vomiting,
fundamentals of agni,general_info,1.0,,,agni
benefits of eranda patra,herb_benefits,1.0,eranda patra,,
how does healthy lifestyle work,general_info,1.0,,,healthy lifestyle
information about karpasa,herb_benefits,1.0,karpasa,,
basics of shadrasas,general_info,1.0,,,shadrasas
sneezing symptoms,disease_prediction,1.0,,sneezing,
pranayama understanding,general_info,1.0,,,pranayama
severe sneezing,disease_prediction,1.0,,sneezing,
mild dandruff,disease_prediction,1.0,,dandruff,
prakriti practice,general_info,1.0,,,prakriti
relief from tingling,disease_prediction,1.0,,tingling,
rasamanikya medicinal uses,herb_benefits,1.0,rasamanikya,,
curcuma remedy uses,herb_benefits,1.0,curcuma,,
what are the principles of rasa,general_info,1.0,,,rasa
exploring virya,general_info,1.0,,,virya
permanent cure for bruising,disease_prediction,1.0,,bruising,
safe treatment for menstrual cramps,disease_prediction,1.0,,menstrual cramps,
guide to energy,general_info,1.0,,,energy
gunas practice,general_info,1.0,,,gunas
explain circulation,general_info,1.0,,,circulation
sleep apnea cure,disease_prediction,1.0,,sleep apnea,
alternative medicine for hearing problems,disease_prediction,1.0,,hearing problems,
tulsi health effects,herb_benefits,1.0,tulsi,,
remedy for wounds,disease_prediction,1.0,,wounds,
shirodhara approach,general_info,1.0,,,shirodhara
kumud for natural healing,herb_benefits,1.0,kumud,,
help with hearing problems,disease_prediction,1.0,,hearing problems,
tejapatra for wellness,herb_benefits,1.0,tejapatra,,
examining vata,general_info,1.0,,,vata
sudden morning sickness,disease_prediction,1.0,,morning sickness,
what's pitta,general_info,1.0,,,pitta
what is nutrition,general_info,1.0,,,nutrition
severe runny nose,disease_prediction,1.0,,runny nose,
what can dhanwantaram gutika treat,herb_benefits,1.0,dhanwantaram gutika,,
why use hapusa,herb_benefits,1.0,hapusa,,
akika pishti therapeutic benefits,herb_benefits,1.0,akika pishti,,
I suffer from numbness,disease_prediction,1.0,,numbness,
intermittent spasms,disease_prediction,1.0,,spasms,
sudden cramps,disease_prediction,1.0,,cramps,
shirodhara principles,general_info,1.0,,,shirodhara
what does ushtra dugdha do,herb_benefits,1.0,ushtra dugdha,,
dosha explained,general_info,1.0,,,dosha
how does prasarini help,herb_benefits,1.0,prasarini,,
science behind herbal medicine,general_info,1.0,,,herbal medicine
health benefits of shyonaka,herb_benefits,1.0,shyonaka,,
overview of harmony,general_info,1.0,,,harmony
cures for nausea,disease_prediction,1.0,,nausea,
how to treat burns,disease_prediction,1.0,,burns,
energy approach,general_info,1.0,,,energy
cures for sinusitis,disease_prediction,1.0,,sinusitis,
nasya fundamentals,general_info,1.0,,,nasya
benefits and uses of agnijara,herb_benefits,1.0,agnijara,,
recurring eczema,disease_prediction,1.0,,eczema,
basics of trimala,general_info,1.0,,,trimala
how does abhyanga work,general_info,1.0,,,abhyanga
medicinal value of phala kalyana ghrita,herb_benefits,1.0,phala kalyana ghrita,,
learn about rasa,general_info,1.0,,,rasa
symptoms of dizziness,disease_prediction,1.0,,dizziness,
sudden numbness,disease_prediction,1.0,,numbness,
understanding digestion,general_info,1.0,,,digestion
discovering harmony,general_info,1.0,,,harmony
natural treatment for wounds,disease_prediction,1.0,,wounds,
ayurvedic treatment for nausea,disease_prediction,1.0,,nausea,
wellness science,general_info,1.0,,,wellness
alternative medicine knowledge,general_info,1.0,,,alternative medicine
ginger therapeutic benefits,herb_benefits,1.0,ginger,,
therapeutic value of kataka,herb_benefits,1.0,kataka,,
I'm suffering from oily skin,disease_prediction,1.0,,oily skin,
medicine for itching,disease_prediction,1.0,,itching,
science behind virya,general_info,1.0,,,virya
parijata properties,herb_benefits,1.0,parijata,,
alternative medicine for brain fog,disease_prediction,1.0,,brain fog,
recurring sneezing,disease_prediction,1.0,,sneezing,
dealing with night sweats,disease_prediction,1.0,,night sweats,
how does varshabhu help,herb_benefits,1.0,varshabhu,,
relief from skin rash,disease_prediction,1.0,,skin rash,
therapeutic effects of laksha,herb_benefits,1.0,laksha,,
define shirodhara,general_info,1.0,,,shirodhara
discovering mind-body connection,general_info,1.0,,,mind-body connection
healthy lifestyle theory,general_info,1.0,,,healthy lifestyle
mild menstrual cramps,disease_prediction,1.0,,menstrual cramps,
properties of yavasa,herb_benefits,1.0,yavasa,,
what are the principles of dhatus,general_info,1.0,,,dhatus
healing arthritis,disease_prediction,1.0,,arthritis,
bhadra healing properties,herb_benefits,1.0,bhadra,,
medicinal applications of rohitaka,herb_benefits,1.0,rohitaka,,
I'm suffering from psoriasis,disease_prediction,1.0,,psoriasis,
properties of shvet musli,herb_benefits,1.0,shvet musli,,
tell me about atasi,herb_benefits,1.0,atasi,,
tejas philosophy,general_info,1.0,,,tejas
andrographis effects,herb_benefits,1.0,andrographis,,
medicinal effects of sphatika bhasma,herb_benefits,1.0,sphatika bhasma,,
advantages of rasnairandadi kwath,herb_benefits,1.0,rasnairandadi kwath,,
phanita therapeutic benefits,herb_benefits,1.0,phanita,,
what can ishwari treat,herb_benefits,1.0,ishwari,,
ayurvedic benefits of dhanwantaram thailam,herb_benefits,1.0,dhanwantaram thailam,,
natural healing explained,general_info,1.0,,,natural healing
alternative medicine for restless legs,disease_prediction,1.0,,restless legs,
info about mind-body connection,general_info,1.0,,,mind-body connection
burning sensation cure,disease_prediction,1.0,,burning sensation,
guide to prana,general_info,1.0,,,prana
reducing hypertension,disease_prediction,1.0,,hypertension,
shringyadi churna medicinal uses,herb_benefits,1.0,shringyadi churna,,
overview of energy,general_info,1.0,,,energy
trimala fundamentals,general_info,1.0,,,trimala
amritarishta medicinal uses,herb_benefits,1.0,amritarishta,,
ambasthaki properties,herb_benefits,1.0,ambasthaki,,
philosophy of pitta,general_info,1.0,,,pitta
constant chronic fatigue,disease_prediction,1.0,,chronic fatigue,
sudarshan churna in traditional medicine,herb_benefits,1.0,sudarshan churna,,
benefits of dhatus,general_info,1.0,,,dhatus
dealing with morning sickness,disease_prediction,1.0,,morning sickness,
non-toxic remedy for oily skin,disease_prediction,1.0,,oily skin,
how does pradarantak lauh help,herb_benefits,1.0,pradarantak lauh,,
preventive medicine practice,general_info,1.0,,,preventive medicine
best medicine for acne,disease_prediction,1.0,,acne,
fundamentals of virechana,general_info,1.0,,,virechana
health benefits of kadali pushpa,herb_benefits,1.0,kadali pushpa,,
I feel headache,disease_prediction,1.0,,headache,
safe treatment for sleep apnea,disease_prediction,1.0,,sleep apnea,
why is kshirabala 101 avarti healthy,herb_benefits,1.0,kshirabala 101 avarti,,
why use sariva,herb_benefits,1.0,sariva,,
therapeutic effects of somaraji taila,herb_benefits,1.0,somaraji taila,,
cure for sinusitis,disease_prediction,1.0,,sinusitis,
what makes palankya beneficial,herb_benefits,1.0,palankya,,
advantages of anu taila,herb_benefits,1.0,anu taila,,
what is preventive medicine,general_info,1.0,,,preventive medicine
ayurvedic benefits of shalparni,herb_benefits,1.0,shalparni,,
healing burning sensation,disease_prediction,1.0,,burning sensation,
tell me about agnitundi vati,herb_benefits,1.0,agnitundi vati,,
virechana theory,general_info,1.0,,,virechana
philosophy of yoga,general_info,1.0,,,yoga
information about mahamarichyadi taila,herb_benefits,1.0,mahamarichyadi taila,,
harmony viewpoint,general_info,1.0,,,harmony
neelam pishti for natural treatment,herb_benefits,1.0,neelam pishti,,
diagnosis of depression,disease_prediction,1.0,,depression,
advantages of jivaka,herb_benefits,1.0,jivaka,,
alternative medicine for heartburn,disease_prediction,1.0,,heartburn,
advantages of swarnapatri,herb_benefits,1.0,swarnapatri,,
preventing burns,disease_prediction,1.0,,burns,
how to treat heartburn,disease_prediction,1.0,,heartburn,
mastu wellness benefits,herb_benefits,1.0,mastu,,
recovering from stomach ache,disease_prediction,1.0,,stomach ache,
medicine for vertigo,disease_prediction,1.0,,vertigo,
herbal properties of swarnapatri,herb_benefits,1.0,swarnapatri,,
symptoms of gastritis,disease_prediction,1.0,,gastritis,
tell me about abhyanga,general_info,1.0,,,abhyanga
learn about vata,general_info,1.0,,,vata
digestion art,general_info,1.0,,,digestion
arjuna twak in herbal medicine,herb_benefits,1.0,arjuna twak,,
alleviating stomach ache,disease_prediction,1.0,,stomach ache,
investigating virechana,general_info,1.0,,,virechana
alternative medicine practice,general_info,1.0,,,alternative medicine
what causes hearing problems,disease_prediction,1.0,,hearing problems,
what does vaiswanara churna do,herb_benefits,1.0,vaiswanara churna,,
prishniparni for wellness,herb_benefits,1.0,prishniparni,,
shadrasas explained,general_info,1.0,,,shadrasas
I feel motion sickness,disease_prediction,1.0,,motion sickness,
vikriti fundamentals,general_info,1.0,,,vikriti
cure for chest pain,disease_prediction,1.0,,chest pain,
benefits of prabhava,general_info,1.0,,,prabhava
karanja healing properties,herb_benefits,1.0,karanja,,
persistent hot flashes,disease_prediction,1.0,,hot flashes,
tell me about saptadhatu,general_info,1.0,,,saptadhatu
I have bruising,disease_prediction,1.0,,bruising,
alternative medicine for bruising,disease_prediction,1.0,,bruising,
terminalia natural medicine,herb_benefits,1.0,terminalia,,
what are the benefits of rohitakarishta,herb_benefits,1.0,rohitakarishta,,
philosophy of ojas,general_info,1.0,,,ojas
medicine for bruising,disease_prediction,1.0,,bruising,
advantages of arogyavardhini vati,herb_benefits,1.0,arogyavardhini vati,,
effective treatments for depression,disease_prediction,1.0,,depression,
malas system,general_info,1.0,,,malas
sudden cramps,disease_prediction,1.0,,cramps,
overview of tejas,general_info,1.0,,,tejas
what does phala ghrita do,herb_benefits,1.0,phala ghrita,,
what causes cuts,disease_prediction,1.0,,cuts,
why use pippali moola,herb_benefits,1.0,pippali moola,,
importance of virechana,general_info,1.0,,,virechana
relief from acne,disease_prediction,1.0,,acne,
what makes nagabala beneficial,herb_benefits,1.0,nagabala,,
mild swelling,disease_prediction,1.0,,swelling,
giloy satva for natural healing,herb_benefits,1.0,giloy satva,,
overcoming motion sickness,disease_prediction,1.0,,motion sickness,
prana fundamentals,general_info,1.0,,,prana
fundamentals of body type,general_info,1.0,,,body type
guide to dosha,general_info,1.0,,,dosha
tell me about kakoli,herb_benefits,1.0,kakoli,,
diagnosis of tinnitus,disease_prediction,1.0,,tinnitus,
advantages of arogyavardhini vati,herb_benefits,1.0,arogyavardhini vati,,
what are the benefits of bhumyamalaki,herb_benefits,1.0,bhumyamalaki,,
how to use varahikanda,herb_benefits,1.0,varahikanda,,
advantages of kumbhika,herb_benefits,1.0,kumbhika,,
studying panchamahabhutas,general_info,1.0,,,panchamahabhutas
what does mudgaparni do,herb_benefits,1.0,mudgaparni,,
balance methodology,general_info,1.0,,,balance
researching detoxification,general_info,1.0,,,detoxification
advantages of rasnairandadi kwath,herb_benefits,1.0,rasnairandadi kwath,,
acne cure,disease_prediction,1.0,,acne,
mamsarohini for holistic health,herb_benefits,1.0,mamsarohini,,
home remedy for nausea,disease_prediction,1.0,,nausea,
remedy for weakness,disease_prediction,1.0,,weakness,
swelling cure,disease_prediction,1.0,,swelling,
relief from headache,disease_prediction,1.0,,headache,
balance fundamentals,general_info,1.0,,,balance
sudden diabetes,disease_prediction,1.0,,diabetes,
controlling heartburn,disease_prediction,1.0,,heartburn,
how does panchakarma work,general_info,1.0,,,panchakarma
I'm experiencing eye strain,disease_prediction,1.0,,eye strain,
raupya bhasma in herbal medicine,herb_benefits,1.0,raupya bhasma,,
origin of wellness,general_info,1.0,,,wellness
help with low energy,disease_prediction,1.0,,low energy,
philosophy of basti,general_info,1.0,,,basti
agni wisdom,general_info,1.0,,,agni
vikriti concepts,general_info,1.0,,,vikriti
properties of kusumbha taila,herb_benefits,1.0,kusumbha taila,,
origin of trimala,general_info,1.0,,,trimala
why use svalpa khadiradi vati,herb_benefits,1.0,svalpa khadiradi vati,,
sudden bloating,disease_prediction,1.0,,bloating,
discovering panchamahabhutas,general_info,1.0,,,panchamahabhutas
therapeutic value of aragvadhadi kwath,herb_benefits,1.0,aragvadhadi kwath,,
how does vata work,general_info,1.0,,,vata
what's constitution,general_info,1.0,,,constitution
alleviating strains,disease_prediction,1.0,,strains,
how to treat hot flashes,disease_prediction,1.0,,hot flashes,
how to use shankha vati,herb_benefits,1.0,shankha vati,,
temperament explained,general_info,1.0,,,temperament
science behind tridosha,general_info,1.0,,,tridosha
I'm experiencing snoring,disease_prediction,1.0,,snoring,
how does caturjata churna help,herb_benefits,1.0,caturjata churna,,
masi for holistic health,herb_benefits,1.0,masi,,
chitrakaharitaki healing properties,herb_benefits,1.0,chitrakaharitaki,,
madayantika for holistic health,herb_benefits,1.0,madayantika,,
diagnosis of depression,disease_prediction,1.0,,depression,
gajapippali therapeutic benefits,herb_benefits,1.0,gajapippali,,
ayurveda perspective,general_info,1.0,,,ayurveda
prabhava principles,general_info,1.0,,,prabhava
kalyanaka ghrita nutritional benefits,herb_benefits,1.0,kalyanaka ghrita,,
science behind agni,general_info,1.0,,,agni
persistent tingling,disease_prediction,1.0,,tingling,
intermittent numbness,disease_prediction,1.0,,numbness,
asana for natural healing,herb_benefits,1.0,asana,,
why use putranjivaka,herb_benefits,1.0,putranjivaka,,
natural benefits of manjistha,herb_benefits,1.0,manjistha,,
studying shirodhara,general_info,1.0,,,shirodhara
natural healing explained,general_info,1.0,,,natural healing
basics of saptadhatu,general_info,1.0,,,saptadhatu
having dry eyes,disease_prediction,1.0,,dry eyes,
sprains treatment,disease_prediction,1.0,,sprains,
sudden diabetes,disease_prediction,1.0,,diabetes,
persistent asthma,disease_prediction,1.0,,asthma,
define kapha,general_info,1.0,,,kapha
importance of energy,general_info,1.0,,,energy
diagnosis of brain fog,disease_prediction,1.0,,brain fog,
home remedy for joint pain,disease_prediction,1.0,,joint pain,
azadirachta for natural healing,herb_benefits,1.0,azadirachta,,
alternative medicine for irregular periods,disease_prediction,1.0,,irregular periods,
what causes hearing problems,disease_prediction,1.0,,hearing problems,
therapeutic value of bilwadi leha,herb_benefits,1.0,bilwadi leha,,
health benefits of ashwattha,herb_benefits,1.0,ashwattha,,
managing spasms,disease_prediction,1.0,,spasms,
dosha concepts,general_info,1.0,,,dosha
herbal medicine theory,general_info,1.0,,,herbal medicine
treatment for cold,disease_prediction,1.0,,cold,
harmony viewpoint,general_info,1.0,,,harmony
meditation concepts,general_info,1.0,,,meditation
why use shigru patra,herb_benefits,1.0,shigru patra,,
principles of tridosha,general_info,1.0,,,tridosha
herbal properties of kumkumadi thailam,herb_benefits,1.0,kumkumadi thailam,,
natural treatment for acidity,disease_prediction,1.0,,acidity,
abhyanga viewpoint,general_info,1.0,,,abhyanga
introduction to nutrition,general_info,1.0,,,nutrition
constant dry skin,disease_prediction,1.0,,dry skin,
talisadi churna in traditional medicine,herb_benefits,1.0,talisadi churna,,
investigating ama,general_info,1.0,,,ama
natural healing understanding,general_info,1.0,,,natural healing
medicine for vertigo,disease_prediction,1.0,,vertigo,
having snoring,disease_prediction,1.0,,snoring,
what can gokarna treat,herb_benefits,1.0,gokarna,,
significance of ojas,general_info,1.0,,,ojas
virya philosophy,general_info,1.0,,,virya
fundamentals of rasa,general_info,1.0,,,rasa
arjunarishta in traditional medicine,herb_benefits,1.0,arjunarishta,,
treatment for sleep apnea,disease_prediction,1.0,,sleep apnea,
effective treatments for spasms,disease_prediction,1.0,,spasms,
vatsanabha in traditional medicine,herb_benefits,1.0,vatsanabha,,
history of energy,general_info,1.0,,,energy
herbal properties of simsapa,herb_benefits,1.0,simsapa,,
philosophy of balance,general_info,1.0,,,balance
principles of body type,general_info,1.0,,,body type
body type system,general_info,1.0,,,body type
krimi kuthar rasa for health,herb_benefits,1.0,krimi kuthar rasa,,
help with inflammation,disease_prediction,1.0,,inflammation,
gambhari for holistic health,herb_benefits,1.0,gambhari,,
masha properties,herb_benefits,1.0,masha,,
what's ashoka ghrita good for,herb_benefits,1.0,ashoka ghrita,,
therapeutic effects of somaraji taila,herb_benefits,1.0,somaraji taila,,
herbal properties of simsapa,herb_benefits,1.0,simsapa,,
ama knowledge,general_info,1.0,,,ama
properties of shvet musli,herb_benefits,1.0,shvet musli,,
advantages of alarka,herb_benefits,1.0,alarka,,
immunity tradition,general_info,1.0,,,immunity
dhamargava natural medicine,herb_benefits,1.0,dhamargava,,
learn about panchakarma,general_info,1.0,,,panchakarma
controlling memory problems,disease_prediction,1.0,,memory problems,
information about mind-body connection,general_info,1.0,,,mind-body connection
quick relief from dry eyes,disease_prediction,1.0,,dry eyes,
how to treat bloating,disease_prediction,1.0,,bloating,
properties of shukti bhasma,herb_benefits,1.0,shukti bhasma,,
vidanga in traditional medicine,herb_benefits,1.0,vidanga,,
controlling concentration issues,disease_prediction,1.0,,concentration issues,
healing power of karmaranga,herb_benefits,1.0,karmaranga,,
quick relief from low energy,disease_prediction,1.0,,low energy,
medicinal value of nirgundi,herb_benefits,1.0,nirgundi,,
alternative medicine viewpoint,general_info,1.0,,,alternative medicine
I feel indigestion,disease_prediction,1.0,,indigestion,
reducing tinnitus,disease_prediction,1.0,,tinnitus,
reducing joint pain,disease_prediction,1.0,,joint pain,
gastritis treatment,disease_prediction,1.0,,gastritis,
tell me about panchamahabhutas,general_info,1.0,,,panchamahabhutas
nasya philosophy,general_info,1.0,,,nasya
utingana health effects,herb_benefits,1.0,utingana,,
permanent cure for sleep apnea,disease_prediction,1.0,,sleep apnea,
quick relief from motion sickness,disease_prediction,1.0,,motion sickness,
how does parpataka help,herb_benefits,1.0,parpataka,,
importance of tridosha,general_info,1.0,,,tridosha
permanent cures for bronchitis,disease_prediction,1.0,,bronchitis,
studying shirodhara,general_info,1.0,,,shirodhara
constant fatigue,disease_prediction,1.0,,fatigue,
bhutika healing properties,herb_benefits,1.0,bhutika,,
examining immunity,general_info,1.0,,,immunity
properties of karvellaka,herb_benefits,1.0,karvellaka,,
constant indigestion,disease_prediction,1.0,,indigestion,
tanduliyaka uses,herb_benefits,1.0,tanduliyaka,,
ginger therapeutic benefits,herb_benefits,1.0,ginger,,
benefits of virechana,general_info,1.0,,,virechana
what makes krimighna vati beneficial,herb_benefits,1.0,krimighna vati,,
burning sensation cure,disease_prediction,1.0,,burning sensation,
medicinal applications of shunthi,herb_benefits,1.0,shunthi,,
science behind virya,general_info,1.0,,,virya
harmony system,general_info,1.0,,,harmony
controlling gastritis,disease_prediction,1.0,,gastritis,
overview of wellness,general_info,1.0,,,wellness
fundamentals of body type,general_info,1.0,,,body type
herbal medicine for chronic fatigue,disease_prediction,1.0,,chronic fatigue,
immunity tradition,general_info,1.0,,,immunity
how does vikriti work,general_info,1.0,,,vikriti
medicinal applications of shadbindu taila,herb_benefits,1.0,shadbindu taila,,
advantages of putikaranja,herb_benefits,1.0,putikaranja,,
information about arjunarishta,herb_benefits,1.0,arjunarishta,,
help with hearing problems,disease_prediction,1.0,,hearing problems,
alternative medicine for sinusitis,disease_prediction,1.0,,sinusitis,
medicinal effects of riddhi,herb_benefits,1.0,riddhi,,
immunity wisdom,general_info,1.0,,,immunity
role of virechana,general_info,1.0,,,virechana
how does prabhava work,general_info,1.0,,,prabhava
ojas principles,general_info,1.0,,,ojas
nutrition basics,general_info,1.0,,,nutrition
health advantages of haritaki,herb_benefits,1.0,haritaki,,
how can brihatyadi kashayam help,herb_benefits,1.0,brihatyadi kashayam,,
how to use karnikara,herb_benefits,1.0,karnikara,,
preventing psoriasis,disease_prediction,1.0,,psoriasis,
guide to prana,general_info,1.0,,,prana
sarpaksi for holistic health,herb_benefits,1.0,sarpaksi,,
natural healing art,general_info,1.0,,,natural healing
healing oily skin,disease_prediction,1.0,,oily skin,
medicinal properties of prapunnada,herb_benefits,1.0,prapunnada,,
principles of body type,general_info,1.0,,,body type
upodika for health improvement,herb_benefits,1.0,upodika,,
tell me about meda,herb_benefits,1.0,meda,,
healthy lifestyle science,general_info,1.0,,,healthy lifestyle
basics of gunas,general_info,1.0,,,gunas
prana knowledge,general_info,1.0,,,prana
advantages of kumbhika,herb_benefits,1.0,kumbhika,,
alternative medicine for psoriasis,disease_prediction,1.0,,psoriasis,
ayurvedic benefits of simhamoola,herb_benefits,1.0,simhamoola,,
tingling cure,disease_prediction,1.0,,tingling,
what is vrikshamla phala good for,herb_benefits,1.0,vrikshamla phala,,
karanja health effects,herb_benefits,1.0,karanja,,
mild chronic fatigue,disease_prediction,1.0,,chronic fatigue,
non-toxic remedy for wounds,disease_prediction,1.0,,wounds,
medicinal properties of jeerakarishtam,herb_benefits,1.0,jeerakarishtam,,
digestion viewpoint,general_info,1.0,,,digestion
panchamahabhutas viewpoint,general_info,1.0,,,panchamahabhutas
managing sprains,disease_prediction,1.0,,sprains,
why use ocimum,herb_benefits,1.0,ocimum,,
quick relief from anxiety,disease_prediction,1.0,,anxiety,
sudarshan churna in traditional medicine,herb_benefits,1.0,sudarshan churna,,
define prakriti,general_info,1.0,,,prakriti
persistent migraine,disease_prediction,1.0,,migraine,
guide to meditation,general_info,1.0,,,meditation
benefits and applications of guggulutiktakam ghritam,herb_benefits,1.0,guggulutiktakam ghritam,,
help with inflammation,disease_prediction,1.0,,inflammation,
importance of basti,general_info,1.0,,,basti
health properties of shatavari ksheera,herb_benefits,1.0,shatavari ksheera,,
quick relief from vomiting,disease_prediction,1.0,,vomiting,
understanding prakriti,general_info,1.0,,,prakriti
recurring strains,disease_prediction,1.0,,strains,
why use grinjana,herb_benefits,1.0,grinjana,,
therapeutic value of kovidara,herb_benefits,1.0,kovidara,,
diagnosis of tinnitus,disease_prediction,1.0,,tinnitus,
healthy lifestyle tradition,general_info,1.0,,,healthy lifestyle
healing fatigue,disease_prediction,1.0,,fatigue,
detoxification principles,general_info,1.0,,,detoxification
constant sore throat,disease_prediction,1.0,,sore throat,
advantages of ashoka ghrita,herb_benefits,1.0,ashoka ghrita,,
healing power of jivaka,herb_benefits,1.0,jivaka,,
back pain symptoms,disease_prediction,1.0,,back pain,
tell me about srotas,general_info,1.0,,,srotas
tell me about atasi,herb_benefits,1.0,atasi,,
therapeutic effects of kumbhika,herb_benefits,1.0,kumbhika,,
chronic fatigue treatment,disease_prediction,1.0,,chronic fatigue,
cure for numbness,disease_prediction,1.0,,numbness,
how to treat sinusitis,disease_prediction,1.0,,sinusitis,
what does phala ghrita do,herb_benefits,1.0,phala ghrita,,
healing oily skin,disease_prediction,1.0,,oily skin,
tell me about atasi,herb_benefits,1.0,atasi,,
what are the principles of dhatus,general_info,1.0,,,dhatus
healing restless legs,disease_prediction,1.0,,restless legs,
health properties of akarakarabha,herb_benefits,1.0,akarakarabha,,
origin of wellness,general_info,1.0,,,wellness
I'm experiencing sneezing,disease_prediction,1.0,,sneezing,
diagnosis of joint pain,disease_prediction,1.0,,joint pain,
therapeutic applications of narikela jala,herb_benefits,1.0,narikela jala,,
what makes vaikranta bhasma beneficial,herb_benefits,1.0,vaikranta bhasma,,
medicinal effects of riddhi,herb_benefits,1.0,riddhi,,
mastu wellness benefits,herb_benefits,1.0,mastu,,
azadirachta for natural healing,herb_benefits,1.0,azadirachta,,
how to use panchamrita parpati,herb_benefits,1.0,panchamrita parpati,,
origin of energy,general_info,1.0,,,energy
ayurvedic benefits of vetasa,herb_benefits,1.0,vetasa,,
bhringraj natural medicine,herb_benefits,1.0,bhringraj,,
karpooradi thailam for wellness,herb_benefits,1.0,karpooradi thailam,,
importance of virechana,general_info,1.0,,,virechana
medicinal value of utpala,herb_benefits,1.0,utpala,,
snoring cure,disease_prediction,1.0,,snoring,
advantages of putikaranja,herb_benefits,1.0,putikaranja,,
ama fundamentals,general_info,1.0,,,ama
treatments for sprains,disease_prediction,1.0,,sprains,
persistent cramps,disease_prediction,1.0,,cramps,
what is mahabala good for,herb_benefits,1.0,mahabala,,
symptoms of brain fog,disease_prediction,1.0,,brain fog,
vaikranta bhasma for health improvement,herb_benefits,1.0,vaikranta bhasma,,
mild sore throat,disease_prediction,1.0,,sore throat,
examining traditional medicine,general_info,1.0,,,traditional medicine
dealing with sore throat,disease_prediction,1.0,,sore throat,
applications of rasnasaptakam kashayam,herb_benefits,1.0,rasnasaptakam kashayam,,
intermittent stress,disease_prediction,1.0,,stress,
giloy satva benefits,herb_benefits,1.0,giloy satva,,
what's himasagara thailam good for,herb_benefits,1.0,himasagara thailam,,
cure for inflammation,disease_prediction,1.0,,inflammation,
discovering virya,general_info,1.0,,,virya
pippali moola therapeutic benefits,herb_benefits,1.0,pippali moola,,
prabhava methodology,general_info,1.0,,,prabhava
tell me about holistic health,general_info,1.0,,,holistic health
healing swelling,disease_prediction,1.0,,swelling,
explain circulation,general_info,1.0,,,circulation
medicine for hot flashes,disease_prediction,1.0,,hot flashes,
therapeutic value of neem,herb_benefits,1.0,neem,,
importance of srotas,general_info,1.0,,,srotas
ear pain cure,disease_prediction,1.0,,ear pain,
herbal properties of ajamodadi churna,herb_benefits,1.0,ajamodadi churna,,
diagnosis of depression,disease_prediction,1.0,,depression,
natural treatment for diarrhea,disease_prediction,1.0,,diarrhea,
researching dosha,general_info,1.0,,,dosha
traditional medicine science,general_info,1.0,,,traditional medicine
dealing with fever,disease_prediction,1.0,,fever,
ocimum natural medicine,herb_benefits,1.0,ocimum,,
herbal medicine for cough,disease_prediction,1.0,,cough,
permanent cure for sinusitis,disease_prediction,1.0,,sinusitis,
sudden low energy,disease_prediction,1.0,,low energy,
what causes sleep apnea,disease_prediction,1.0,,sleep apnea,
recurring muscle pain,disease_prediction,1.0,,muscle pain,
medicinal value of shatavari,herb_benefits,1.0,shatavari,,
why use sariva,herb_benefits,1.0,sariva,,
benefits and uses of masi,herb_benefits,1.0,masi,,
reducing vertigo,disease_prediction,1.0,,vertigo,
traditional medicine art,general_info,1.0,,,traditional medicine
discovering mind-body connection,general_info,1.0,,,mind-body connection
methi effects,herb_benefits,1.0,methi,,
ambasthaki for wellness,herb_benefits,1.0,ambasthaki,,
traditional uses of kasis bhasma,herb_benefits,1.0,kasis bhasma,,
intermittent skin rash,disease_prediction,1.0,,skin rash,
eranda properties,herb_benefits,1.0,eranda,,
properties of saraswatarishta,herb_benefits,1.0,saraswatarishta,,
introduction to rasa,general_info,1.0,,,rasa
principles of prana,general_info,1.0,,,prana
recurring mood swings,disease_prediction,1.0,,mood swings,
preventive medicine theory,general_info,1.0,,,preventive medicine
relief from acne,disease_prediction,1.0,,acne,
gunas principles,general_info,1.0,,,gunas
learn about preventive medicine,general_info,1.0,,,preventive medicine
safe treatment for stress,disease_prediction,1.0,,stress,
safe treatment for indigestion,disease_prediction,1.0,,indigestion,
medicine for chronic fatigue,disease_prediction,1.0,,chronic fatigue,
ayurvedic benefits of ghrita,herb_benefits,1.0,ghrita,,
pushkarmool in herbal medicine,herb_benefits,1.0,pushkarmool,,
herbal medicine for runny nose,disease_prediction,1.0,,runny nose,
philosophy of body type,general_info,1.0,,,body type
recovering from sleep disorders,disease_prediction,1.0,,sleep disorders,
ancient uses of ananta mool,herb_benefits,1.0,ananta mool,,
detoxification philosophy,general_info,1.0,,,detoxification
home remedy for constipation,disease_prediction,1.0,,constipation,
what is vasant kusumakar rasa good for,herb_benefits,1.0,vasant kusumakar rasa,,
learn about tejas,general_info,1.0,,,tejas
symptoms of bruising,disease_prediction,1.0,,bruising,
benefits of body type,general_info,1.0,,,body type
holistic treatment for joint pain,disease_prediction,1.0,,joint pain,
examining trimala,general_info,1.0,,,trimala
medicinal value of snuhi ksheera,herb_benefits,1.0,snuhi ksheera,,
medicinal properties of guloochyadi kashayam,herb_benefits,1.0,guloochyadi kashayam,,
nasya fundamentals,general_info,1.0,,,nasya
eczema treatment,disease_prediction,1.0,,eczema,
managing mood swings,disease_prediction,1.0,,mood swings,
herbal medicine for burning sensation,disease_prediction,1.0,,burning sensation,
information about prapunnada,herb_benefits,1.0,prapunnada,,
tell me about kumkumadi thailam,herb_benefits,1.0,kumkumadi thailam,,
what causes cramps,disease_prediction,1.0,,cramps,
ama approach,general_info,1.0,,,ama
tejas perspective,general_info,1.0,,,tejas
uses of varahikanda,herb_benefits,1.0,varahikanda,,
researching mind-body connection,general_info,1.0,,,mind-body connection
akika pishti therapeutic benefits,herb_benefits,1.0,akika pishti,,
why use ocimum,herb_benefits,1.0,ocimum,,
what is patola good for,herb_benefits,1.0,patola,,
balarishta for holistic health,herb_benefits,1.0,balarishta,,
researching meditation,general_info,1.0,,,meditation
virya tradition,general_info,1.0,,,virya
I have itching,disease_prediction,1.0,,itching,
learn about pitta,general_info,1.0,,,pitta
chopchini remedy uses,herb_benefits,1.0,chopchini,,
dhanyaka for health,herb_benefits,1.0,dhanyaka,,
therapeutic effects of mishreya,herb_benefits,1.0,mishreya,,
principles of yoga,general_info,1.0,,,yoga
phanita therapeutic benefits,herb_benefits,1.0,phanita,,
cleansing concepts,general_info,1.0,,,cleansing
understanding meditation,general_info,1.0,,,meditation
snuhi ksheera for natural healing,herb_benefits,1.0,snuhi ksheera,,
sprains cure,disease_prediction,1.0,,sprains,
shilajit for wellness,herb_benefits,1.0,shilajit,,
herbal medicine for abdominal pain,disease_prediction,1.0,,abdominal pain,
researching shadrasas,general_info,1.0,,,shadrasas
importance of vata,general_info,1.0,,,vata
trimala understanding,general_info,1.0,,,trimala
mild constipation,disease_prediction,1.0,,constipation,
therapeutic value of dhattura,herb_benefits,1.0,dhattura,,
vatsanabha in traditional medicine,herb_benefits,1.0,vatsanabha,,
kantakari benefits,herb_benefits,1.0,kantakari,,
bhadra healing properties,herb_benefits,1.0,bhadra,,
fundamentals of metabolism,general_info,1.0,,,metabolism
medicine for skin rash,disease_prediction,1.0,,skin rash,
fundamentals of natural healing,general_info,1.0,,,natural healing
krimighna vati nutritional benefits,herb_benefits,1.0,krimighna vati,,
traditional cure for eczema,disease_prediction,1.0,,eczema,
information about kaishore guggul,herb_benefits,1.0,kaishore guggul,,
saptadhatu understanding,general_info,1.0,,,saptadhatu
therapeutic effects of elakanadi kashayam,herb_benefits,1.0,elakanadi kashayam,,
ayurveda understanding,general_info,1.0,,,ayurveda
guide to prakriti,general_info,1.0,,,prakriti
natural treatment for wounds,disease_prediction,1.0,,wounds,
how does circulation work,general_info,1.0,,,circulation
metabolism tradition,general_info,1.0,,,metabolism
safe treatment for eye strain,disease_prediction,1.0,,eye strain,
tell me about basti,general_info,1.0,,,basti
shirodhara principles,general_info,1.0,,,shirodhara
medicinal value of murva,herb_benefits,1.0,murva,,
health properties of yakuti rasayana,herb_benefits,1.0,yakuti rasayana,,
symptoms of stress,disease_prediction,1.0,,stress,
define prakriti,general_info,1.0,,,prakriti
health benefits of rasnairandadi kwath,herb_benefits,1.0,rasnairandadi kwath,,
principles of natural healing,general_info,1.0,,,natural healing
ayurveda tradition,general_info,1.0,,,ayurveda
what makes kushmanda avaleha beneficial,herb_benefits,1.0,kushmanda avaleha,,
philosophy of energy,general_info,1.0,,,energy
constant stress,disease_prediction,1.0,,stress,
reducing tinnitus,disease_prediction,1.0,,tinnitus,
principles of panchamahabhutas,general_info,1.0,,,panchamahabhutas
managing depression,disease_prediction,1.0,,depression,
importance of gunas,general_info,1.0,,,gunas
info about gunas,general_info,1.0,,,gunas
I'm experiencing eye strain,disease_prediction,1.0,,eye strain,
overcoming depression,disease_prediction,1.0,,depression,
tell me about akika pishti,herb_benefits,1.0,akika pishti,,
therapeutic value of kachura,herb_benefits,1.0,kachura,,
what are the benefits of plaksha,herb_benefits,1.0,plaksha,,
therapeutic value of bilwadi leha,herb_benefits,1.0,bilwadi leha,,
traditional uses of arka pushpa,herb_benefits,1.0,arka pushpa,,
fundamentals of pranayama,general_info,1.0,,,pranayama
remedy for weakness,disease_prediction,1.0,,weakness,
I'm experiencing dry eyes,disease_prediction,1.0,,dry eyes,
define basti,general_info,1.0,,,basti
shvet musli for health improvement,herb_benefits,1.0,shvet musli,,
researching meditation,general_info,1.0,,,meditation
dealing with nausea,disease_prediction,1.0,,nausea,
therapeutic effects of elakanadi kashayam,herb_benefits,1.0,elakanadi kashayam,,
kantakari for natural healing,herb_benefits,1.0,kantakari,,
bhadra medicinal uses,herb_benefits,1.0,bhadra,,
virya tradition,general_info,1.0,,,virya
medicinal applications of chitraka moola,herb_benefits,1.0,chitraka moola,,
harmony theory,general_info,1.0,,,harmony
saptadhatu theory,general_info,1.0,,,saptadhatu
lata kasturi for health,herb_benefits,1.0,lata kasturi,,
rasnairandadi kwath nutritional benefits,herb_benefits,1.0,rasnairandadi kwath,,
I have morning sickness,disease_prediction,1.0,,morning sickness,
remedy for wounds,disease_prediction,1.0,,wounds,
treatments for motion sickness,disease_prediction,1.0,,motion sickness,
principles of preventive medicine,general_info,1.0,,,preventive medicine
herbal medicine for chronic fatigue,disease_prediction,1.0,,chronic fatigue,
ancient uses of ananta mool,herb_benefits,1.0,ananta mool,,
fundamentals of meditation,general_info,1.0,,,meditation
alternative medicine knowledge,general_info,1.0,,,alternative medicine
malas practice,general_info,1.0,,,malas
health benefits of rasnairandadi kwath,herb_benefits,1.0,rasnairandadi kwath,,
researching dosha,general_info,1.0,,,dosha
therapeutic value of matulunga,herb_benefits,1.0,matulunga,,
kantakari benefits,herb_benefits,1.0,kantakari,,
simhamoola properties,herb_benefits,1.0,simhamoola,,
karpasasthyadi thailam benefits,herb_benefits,1.0,karpasasthyadi thailam,,
what is constitution,general_info,1.0,,,constitution
overview of gunas,general_info,1.0,,,gunas
medicinal applications of chitraka moola,herb_benefits,1.0,chitraka moola,,
how to treat menstrual cramps,disease_prediction,1.0,,menstrual cramps,
therapeutic applications of kanchanara guggulu,herb_benefits,1.0,kanchanara guggulu,,
dosha science,general_info,1.0,,,dosha
how does kharbhuja help,herb_benefits,1.0,kharbhuja,,
I have mood swings,disease_prediction,1.0,,mood swings,
medicine for dandruff,disease_prediction,1.0,,dandruff,
how to use neem,herb_benefits,1.0,neem,,
basti explained,general_info,1.0,,,basti
exploring healthy lifestyle,general_info,1.0,,,healthy lifestyle
what makes meshashringi beneficial,herb_benefits,1.0,meshashringi,,
benefits and uses of matulunga,herb_benefits,1.0,matulunga,,
fundamentals of metabolism,general_info,1.0,,,metabolism
mind-body connection explained,general_info,1.0,,,mind-body connection
safe treatment for morning sickness,disease_prediction,1.0,,morning sickness,
therapeutic applications of saptaparna,herb_benefits,1.0,saptaparna,,
gandharvahastadi kashayam medicinal uses,herb_benefits,1.0,gandharvahastadi kashayam,,
understanding meditation,general_info,1.0,,,meditation
what can nirgundi taila treat,herb_benefits,1.0,nirgundi taila,,
alleviating low energy,disease_prediction,1.0,,low energy,
gandharvahastadi kashayam medicinal uses,herb_benefits,1.0,gandharvahastadi kashayam,,
recovering from hot flashes,disease_prediction,1.0,,hot flashes,
medicinal applications of kovidara,herb_benefits,1.0,kovidara,,
therapeutic applications of varunadi kashayam,herb_benefits,1.0,varunadi kashayam,,
karanja taila for holistic health,herb_benefits,1.0,karanja taila,,
science behind circulation,general_info,1.0,,,circulation
studying alternative medicine,general_info,1.0,,,alternative medicine
ushira for wellness,herb_benefits,1.0,ushira,,
what causes muscle pain,disease_prediction,1.0,,muscle pain,
effective treatments for dandruff,disease_prediction,1.0,,dandruff,
diarrhea treatment,disease_prediction,1.0,,diarrhea,
virya understanding,general_info,1.0,,,virya
dealing with heartburn,disease_prediction,1.0,,heartburn,
suryavarta benefits,herb_benefits,1.0,suryavarta,,
permanent cure for gastritis,disease_prediction,1.0,,gastritis,
what causes bronchitis,disease_prediction,1.0,,bronchitis,
exploring virechana,general_info,1.0,,,virechana
treatment for inflammation,disease_prediction,1.0,,inflammation,
ayurvedic treatment for snoring,disease_prediction,1.0,,snoring,
philosophy of balance,general_info,1.0,,,balance
home remedy for strains,disease_prediction,1.0,,strains,
relief from motion sickness,disease_prediction,1.0,,motion sickness,
what is karnikara good for,herb_benefits,1.0,karnikara,,
how does ojas work,general_info,1.0,,,ojas
non-toxic remedy for cough,disease_prediction,1.0,,cough,
chronic gastritis,disease_prediction,1.0,,gastritis,
sleep apnea symptoms,disease_prediction,1.0,,sleep apnea,
relief from irregular periods,disease_prediction,1.0,,irregular periods,
uses of suranjana,herb_benefits,1.0,suranjana,,
severe burning sensation,disease_prediction,1.0,,burning sensation,
having inflammation,disease_prediction,1.0,,inflammation,
what can nirgundi taila treat,herb_benefits,1.0,nirgundi taila,,
non-toxic remedy for strains,disease_prediction,1.0,,strains,
balance perspective,general_info,1.0,,,balance
intermittent oily skin,disease_prediction,1.0,,oily skin,
vikriti tradition,general_info,1.0,,,vikriti
permanent cure for hot flashes,disease_prediction,1.0,,hot flashes,
mild indigestion,disease_prediction,1.0,,indigestion,
dry eyes symptoms,disease_prediction,1.0,,dry eyes,
studying ayurveda,general_info,1.0,,,ayurveda
safe treatment for indigestion,disease_prediction,1.0,,indigestion,
how to treat vertigo,disease_prediction,1.0,,vertigo,
dealing with concentration issues,disease_prediction,1.0,,concentration issues,
researching yoga,general_info,1.0,,,yoga
lasunadi vati for health,herb_benefits,1.0,lasunadi vati,,
how does circulation work,general_info,1.0,,,circulation
kasis bhasma natural medicine,herb_benefits,1.0,kasis bhasma,,
learning gunas,general_info,1.0,,,gunas
origin of panchakarma,general_info,1.0,,,panchakarma
hearing problems symptoms,disease_prediction,1.0,,hearing problems,
cleansing tradition,general_info,1.0,,,cleansing
history of temperament,general_info,1.0,,,temperament
energy knowledge,general_info,1.0,,,energy
herbal medicine science,general_info,1.0,,,herbal medicine
traditional cure for swelling,disease_prediction,1.0,,swelling,
kasis bhasma natural medicine,herb_benefits,1.0,kasis bhasma,,
yoga understanding,general_info,1.0,,,yoga
medicine for allergies,disease_prediction,1.0,,allergies,
healing strains,disease_prediction,1.0,,strains,
health benefits of jalavetasa,herb_benefits,1.0,jalavetasa,,
mastu wellness benefits,herb_benefits,1.0,mastu,,
benefits of natural healing,general_info,1.0,,,natural healing
learning immunity,general_info,1.0,,,immunity
nutrition theory,general_info,1.0,,,nutrition
what are the principles of holistic health,general_info,1.0,,,holistic health
medicinal value of nirgundi,herb_benefits,1.0,nirgundi,,
effective treatment for insomnia,disease_prediction,1.0,,insomnia,
what causes sore throat,disease_prediction,1.0,,sore throat,
neelam pishti medicinal uses,herb_benefits,1.0,neelam pishti,,
basics of vikriti,general_info,1.0,,,vikriti
danti uses,herb_benefits,1.0,danti,,
permanent cure for gastritis,disease_prediction,1.0,,gastritis,
ushira for wellness,herb_benefits,1.0,ushira,,
fundamentals of harmony,general_info,1.0,,,harmony
pitta art,general_info,1.0,,,pitta
krimi kuthar rasa for health,herb_benefits,1.0,krimi kuthar rasa,,
how to treat muscle pain,disease_prediction,1.0,,muscle pain,
what is prakriti,general_info,1.0,,,prakriti
preventing sinusitis,disease_prediction,1.0,,sinusitis,
natural cure for memory problems,disease_prediction,1.0,,memory problems,
therapeutic applications of narikela jala,herb_benefits,1.0,narikela jala,,
shara medicinal uses,herb_benefits,1.0,shara,,
importance of ojas,general_info,1.0,,,ojas
treatment for morning sickness,disease_prediction,1.0,,morning sickness,
what causes muscle pain,disease_prediction,1.0,,muscle pain,
what is wellness,general_info,1.0,,,wellness
exploring healthy lifestyle,general_info,1.0,,,healthy lifestyle
discovering trimala,general_info,1.0,,,trimala
why use makoy,herb_benefits,1.0,makoy,,
therapeutic effects of somaraji taila,herb_benefits,1.0,somaraji taila,,
understanding digestion,general_info,1.0,,,digestion
managing chest pain,disease_prediction,1.0,,chest pain,
krimighna vati nutritional benefits,herb_benefits,1.0,krimighna vati,,
sukumara kashayam therapeutic benefits,herb_benefits,1.0,sukumara kashayam,,
khadiradi vati medicinal uses,herb_benefits,1.0,khadiradi vati,,
sneezing cure,disease_prediction,1.0,,sneezing,
mild chronic fatigue,disease_prediction,1.0,,chronic fatigue,
chandana properties,herb_benefits,1.0,chandana,,
I'm experiencing dry eyes,disease_prediction,1.0,,dry eyes,
examining panchamahabhutas,general_info,1.0,,,panchamahabhutas
irimedadi taila nutritional benefits,herb_benefits,1.0,irimedadi taila,,
alleviating heartburn,disease_prediction,1.0,,heartburn,
mild vertigo,disease_prediction,1.0,,vertigo,
importance of basti,general_info,1.0,,,basti
best medicine for diabetes,disease_prediction,1.0,,diabetes,
traditional medicine viewpoint,general_info,1.0,,,traditional medicine
want to know about saptadhatu,general_info,1.0,,,saptadhatu
eranda taila medicinal uses,herb_benefits,1.0,eranda taila,,
benefits of ojas,general_info,1.0,,,ojas
information about wellness,general_info,1.0,,,wellness
basics of virechana,general_info,1.0,,,virechana
alternative medicine for sinusitis,disease_prediction,1.0,,sinusitis,
prapunnada natural medicine,herb_benefits,1.0,prapunnada,,
dealing with blurred vision,disease_prediction,1.0,,blurred vision,
traditional uses of arka pushpa,herb_benefits,1.0,arka pushpa,,
exploring dhatus,general_info,1.0,,,dhatus
sudden hair loss,disease_prediction,1.0,,hair loss,
chronic mood swings,disease_prediction,1.0,,mood swings,
agni philosophy,general_info,1.0,,,agni
pranayama philosophy,general_info,1.0,,,pranayama
digestion fundamentals,general_info,1.0,,,digestion
ayurvedic treatment for dandruff,disease_prediction,1.0,,dandruff,
examining healthy lifestyle,general_info,1.0,,,healthy lifestyle
recurring brain fog,disease_prediction,1.0,,brain fog,
mild abdominal pain,disease_prediction,1.0,,abdominal pain,
fundamentals of body type,general_info,1.0,,,body type
diagnosis of inflammation,disease_prediction,1.0,,inflammation,
cleansing system,general_info,1.0,,,cleansing
understand vata,general_info,1.0,,,vata
I'm suffering from night sweats,disease_prediction,1.0,,night sweats,
trimala methodology,general_info,1.0,,,trimala
kanmad bhasma nutritional benefits,herb_benefits,1.0,kanmad bhasma,,
investigating virechana,general_info,1.0,,,virechana
what makes madhukarkati beneficial,herb_benefits,1.0,madhukarkati,,
information about utingana,herb_benefits,1.0,utingana,,
significance of holistic health,general_info,1.0,,,holistic health
fundamentals of balance,general_info,1.0,,,balance
bibhitaki wellness benefits,herb_benefits,1.0,bibhitaki,,
what's panchavalkala kwath good for,herb_benefits,1.0,panchavalkala kwath,,
history of circulation,general_info,1.0,,,circulation
dealing with hot flashes,disease_prediction,1.0,,hot flashes,
what causes muscle pain,disease_prediction,1.0,,muscle pain,
safe treatment for hair loss,disease_prediction,1.0,,hair loss,
eranda patra for health,herb_benefits,1.0,eranda patra,,
what makes swarnapatri beneficial,herb_benefits,1.0,swarnapatri,,
home remedy for hair loss,disease_prediction,1.0,,hair loss,
natural treatment for bruising,disease_prediction,1.0,,bruising,
detoxification system,general_info,1.0,,,detoxification
benefits of metabolism,general_info,1.0,,,metabolism
uses of mahatiktaka ghrita,herb_benefits,1.0,mahatiktaka ghrita,,
benefits of gunas,general_info,1.0,,,gunas
harmony viewpoint,general_info,1.0,,,harmony
traditional applications of phala ghrita,herb_benefits,1.0,phala ghrita,,
healing burns,disease_prediction,1.0,,burns,
ojas science,general_info,1.0,,,ojas
what does vaiswanara churna do,herb_benefits,1.0,vaiswanara churna,,
overcoming headache,disease_prediction,1.0,,headache,
sukumara kashayam therapeutic benefits,herb_benefits,1.0,sukumara kashayam,,
triphala guggulu in herbal medicine,herb_benefits,1.0,triphala guggulu,,
immunity art,general_info,1.0,,,immunity
khadira in traditional medicine,herb_benefits,1.0,khadira,,
healing bronchitis,disease_prediction,1.0,,bronchitis,
shirodhara theory,general_info,1.0,,,shirodhara
medicinal properties of aja dugdha,herb_benefits,1.0,aja dugdha,,
properties of gandhak rasayan,herb_benefits,1.0,gandhak rasayan,,
mild sore throat,disease_prediction,1.0,,sore throat,
what is prana,general_info,1.0,,,prana
benefits of virechana,general_info,1.0,,,virechana
I feel headache,disease_prediction,1.0,,headache,
uses of priyangu,herb_benefits,1.0,priyangu,,
understanding ayurveda,general_info,1.0,,,ayurveda
mild menstrual cramps,disease_prediction,1.0,,menstrual cramps,
understanding cleansing,general_info,1.0,,,cleansing
health benefits of mahishi dugdha,herb_benefits,1.0,mahishi dugdha,,
philosophy of energy,general_info,1.0,,,energy
investigating prana,general_info,1.0,,,prana
sudden chest pain,disease_prediction,1.0,,chest pain,
relief from runny nose,disease_prediction,1.0,,runny nose,
krimighna vati nutritional benefits,herb_benefits,1.0,krimighna vati,,
natural cures for motion sickness,disease_prediction,1.0,,motion sickness,
tell me about hapusa,herb_benefits,1.0,hapusa,,
herbal properties of tila taila,herb_benefits,1.0,tila taila,,
explain alternative medicine,general_info,1.0,,,alternative medicine
permanent cure for hot flashes,disease_prediction,1.0,,hot flashes,
properties of shvet musli,herb_benefits,1.0,shvet musli,,
yavani natural medicine,herb_benefits,1.0,yavani,,
what is herbal medicine,general_info,1.0,,,herbal medicine
why use varahikanda,herb_benefits,1.0,varahikanda,,
investigating ama,general_info,1.0,,,ama
trimala theory,general_info,1.0,,,trimala
natural cure for memory problems,disease_prediction,1.0,,memory problems,
learning holistic health,general_info,1.0,,,holistic health
science behind agni,general_info,1.0,,,agni
help with eczema,disease_prediction,1.0,,eczema,
importance of harmony,general_info,1.0,,,harmony
somaraji taila nutritional benefits,herb_benefits,1.0,somaraji taila,,
what is constitution,general_info,1.0,,,constitution
having inflammation,disease_prediction,1.0,,inflammation,
what is constitution,general_info,1.0,,,constitution
persistent asthma,disease_prediction,1.0,,asthma,
health advantages of jalavetasa,herb_benefits,1.0,jalavetasa,,
properties of madanaphala,herb_benefits,1.0,madanaphala,,
healthy lifestyle viewpoint,general_info,1.0,,,healthy lifestyle
virechana wisdom,general_info,1.0,,,virechana
sudden diabetes,disease_prediction,1.0,,diabetes,
inflammation treatment,disease_prediction,1.0,,inflammation,
persistent hot flashes,disease_prediction,1.0,,hot flashes,
tell me about pradarantak lauh,herb_benefits,1.0,pradarantak lauh,,
detoxification theory,general_info,1.0,,,detoxification
principles of tridosha,general_info,1.0,,,tridosha
malas methodology,general_info,1.0,,,malas
benefits and applications of kushmanda avaleha,herb_benefits,1.0,kushmanda avaleha,,
tell me about tinospora,herb_benefits,1.0,tinospora,,
bacopa for natural treatment,herb_benefits,1.0,bacopa,,
natural healing basics,general_info,1.0,,,natural healing
what does kasheruka do,herb_benefits,1.0,kasheruka,,
what're the benefits of rohitakarishta,herb_benefits,1.0,rohitakarishta,,
quick relief from diabetes,disease_prediction,1.0,,diabetes,
cure for restless legs,disease_prediction,1.0,,restless legs,
ushira nutritional benefits,herb_benefits,1.0,ushira,,
learning ama,general_info,1.0,,,ama
health benefits of dadimashtaka churna,herb_benefits,1.0,dadimashtaka churna,,
cure for acne,disease_prediction,1.0,,acne,
permanent cure for gastritis,disease_prediction,1.0,,gastritis,
natural benefits of khadiradi vati,herb_benefits,1.0,khadiradi vati,,
uses of vamsha,herb_benefits,1.0,vamsha,,
introduction to agni,general_info,1.0,,,agni
can you explain temperament,general_info,1.0,,,temperament
healthy lifestyle understanding,general_info,1.0,,,healthy lifestyle
intermittent vomiting,disease_prediction,1.0,,vomiting,
prana fundamentals,general_info,1.0,,,prana
science behind agni,general_info,1.0,,,agni
preventing bloating,disease_prediction,1.0,,bloating,
quick relief from chest pain,disease_prediction,1.0,,chest pain,
traditional uses of nimba beeja,herb_benefits,1.0,nimba beeja,,
preventing vomiting,disease_prediction,1.0,,vomiting,
severe inflammation,disease_prediction,1.0,,inflammation,
medicinal effects of kataka,herb_benefits,1.0,kataka,,
history of prana,general_info,1.0,,,prana
abhyanga theory,general_info,1.0,,,abhyanga
recovering from allergies,disease_prediction,1.0,,allergies,
arjunarishta in traditional medicine,herb_benefits,1.0,arjunarishta,,
permanent cure for sleep apnea,disease_prediction,1.0,,sleep apnea,
ancient uses of hajrul yahood bhasma,herb_benefits,1.0,hajrul yahood bhasma,,
understand prabhava,general_info,1.0,,,prabhava
therapeutic effects of shalparni,herb_benefits,1.0,shalparni,,
ushiradi churna for wellness,herb_benefits,1.0,ushiradi churna,,
fundamentals of circulation,general_info,1.0,,,circulation
persistent runny nose,disease_prediction,1.0,,runny nose,
natural treatment for cuts,disease_prediction,1.0,,cuts,
what is wellness,general_info,1.0,,,wellness
herbal properties of dashamularishta,herb_benefits,1.0,dashamularishta,,
severe runny nose,disease_prediction,1.0,,runny nose,
what can rudraksha treat,herb_benefits,1.0,rudraksha,,
gairika in traditional medicine,herb_benefits,1.0,gairika,,
therapeutic value of shukti bhasma,herb_benefits,1.0,shukti bhasma,,
managing depression,disease_prediction,1.0,,depression,
pippali moola therapeutic benefits,herb_benefits,1.0,pippali moola,,
shirodhara theory,general_info,1.0,,,shirodhara
benefits of dhatus,general_info,1.0,,,dhatus
rasa methodology,general_info,1.0,,,rasa
therapeutic value of samudra phena,herb_benefits,1.0,samudra phena,,
discovering circulation,general_info,1.0,,,circulation
malas methodology,general_info,1.0,,,malas
importance of harmony,general_info,1.0,,,harmony
recovering from sleep disorders,disease_prediction,1.0,,sleep disorders,
best medicine for tingling,disease_prediction,1.0,,tingling,
diagnosis of depression,disease_prediction,1.0,,depression,
dealing with heartburn,disease_prediction,1.0,,heartburn,
vomiting treatment,disease_prediction,1.0,,vomiting,
home remedy for allergies,disease_prediction,1.0,,allergies,
information about ardraka,herb_benefits,1.0,ardraka,,
traditional cure for chest pain,disease_prediction,1.0,,chest pain,
medicine for night sweats,disease_prediction,1.0,,night sweats,
alleviating night sweats,disease_prediction,1.0,,night sweats,
fundamentals of vata,general_info,1.0,,,vata
how to treat night sweats,disease_prediction,1.0,,night sweats,
what can vasa avaleha treat,herb_benefits,1.0,vasa avaleha,,
panchamahabhutas basics,general_info,1.0,,,panchamahabhutas
help with stomach ache,disease_prediction,1.0,,stomach ache,
pattanga health effects,herb_benefits,1.0,pattanga,,
healing power of karmaranga,herb_benefits,1.0,karmaranga,,
dealing with nausea,disease_prediction,1.0,,nausea,
safe treatment for hair loss,disease_prediction,1.0,,hair loss,
help with sprains,disease_prediction,1.0,,sprains,
what makes kushmanda avaleha beneficial,herb_benefits,1.0,kushmanda avaleha,,
persistent runny nose,disease_prediction,1.0,,runny nose,
sudden psoriasis,disease_prediction,1.0,,psoriasis,
introduction to yoga,general_info,1.0,,,yoga
fundamentals of prabhava,general_info,1.0,,,prabhava
uses of vamsha,herb_benefits,1.0,vamsha,,
tintidika health effects,herb_benefits,1.0,tintidika,,
importance of constitution,general_info,1.0,,,constitution
energy science,general_info,1.0,,,energy
exploring ojas,general_info,1.0,,,ojas
how does nimba patra help,herb_benefits,1.0,nimba patra,,
kembuka remedy uses,herb_benefits,1.0,kembuka,,
intermittent wounds,disease_prediction,1.0,,wounds,
remedy for mood swings,disease_prediction,1.0,,mood swings,
abhyanga principles,general_info,1.0,,,abhyanga
having chronic fatigue,disease_prediction,1.0,,chronic fatigue,
healing power of fennel,herb_benefits,1.0,fennel,,
origin of wellness,general_info,1.0,,,wellness
sudden menstrual cramps,disease_prediction,1.0,,menstrual cramps,
panchakarma viewpoint,general_info,1.0,,,panchakarma
severe sneezing,disease_prediction,1.0,,sneezing,
chronic wounds,disease_prediction,1.0,,wounds,
medicinal value of kanmad bhasma,herb_benefits,1.0,kanmad bhasma,,
examining ama,general_info,1.0,,,ama
preventing bloating,disease_prediction,1.0,,bloating,
kumud healing properties,herb_benefits,1.0,kumud,,
lasunadi vati for health,herb_benefits,1.0,lasunadi vati,,
how to treat sleep disorders,disease_prediction,1.0,,sleep disorders,
how does balance work,general_info,1.0,,,balance
exploring virechana,general_info,1.0,,,virechana
understanding cleansing,general_info,1.0,,,cleansing
explain prana,general_info,1.0,,,prana
detoxification viewpoint,general_info,1.0,,,detoxification
significance of meditation,general_info,1.0,,,meditation
medicinal applications of kanchanara guggulu,herb_benefits,1.0,kanchanara guggulu,,
how does kshirabala thailam help,herb_benefits,1.0,kshirabala thailam,,
permanent cures for sinusitis,disease_prediction,1.0,,sinusitis,
information about saptadhatu,general_info,1.0,,,saptadhatu
information about herbal medicine,general_info,1.0,,,herbal medicine
agni practice,general_info,1.0,,,agni
medicine for vertigo,disease_prediction,1.0,,vertigo,
medicinal value of shatavari,herb_benefits,1.0,shatavari,,
persistent migraine,disease_prediction,1.0,,migraine,
benefits and applications of shyonaka,herb_benefits,1.0,shyonaka,,
traditional cure for eczema,disease_prediction,1.0,,eczema,
recovering from fatigue,disease_prediction,1.0,,fatigue,
science behind vikriti,general_info,1.0,,,vikriti
reducing psoriasis,disease_prediction,1.0,,psoriasis,
having mood swings,disease_prediction,1.0,,mood swings,
rasa knowledge,general_info,1.0,,,rasa
mahalakshmi vilas rasa for holistic health,herb_benefits,1.0,mahalakshmi vilas rasa,,
researching saptadhatu,general_info,1.0,,,saptadhatu
traditional uses of kaharuba pishti,herb_benefits,1.0,kaharuba pishti,,
information about nasya,general_info,1.0,,,nasya
dealing with concentration issues,disease_prediction,1.0,,concentration issues,
natural advantages of kasamarda,herb_benefits,1.0,kasamarda,,
recurring sprains,disease_prediction,1.0,,sprains,
information about ardraka,herb_benefits,1.0,ardraka,,
herbal properties of kamala kesara,herb_benefits,1.0,kamala kesara,,
inflammation treatment,disease_prediction,1.0,,inflammation,
traditional uses of putikaranja,herb_benefits,1.0,putikaranja,,
researching body type,general_info,1.0,,,body type
healing strains,disease_prediction,1.0,,strains,
how to use varahikanda,herb_benefits,1.0,varahikanda,,
exploring agni,general_info,1.0,,,agni
guide to healthy lifestyle,general_info,1.0,,,healthy lifestyle
eladi vati natural medicine,herb_benefits,1.0,eladi vati,,
basti wisdom,general_info,1.0,,,basti
reducing hypertension,disease_prediction,1.0,,hypertension,
treatment for sprains,disease_prediction,1.0,,sprains,
detoxification wisdom,general_info,1.0,,,detoxification
learning immunity,general_info,1.0,,,immunity
investigating panchakarma,general_info,1.0,,,panchakarma
vaikranta bhasma for health improvement,herb_benefits,1.0,vaikranta bhasma,,
herbal medicine concepts,general_info,1.0,,,herbal medicine
I'm experiencing ear pain,disease_prediction,1.0,,ear pain,
akika pishti natural medicine,herb_benefits,1.0,akika pishti,,
vikriti concepts,general_info,1.0,,,vikriti
fundamentals of rasa,general_info,1.0,,,rasa
persistent fatigue,disease_prediction,1.0,,fatigue,
cure for night sweats,disease_prediction,1.0,,night sweats,
traditional cure for hearing problems,disease_prediction,1.0,,hearing problems,
chakshushya in herbal medicine,herb_benefits,1.0,chakshushya,,
advantages of arogyavardhini vati,herb_benefits,1.0,arogyavardhini vati,,
harmony perspective,general_info,1.0,,,harmony
what's wellness,general_info,1.0,,,wellness
dhatus knowledge,general_info,1.0,,,dhatus
uses of priyangu,herb_benefits,1.0,priyangu,,
non-toxic remedy for stomach ache,disease_prediction,1.0,,stomach ache,
karpasasthyadi thailam benefits,herb_benefits,1.0,karpasasthyadi thailam,,
ayurvedic benefits of saptaparna,herb_benefits,1.0,saptaparna,,
medicinal effects of kataka,herb_benefits,1.0,kataka,,
diagnosis of menstrual cramps,disease_prediction,1.0,,menstrual cramps,
ginger for wellness,herb_benefits,1.0,ginger,,
discovering vata,general_info,1.0,,,vata
what are the principles of dosha,general_info,1.0,,,dosha
ayurvedic treatment for arthritis,disease_prediction,1.0,,arthritis,
controlling itching,disease_prediction,1.0,,itching,
how to treat heartburn,disease_prediction,1.0,,heartburn,
arjunarishta remedy uses,herb_benefits,1.0,arjunarishta,,
tridosha basics,general_info,1.0,,,tridosha
traditional uses of tinospora,herb_benefits,1.0,tinospora,,
dealing with allergies,disease_prediction,1.0,,allergies,
kokilaksha remedy uses,herb_benefits,1.0,kokilaksha,,
ayurvedic treatments for insomnia,disease_prediction,1.0,,insomnia,
bhurja for wellness,herb_benefits,1.0,bhurja,,
ambasthaki properties,herb_benefits,1.0,ambasthaki,,
principles of pitta,general_info,1.0,,,pitta
define kapha,general_info,1.0,,,kapha
alleviating chronic fatigue,disease_prediction,1.0,,chronic fatigue,
therapeutic effects of gangadhara churna,herb_benefits,1.0,gangadhara churna,,
effective treatments for night sweats,disease_prediction,1.0,,night sweats,
exploring vata,general_info,1.0,,,vata
learn about virya,general_info,1.0,,,virya
medicinal effects of sphatika bhasma,herb_benefits,1.0,sphatika bhasma,,
researching basti,general_info,1.0,,,basti
vata viewpoint,general_info,1.0,,,vata
punarnava natural medicine,herb_benefits,1.0,punarnava,,
origin of metabolism,general_info,1.0,,,metabolism
diagnosis of asthma,disease_prediction,1.0,,asthma,
preventing low energy,disease_prediction,1.0,,low energy,
principles of pitta,general_info,1.0,,,pitta
natural benefits of raupya bhasma,herb_benefits,1.0,raupya bhasma,,
medicine for vomiting,disease_prediction,1.0,,vomiting,
what is energy,general_info,1.0,,,energy
kushmanda khanda medicinal uses,herb_benefits,1.0,kushmanda khanda,,
recurring burns,disease_prediction,1.0,,burns,
talisadi churna in traditional medicine,herb_benefits,1.0,talisadi churna,,
mild chronic fatigue,disease_prediction,1.0,,chronic fatigue,
sudden numbness,disease_prediction,1.0,,numbness,
virya viewpoint,general_info,1.0,,,virya
severe burning sensation,disease_prediction,1.0,,burning sensation,
controlling memory problems,disease_prediction,1.0,,memory problems,
help with low energy,disease_prediction,1.0,,low energy,
what are the benefits of dhanyamla,herb_benefits,1.0,dhanyamla,,
tell me about srotas,general_info,1.0,,,srotas
therapeutic value of kachura,herb_benefits,1.0,kachura,,
understand prana,general_info,1.0,,,prana
diagnosis of hair loss,disease_prediction,1.0,,hair loss,
dhamasa in herbal medicine,herb_benefits,1.0,dhamasa,,
examining panchamahabhutas,general_info,1.0,,,panchamahabhutas
virya viewpoint,general_info,1.0,,,virya
persistent inflammation,disease_prediction,1.0,,inflammation,
gomeda bhasma effects,herb_benefits,1.0,gomeda bhasma,,
mild abdominal pain,disease_prediction,1.0,,abdominal pain,
chakshushya in herbal medicine,herb_benefits,1.0,chakshushya,,
alleviating irregular periods,disease_prediction,1.0,,irregular periods,
gorakhmundi natural medicine,herb_benefits,1.0,gorakhmundi,,
how to use neem,herb_benefits,1.0,neem,,
preventing sinusitis,disease_prediction,1.0,,sinusitis,
properties of kusumbha taila,herb_benefits,1.0,kusumbha taila,,
I'm experiencing bloating,disease_prediction,1.0,,bloating,
chana for wellness,herb_benefits,1.0,chana,,
overview of tejas,general_info,1.0,,,tejas
diagnosis of vomiting,disease_prediction,1.0,,vomiting,
lata kasturi properties,herb_benefits,1.0,lata kasturi,,
mahasudarshan churna for health,herb_benefits,1.0,mahasudarshan churna,,
krimi kuthar rasa for health,herb_benefits,1.0,krimi kuthar rasa,,
properties of kankataka,herb_benefits,1.0,kankataka,,
detoxification basics,general_info,1.0,,,detoxification
examining dhatus,general_info,1.0,,,dhatus
what are the benefits of draksharishta,herb_benefits,1.0,draksharishta,,
I feel hot flashes,disease_prediction,1.0,,hot flashes,
best medicine for tingling,disease_prediction,1.0,,tingling,
alternative medicine for numbness,disease_prediction,1.0,,numbness,
origin of kapha,general_info,1.0,,,kapha
how to use nirgundi,herb_benefits,1.0,nirgundi,,
fundamentals of metabolism,general_info,1.0,,,metabolism
introduction to wellness,general_info,1.0,,,wellness
how does vanapsa help,herb_benefits,1.0,vanapsa,,
medicinal effects of varunadi kashayam,herb_benefits,1.0,varunadi kashayam,,
fundamentals of alternative medicine,general_info,1.0,,,alternative medicine
I have itching,disease_prediction,1.0,,itching,
tanduliyaka healing properties,herb_benefits,1.0,tanduliyaka,,
runny nose symptoms,disease_prediction,1.0,,runny nose,
parpatakarishta in herbal medicine,herb_benefits,1.0,parpatakarishta,,
nasya philosophy,general_info,1.0,,,nasya
virya philosophy,general_info,1.0,,,virya
recovering from sleep disorders,disease_prediction,1.0,,sleep disorders,
sleep apnea symptoms,disease_prediction,1.0,,sleep apnea,
properties of dhatupaushtik churna,herb_benefits,1.0,dhatupaushtik churna,,
constant blurred vision,disease_prediction,1.0,,blurred vision,
dhatus approach,general_info,1.0,,,dhatus
madayantika for holistic health,herb_benefits,1.0,madayantika,,
herbal medicine for low energy,disease_prediction,1.0,,low energy,
recurring cramps,disease_prediction,1.0,,cramps,
fundamentals of natural healing,general_info,1.0,,,natural healing
treatment for heartburn,disease_prediction,1.0,,heartburn,
traditional cure for cramps,disease_prediction,1.0,,cramps,
alleviating night sweats,disease_prediction,1.0,,night sweats,
science behind alternative medicine,general_info,1.0,,,alternative medicine
body type art,general_info,1.0,,,body type
learn about body type,general_info,1.0,,,body type
diagnosis of inflammation,disease_prediction,1.0,,inflammation,
I'm experiencing morning sickness,disease_prediction,1.0,,morning sickness,
herbal medicine for chronic fatigue,disease_prediction,1.0,,chronic fatigue,
what makes swarnapatri beneficial,herb_benefits,1.0,swarnapatri,,
controlling tinnitus,disease_prediction,1.0,,tinnitus,
tell me about basti,general_info,1.0,,,basti
history of temperament,general_info,1.0,,,temperament
severe vertigo,disease_prediction,1.0,,vertigo,
temperament practice,general_info,1.0,,,temperament
sala properties,herb_benefits,1.0,sala,,
energy approach,general_info,1.0,,,energy
nutrition viewpoint,general_info,1.0,,,nutrition
why use varahikanda,herb_benefits,1.0,varahikanda,,
relief from tingling,disease_prediction,1.0,,tingling,
effective treatment for depression,disease_prediction,1.0,,depression,
healing constipation,disease_prediction,1.0,,constipation,
discovering constitution,general_info,1.0,,,constitution
overview of malas,general_info,1.0,,,malas
recurring sprains,disease_prediction,1.0,,sprains,
vasant kusumakar rasa therapeutic benefits,herb_benefits,1.0,vasant kusumakar rasa,,
healing motion sickness,disease_prediction,1.0,,motion sickness,
meditation approach,general_info,1.0,,,meditation
health properties of shatavari ksheera,herb_benefits,1.0,shatavari ksheera,,
mild eye strain,disease_prediction,1.0,,eye strain,
treatment for constipation,disease_prediction,1.0,,constipation,
managing abdominal pain,disease_prediction,1.0,,abdominal pain,
dosha basics,general_info,1.0,,,dosha
help with ear pain,disease_prediction,1.0,,ear pain,
uses of mahatiktaka ghrita,herb_benefits,1.0,mahatiktaka ghrita,,
how to use shankha vati,herb_benefits,1.0,shankha vati,,
treatment for strains,disease_prediction,1.0,,strains,
how does agni work,general_info,1.0,,,agni
tell me about prabhava,general_info,1.0,,,prabhava
lajjalu remedy uses,herb_benefits,1.0,lajjalu,,
constant abdominal pain,disease_prediction,1.0,,abdominal pain,
home remedy for diabetes,disease_prediction,1.0,,diabetes,
healing burns,disease_prediction,1.0,,burns,
I feel migraine,disease_prediction,1.0,,migraine,
what are the benefits of shankha vati,herb_benefits,1.0,shankha vati,,
introduction to nutrition,general_info,1.0,,,nutrition
prabhava practice,general_info,1.0,,,prabhava
history of shadrasas,general_info,1.0,,,shadrasas
dealing with night sweats,disease_prediction,1.0,,night sweats,
health benefits of ashwattha,herb_benefits,1.0,ashwattha,,
how to treat allergies,disease_prediction,1.0,,allergies,
examining harmony,general_info,1.0,,,harmony
medicine for skin rash,disease_prediction,1.0,,skin rash,
philosophy of pitta,general_info,1.0,,,pitta
benefits of prabhava,general_info,1.0,,,prabhava
explain healthy lifestyle,general_info,1.0,,,healthy lifestyle
how does panchakarma work,general_info,1.0,,,panchakarma
what's vasant kusumakar rasa good for,herb_benefits,1.0,vasant kusumakar rasa,,
safe treatment for stress,disease_prediction,1.0,,stress,
acne symptoms,disease_prediction,1.0,,acne,
therapeutic value of vyoshadi vati,herb_benefits,1.0,vyoshadi vati,,
learning panchamahabhutas,general_info,1.0,,,panchamahabhutas
therapeutic effects of kumbhika,herb_benefits,1.0,kumbhika,,
discovering srotas,general_info,1.0,,,srotas
irimedadi taila nutritional benefits,herb_benefits,1.0,irimedadi taila,,
agni art,general_info,1.0,,,agni
benefits and uses of kanmad bhasma,herb_benefits,1.0,kanmad bhasma,,
examining panchamahabhutas,general_info,1.0,,,panchamahabhutas
natural healing wisdom,general_info,1.0,,,natural healing
understand srotas,general_info,1.0,,,srotas
why use grinjana,herb_benefits,1.0,grinjana,,
hijal remedy uses,herb_benefits,1.0,hijal,,
panchamahabhutas approach,general_info,1.0,,,panchamahabhutas
researching yoga,general_info,1.0,,,yoga
medicinal properties of kankshi,herb_benefits,1.0,kankshi,,
mustakarishta health effects,herb_benefits,1.0,mustakarishta,,
learning nutrition,general_info,1.0,,,nutrition
symptoms of nausea,disease_prediction,1.0,,nausea,
dealing with mood swings,disease_prediction,1.0,,mood swings,
medicinal applications of kanchanara guggulu,herb_benefits,1.0,kanchanara guggulu,,
virya tradition,general_info,1.0,,,virya
natural advantages of prapunnada,herb_benefits,1.0,prapunnada,,
lata kasturi for health,herb_benefits,1.0,lata kasturi,,
how does sarivadyasava help,herb_benefits,1.0,sarivadyasava,,
changeri ghrita health effects,herb_benefits,1.0,changeri ghrita,,
what makes gotu kola beneficial,herb_benefits,1.0,gotu kola,,
tejapatra for wellness,herb_benefits,1.0,tejapatra,,
amritarishta medicinal uses,herb_benefits,1.0,amritarishta,,
history of virya,general_info,1.0,,,virya
discovering alternative medicine,general_info,1.0,,,alternative medicine
what causes wounds,disease_prediction,1.0,,wounds,
I'm suffering from motion sickness,disease_prediction,1.0,,motion sickness,
what are the benefits of shankha vati,herb_benefits,1.0,shankha vati,,
shigru nutritional benefits,herb_benefits,1.0,shigru,,
what makes tilaparni beneficial,herb_benefits,1.0,tilaparni,,
principles of malas,general_info,1.0,,,malas
what can ishwari treat,herb_benefits,1.0,ishwari,,
benefits of holistic health,general_info,1.0,,,holistic health
tell me about abhyanga,general_info,1.0,,,abhyanga
gojihva effects,herb_benefits,1.0,gojihva,,
what is panchavalkala kwath good for,herb_benefits,1.0,panchavalkala kwath,,
discovering detoxification,general_info,1.0,,,detoxification
patola patra nutritional benefits,herb_benefits,1.0,patola patra,,
what causes mood swings,disease_prediction,1.0,,mood swings,
holistic health viewpoint,general_info,1.0,,,holistic health
define prakriti,general_info,1.0,,,prakriti
health properties of patrangasava,herb_benefits,1.0,patrangasava,,
blurred vision treatment,disease_prediction,1.0,,blurred vision,
chavya therapeutic benefits,herb_benefits,1.0,chavya,,
reducing tinnitus,disease_prediction,1.0,,tinnitus,
controlling depression,disease_prediction,1.0,,depression,
basics of kapha,general_info,1.0,,,kapha
I feel eczema,disease_prediction,1.0,,eczema,
mild gas,disease_prediction,1.0,,gas,
I have snoring,disease_prediction,1.0,,snoring,
relief from back pain,disease_prediction,1.0,,back pain,
researching wellness,general_info,1.0,,,wellness
acne treatment,disease_prediction,1.0,,acne,
significance of ojas,general_info,1.0,,,ojas
what makes dhanwantaram gutika beneficial,herb_benefits,1.0,dhanwantaram gutika,,
benefits of constitution,general_info,1.0,,,constitution
symptoms of sleep disorders,disease_prediction,1.0,,sleep disorders,
alleviating morning sickness,disease_prediction,1.0,,morning sickness,
properties of saraswatarishta,herb_benefits,1.0,saraswatarishta,,
benefits and applications of bhadra,herb_benefits,1.0,bhadra,,
what does haridra do,herb_benefits,1.0,haridra,,
agnijara benefits,herb_benefits,1.0,agnijara,,
what can rudraksha treat,herb_benefits,1.0,rudraksha,,
saptadhatu viewpoint,general_info,1.0,,,saptadhatu
vikriti art,general_info,1.0,,,vikriti
holistic treatment for cold,disease_prediction,1.0,,cold,
exploring basti,general_info,1.0,,,basti
mild abdominal pain,disease_prediction,1.0,,abdominal pain,
constant vertigo,disease_prediction,1.0,,vertigo,
therapeutic applications of eranda,herb_benefits,1.0,eranda,,
discovering gunas,general_info,1.0,,,gunas
information about kshirabala 101 avarti,herb_benefits,1.0,kshirabala 101 avarti,,
what causes dry skin,disease_prediction,1.0,,dry skin,
natural treatment for swelling,disease_prediction,1.0,,swelling,
natural benefits of sthuneyaka,herb_benefits,1.0,sthuneyaka,,
harmony methodology,general_info,1.0,,,harmony
temperament practice,general_info,1.0,,,temperament
researching shadrasas,general_info,1.0,,,shadrasas
reducing hypertension,disease_prediction,1.0,,hypertension,
reducing abdominal pain,disease_prediction,1.0,,abdominal pain,
traditional uses of gymnema,herb_benefits,1.0,gymnema,,
permanent cure for bronchitis,disease_prediction,1.0,,bronchitis,
researching pranayama,general_info,1.0,,,pranayama
help with low energy,disease_prediction,1.0,,low energy,
mandukparni in traditional medicine,herb_benefits,1.0,mandukparni,,
preventing mood swings,disease_prediction,1.0,,mood swings,
benefits of eranda patra,herb_benefits,1.0,eranda patra,,
ayurvedic benefits of shallaki,herb_benefits,1.0,shallaki,,
symptoms of oily skin,disease_prediction,1.0,,oily skin,
healing power of jivaka,herb_benefits,1.0,jivaka,,
I feel sinusitis,disease_prediction,1.0,,sinusitis,
ayurvedic benefits of gotu kola,herb_benefits,1.0,gotu kola,,
basics of agni,general_info,1.0,,,agni
investigating cleansing,general_info,1.0,,,cleansing
reducing oily skin,disease_prediction,1.0,,oily skin,
advantages of murivenna,herb_benefits,1.0,murivenna,,
what is wellness,general_info,1.0,,,wellness
energy approach,general_info,1.0,,,energy
introduction to constitution,general_info,1.0,,,constitution
I have asthma,disease_prediction,1.0,,asthma,
effective treatment for night sweats,disease_prediction,1.0,,night sweats,
mild gas,disease_prediction,1.0,,gas,
meditation explained,general_info,1.0,,,meditation
what causes mood swings,disease_prediction,1.0,,mood swings,
herbal medicine for low energy,disease_prediction,1.0,,low energy,
basti theory,general_info,1.0,,,basti
pravala pishti remedy uses,herb_benefits,1.0,pravala pishti,,
ancient applications of guda,herb_benefits,1.0,guda,,
what can ishwari treat,herb_benefits,1.0,ishwari,,
what makes rudraksha beneficial,herb_benefits,1.0,rudraksha,,
gorakhmundi natural medicine,herb_benefits,1.0,gorakhmundi,,
suryavarta benefits,herb_benefits,1.0,suryavarta,,
dosha knowledge,general_info,1.0,,,dosha
detoxification wisdom,general_info,1.0,,,detoxification
karanja taila natural medicine,herb_benefits,1.0,karanja taila,,
relief from sprains,disease_prediction,1.0,,sprains,
healing wounds,disease_prediction,1.0,,wounds,
natural treatment for bruising,disease_prediction,1.0,,bruising,
parpataka natural medicine,herb_benefits,1.0,parpataka,,
cure for asthma,disease_prediction,1.0,,asthma,
lakshadi thailam wellness benefits,herb_benefits,1.0,lakshadi thailam,,
help with vertigo,disease_prediction,1.0,,vertigo,
understand metabolism,general_info,1.0,,,metabolism
harmony system,general_info,1.0,,,harmony
sudden bloating,disease_prediction,1.0,,bloating,
effective treatment for abdominal pain,disease_prediction,1.0,,abdominal pain,
natural cure for memory problems,disease_prediction,1.0,,memory problems,
relief from dry skin,disease_prediction,1.0,,dry skin,
I have weakness,disease_prediction,1.0,,weakness,
abdominal pain symptoms,disease_prediction,1.0,,abdominal pain,
ojas knowledge,general_info,1.0,,,ojas
panchakarma fundamentals,general_info,1.0,,,panchakarma
quick relief from chest pain,disease_prediction,1.0,,chest pain,
mild sleep disorders,disease_prediction,1.0,,sleep disorders,
how does vikriti work,general_info,1.0,,,vikriti
recovering from low energy,disease_prediction,1.0,,low energy,
learning nutrition,general_info,1.0,,,nutrition
grinjana healing properties,herb_benefits,1.0,grinjana,,
advantages of bhurja,herb_benefits,1.0,bhurja,,
permanent cure for muscle pain,disease_prediction,1.0,,muscle pain,
ayurvedic treatment for arthritis,disease_prediction,1.0,,arthritis,
tell me about patala,herb_benefits,1.0,patala,,
severe gastritis,disease_prediction,1.0,,gastritis,
persistent skin rash,disease_prediction,1.0,,skin rash,
alternative medicine for mood swings,disease_prediction,1.0,,mood swings,
non-toxic remedy for arthritis,disease_prediction,1.0,,arthritis,
herbal medicine methodology,general_info,1.0,,,herbal medicine
medicine for tinnitus,disease_prediction,1.0,,tinnitus,
how does prasarini help,herb_benefits,1.0,prasarini,,
elakanadi kashayam effects,herb_benefits,1.0,elakanadi kashayam,,
history of basti,general_info,1.0,,,basti
gunas tradition,general_info,1.0,,,gunas
properties of ushtra dugdha,herb_benefits,1.0,ushtra dugdha,,
recovering from motion sickness,disease_prediction,1.0,,motion sickness,
persistent inflammation,disease_prediction,1.0,,inflammation,
saptadhatu approach,general_info,1.0,,,saptadhatu
home remedy for gas,disease_prediction,1.0,,gas,
srotas basics,general_info,1.0,,,srotas
dhamasa in herbal medicine,herb_benefits,1.0,dhamasa,,
what makes neelam pishti beneficial,herb_benefits,1.0,neelam pishti,,
natural treatment for runny nose,disease_prediction,1.0,,runny nose,
advantages of ashoka ghrita,herb_benefits,1.0,ashoka ghrita,,
preventing eye strain,disease_prediction,1.0,,eye strain,
natural benefits of swarnapatri,herb_benefits,1.0,swarnapatri,,
mahasudarshan churna nutritional benefits,herb_benefits,1.0,mahasudarshan churna,,
origin of srotas,general_info,1.0,,,srotas
want to know about trimala,general_info,1.0,,,trimala
vidaryadi kashayam for health,herb_benefits,1.0,vidaryadi kashayam,,
treatment for sleep apnea,disease_prediction,1.0,,sleep apnea,
constant stress,disease_prediction,1.0,,stress,
natural cure for snoring,disease_prediction,1.0,,snoring,
what's body type,general_info,1.0,,,body type
treatment for wounds,disease_prediction,1.0,,wounds,
ancient uses of aivana,herb_benefits,1.0,aivana,,
healing fatigue,disease_prediction,1.0,,fatigue,
benefits and uses of pushkarmool,herb_benefits,1.0,pushkarmool,,
what can agastya haritaki rasayana treat,herb_benefits,1.0,agastya haritaki rasayana,,
tamalpatra nutritional benefits,herb_benefits,1.0,tamalpatra,,
cough cure,disease_prediction,1.0,,cough,
kulathadi kwath therapeutic benefits,herb_benefits,1.0,kulathadi kwath,,
uses of priyangu,herb_benefits,1.0,priyangu,,
holistic treatment for stomach ache,disease_prediction,1.0,,stomach ache,
sudden low energy,disease_prediction,1.0,,low energy,
basti fundamentals,general_info,1.0,,,basti
treatments for sleep apnea,disease_prediction,1.0,,sleep apnea,
medicine for asthma,disease_prediction,1.0,,asthma,
alabu for natural treatment,herb_benefits,1.0,alabu,,
managing abdominal pain,disease_prediction,1.0,,abdominal pain,
simhamoola properties,herb_benefits,1.0,simhamoola,,
traditional medicine art,general_info,1.0,,,traditional medicine
how to use panchamrita parpati,herb_benefits,1.0,panchamrita parpati,,
traditional uses of tinospora,herb_benefits,1.0,tinospora,,
health benefits of rasnairandadi kwath,herb_benefits,1.0,rasnairandadi kwath,,
constant vertigo,disease_prediction,1.0,,vertigo,
mahatriphala ghrita for health improvement,herb_benefits,1.0,mahatriphala ghrita,,
learning panchamahabhutas,general_info,1.0,,,panchamahabhutas
cure for muscle pain,disease_prediction,1.0,,muscle pain,
permanent cure for fatigue,disease_prediction,1.0,,fatigue,
science behind energy,general_info,1.0,,,energy
herbal medicine for ear pain,disease_prediction,1.0,,ear pain,
traditional medicine science,general_info,1.0,,,traditional medicine
ayurvedic benefits of saptaparna,herb_benefits,1.0,saptaparna,,
what does chitrakadi vati do,herb_benefits,1.0,chitrakadi vati,,
examining virechana,general_info,1.0,,,virechana
why is kalmegh healthy,herb_benefits,1.0,kalmegh,,
investigating cleansing,general_info,1.0,,,cleansing
studying abhyanga,general_info,1.0,,,abhyanga
advantages of changeri,herb_benefits,1.0,changeri,,
eranda taila medicinal uses,herb_benefits,1.0,eranda taila,,
how does varshabhu help,herb_benefits,1.0,varshabhu,,
virechana theory,general_info,1.0,,,virechana
indrayava for natural healing,herb_benefits,1.0,indrayava,,
information about mahamarichyadi taila,herb_benefits,1.0,mahamarichyadi taila,,
overview of harmony,general_info,1.0,,,harmony
discovering natural healing,general_info,1.0,,,natural healing
cure for wounds,disease_prediction,1.0,,wounds,
lajjalu remedy uses,herb_benefits,1.0,lajjalu,,
I'm experiencing abdominal pain,disease_prediction,1.0,,abdominal pain,
effective treatment for hot flashes,disease_prediction,1.0,,hot flashes,
sudden hair loss,disease_prediction,1.0,,hair loss,
saptadhatu understanding,general_info,1.0,,,saptadhatu
karpas-asthyadi thailam effects,herb_benefits,1.0,karpas-asthyadi thailam,,
explain cleansing,general_info,1.0,,,cleansing
herbal properties of kumkumadi thailam,herb_benefits,1.0,kumkumadi thailam,,
I'm suffering from motion sickness,disease_prediction,1.0,,motion sickness,
history of natural healing,general_info,1.0,,,natural healing
symptoms of gas,disease_prediction,1.0,,gas,
pitta art,general_info,1.0,,,pitta
rasa knowledge,general_info,1.0,,,rasa
therapeutic applications of madayantika,herb_benefits,1.0,madayantika,,
sleep disorders treatment,disease_prediction,1.0,,sleep disorders,
investigating detoxification,general_info,1.0,,,detoxification
best medicine for psoriasis,disease_prediction,1.0,,psoriasis,
dealing with hot flashes,disease_prediction,1.0,,hot flashes,
effective treatment for depression,disease_prediction,1.0,,depression,
karpasa moola nutritional benefits,herb_benefits,1.0,karpasa moola,,
ayurvedic benefits of gulakanda,herb_benefits,1.0,gulakanda,,
history of holistic health,general_info,1.0,,,holistic health
virya philosophy,general_info,1.0,,,virya
aja dugdha in herbal medicine,herb_benefits,1.0,aja dugdha,,
therapeutic effects of satyanashi,herb_benefits,1.0,satyanashi,,
properties of karvellaka,herb_benefits,1.0,karvellaka,,
therapeutic applications of bakula,herb_benefits,1.0,bakula,,
learning abhyanga,general_info,1.0,,,abhyanga
persistent ear pain,disease_prediction,1.0,,ear pain,
understand rasa,general_info,1.0,,,rasa
how does caturjata churna help,herb_benefits,1.0,caturjata churna,,
principles of prana,general_info,1.0,,,prana
best medicine for hearing problems,disease_prediction,1.0,,hearing problems,
danti moola for health,herb_benefits,1.0,danti moola,,
chana for wellness,herb_benefits,1.0,chana,,
ayurveda perspective,general_info,1.0,,,ayurveda
alleviating eye strain,disease_prediction,1.0,,eye strain,
how to treat burns,disease_prediction,1.0,,burns,
tell me about hapusa,herb_benefits,1.0,hapusa,,
symptoms of snoring,disease_prediction,1.0,,snoring,
ahiphena wellness benefits,herb_benefits,1.0,ahiphena,,
guide to prana,general_info,1.0,,,prana
shirodhara knowledge,general_info,1.0,,,shirodhara
vasant kusumakar rasa therapeutic benefits,herb_benefits,1.0,vasant kusumakar rasa,,
information about kshirabala 101 avarti,herb_benefits,1.0,kshirabala 101 avarti,,
triphala guggulu for health,herb_benefits,1.0,triphala guggulu,,
sudden low energy,disease_prediction,1.0,,low energy,
managing dizziness,disease_prediction,1.0,,dizziness,
recovering from sleep disorders,disease_prediction,1.0,,sleep disorders,
ambasthaki for wellness,herb_benefits,1.0,ambasthaki,,
medicinal effects of bijapura,herb_benefits,1.0,bijapura,,
benefits and uses of badama taila,herb_benefits,1.0,badama taila,,
history of ama,general_info,1.0,,,ama
properties of shvet musli,herb_benefits,1.0,shvet musli,,
tell me about madhukarkati,herb_benefits,1.0,madhukarkati,,
natural cure for morning sickness,disease_prediction,1.0,,morning sickness,
importance of constitution,general_info,1.0,,,constitution
significance of harmony,general_info,1.0,,,harmony
natural benefits of khadiradi vati,herb_benefits,1.0,khadiradi vati,,
medicinal value of vasa,herb_benefits,1.0,vasa,,
how does parpataka help,herb_benefits,1.0,parpataka,,
vata wisdom,general_info,1.0,,,vata
mild dandruff,disease_prediction,1.0,,dandruff,
gastritis treatment,disease_prediction,1.0,,gastritis,
tell me about dosha,general_info,1.0,,,dosha
I'm experiencing morning sickness,disease_prediction,1.0,,morning sickness,
science behind vikriti,general_info,1.0,,,vikriti
preventing bloating,disease_prediction,1.0,,bloating,
cure for acne,disease_prediction,1.0,,acne,
cardamom effects,herb_benefits,1.0,cardamom,,
mild tingling,disease_prediction,1.0,,tingling,
preventing cough,disease_prediction,1.0,,cough,
constant heartburn,disease_prediction,1.0,,heartburn,
learning nutrition,general_info,1.0,,,nutrition
what makes nagakesara beneficial,herb_benefits,1.0,nagakesara,,
gairika in traditional medicine,herb_benefits,1.0,gairika,,
what does rohitakarishta do,herb_benefits,1.0,rohitakarishta,,
constant dry skin,disease_prediction,1.0,,dry skin,
investigating alternative medicine,general_info,1.0,,,alternative medicine
researching holistic health,general_info,1.0,,,holistic health
traditional cures for snoring,disease_prediction,1.0,,snoring,
alternative medicine tradition,general_info,1.0,,,alternative medicine
studying dosha,general_info,1.0,,,dosha
svalpa khadiradi vati for health,herb_benefits,1.0,svalpa khadiradi vati,,
tridosha concepts,general_info,1.0,,,tridosha
quick relief from brain fog,disease_prediction,1.0,,brain fog,
simhanada guggulu healing properties,herb_benefits,1.0,simhanada guggulu,,
rasnairandadi kwath nutritional benefits,herb_benefits,1.0,rasnairandadi kwath,,
agnijara for natural healing,herb_benefits,1.0,agnijara,,
srotas methodology,general_info,1.0,,,srotas
alleviating heartburn,disease_prediction,1.0,,heartburn,
what does mudgaparni do,herb_benefits,1.0,mudgaparni,,
natural benefits of latakaranja,herb_benefits,1.0,latakaranja,,
examining vata,general_info,1.0,,,vata
understand prabhava,general_info,1.0,,,prabhava
understand srotas,general_info,1.0,,,srotas
therapeutic value of shukti bhasma,herb_benefits,1.0,shukti bhasma,,
dosha knowledge,general_info,1.0,,,dosha
properties of kankataka,herb_benefits,1.0,kankataka,,
srotas basics,general_info,1.0,,,srotas
overview of shadrasas,general_info,1.0,,,shadrasas
significance of panchamahabhutas,general_info,1.0,,,panchamahabhutas
information about harmony,general_info,1.0,,,harmony
applications of arka,herb_benefits,1.0,arka,,
introduction to energy,general_info,1.0,,,energy
ayurveda science,general_info,1.0,,,ayurveda
origin of ojas,general_info,1.0,,,ojas
quick relief from eczema,disease_prediction,1.0,,eczema,
what makes gambhari phala beneficial,herb_benefits,1.0,gambhari phala,,
basics of prana,general_info,1.0,,,prana
skin rash symptoms,disease_prediction,1.0,,skin rash,
mild sleep disorders,disease_prediction,1.0,,sleep disorders,
traditional uses of chakragaja,herb_benefits,1.0,chakragaja,,
ancient applications of bakuchi,herb_benefits,1.0,bakuchi,,
svetamarica nutritional benefits,herb_benefits,1.0,svetamarica,,
I feel migraine,disease_prediction,1.0,,migraine,
investigating holistic health,general_info,1.0,,,holistic health
fundamentals of balance,general_info,1.0,,,balance
natural cure for allergies,disease_prediction,1.0,,allergies,
detoxification philosophy,general_info,1.0,,,detoxification
shirodhara fundamentals,general_info,1.0,,,shirodhara
holistic treatment for blurred vision,disease_prediction,1.0,,blurred vision,
danti moola effects,herb_benefits,1.0,danti moola,,
explain holistic health,general_info,1.0,,,holistic health
karpooradi thailam for natural healing,herb_benefits,1.0,karpooradi thailam,,
best medicine for dandruff,disease_prediction,1.0,,dandruff,
introduction to yoga,general_info,1.0,,,yoga
shalmali wellness benefits,herb_benefits,1.0,shalmali,,
neelam pishti for natural treatment,herb_benefits,1.0,neelam pishti,,
tell me about madhukarkati,herb_benefits,1.0,madhukarkati,,
ayurvedic treatment for diabetes,disease_prediction,1.0,,diabetes,
natural benefits of riddhi,herb_benefits,1.0,riddhi,,
healing motion sickness,disease_prediction,1.0,,motion sickness,
pippali moola therapeutic benefits,herb_benefits,1.0,pippali moola,,
tell me about yoga,general_info,1.0,,,yoga
understand preventive medicine,general_info,1.0,,,preventive medicine
healing stomach ache,disease_prediction,1.0,,stomach ache,
advantages of changeri,herb_benefits,1.0,changeri,,
benefits of dhatus,general_info,1.0,,,dhatus
gunas viewpoint,general_info,1.0,,,gunas
natural cure for night sweats,disease_prediction,1.0,,night sweats,
significance of abhyanga,general_info,1.0,,,abhyanga
recovering from sprains,disease_prediction,1.0,,sprains,
I'm suffering from psoriasis,disease_prediction,1.0,,psoriasis,
advantages of kumbhika,herb_benefits,1.0,kumbhika,,
tell me about metabolism,general_info,1.0,,,metabolism
what are the benefits of kharbhuja,herb_benefits,1.0,kharbhuja,,
I experience heartburn,disease_prediction,1.0,,heartburn,
medicine for chronic fatigue,disease_prediction,1.0,,chronic fatigue,
remedy for weakness,disease_prediction,1.0,,weakness,
arka in traditional medicine,herb_benefits,1.0,arka,,
medicinal value of utpala,herb_benefits,1.0,utpala,,
properties of kankataka,herb_benefits,1.0,kankataka,,
severe fatigue,disease_prediction,1.0,,fatigue,
introduction to body type,general_info,1.0,,,body type
health benefits of kalyanaka ghrita,herb_benefits,1.0,kalyanaka ghrita,,
discovering mind-body connection,general_info,1.0,,,mind-body connection
learning circulation,general_info,1.0,,,circulation
alternative medicine perspective,general_info,1.0,,,alternative medicine
information about ardraka,herb_benefits,1.0,ardraka,,
mild chronic fatigue,disease_prediction,1.0,,chronic fatigue,
balance concepts,general_info,1.0,,,balance
relief from numbness,disease_prediction,1.0,,numbness,
safe treatment for indigestion,disease_prediction,1.0,,indigestion,
basics of panchakarma,general_info,1.0,,,panchakarma
therapeutic applications of saptaparna,herb_benefits,1.0,saptaparna,,
constitution knowledge,general_info,1.0,,,constitution
benefits and uses of kushmanda avaleha,herb_benefits,1.0,kushmanda avaleha,,
medicine for eczema,disease_prediction,1.0,,eczema,
basics of circulation,general_info,1.0,,,circulation
cure for night sweats,disease_prediction,1.0,,night sweats,
nasya knowledge,general_info,1.0,,,nasya
tamalpatra therapeutic benefits,herb_benefits,1.0,tamalpatra,,
information about mahamarichyadi taila,herb_benefits,1.0,mahamarichyadi taila,,
persistent restless legs,disease_prediction,1.0,,restless legs,
benefits of holistic health,general_info,1.0,,,holistic health
why use javitri,herb_benefits,1.0,javitri,,
define digestion,general_info,1.0,,,digestion
vata knowledge,general_info,1.0,,,vata
what are the principles of tridosha,general_info,1.0,,,tridosha
therapeutic effects of fenugreek,herb_benefits,1.0,fenugreek,,
gajapippali therapeutic benefits,herb_benefits,1.0,gajapippali,,
varanadi ghritam nutritional benefits,herb_benefits,1.0,varanadi ghritam,,
mild menstrual cramps,disease_prediction,1.0,,menstrual cramps,
medicine for diarrhea,disease_prediction,1.0,,diarrhea,
preventing eye strain,disease_prediction,1.0,,eye strain,
treatment for sleep apnea,disease_prediction,1.0,,sleep apnea,
arjunarishta in traditional medicine,herb_benefits,1.0,arjunarishta,,
discovering traditional medicine,general_info,1.0,,,traditional medicine
medicine for snoring,disease_prediction,1.0,,snoring,
importance of meditation,general_info,1.0,,,meditation
discovering panchamahabhutas,general_info,1.0,,,panchamahabhutas
holistic health practice,general_info,1.0,,,holistic health
aragwadha wellness benefits,herb_benefits,1.0,aragwadha,,
science behind yoga,general_info,1.0,,,yoga
kshara parpati benefits,herb_benefits,1.0,kshara parpati,,
learn about rasa,general_info,1.0,,,rasa
benefits of swarnapatri,herb_benefits,1.0,swarnapatri,,
overview of ama,general_info,1.0,,,ama
recurring constipation,disease_prediction,1.0,,constipation,
discovering malas,general_info,1.0,,,malas
advantages of jivaka,herb_benefits,1.0,jivaka,,
chronic mood swings,disease_prediction,1.0,,mood swings,
investigating pitta,general_info,1.0,,,pitta
therapeutic applications of madhu,herb_benefits,1.0,madhu,,
emblica for health,herb_benefits,1.0,emblica,,
therapeutic value of kataka,herb_benefits,1.0,kataka,,
benefits of talisapatra,herb_benefits,1.0,talisapatra,,
akika pishti therapeutic benefits,herb_benefits,1.0,akika pishti,,
learning pranayama,general_info,1.0,,,pranayama
digestion basics,general_info,1.0,,,digestion
guide to prana,general_info,1.0,,,prana
investigating nutrition,general_info,1.0,,,nutrition
permanent cure for bronchitis,disease_prediction,1.0,,bronchitis,
benefits of prana,general_info,1.0,,,prana
explain nutrition,general_info,1.0,,,nutrition
effective treatment for night sweats,disease_prediction,1.0,,night sweats,
what makes madhukarkati beneficial,herb_benefits,1.0,madhukarkati,,
tagar benefits,herb_benefits,1.0,tagar,,
reducing joint pain,disease_prediction,1.0,,joint pain,
overcoming anxiety,disease_prediction,1.0,,anxiety,
therapeutic effects of gotu kola,herb_benefits,1.0,gotu kola,,
gangeruki for health improvement,herb_benefits,1.0,gangeruki,,
amra in traditional medicine,herb_benefits,1.0,amra,,
tell me about panchamahabhutas,general_info,1.0,,,panchamahabhutas
natural benefits of neelibringadi thailam,herb_benefits,1.0,neelibringadi thailam,,
traditional cure for acidity,disease_prediction,1.0,,acidity,
significance of virechana,general_info,1.0,,,virechana
dealing with sore throat,disease_prediction,1.0,,sore throat,
overcoming depression,disease_prediction,1.0,,depression,
permanent cure for fatigue,disease_prediction,1.0,,fatigue,
role of alternative medicine,general_info,1.0,,,alternative medicine
varanadi ghritam nutritional benefits,herb_benefits,1.0,varanadi ghritam,,
symptoms of dizziness,disease_prediction,1.0,,dizziness,
safe treatment for cramps,disease_prediction,1.0,,cramps,
bhurja for wellness,herb_benefits,1.0,bhurja,,
digestion principles,general_info,1.0,,,digestion
prativisha benefits,herb_benefits,1.0,prativisha,,
mild indigestion,disease_prediction,1.0,,indigestion,
gojihva effects,herb_benefits,1.0,gojihva,,
introduction to metabolism,general_info,1.0,,,metabolism
controlling depression,disease_prediction,1.0,,depression,
understand prabhava,general_info,1.0,,,prabhava
constant menstrual cramps,disease_prediction,1.0,,menstrual cramps,
overview of pranayama,general_info,1.0,,,pranayama
sneezing symptoms,disease_prediction,1.0,,sneezing,
why use vidaryadi kashayam,herb_benefits,1.0,vidaryadi kashayam,,
introduction to prana,general_info,1.0,,,prana
therapeutic applications of bakula,herb_benefits,1.0,bakula,,
uses of priyangu,herb_benefits,1.0,priyangu,,
medicinal properties of dronapushpi,herb_benefits,1.0,dronapushpi,,
philosophy of kapha,general_info,1.0,,,kapha
guide to meditation,general_info,1.0,,,meditation
guide to energy,general_info,1.0,,,energy
health benefits of ashokarishta,herb_benefits,1.0,ashokarishta,,
cure for dandruff,disease_prediction,1.0,,dandruff,
circulation knowledge,general_info,1.0,,,circulation
what can ishwari treat,herb_benefits,1.0,ishwari,,
natural treatment for runny nose,disease_prediction,1.0,,runny nose,
how to treat dry skin,disease_prediction,1.0,,dry skin,
basics of virechana,general_info,1.0,,,virechana
herbal medicine for chronic fatigue,disease_prediction,1.0,,chronic fatigue,
non-toxic remedy for sneezing,disease_prediction,1.0,,sneezing,
treatment for sleep apnea,disease_prediction,1.0,,sleep apnea,
treatment for heartburn,disease_prediction,1.0,,heartburn,
controlling restless legs,disease_prediction,1.0,,restless legs,
chronic fatigue,disease_prediction,1.0,,fatigue,
non-toxic remedy for dandruff,disease_prediction,1.0,,dandruff,
natural treatment for diabetes,disease_prediction,1.0,,diabetes,
shadrasas perspective,general_info,1.0,,,shadrasas
digestion viewpoint,general_info,1.0,,,digestion
constant itching,disease_prediction,1.0,,itching,
help with inflammation,disease_prediction,1.0,,inflammation,
recovering from cramps,disease_prediction,1.0,,cramps,
permanent cures for sleep apnea,disease_prediction,1.0,,sleep apnea,
discovering srotas,general_info,1.0,,,srotas
chyawanprash uses,herb_benefits,1.0,chyawanprash,,
body type fundamentals,general_info,1.0,,,body type
studying panchamahabhutas,general_info,1.0,,,panchamahabhutas
herbal properties of prativisha,herb_benefits,1.0,prativisha,,
why use shigru,herb_benefits,1.0,shigru,,
health benefits of kalyanaka ghrita,herb_benefits,1.0,kalyanaka ghrita,,
healing power of karmaranga,herb_benefits,1.0,karmaranga,,
mind-body connection system,general_info,1.0,,,mind-body connection
quick relief from heartburn,disease_prediction,1.0,,heartburn,
tell me about atasi,herb_benefits,1.0,atasi,,
understand srotas,general_info,1.0,,,srotas
I'm suffering from oily skin,disease_prediction,1.0,,oily skin,
sudarshan churna uses,herb_benefits,1.0,sudarshan churna,,
kasamarda in traditional medicine,herb_benefits,1.0,kasamarda,,
what can agastya haritaki rasayana treat,herb_benefits,1.0,agastya haritaki rasayana,,
gunas approach,general_info,1.0,,,gunas
balance concepts,general_info,1.0,,,balance
healing power of fennel,herb_benefits,1.0,fennel,,
chakramarda for health,herb_benefits,1.0,chakramarda,,
basti understanding,general_info,1.0,,,basti
how to use karnikara,herb_benefits,1.0,karnikara,,
permanent cure for acne,disease_prediction,1.0,,acne,
guide to healthy lifestyle,general_info,1.0,,,healthy lifestyle
dadrughna in herbal medicine,herb_benefits,1.0,dadrughna,,
panchakarma basics,general_info,1.0,,,panchakarma
information about suranjana,herb_benefits,1.0,suranjana,,
shvet musli for health improvement,herb_benefits,1.0,shvet musli,,
amritarishta medicinal uses,herb_benefits,1.0,amritarishta,,
what does abhraka bhasma do,herb_benefits,1.0,abhraka bhasma,,
how does varuna help,herb_benefits,1.0,varuna,,
natural healing wisdom,general_info,1.0,,,natural healing
curcuma remedy uses,herb_benefits,1.0,curcuma,,
ayurvedic treatment for eczema,disease_prediction,1.0,,eczema,
advantages of arogyavardhini vati,herb_benefits,1.0,arogyavardhini vati,,
studying shirodhara,general_info,1.0,,,shirodhara
priyangu wellness benefits,herb_benefits,1.0,priyangu,,
origin of srotas,general_info,1.0,,,srotas
herbal medicine basics,general_info,1.0,,,herbal medicine
how to treat stomach ache,disease_prediction,1.0,,stomach ache,
herbal medicine for mood swings,disease_prediction,1.0,,mood swings,
define constitution,general_info,1.0,,,constitution
traditional cure for eczema,disease_prediction,1.0,,eczema,
dosha methodology,general_info,1.0,,,dosha
examining gunas,general_info,1.0,,,gunas
recovering from cramps,disease_prediction,1.0,,cramps,
natural treatment for diarrhea,disease_prediction,1.0,,diarrhea,
ocimum natural medicine,herb_benefits,1.0,ocimum,,
chyawanprash uses,herb_benefits,1.0,chyawanprash,,
importance of agni,general_info,1.0,,,agni
explain cleansing,general_info,1.0,,,cleansing
intermittent oily skin,disease_prediction,1.0,,oily skin,
what makes vaikranta bhasma beneficial,herb_benefits,1.0,vaikranta bhasma,,
abhyanga viewpoint,general_info,1.0,,,abhyanga
remedy for burning sensation,disease_prediction,1.0,,burning sensation,
healing power of karavira,herb_benefits,1.0,karavira,,
nag bhasma therapeutic benefits,herb_benefits,1.0,nag bhasma,,
energy system,general_info,1.0,,,energy
safe treatment for irregular periods,disease_prediction,1.0,,irregular periods,
examining shirodhara,general_info,1.0,,,shirodhara
danti uses,herb_benefits,1.0,danti,,
remedy for wounds,disease_prediction,1.0,,wounds,
natural treatment for sleep apnea,disease_prediction,1.0,,sleep apnea,
principles of body type,general_info,1.0,,,body type
shadrasas knowledge,general_info,1.0,,,shadrasas
traditional uses of arka pushpa,herb_benefits,1.0,arka pushpa,,
srotas principles,general_info,1.0,,,srotas
healing burning sensation,disease_prediction,1.0,,burning sensation,
what can gokarna treat,herb_benefits,1.0,gokarna,,
vata knowledge,general_info,1.0,,,vata
science behind tridosha,general_info,1.0,,,tridosha
reducing sprains,disease_prediction,1.0,,sprains,
natural benefits of manjistha,herb_benefits,1.0,manjistha,,
intermittent joint pain,disease_prediction,1.0,,joint pain,
home remedy for sinusitis,disease_prediction,1.0,,sinusitis,
herbal properties of kamala kesara,herb_benefits,1.0,kamala kesara,,
medicinal value of vasa,herb_benefits,1.0,vasa,,
kadali pushpa natural medicine,herb_benefits,1.0,kadali pushpa,,
dealing with night sweats,disease_prediction,1.0,,night sweats,
what is pitta,general_info,1.0,,,pitta
alternative medicine knowledge,general_info,1.0,,,alternative medicine
fundamentals of vata,general_info,1.0,,,vata
effective treatment for sleep disorders,disease_prediction,1.0,,sleep disorders,
detoxification philosophy,general_info,1.0,,,detoxification
what does mudgaparni do,herb_benefits,1.0,mudgaparni,,
herbal properties of swarnapatri,herb_benefits,1.0,swarnapatri,,
safe treatment for menstrual cramps,disease_prediction,1.0,,menstrual cramps,
agnimantha in herbal medicine,herb_benefits,1.0,agnimantha,,
quick relief from heartburn,disease_prediction,1.0,,heartburn,
preventive medicine approach,general_info,1.0,,,preventive medicine
introduction to energy,general_info,1.0,,,energy
origin of panchakarma,general_info,1.0,,,panchakarma
define prana,general_info,1.0,,,prana
gomeda bhasma effects,herb_benefits,1.0,gomeda bhasma,,
sneezing symptoms,disease_prediction,1.0,,sneezing,
persistent cuts,disease_prediction,1.0,,cuts,
natural cure for morning sickness,disease_prediction,1.0,,morning sickness,
history of tridosha,general_info,1.0,,,tridosha
uses of ocimum,herb_benefits,1.0,ocimum,,
holistic treatment for ear pain,disease_prediction,1.0,,ear pain,
advantages of anu taila,herb_benefits,1.0,anu taila,,
what makes swarnapatri beneficial,herb_benefits,1.0,swarnapatri,,
digestion basics,general_info,1.0,,,digestion
medicinal effects of ashwattha,herb_benefits,1.0,ashwattha,,
properties of karvellaka,herb_benefits,1.0,karvellaka,,
intermittent wounds,disease_prediction,1.0,,wounds,
prabhava system,general_info,1.0,,,prabhava
natural treatment for sleep apnea,disease_prediction,1.0,,sleep apnea,
herbal medicine methodology,general_info,1.0,,,herbal medicine
what are the principles of natural healing,general_info,1.0,,,natural healing
philosophy of ama,general_info,1.0,,,ama
healing psoriasis,disease_prediction,1.0,,psoriasis,
preventing constipation,disease_prediction,1.0,,constipation,
immunity tradition,general_info,1.0,,,immunity
tridosha concepts,general_info,1.0,,,tridosha
controlling menstrual cramps,disease_prediction,1.0,,menstrual cramps,
alleviating stomach ache,disease_prediction,1.0,,stomach ache,
uses of rasnasaptakam kashayam,herb_benefits,1.0,rasnasaptakam kashayam,,
masha properties,herb_benefits,1.0,masha,,
what makes ahiphena beneficial,herb_benefits,1.0,ahiphena,,
learning circulation,general_info,1.0,,,circulation
vata tradition,general_info,1.0,,,vata
how to treat allergies,disease_prediction,1.0,,allergies,
balance understanding,general_info,1.0,,,balance
healing motion sickness,disease_prediction,1.0,,motion sickness,
svetamarica nutritional benefits,herb_benefits,1.0,svetamarica,,
constant cramps,disease_prediction,1.0,,cramps,
cure for acne,disease_prediction,1.0,,acne,
what are the benefits of kharbhuja,herb_benefits,1.0,kharbhuja,,
natural treatment for wounds,disease_prediction,1.0,,wounds,
natural treatment for bruising,disease_prediction,1.0,,bruising,
persistent night sweats,disease_prediction,1.0,,night sweats,
dealing with nausea,disease_prediction,1.0,,nausea,
marichyadi vati remedy uses,herb_benefits,1.0,marichyadi vati,,
why is kachura healthy,herb_benefits,1.0,kachura,,
ayurvedic benefits of simhamoola,herb_benefits,1.0,simhamoola,,
what is chandraprabha vati good for,herb_benefits,1.0,chandraprabha vati,,
tridosha basics,general_info,1.0,,,tridosha
medicine for vomiting,disease_prediction,1.0,,vomiting,
constant indigestion,disease_prediction,1.0,,indigestion,
effective treatment for constipation,disease_prediction,1.0,,constipation,
constant fatigue,disease_prediction,1.0,,fatigue,
tagar uses,herb_benefits,1.0,tagar,,
sudden low energy,disease_prediction,1.0,,low energy,
effective treatment for insomnia,disease_prediction,1.0,,insomnia,
persistent diarrhea,disease_prediction,1.0,,diarrhea,
remedy for bruising,disease_prediction,1.0,,bruising,
introduction to detoxification,general_info,1.0,,,detoxification
ancient uses of kuntalakanti tailam,herb_benefits,1.0,kuntalakanti tailam,,
fundamentals of metabolism,general_info,1.0,,,metabolism
how to treat dry skin,disease_prediction,1.0,,dry skin,
controlling swelling,disease_prediction,1.0,,swelling,
shirodhara principles,general_info,1.0,,,shirodhara
researching tridosha,general_info,1.0,,,tridosha
examining trimala,general_info,1.0,,,trimala
health benefits of ambasthaki,herb_benefits,1.0,ambasthaki,,
reducing hearing problems,disease_prediction,1.0,,hearing problems,
having dry eyes,disease_prediction,1.0,,dry eyes,
changeri ghrita for natural treatment,herb_benefits,1.0,changeri ghrita,,
kottamchukkadi thailam natural medicine,herb_benefits,1.0,kottamchukkadi thailam,,
health advantages of vida lavana,herb_benefits,1.0,vida lavana,,
what causes mood swings,disease_prediction,1.0,,mood swings,
traditional uses of pushkarmool,herb_benefits,1.0,pushkarmool,,
irimedadi taila nutritional benefits,herb_benefits,1.0,irimedadi taila,,
tell me about basti,general_info,1.0,,,basti
I'm experiencing snoring,disease_prediction,1.0,,snoring,
ayurvedic treatment for nausea,disease_prediction,1.0,,nausea,
learn about wellness,general_info,1.0,,,wellness
role of prabhava,general_info,1.0,,,prabhava
what is pitta,general_info,1.0,,,pitta
lakshadi thailam wellness benefits,herb_benefits,1.0,lakshadi thailam,,
natural treatment for itching,disease_prediction,1.0,,itching,
virya viewpoint,general_info,1.0,,,virya
health benefits of haritaki,herb_benefits,1.0,haritaki,,
symptoms of bruising,disease_prediction,1.0,,bruising,
cure for dandruff,disease_prediction,1.0,,dandruff,
indrayava for natural healing,herb_benefits,1.0,indrayava,,
basti fundamentals,general_info,1.0,,,basti
help with motion sickness,disease_prediction,1.0,,motion sickness,
reducing sprains,disease_prediction,1.0,,sprains,
basti theory,general_info,1.0,,,basti
arjunarishta in traditional medicine,herb_benefits,1.0,arjunarishta,,
jambu in herbal medicine,herb_benefits,1.0,jambu,,
cure for hot flashes,disease_prediction,1.0,,hot flashes,
swarnapatri for health improvement,herb_benefits,1.0,swarnapatri,,
energy methodology,general_info,1.0,,,energy
relief from heartburn,disease_prediction,1.0,,heartburn,
medicine for diarrhea,disease_prediction,1.0,,diarrhea,
kushtha nutritional benefits,herb_benefits,1.0,kushtha,,
exploring dhatus,general_info,1.0,,,dhatus
ojas principles,general_info,1.0,,,ojas
palandu natural medicine,herb_benefits,1.0,palandu,,
symptoms of stress,disease_prediction,1.0,,stress,
what causes heartburn,disease_prediction,1.0,,heartburn,
what is pitta,general_info,1.0,,,pitta
healing power of lakshadi thailam,herb_benefits,1.0,lakshadi thailam,,
define cleansing,general_info,1.0,,,cleansing
history of healthy lifestyle,general_info,1.0,,,healthy lifestyle
mild chronic fatigue,disease_prediction,1.0,,chronic fatigue,
what causes vomiting,disease_prediction,1.0,,vomiting,
kusumbha benefits,herb_benefits,1.0,kusumbha,,
severe tingling,disease_prediction,1.0,,tingling,
understand prabhava,general_info,1.0,,,prabhava
eranda taila medicinal uses,herb_benefits,1.0,eranda taila,,
allergies treatment,disease_prediction,1.0,,allergies,
studying prabhava,general_info,1.0,,,prabhava
basics of circulation,general_info,1.0,,,circulation
suranjana for natural treatment,herb_benefits,1.0,suranjana,,
terminalia natural medicine,herb_benefits,1.0,terminalia,,
fundamentals of circulation,general_info,1.0,,,circulation
saindhava lavana for health improvement,herb_benefits,1.0,saindhava lavana,,
meditation explained,general_info,1.0,,,meditation
metabolism art,general_info,1.0,,,metabolism
examining cleansing,general_info,1.0,,,cleansing
intermittent fatigue,disease_prediction,1.0,,fatigue,
tridosha concepts,general_info,1.0,,,tridosha
researching basti,general_info,1.0,,,basti
benefits of rasa,general_info,1.0,,,rasa
why use bibhitaki,herb_benefits,1.0,bibhitaki,,
learn about saptadhatu,general_info,1.0,,,saptadhatu
lakshadi thailam wellness benefits,herb_benefits,1.0,lakshadi thailam,,
guide to shadrasas,general_info,1.0,,,shadrasas
chana for wellness,herb_benefits,1.0,chana,,
why is vamsha healthy,herb_benefits,1.0,vamsha,,
how to use kusha,herb_benefits,1.0,kusha,,
exploring vata,general_info,1.0,,,vata
alleviating hypertension,disease_prediction,1.0,,hypertension,
sarpaksi nutritional benefits,herb_benefits,1.0,sarpaksi,,
preventing motion sickness,disease_prediction,1.0,,motion sickness,
yoga system,general_info,1.0,,,yoga
natural treatment for sprains,disease_prediction,1.0,,sprains,
history of energy,general_info,1.0,,,energy
philosophy of alternative medicine,general_info,1.0,,,alternative medicine
detoxification principles,general_info,1.0,,,detoxification
ama art,general_info,1.0,,,ama
natural cure for constipation,disease_prediction,1.0,,constipation,
what does madhu do,herb_benefits,1.0,madhu,,
inflammation treatment,disease_prediction,1.0,,inflammation,
akhuparni health effects,herb_benefits,1.0,akhuparni,,
principles of body type,general_info,1.0,,,body type
healing bronchitis,disease_prediction,1.0,,bronchitis,
researching tridosha,general_info,1.0,,,tridosha
understanding prana,general_info,1.0,,,prana
therapeutic applications of madayantika,herb_benefits,1.0,madayantika,,
origin of trimala,general_info,1.0,,,trimala
remedy for bloating,disease_prediction,1.0,,bloating,
fundamentals of natural healing,general_info,1.0,,,natural healing
panchamahabhutas methodology,general_info,1.0,,,panchamahabhutas
examining shirodhara,general_info,1.0,,,shirodhara
agni wisdom,general_info,1.0,,,agni
learning nutrition,general_info,1.0,,,nutrition
intermittent hair loss,disease_prediction,1.0,,hair loss,
symptoms of indigestion,disease_prediction,1.0,,indigestion,
arjunarishta in herbal medicine,herb_benefits,1.0,arjunarishta,,
ancient uses of aivana,herb_benefits,1.0,aivana,,
karanja healing properties,herb_benefits,1.0,karanja,,
controlling restless legs,disease_prediction,1.0,,restless legs,
how to treat night sweats,disease_prediction,1.0,,night sweats,
permanent cure for sinusitis,disease_prediction,1.0,,sinusitis,
therapeutic effects of indravaruni,herb_benefits,1.0,indravaruni,,
learning tridosha,general_info,1.0,,,tridosha
treatments for chest pain,disease_prediction,1.0,,chest pain,
overview of energy,general_info,1.0,,,energy
khadira in traditional medicine,herb_benefits,1.0,khadira,,
explain meditation,general_info,1.0,,,meditation
sudden sleep apnea,disease_prediction,1.0,,sleep apnea,
overview of malas,general_info,1.0,,,malas
karpasasthyadi thailam benefits,herb_benefits,1.0,karpasasthyadi thailam,,
sarpaksi nutritional benefits,herb_benefits,1.0,sarpaksi,,
dosha viewpoint,general_info,1.0,,,dosha
eczema treatment,disease_prediction,1.0,,eczema,
overcoming cramps,disease_prediction,1.0,,cramps,
prabhava tradition,general_info,1.0,,,prabhava
what makes ahiphena beneficial,herb_benefits,1.0,ahiphena,,
medicine for allergies,disease_prediction,1.0,,allergies,
how to treat bloating,disease_prediction,1.0,,bloating,
what does dhanadanayanadi kashayam do,herb_benefits,1.0,dhanadanayanadi kashayam,,
natural treatment for vomiting,disease_prediction,1.0,,vomiting,
want to know about rasa,general_info,1.0,,,rasa
explain nutrition,general_info,1.0,,,nutrition
how to treat sleep disorders,disease_prediction,1.0,,sleep disorders,
ancient uses of kuntalakanti tailam,herb_benefits,1.0,kuntalakanti tailam,,
how does nimba patra help,herb_benefits,1.0,nimba patra,,
philosophy of body type,general_info,1.0,,,body type
malas approach,general_info,1.0,,,malas
science behind wellness,general_info,1.0,,,wellness
non-toxic remedy for night sweats,disease_prediction,1.0,,night sweats,
amra haridra benefits,herb_benefits,1.0,amra haridra,,
holy basil therapeutic benefits,herb_benefits,1.0,holy basil,,
diagnosis of irregular periods,disease_prediction,1.0,,irregular periods,
health properties of shatavari ksheera,herb_benefits,1.0,shatavari ksheera,,
exploring alternative medicine,general_info,1.0,,,alternative medicine
origin of mind-body connection,general_info,1.0,,,mind-body connection
panchamahabhutas approach,general_info,1.0,,,panchamahabhutas
intermittent fatigue,disease_prediction,1.0,,fatigue,
circulation knowledge,general_info,1.0,,,circulation
vikriti approach,general_info,1.0,,,vikriti
intermittent fatigue,disease_prediction,1.0,,fatigue,
guide to vikriti,general_info,1.0,,,vikriti
define cleansing,general_info,1.0,,,cleansing
neelam pishti for natural treatment,herb_benefits,1.0,neelam pishti,,
symptoms of dizziness,disease_prediction,1.0,,dizziness,
herbal medicine for cold,disease_prediction,1.0,,cold,
constant sore throat,disease_prediction,1.0,,sore throat,
medicinal applications of somaraji taila,herb_benefits,1.0,somaraji taila,,
how to treat burns,disease_prediction,1.0,,burns,
dealing with hot flashes,disease_prediction,1.0,,hot flashes,
healing burns,disease_prediction,1.0,,burns,
information about srotas,general_info,1.0,,,srotas
having dry skin,disease_prediction,1.0,,dry skin,
agnimantha in herbal medicine,herb_benefits,1.0,agnimantha,,
kalajaji remedy uses,herb_benefits,1.0,kalajaji,,
understanding prakriti,general_info,1.0,,,prakriti
what's herbal medicine,general_info,1.0,,,herbal medicine
quick relief from acne,disease_prediction,1.0,,acne,
kapha viewpoint,general_info,1.0,,,kapha
ayurvedic benefits of maricha,herb_benefits,1.0,maricha,,
ayurvedic benefits of matsyakshi,herb_benefits,1.0,matsyakshi,,
advantages of jivaka,herb_benefits,1.0,jivaka,,
agnijara for natural healing,herb_benefits,1.0,agnijara,,
constant sore throat,disease_prediction,1.0,,sore throat,
information about gunas,general_info,1.0,,,gunas
investigating abhyanga,general_info,1.0,,,abhyanga
I'm suffering from motion sickness,disease_prediction,1.0,,motion sickness,
abhyanga viewpoint,general_info,1.0,,,abhyanga
natural benefits of neelibringadi thailam,herb_benefits,1.0,neelibringadi thailam,,
shadbindu taila for wellness,herb_benefits,1.0,shadbindu taila,,
pitta theory,general_info,1.0,,,pitta
remedy for gas,disease_prediction,1.0,,gas,
srotas methodology,general_info,1.0,,,srotas
fundamentals of detoxification,general_info,1.0,,,detoxification
how to use varahikanda,herb_benefits,1.0,varahikanda,,
dealing with blurred vision,disease_prediction,1.0,,blurred vision,
herbal properties of panchakola churna,herb_benefits,1.0,panchakola churna,,
fundamentals of vata,general_info,1.0,,,vata
harmony perspective,general_info,1.0,,,harmony
principles of tridosha,general_info,1.0,,,tridosha
natural treatment for oily skin,disease_prediction,1.0,,oily skin,
learn about pitta,general_info,1.0,,,pitta
managing mood swings,disease_prediction,1.0,,mood swings,
ojas knowledge,general_info,1.0,,,ojas
natural treatment for cuts,disease_prediction,1.0,,cuts,
basics of saptadhatu,general_info,1.0,,,saptadhatu
mind-body connection basics,general_info,1.0,,,mind-body connection
guide to prakriti,general_info,1.0,,,prakriti
constant heartburn,disease_prediction,1.0,,heartburn,
intermittent hair loss,disease_prediction,1.0,,hair loss,
intermittent ear pain,disease_prediction,1.0,,ear pain,
how to treat hearing problems,disease_prediction,1.0,,hearing problems,
reducing sleep disorders,disease_prediction,1.0,,sleep disorders,
traditional cures for cramps,disease_prediction,1.0,,cramps,
therapeutic effects of gangadhara churna,herb_benefits,1.0,gangadhara churna,,
kalmegh for wellness,herb_benefits,1.0,kalmegh,,
ayurvedic treatments for eczema,disease_prediction,1.0,,eczema,
tell me about kakoli,herb_benefits,1.0,kakoli,,
best medicine for psoriasis,disease_prediction,1.0,,psoriasis,
danti moola for health,herb_benefits,1.0,danti moola,,
benefits and uses of azadirachta,herb_benefits,1.0,azadirachta,,
what makes rudraksha beneficial,herb_benefits,1.0,rudraksha,,
investigating vata,general_info,1.0,,,vata
significance of panchamahabhutas,general_info,1.0,,,panchamahabhutas
managing sore throat,disease_prediction,1.0,,sore throat,
herbal medicine for swelling,disease_prediction,1.0,,swelling,
importance of mind-body connection,general_info,1.0,,,mind-body connection
dhatus system,general_info,1.0,,,dhatus
diagnosis of low energy,disease_prediction,1.0,,low energy,
overview of pitta,general_info,1.0,,,pitta
recovering from stomach ache,disease_prediction,1.0,,stomach ache,
sudden chest pain,disease_prediction,1.0,,chest pain,
vajra bhasma for natural healing,herb_benefits,1.0,vajra bhasma,,
prabhava science,general_info,1.0,,,prabhava
ancient uses of chitraka moola,herb_benefits,1.0,chitraka moola,,
history of balance,general_info,1.0,,,balance
introduction to metabolism,general_info,1.0,,,metabolism
renuka medicinal uses,herb_benefits,1.0,renuka,,
kapikachhu for health improvement,herb_benefits,1.0,kapikachhu,,
kumud healing properties,herb_benefits,1.0,kumud,,
philosophy of pranayama,general_info,1.0,,,pranayama
panchakarma fundamentals,general_info,1.0,,,panchakarma
kakamachi in traditional medicine,herb_benefits,1.0,kakamachi,,
investigating virechana,general_info,1.0,,,virechana
agni practice,general_info,1.0,,,agni
ayurvedic treatment for insomnia,disease_prediction,1.0,,insomnia,
alternative medicine for irregular periods,disease_prediction,1.0,,irregular periods,
manjisthadi kwath medicinal uses,herb_benefits,1.0,manjisthadi kwath,,
dry eyes symptoms,disease_prediction,1.0,,dry eyes,
body type perspective,general_info,1.0,,,body type
understand natural healing,general_info,1.0,,,natural healing
how to use srikhandasava,herb_benefits,1.0,srikhandasava,,
medicine for wounds,disease_prediction,1.0,,wounds,
cure for muscle pain,disease_prediction,1.0,,muscle pain,
tridosha knowledge,general_info,1.0,,,tridosha
benefits of agni,general_info,1.0,,,agni
properties of karvellaka,herb_benefits,1.0,karvellaka,,
overcoming gas,disease_prediction,1.0,,gas,
exploring vata,general_info,1.0,,,vata
cough cure,disease_prediction,1.0,,cough,
allergies treatment,disease_prediction,1.0,,allergies,
tell me about temperament,general_info,1.0,,,temperament
what is patola good for,herb_benefits,1.0,patola,,
best medicine for ear pain,disease_prediction,1.0,,ear pain,
chopchini remedy uses,herb_benefits,1.0,chopchini,,
home remedy for allergies,disease_prediction,1.0,,allergies,
tell me about himsra,herb_benefits,1.0,himsra,,
learn about trimala,general_info,1.0,,,trimala
guide to prana,general_info,1.0,,,prana
herbal properties of ajamodadi churna,herb_benefits,1.0,ajamodadi churna,,
I'm suffering from sore throat,disease_prediction,1.0,,sore throat,
origin of detoxification,general_info,1.0,,,detoxification
examining harmony,general_info,1.0,,,harmony
temperament explained,general_info,1.0,,,temperament
shringyadi churna medicinal uses,herb_benefits,1.0,shringyadi churna,,
controlling tinnitus,disease_prediction,1.0,,tinnitus,
how does panchakarma work,general_info,1.0,,,panchakarma
I have bruising,disease_prediction,1.0,,bruising,
understand srotas,general_info,1.0,,,srotas
history of energy,general_info,1.0,,,energy
aja dugdha in herbal medicine,herb_benefits,1.0,aja dugdha,,
constant diarrhea,disease_prediction,1.0,,diarrhea,
why is takra healthy,herb_benefits,1.0,takra,,
best medicine for diabetes,disease_prediction,1.0,,diabetes,
eczema treatment,disease_prediction,1.0,,eczema,
symptoms of gas,disease_prediction,1.0,,gas,
safe treatment for skin rash,disease_prediction,1.0,,skin rash,
tintidika for health improvement,herb_benefits,1.0,tintidika,,
how to treat sleep disorders,disease_prediction,1.0,,sleep disorders,
sudden menstrual cramps,disease_prediction,1.0,,menstrual cramps,
dosha understanding,general_info,1.0,,,dosha
basics of kapha,general_info,1.0,,,kapha
parpatakarishta in herbal medicine,herb_benefits,1.0,parpatakarishta,,
ayurvedic benefits of matsyakshi,herb_benefits,1.0,matsyakshi,,
remedy for fever,disease_prediction,1.0,,fever,
diagnosis of low energy,disease_prediction,1.0,,low energy,
balance viewpoint,general_info,1.0,,,balance
balance methodology,general_info,1.0,,,balance
what does phala ghrita do,herb_benefits,1.0,phala ghrita,,
origin of ojas,general_info,1.0,,,ojas
advantages of panasa,herb_benefits,1.0,panasa,,
why is kshirabala 101 avarti healthy,herb_benefits,1.0,kshirabala 101 avarti,,
philosophy of herbal medicine,general_info,1.0,,,herbal medicine
properties of phalatrikadi kwath,herb_benefits,1.0,phalatrikadi kwath,,
understand saptadhatu,general_info,1.0,,,saptadhatu
medicinal value of shvet musli,herb_benefits,1.0,shvet musli,,
karpasa in traditional medicine,herb_benefits,1.0,karpasa,,
badama taila in herbal medicine,herb_benefits,1.0,badama taila,,
what's agni,general_info,1.0,,,agni
alleviating eye strain,disease_prediction,1.0,,eye strain,
meditation science,general_info,1.0,,,meditation
what is panchavalkala kwath good for,herb_benefits,1.0,panchavalkala kwath,,
mahatriphala ghrita natural medicine,herb_benefits,1.0,mahatriphala ghrita,,
therapeutic applications of madayantika,herb_benefits,1.0,madayantika,,
tell me about aranya jeeraka,herb_benefits,1.0,aranya jeeraka,,
digestion understanding,general_info,1.0,,,digestion
information about shirodhara,general_info,1.0,,,shirodhara
allergies treatment,disease_prediction,1.0,,allergies,
trivanga bhasma for health improvement,herb_benefits,1.0,trivanga bhasma,,
sudden morning sickness,disease_prediction,1.0,,morning sickness,
researching prabhava,general_info,1.0,,,prabhava
healing hearing problems,disease_prediction,1.0,,hearing problems,
herbal medicine for mood swings,disease_prediction,1.0,,mood swings,
best medicine for low energy,disease_prediction,1.0,,low energy,
dosha methodology,general_info,1.0,,,dosha
trivrit healing properties,herb_benefits,1.0,trivrit,,
reducing sleep disorders,disease_prediction,1.0,,sleep disorders,
sudden menstrual cramps,disease_prediction,1.0,,menstrual cramps,
body type tradition,general_info,1.0,,,body type
role of mind-body connection,general_info,1.0,,,mind-body connection
medicinal properties of dronapushpi,herb_benefits,1.0,dronapushpi,,
benefits of utpala,herb_benefits,1.0,utpala,,
therapeutic applications of aivana,herb_benefits,1.0,aivana,,
reducing fever,disease_prediction,1.0,,fever,
overcoming headache,disease_prediction,1.0,,headache,
natural treatments for itching,disease_prediction,1.0,,itching,
itching treatment,disease_prediction,1.0,,itching,
herbal medicine for weakness,disease_prediction,1.0,,weakness,
healing wounds,disease_prediction,1.0,,wounds,
health advantages of arka pushpa,herb_benefits,1.0,arka pushpa,,
I have runny nose,disease_prediction,1.0,,runny nose,
alternative medicine for psoriasis,disease_prediction,1.0,,psoriasis,
remedy for weakness,disease_prediction,1.0,,weakness,
mahasudarshan churna nutritional benefits,herb_benefits,1.0,mahasudarshan churna,,
understanding meditation,general_info,1.0,,,meditation
why is kalmegh healthy,herb_benefits,1.0,kalmegh,,
importance of kapha,general_info,1.0,,,kapha
malas practice,general_info,1.0,,,malas
simhanada guggulu in herbal medicine,herb_benefits,1.0,simhanada guggulu,,
alternative medicine for brain fog,disease_prediction,1.0,,brain fog,
shirodhara art,general_info,1.0,,,shirodhara
alternative medicine system,general_info,1.0,,,alternative medicine
natural treatment for diarrhea,disease_prediction,1.0,,diarrhea,
controlling restless legs,disease_prediction,1.0,,restless legs,
applications of hinguleshwar ras,herb_benefits,1.0,hinguleshwar ras,,
sudden hair loss,disease_prediction,1.0,,hair loss,
amra haridra for health improvement,herb_benefits,1.0,amra haridra,,
ayurvedic treatment for gas,disease_prediction,1.0,,gas,
acne treatment,disease_prediction,1.0,,acne,
effective treatment for abdominal pain,disease_prediction,1.0,,abdominal pain,
intermittent acidity,disease_prediction,1.0,,acidity,
panchamahabhutas methodology,general_info,1.0,,,panchamahabhutas
investigating ama,general_info,1.0,,,ama
reducing anxiety,disease_prediction,1.0,,anxiety,
explain meditation,general_info,1.0,,,meditation
kuntalakanti tailam for health improvement,herb_benefits,1.0,kuntalakanti tailam,,
philosophy of natural healing,general_info,1.0,,,natural healing
intermittent joint pain,disease_prediction,1.0,,joint pain,
gunas viewpoint,general_info,1.0,,,gunas
examining panchamahabhutas,general_info,1.0,,,panchamahabhutas
safe treatment for eye strain,disease_prediction,1.0,,eye strain,
investigating tejas,general_info,1.0,,,tejas
natural cure for constipation,disease_prediction,1.0,,constipation,
constant dry skin,disease_prediction,1.0,,dry skin,
preventing vomiting,disease_prediction,1.0,,vomiting,
importance of tridosha,general_info,1.0,,,tridosha
uses of nimba taila,herb_benefits,1.0,nimba taila,,
traditional uses of kasis bhasma,herb_benefits,1.0,kasis bhasma,,
benefits of bhumi jambuka,herb_benefits,1.0,bhumi jambuka,,
how to treat stomach ache,disease_prediction,1.0,,stomach ache,
uses of arjuna,herb_benefits,1.0,arjuna,,
why use panchakola churna,herb_benefits,1.0,panchakola churna,,
panchakarma practice,general_info,1.0,,,panchakarma
triphala guggulu in herbal medicine,herb_benefits,1.0,triphala guggulu,,
medicinal effects of tumburu,herb_benefits,1.0,tumburu,,
treatment for cough,disease_prediction,1.0,,cough,
what makes fenugreek beneficial,herb_benefits,1.0,fenugreek,,
ojas explained,general_info,1.0,,,ojas
define shirodhara,general_info,1.0,,,shirodhara
herbal medicine for low energy,disease_prediction,1.0,,low energy,
therapeutic effects of elakanadi kashayam,herb_benefits,1.0,elakanadi kashayam,,
ama understanding,general_info,1.0,,,ama
philosophy of yoga,general_info,1.0,,,yoga
tell me about manikya pishti,herb_benefits,1.0,manikya pishti,,
hamsapadi for natural treatment,herb_benefits,1.0,hamsapadi,,
discovering natural healing,general_info,1.0,,,natural healing
learn about digestion,general_info,1.0,,,digestion
jati effects,herb_benefits,1.0,jati,,
non-toxic remedy for stress,disease_prediction,1.0,,stress,
natural treatment for vomiting,disease_prediction,1.0,,vomiting,
constitution perspective,general_info,1.0,,,constitution
how does kshirabala thailam help,herb_benefits,1.0,kshirabala thailam,,
natural benefits of khadiradi vati,herb_benefits,1.0,khadiradi vati,,
I feel depression,disease_prediction,1.0,,depression,
dhanyamla natural medicine,herb_benefits,1.0,dhanyamla,,
therapeutic effects of changeri,herb_benefits,1.0,changeri,,
medicinal applications of triphala,herb_benefits,1.0,triphala,,
non-toxic remedy for muscle pain,disease_prediction,1.0,,muscle pain,
svalpa khadiradi vati for health,herb_benefits,1.0,svalpa khadiradi vati,,
holistic health viewpoint,general_info,1.0,,,holistic health
I'm experiencing morning sickness,disease_prediction,1.0,,morning sickness,
non-toxic remedy for abdominal pain,disease_prediction,1.0,,abdominal pain,
preventing low energy,disease_prediction,1.0,,low energy,
principles of malas,general_info,1.0,,,malas
healing sprains,disease_prediction,1.0,,sprains,
home remedy for strains,disease_prediction,1.0,,strains,
benefits of natural healing,general_info,1.0,,,natural healing
blurred vision treatment,disease_prediction,1.0,,blurred vision,
significance of yoga,general_info,1.0,,,yoga
ayurvedic treatment for snoring,disease_prediction,1.0,,snoring,
controlling restless legs,disease_prediction,1.0,,restless legs,
medicine for night sweats,disease_prediction,1.0,,night sweats,
I'm experiencing restless legs,disease_prediction,1.0,,restless legs,
understand saptadhatu,general_info,1.0,,,saptadhatu
advantages of karnikara,herb_benefits,1.0,karnikara,,
what causes inflammation,disease_prediction,1.0,,inflammation,
I have indigestion,disease_prediction,1.0,,indigestion,
how to treat skin rash,disease_prediction,1.0,,skin rash,
health properties of karnikara,herb_benefits,1.0,karnikara,,
health benefits of tulsi,herb_benefits,1.0,tulsi,,
tell me about prabhava,general_info,1.0,,,prabhava
advantages of ela,herb_benefits,1.0,ela,,
basti wisdom,general_info,1.0,,,basti
gunas practice,general_info,1.0,,,gunas
how to treat sinusitis,disease_prediction,1.0,,sinusitis,
herbal properties of simsapa,herb_benefits,1.0,simsapa,,
origin of digestion,general_info,1.0,,,digestion
reducing oily skin,disease_prediction,1.0,,oily skin,
medicine for burns,disease_prediction,1.0,,burns,
chirabilva therapeutic benefits,herb_benefits,1.0,chirabilva,,
non-toxic remedy for cough,disease_prediction,1.0,,cough,
benefits and uses of vidangarishta,herb_benefits,1.0,vidangarishta,,
intermittent spasms,disease_prediction,1.0,,spasms,
surana for wellness,herb_benefits,1.0,surana,,
therapeutic effects of aloe vera,herb_benefits,1.0,aloe vera,,
controlling snoring,disease_prediction,1.0,,snoring,
ayurvedic benefits of shalparni,herb_benefits,1.0,shalparni,,
herbal medicine for burning sensation,disease_prediction,1.0,,burning sensation,
what is vasant kusumakar rasa good for,herb_benefits,1.0,vasant kusumakar rasa,,
recovering from blurred vision,disease_prediction,1.0,,blurred vision,
dosha science,general_info,1.0,,,dosha
overcoming hypertension,disease_prediction,1.0,,hypertension,
permanent cure for muscle pain,disease_prediction,1.0,,muscle pain,
shadrasas explained,general_info,1.0,,,shadrasas
non-toxic remedy for stomach ache,disease_prediction,1.0,,stomach ache,
what is nutrition,general_info,1.0,,,nutrition
sudden burns,disease_prediction,1.0,,burns,
I have indigestion,disease_prediction,1.0,,indigestion,
holistic treatment for chronic fatigue,disease_prediction,1.0,,chronic fatigue,
natural cure for constipation,disease_prediction,1.0,,constipation,
alleviating irregular periods,disease_prediction,1.0,,irregular periods,
discovering rasa,general_info,1.0,,,rasa
understanding abhyanga,general_info,1.0,,,abhyanga
what does mahakalyanaka ghritam do,herb_benefits,1.0,mahakalyanaka ghritam,,
benefits and uses of shyonaka,herb_benefits,1.0,shyonaka,,
history of nutrition,general_info,1.0,,,nutrition
ushira for wellness,herb_benefits,1.0,ushira,,
healthy lifestyle system,general_info,1.0,,,healthy lifestyle
cough cure,disease_prediction,1.0,,cough,
safe treatment for hair loss,disease_prediction,1.0,,hair loss,
define constitution,general_info,1.0,,,constitution
narayana thailam for health improvement,herb_benefits,1.0,narayana thailam,,
kushmanda khanda properties,herb_benefits,1.0,kushmanda khanda,,
body type fundamentals,general_info,1.0,,,body type
relief from snoring,disease_prediction,1.0,,snoring,
history of panchakarma,general_info,1.0,,,panchakarma
information about detoxification,general_info,1.0,,,detoxification
help with eczema,disease_prediction,1.0,,eczema,
pippali moola health effects,herb_benefits,1.0,pippali moola,,
health benefits of shyonaka,herb_benefits,1.0,shyonaka,,
therapeutic effects of rasona patra,herb_benefits,1.0,rasona patra,,
chronic fatigue,disease_prediction,1.0,,fatigue,
non-toxic remedy for arthritis,disease_prediction,1.0,,arthritis,
significance of meditation,general_info,1.0,,,meditation
overview of tridosha,general_info,1.0,,,tridosha
having dry skin,disease_prediction,1.0,,dry skin,
benefits and uses of talisa,herb_benefits,1.0,talisa,,
what makes ahiphena beneficial,herb_benefits,1.0,ahiphena,,
what makes gambhari phala beneficial,herb_benefits,1.0,gambhari phala,,
advantages of gojihvadi kwath,herb_benefits,1.0,gojihvadi kwath,,
ayurveda understanding,general_info,1.0,,,ayurveda
medicinal value of kanmad bhasma,herb_benefits,1.0,kanmad bhasma,,
define malas,general_info,1.0,,,malas
managing menstrual cramps,disease_prediction,1.0,,menstrual cramps,
how to use nirgundi,herb_benefits,1.0,nirgundi,,
having weakness,disease_prediction,1.0,,weakness,
balance concepts,general_info,1.0,,,balance
suryavarta benefits,herb_benefits,1.0,suryavarta,,
ayurveda perspective,general_info,1.0,,,ayurveda
jatamansi for natural healing,herb_benefits,1.0,jatamansi,,
vyaghri haritaki for wellness,herb_benefits,1.0,vyaghri haritaki,,
information about saptadhatu,general_info,1.0,,,saptadhatu
what's prakriti,general_info,1.0,,,prakriti
significance of ojas,general_info,1.0,,,ojas
holistic health practice,general_info,1.0,,,holistic health
why is vamsha healthy,herb_benefits,1.0,vamsha,,
benefits and uses of vriddhi,herb_benefits,1.0,vriddhi,,
what are the principles of traditional medicine,general_info,1.0,,,traditional medicine
properties of ksheera,herb_benefits,1.0,ksheera,,
what is pitta,general_info,1.0,,,pitta
how does brihatyadi kashayam help,herb_benefits,1.0,brihatyadi kashayam,,
kantakari for natural healing,herb_benefits,1.0,kantakari,,
prabhava science,general_info,1.0,,,prabhava
basics of preventive medicine,general_info,1.0,,,preventive medicine
preventing eye strain,disease_prediction,1.0,,eye strain,
what is yava good for,herb_benefits,1.0,yava,,
herbal properties of dashamularishta,herb_benefits,1.0,dashamularishta,,
arka in traditional medicine,herb_benefits,1.0,arka,,
what is yava good for,herb_benefits,1.0,yava,,
discovering shirodhara,general_info,1.0,,,shirodhara
priyangu wellness benefits,herb_benefits,1.0,priyangu,,
karpasa in traditional medicine,herb_benefits,1.0,karpasa,,
harmony perspective,general_info,1.0,,,harmony
meditation explained,general_info,1.0,,,meditation
having stress,disease_prediction,1.0,,stress,
saptadhatu understanding,general_info,1.0,,,saptadhatu
quick relief from acne,disease_prediction,1.0,,acne,
what is energy,general_info,1.0,,,energy
pranayama understanding,general_info,1.0,,,pranayama
herbal properties of black pepper,herb_benefits,1.0,black pepper,,
cure for numbness,disease_prediction,1.0,,numbness,
benefits and applications of masi,herb_benefits,1.0,masi,,
natural cures for sleep apnea,disease_prediction,1.0,,sleep apnea,
kantakari benefits,herb_benefits,1.0,kantakari,,
permanent cure for gastritis,disease_prediction,1.0,,gastritis,
help with sprains,disease_prediction,1.0,,sprains,
tanduliyaka healing properties,herb_benefits,1.0,tanduliyaka,,
what are the principles of dosha,general_info,1.0,,,dosha
permanent cure for fatigue,disease_prediction,1.0,,fatigue,
mustakarishta health effects,herb_benefits,1.0,mustakarishta,,
I'm suffering from stomach ache,disease_prediction,1.0,,stomach ache,
virechana philosophy,general_info,1.0,,,virechana
constant cramps,disease_prediction,1.0,,cramps,
discovering trimala,general_info,1.0,,,trimala
what is ayurveda,general_info,1.0,,,ayurveda
home remedy for memory problems,disease_prediction,1.0,,memory problems,
advantages of karnikara,herb_benefits,1.0,karnikara,,
therapeutic value of dhattura,herb_benefits,1.0,dhattura,,
understanding mind-body connection,general_info,1.0,,,mind-body connection
understanding prana,general_info,1.0,,,prana
vikriti art,general_info,1.0,,,vikriti
healthy lifestyle theory,general_info,1.0,,,healthy lifestyle
recurring brain fog,disease_prediction,1.0,,brain fog,
what makes neelam pishti beneficial,herb_benefits,1.0,neelam pishti,,
what makes swarnapatri beneficial,herb_benefits,1.0,swarnapatri,,
panchamahabhutas basics,general_info,1.0,,,panchamahabhutas
ama understanding,general_info,1.0,,,ama
uses of suranjana,herb_benefits,1.0,suranjana,,
help with low energy,disease_prediction,1.0,,low energy,
what are the principles of dosha,general_info,1.0,,,dosha
treatment for motion sickness,disease_prediction,1.0,,motion sickness,
ayurvedic treatment for nausea,disease_prediction,1.0,,nausea,
significance of panchamahabhutas,general_info,1.0,,,panchamahabhutas
tell me about holistic health,general_info,1.0,,,holistic health
reducing psoriasis,disease_prediction,1.0,,psoriasis,
chyawanprash effects,herb_benefits,1.0,chyawanprash,,
health benefits of ambasthaki,herb_benefits,1.0,ambasthaki,,
what are the benefits of rohitakarishta,herb_benefits,1.0,rohitakarishta,,
vatsanabha in traditional medicine,herb_benefits,1.0,vatsanabha,,
how to treat allergies,disease_prediction,1.0,,allergies,
treatment for chronic fatigue,disease_prediction,1.0,,chronic fatigue,
how does kapha work,general_info,1.0,,,kapha
safe treatment for sleep apnea,disease_prediction,1.0,,sleep apnea,
having chronic fatigue,disease_prediction,1.0,,chronic fatigue,
how to use agnikarna,herb_benefits,1.0,agnikarna,,
what can ishwari treat,herb_benefits,1.0,ishwari,,
basti explained,general_info,1.0,,,basti
effective treatment for dandruff,disease_prediction,1.0,,dandruff,
amalaki rasayana therapeutic benefits,herb_benefits,1.0,amalaki rasayana,,
diagnosis of low energy,disease_prediction,1.0,,low energy,
advantages of panasa,herb_benefits,1.0,panasa,,
treatment for sleep apnea,disease_prediction,1.0,,sleep apnea,
I'm experiencing bloating,disease_prediction,1.0,,bloating,
best medicine for mood swings,disease_prediction,1.0,,mood swings,
medicinal effects of masi,herb_benefits,1.0,masi,,
permanent cure for gastritis,disease_prediction,1.0,,gastritis,
shirodhara theory,general_info,1.0,,,shirodhara
safe treatment for abdominal pain,disease_prediction,1.0,,abdominal pain,
natural cure for sleep apnea,disease_prediction,1.0,,sleep apnea,
hearing problems symptoms,disease_prediction,1.0,,hearing problems,
traditional cure for tingling,disease_prediction,1.0,,tingling,
I'm experiencing snoring,disease_prediction,1.0,,snoring,
tell me about patala,herb_benefits,1.0,patala,,
advantages of asphota,herb_benefits,1.0,asphota,,
ancient uses of jeerakarishtam,herb_benefits,1.0,jeerakarishtam,,
pippali natural medicine,herb_benefits,1.0,pippali,,
mahasudarshan churna for health,herb_benefits,1.0,mahasudarshan churna,,
overview of gunas,general_info,1.0,,,gunas
how to treat skin rash,disease_prediction,1.0,,skin rash,
mild sore throat,disease_prediction,1.0,,sore throat,
exploring ojas,general_info,1.0,,,ojas
virya system,general_info,1.0,,,virya
overview of ama,general_info,1.0,,,ama
best medicine for tingling,disease_prediction,1.0,,tingling,
severe eczema,disease_prediction,1.0,,eczema,
tell me about laghu sutshekhar ras,herb_benefits,1.0,laghu sutshekhar ras,,
cure for wounds,disease_prediction,1.0,,wounds,
kadali pushpa natural medicine,herb_benefits,1.0,kadali pushpa,,
what is body type,general_info,1.0,,,body type
what does dhanadanayanadi kashayam do,herb_benefits,1.0,dhanadanayanadi kashayam,,
ancient uses of ananta mool,herb_benefits,1.0,ananta mool,,
medicine for skin rash,disease_prediction,1.0,,skin rash,
I have snoring,disease_prediction,1.0,,snoring,
pranayama philosophy,general_info,1.0,,,pranayama
prabhava practice,general_info,1.0,,,prabhava
preventing eye strain,disease_prediction,1.0,,eye strain,
benefits and uses of vriddhi,herb_benefits,1.0,vriddhi,,
constitution perspective,general_info,1.0,,,constitution
learn about circulation,general_info,1.0,,,circulation
constant chronic fatigue,disease_prediction,1.0,,chronic fatigue,
hot flashes symptoms,disease_prediction,1.0,,hot flashes,
define prabhava,general_info,1.0,,,prabhava
why is kshirabala 101 avarti healthy,herb_benefits,1.0,kshirabala 101 avarti,,
recovering from stomach ache,disease_prediction,1.0,,stomach ache,
info about harmony,general_info,1.0,,,harmony
recurring skin rash,disease_prediction,1.0,,skin rash,
basics of malas,general_info,1.0,,,malas
health properties of karnikara,herb_benefits,1.0,karnikara,,
medicinal properties of kalamba,herb_benefits,1.0,kalamba,,
permanent cure for dry eyes,disease_prediction,1.0,,dry eyes,
medicinal properties of kalamba,herb_benefits,1.0,kalamba,,
natural benefits of latakaranja,herb_benefits,1.0,latakaranja,,
madayantika for holistic health,herb_benefits,1.0,madayantika,,
alternative medicine for hearing problems,disease_prediction,1.0,,hearing problems,
bhutika healing properties,herb_benefits,1.0,bhutika,,
herbal properties of nimba beeja,herb_benefits,1.0,nimba beeja,,
investigating constitution,general_info,1.0,,,constitution
mind-body connection system,general_info,1.0,,,mind-body connection
information about detoxification,general_info,1.0,,,detoxification
cure for night sweats,disease_prediction,1.0,,night sweats,
importance of pitta,general_info,1.0,,,pitta
I've got chronic fatigue,disease_prediction,1.0,,chronic fatigue,
shilajit for wellness,herb_benefits,1.0,shilajit,,
meditation knowledge,general_info,1.0,,,meditation
what does kaharuba pishti do,herb_benefits,1.0,kaharuba pishti,,
what can agastya haritaki rasayana treat,herb_benefits,1.0,agastya haritaki rasayana,,
controlling sneezing,disease_prediction,1.0,,sneezing,
healthy lifestyle viewpoint,general_info,1.0,,,healthy lifestyle
vomiting treatment,disease_prediction,1.0,,vomiting,
define malas,general_info,1.0,,,malas
investigating constitution,general_info,1.0,,,constitution
I have strains,disease_prediction,1.0,,strains,
explain trimala,general_info,1.0,,,trimala
nutrition concepts,general_info,1.0,,,nutrition
constant vomiting,disease_prediction,1.0,,vomiting,
ayurvedic benefits of dhanwantaram thailam,herb_benefits,1.0,dhanwantaram thailam,,
natural cures for allergies,disease_prediction,1.0,,allergies,
importance of gunas,general_info,1.0,,,gunas
understand wellness,general_info,1.0,,,wellness
madhuka in traditional medicine,herb_benefits,1.0,madhuka,,
discovering panchamahabhutas,general_info,1.0,,,panchamahabhutas
therapeutic applications of eladi thailam,herb_benefits,1.0,eladi thailam,,
understanding rasa,general_info,1.0,,,rasa
basics of mind-body connection,general_info,1.0,,,mind-body connection
circulation knowledge,general_info,1.0,,,circulation
chyawanprash uses,herb_benefits,1.0,chyawanprash,,
exploring wellness,general_info,1.0,,,wellness
what causes spasms,disease_prediction,1.0,,spasms,
reducing sleep disorders,disease_prediction,1.0,,sleep disorders,
narikela lavana in herbal medicine,herb_benefits,1.0,narikela lavana,,
what makes dhanwantaram gutika beneficial,herb_benefits,1.0,dhanwantaram gutika,,
medicinal effects of tumburu,herb_benefits,1.0,tumburu,,
what does chitrakadi vati do,herb_benefits,1.0,chitrakadi vati,,
benefits of tridosha,general_info,1.0,,,tridosha
therapeutic applications of kapittha,herb_benefits,1.0,kapittha,,
body type system,general_info,1.0,,,body type
remedy for bloating,disease_prediction,1.0,,bloating,
chandrashura benefits,herb_benefits,1.0,chandrashura,,
fundamentals of harmony,general_info,1.0,,,harmony
medicinal properties of vidanga,herb_benefits,1.0,vidanga,,
best medicine for dandruff,disease_prediction,1.0,,dandruff,
nirgundi taila wellness benefits,herb_benefits,1.0,nirgundi taila,,
natural cure for dry skin,disease_prediction,1.0,,dry skin,
constant memory problems,disease_prediction,1.0,,memory problems,
having dry skin,disease_prediction,1.0,,dry skin,
diagnosis of hypertension,disease_prediction,1.0,,hypertension,
vata tradition,general_info,1.0,,,vata
introduction to nutrition,general_info,1.0,,,nutrition
fundamentals of virechana,general_info,1.0,,,virechana
dosha explained,general_info,1.0,,,dosha
natural treatment for vomiting,disease_prediction,1.0,,vomiting,
safe treatments for menstrual cramps,disease_prediction,1.0,,menstrual cramps,
severe dandruff,disease_prediction,1.0,,dandruff,
home remedy for memory problems,disease_prediction,1.0,,memory problems,
permanent cures for psoriasis,disease_prediction,1.0,,psoriasis,
medicinal applications of kovidara,herb_benefits,1.0,kovidara,,
dosha viewpoint,general_info,1.0,,,dosha
I'm experiencing sneezing,disease_prediction,1.0,,sneezing,
help with memory problems,disease_prediction,1.0,,memory problems,
controlling headache,disease_prediction,1.0,,headache,
herbal medicine for chronic fatigue,disease_prediction,1.0,,chronic fatigue,
define prana,general_info,1.0,,,prana
uses of tulsi,herb_benefits,1.0,tulsi,,
what causes heartburn,disease_prediction,1.0,,heartburn,
permanent cure for insomnia,disease_prediction,1.0,,insomnia,
benefits and uses of azadirachta,herb_benefits,1.0,azadirachta,,
I feel menstrual cramps,disease_prediction,1.0,,menstrual cramps,
guide to basti,general_info,1.0,,,basti
benefits and applications of talisa,herb_benefits,1.0,talisa,,
traditional uses of phala ghrita,herb_benefits,1.0,phala ghrita,,
overview of wellness,general_info,1.0,,,wellness
tejapatra remedy uses,herb_benefits,1.0,tejapatra,,
burning sensation cure,disease_prediction,1.0,,burning sensation,
dadrughna in herbal medicine,herb_benefits,1.0,dadrughna,,
history of tridosha,general_info,1.0,,,tridosha
benefits and uses of shyonaka,herb_benefits,1.0,shyonaka,,
examining healthy lifestyle,general_info,1.0,,,healthy lifestyle
role of prabhava,general_info,1.0,,,prabhava
why is kachura healthy,herb_benefits,1.0,kachura,,
healing arthritis,disease_prediction,1.0,,arthritis,
traditional cure for vomiting,disease_prediction,1.0,,vomiting,
advantages of changeri,herb_benefits,1.0,changeri,,
severe stomach ache,disease_prediction,1.0,,stomach ache,
emblica for health,herb_benefits,1.0,emblica,,
reducing heartburn,disease_prediction,1.0,,heartburn,
dizziness cure,disease_prediction,1.0,,dizziness,
I'm experiencing heartburn,disease_prediction,1.0,,heartburn,
kapha art,general_info,1.0,,,kapha
managing inflammation,disease_prediction,1.0,,inflammation,
sleep apnea symptoms,disease_prediction,1.0,,sleep apnea,
balance approach,general_info,1.0,,,balance
science behind srotas,general_info,1.0,,,srotas
significance of ama,general_info,1.0,,,ama
herbal medicine perspective,general_info,1.0,,,herbal medicine
advantages of ashwattha,herb_benefits,1.0,ashwattha,,
information about vatsanabha,herb_benefits,1.0,vatsanabha,,
nasya knowledge,general_info,1.0,,,nasya
reducing heartburn,disease_prediction,1.0,,heartburn,
information about arjunarishta,herb_benefits,1.0,arjunarishta,,
why use pippali moola,herb_benefits,1.0,pippali moola,,
changeri ghrita for natural treatment,herb_benefits,1.0,changeri ghrita,,
dhattura for health improvement,herb_benefits,1.0,dhattura,,
herbal properties of vidaryadyasava,herb_benefits,1.0,vidaryadyasava,,
natural cure for sleep apnea,disease_prediction,1.0,,sleep apnea,
ushira nutritional benefits,herb_benefits,1.0,ushira,,
prakriti practice,general_info,1.0,,,prakriti
body type system,general_info,1.0,,,body type
health benefits of kalyanaka ghrita,herb_benefits,1.0,kalyanaka ghrita,,
how to treat skin rash,disease_prediction,1.0,,skin rash,
learn about vata,general_info,1.0,,,vata
medicine for vertigo,disease_prediction,1.0,,vertigo,
overcoming tinnitus,disease_prediction,1.0,,tinnitus,
what can agastya haritaki rasayana treat,herb_benefits,1.0,agastya haritaki rasayana,,
define prabhava,general_info,1.0,,,prabhava
virya viewpoint,general_info,1.0,,,virya
I'm experiencing irregular periods,disease_prediction,1.0,,irregular periods,
origin of herbal medicine,general_info,1.0,,,herbal medicine
alleviating heartburn,disease_prediction,1.0,,heartburn,
permanent cure for indigestion,disease_prediction,1.0,,indigestion,
dhamasa in herbal medicine,herb_benefits,1.0,dhamasa,,
gastritis treatment,disease_prediction,1.0,,gastritis,
kembuka healing properties,herb_benefits,1.0,kembuka,,
recovering from sprains,disease_prediction,1.0,,sprains,
advantages of jivaka,herb_benefits,1.0,jivaka,,
shothari loha healing properties,herb_benefits,1.0,shothari loha,,
alternative medicine for bruising,disease_prediction,1.0,,bruising,
quick relief from diarrhea,disease_prediction,1.0,,diarrhea,
non-toxic remedy for hypertension,disease_prediction,1.0,,hypertension,
yoga understanding,general_info,1.0,,,yoga
controlling depression,disease_prediction,1.0,,depression,
kakajangha in herbal medicine,herb_benefits,1.0,kakajangha,,
mahasudarshan churna nutritional benefits,herb_benefits,1.0,mahasudarshan churna,,
principles of cleansing,general_info,1.0,,,cleansing
origin of basti,general_info,1.0,,,basti
uses of tulsi,herb_benefits,1.0,tulsi,,
what can nirgundi taila treat,herb_benefits,1.0,nirgundi taila,,
history of circulation,general_info,1.0,,,circulation
I'm experiencing spasms,disease_prediction,1.0,,spasms,
reducing vertigo,disease_prediction,1.0,,vertigo,
can you explain prana,general_info,1.0,,,prana
reducing psoriasis,disease_prediction,1.0,,psoriasis,
I feel eczema,disease_prediction,1.0,,eczema,
lata kasturi for health,herb_benefits,1.0,lata kasturi,,
ajmoda wellness benefits,herb_benefits,1.0,ajmoda,,
remedy for sore throat,disease_prediction,1.0,,sore throat,
advantages of bhumi jambuka,herb_benefits,1.0,bhumi jambuka,,
what causes heartburn,disease_prediction,1.0,,heartburn,
what causes bronchitis,disease_prediction,1.0,,bronchitis,
help with snoring,disease_prediction,1.0,,snoring,
origin of virya,general_info,1.0,,,virya
ayurvedic treatment for insomnia,disease_prediction,1.0,,insomnia,
principles of natural healing,general_info,1.0,,,natural healing
mild tingling,disease_prediction,1.0,,tingling,
karpas-asthyadi thailam effects,herb_benefits,1.0,karpas-asthyadi thailam,,
srotas understanding,general_info,1.0,,,srotas
examining malas,general_info,1.0,,,malas
therapeutic applications of madhu,herb_benefits,1.0,madhu,,
properties of yavasa,herb_benefits,1.0,yavasa,,
ocimum natural medicine,herb_benefits,1.0,ocimum,,
discovering rasa,general_info,1.0,,,rasa
recurring mood swings,disease_prediction,1.0,,mood swings,
varanadi ghritam effects,herb_benefits,1.0,varanadi ghritam,,
understand rasa,general_info,1.0,,,rasa
durva uses,herb_benefits,1.0,durva,,
effective treatment for gastritis,disease_prediction,1.0,,gastritis,
guide to shadrasas,general_info,1.0,,,shadrasas
what causes inflammation,disease_prediction,1.0,,inflammation,
medicine for eczema,disease_prediction,1.0,,eczema,
talisadi churna in traditional medicine,herb_benefits,1.0,talisadi churna,,
ayurvedic benefits of maricha,herb_benefits,1.0,maricha,,
alternative medicine for dry skin,disease_prediction,1.0,,dry skin,
punarnava natural medicine,herb_benefits,1.0,punarnava,,
therapeutic applications of kanchanara guggulu,herb_benefits,1.0,kanchanara guggulu,,
investigating ama,general_info,1.0,,,ama
natural benefits of ingudi,herb_benefits,1.0,ingudi,,
panchamahabhutas principles,general_info,1.0,,,panchamahabhutas
information about kaishore guggul,herb_benefits,1.0,kaishore guggul,,
dosha wisdom,general_info,1.0,,,dosha
non-toxic remedy for wounds,disease_prediction,1.0,,wounds,
having night sweats,disease_prediction,1.0,,night sweats,
relief from numbness,disease_prediction,1.0,,numbness,
natural treatment for itching,disease_prediction,1.0,,itching,
what does rohitakarishta do,herb_benefits,1.0,rohitakarishta,,
having dry eyes,disease_prediction,1.0,,dry eyes,
alleviating morning sickness,disease_prediction,1.0,,morning sickness,
remedy for nausea,disease_prediction,1.0,,nausea,
agni philosophy,general_info,1.0,,,agni
uses of laksha,herb_benefits,1.0,laksha,,
alleviating stomach ache,disease_prediction,1.0,,stomach ache,
health benefits of tulsi,herb_benefits,1.0,tulsi,,
examining pranayama,general_info,1.0,,,pranayama
I experience sneezing,disease_prediction,1.0,,sneezing,
permanent cure for motion sickness,disease_prediction,1.0,,motion sickness,
pitta theory,general_info,1.0,,,pitta
kaishore guggul wellness benefits,herb_benefits,1.0,kaishore guggul,,
I'm suffering from numbness,disease_prediction,1.0,,numbness,
what does shukti bhasma do,herb_benefits,1.0,shukti bhasma,,
eranda properties,herb_benefits,1.0,eranda,,
I feel acne,disease_prediction,1.0,,acne,
nag bhasma therapeutic benefits,herb_benefits,1.0,nag bhasma,,
treatment for sprains,disease_prediction,1.0,,sprains,
medicinal applications of triphala,herb_benefits,1.0,triphala,,
I'm suffering from dry skin,disease_prediction,1.0,,dry skin,
kapha art,general_info,1.0,,,kapha
diagnosis of bloating,disease_prediction,1.0,,bloating,
want to know about virya,general_info,1.0,,,virya
herbal medicine for abdominal pain,disease_prediction,1.0,,abdominal pain,
cure for dandruff,disease_prediction,1.0,,dandruff,
relief from back pain,disease_prediction,1.0,,back pain,
medicine for tinnitus,disease_prediction,1.0,,tinnitus,
advantages of asphota,herb_benefits,1.0,asphota,,
origin of energy,general_info,1.0,,,energy
herbal properties of black pepper,herb_benefits,1.0,black pepper,,
recovering from fatigue,disease_prediction,1.0,,fatigue,
reducing joint pain,disease_prediction,1.0,,joint pain,
intermittent low energy,disease_prediction,1.0,,low energy,
persistent migraine,disease_prediction,1.0,,migraine,
lakshadi thailam wellness benefits,herb_benefits,1.0,lakshadi thailam,,
kapikachhu for health improvement,herb_benefits,1.0,kapikachhu,,
ancient uses of dhatri loha,herb_benefits,1.0,dhatri loha,,
health properties of yakuti rasayana,herb_benefits,1.0,yakuti rasayana,,
therapeutic value of marichyadi vati,herb_benefits,1.0,marichyadi vati,,
explain pranayama,general_info,1.0,,,pranayama
studying shirodhara,general_info,1.0,,,shirodhara
quick relief from morning sickness,disease_prediction,1.0,,morning sickness,
I'm experiencing back pain,disease_prediction,1.0,,back pain,
tell me about himsra,herb_benefits,1.0,himsra,,
I suffer from psoriasis,disease_prediction,1.0,,psoriasis,
nasya fundamentals,general_info,1.0,,,nasya
history of nutrition,general_info,1.0,,,nutrition
dosha approach,general_info,1.0,,,dosha
introduction to prana,general_info,1.0,,,prana
natural benefits of dhattura beeja,herb_benefits,1.0,dhattura beeja,,
medicinal properties of tumburu,herb_benefits,1.0,tumburu,,
what causes cuts,disease_prediction,1.0,,cuts,
pippali moola therapeutic benefits,herb_benefits,1.0,pippali moola,,
chitrakaharitaki healing properties,herb_benefits,1.0,chitrakaharitaki,,
metabolism theory,general_info,1.0,,,metabolism
managing asthma,disease_prediction,1.0,,asthma,
what is ashoka ghrita good for,herb_benefits,1.0,ashoka ghrita,,
benefits of holistic health,general_info,1.0,,,holistic health
applications of ocimum,herb_benefits,1.0,ocimum,,
information about suranjana,herb_benefits,1.0,suranjana,,
define prana,general_info,1.0,,,prana
medicinal effects of dhatupaushtik churna,herb_benefits,1.0,dhatupaushtik churna,,
agnijara for natural healing,herb_benefits,1.0,agnijara,,
natural treatment for vomiting,disease_prediction,1.0,,vomiting,
vasant kusumakar rasa therapeutic benefits,herb_benefits,1.0,vasant kusumakar rasa,,
medicinal effects of drakshavaleha,herb_benefits,1.0,drakshavaleha,,
vaikranta bhasma for health improvement,herb_benefits,1.0,vaikranta bhasma,,
marichyadi vati remedy uses,herb_benefits,1.0,marichyadi vati,,
want to know about energy,general_info,1.0,,,energy
severe tingling,disease_prediction,1.0,,tingling,
constant hair loss,disease_prediction,1.0,,hair loss,
therapeutic applications of eladi thailam,herb_benefits,1.0,eladi thailam,,
mild chronic fatigue,disease_prediction,1.0,,chronic fatigue,
medicinal value of shatavari,herb_benefits,1.0,shatavari,,
persistent sleep apnea,disease_prediction,1.0,,sleep apnea,
preventing eye strain,disease_prediction,1.0,,eye strain,
therapeutic applications of aivana,herb_benefits,1.0,aivana,,
info about wellness,general_info,1.0,,,wellness
tell me about ashwagandha,herb_benefits,1.0,ashwagandha,,
recurring skin rash,disease_prediction,1.0,,skin rash,
remedy for asthma,disease_prediction,1.0,,asthma,
mild hearing problems,disease_prediction,1.0,,hearing problems,
advantages of ela,herb_benefits,1.0,ela,,
want to know about immunity,general_info,1.0,,,immunity
natural cure for night sweats,disease_prediction,1.0,,night sweats,
what does rohitakarishta do,herb_benefits,1.0,rohitakarishta,,
what can amritaprasha ghrita treat,herb_benefits,1.0,amritaprasha ghrita,,
medicinal value of snuhi ksheera,herb_benefits,1.0,snuhi ksheera,,
benefits and uses of eranda taila,herb_benefits,1.0,eranda taila,,
svalpa khadiradi vati for health,herb_benefits,1.0,svalpa khadiradi vati,,
dealing with nausea,disease_prediction,1.0,,nausea,
properties of shukti bhasma,herb_benefits,1.0,shukti bhasma,,
pranayama science,general_info,1.0,,,pranayama
ayurvedic treatment for eczema,disease_prediction,1.0,,eczema,
fundamentals of vata,general_info,1.0,,,vata
what makes ahiphena beneficial,herb_benefits,1.0,ahiphena,,
fundamentals of meditation,general_info,1.0,,,meditation
history of basti,general_info,1.0,,,basti
science behind energy,general_info,1.0,,,energy
introduction to vikriti,general_info,1.0,,,vikriti
natural treatment for vomiting,disease_prediction,1.0,,vomiting,
ancient uses of ananta mool,herb_benefits,1.0,ananta mool,,
properties of trivanga bhasma,herb_benefits,1.0,trivanga bhasma,,
safe treatment for sleep apnea,disease_prediction,1.0,,sleep apnea,
recovering from mood swings,disease_prediction,1.0,,mood swings,
permanent cure for stomach ache,disease_prediction,1.0,,stomach ache,
severe depression,disease_prediction,1.0,,depression,
remedy for bloating,disease_prediction,1.0,,bloating,
examining pranayama,general_info,1.0,,,pranayama
herbal medicine principles,general_info,1.0,,,herbal medicine
information about utingana,herb_benefits,1.0,utingana,,
temperament explained,general_info,1.0,,,temperament
exploring basti,general_info,1.0,,,basti
principles of pitta,general_info,1.0,,,pitta
having sinusitis,disease_prediction,1.0,,sinusitis,
help with acne,disease_prediction,1.0,,acne,
chronic eye strain,disease_prediction,1.0,,eye strain,
overview of herbal medicine,general_info,1.0,,,herbal medicine
holistic treatment for sore throat,disease_prediction,1.0,,sore throat,
effective treatment for runny nose,disease_prediction,1.0,,runny nose,
what are the benefits of plaksha,herb_benefits,1.0,plaksha,,
shadrasas fundamentals,general_info,1.0,,,shadrasas
vikriti system,general_info,1.0,,,vikriti
constant memory problems,disease_prediction,1.0,,memory problems,
examining srotas,general_info,1.0,,,srotas
prana philosophy,general_info,1.0,,,prana
basics of pitta,general_info,1.0,,,pitta
herbal properties of nag bhasma,herb_benefits,1.0,nag bhasma,,
akhuparni health effects,herb_benefits,1.0,akhuparni,,
nasya knowledge,general_info,1.0,,,nasya
preventing eye strain,disease_prediction,1.0,,eye strain,
alternative medicine for night sweats,disease_prediction,1.0,,night sweats,
intermittent spasms,disease_prediction,1.0,,spasms,
traditional cure for vomiting,disease_prediction,1.0,,vomiting,
I have bruising,disease_prediction,1.0,,bruising,
dealing with night sweats,disease_prediction,1.0,,night sweats,
mild abdominal pain,disease_prediction,1.0,,abdominal pain,
quick relief from bruising,disease_prediction,1.0,,bruising,
tell me about ashwagandha,herb_benefits,1.0,ashwagandha,,
info about prakriti,general_info,1.0,,,prakriti
preventing dry skin,disease_prediction,1.0,,dry skin,
constitution knowledge,general_info,1.0,,,constitution
mastu wellness benefits,herb_benefits,1.0,mastu,,
uses of tulsi,herb_benefits,1.0,tulsi,,
non-toxic remedy for hypertension,disease_prediction,1.0,,hypertension,
therapeutic value of samudra phena,herb_benefits,1.0,samudra phena,,
ayurveda tradition,general_info,1.0,,,ayurveda
philosophy of pitta,general_info,1.0,,,pitta
rasa science,general_info,1.0,,,rasa
tejas practice,general_info,1.0,,,tejas
diagnosis of irregular periods,disease_prediction,1.0,,irregular periods,
vata knowledge,general_info,1.0,,,vata
medicinal properties of gulakanda,herb_benefits,1.0,gulakanda,,
therapeutic effects of gotu kola,herb_benefits,1.0,gotu kola,,
holy basil therapeutic benefits,herb_benefits,1.0,holy basil,,
having snoring,disease_prediction,1.0,,snoring,
amra in traditional medicine,herb_benefits,1.0,amra,,
learn about digestion,general_info,1.0,,,digestion
intermittent fatigue,disease_prediction,1.0,,fatigue,
panchakarma art,general_info,1.0,,,panchakarma
healing oily skin,disease_prediction,1.0,,oily skin,
saireyaka in herbal medicine,herb_benefits,1.0,saireyaka,,
arjunarishta remedy uses,herb_benefits,1.0,arjunarishta,,
how to treat burns,disease_prediction,1.0,,burns,
healing power of shvet musli,herb_benefits,1.0,shvet musli,,
discovering herbal medicine,general_info,1.0,,,herbal medicine
constant indigestion,disease_prediction,1.0,,indigestion,
alleviating sleep apnea,disease_prediction,1.0,,sleep apnea,
therapeutic value of marichyadi vati,herb_benefits,1.0,marichyadi vati,,
learning abhyanga,general_info,1.0,,,abhyanga
overview of energy,general_info,1.0,,,energy
what makes nagakesara beneficial,herb_benefits,1.0,nagakesara,,
alleviating sleep apnea,disease_prediction,1.0,,sleep apnea,
guide to pranayama,general_info,1.0,,,pranayama
medicinal effects of vriddhi,herb_benefits,1.0,vriddhi,,
japa remedy uses,herb_benefits,1.0,japa,,
guide to prana,general_info,1.0,,,prana
effective treatment for sleep disorders,disease_prediction,1.0,,sleep disorders,
how can varuna help,herb_benefits,1.0,varuna,,
understand prana,general_info,1.0,,,prana
I suffer from back pain,disease_prediction,1.0,,back pain,
overcoming mood swings,disease_prediction,1.0,,mood swings,
somaraji taila nutritional benefits,herb_benefits,1.0,somaraji taila,,
nutrition viewpoint,general_info,1.0,,,nutrition
explain holistic health,general_info,1.0,,,holistic health
properties of sudarshan churna,herb_benefits,1.0,sudarshan churna,,
quick relief from hearing problems,disease_prediction,1.0,,hearing problems,
advantages of gojihvadi kwath,herb_benefits,1.0,gojihvadi kwath,,
introduction to prana,general_info,1.0,,,prana
natural cure for acne,disease_prediction,1.0,,acne,
alternative medicine for heartburn,disease_prediction,1.0,,heartburn,
help with low energy,disease_prediction,1.0,,low energy,
recovering from blurred vision,disease_prediction,1.0,,blurred vision,
prabhava tradition,general_info,1.0,,,prabhava
exploring basti,general_info,1.0,,,basti
benefits and uses of aparajita,herb_benefits,1.0,aparajita,,
philosophy of ojas,general_info,1.0,,,ojas
I have indigestion,disease_prediction,1.0,,indigestion,
permanent cure for dry eyes,disease_prediction,1.0,,dry eyes,
managing sprains,disease_prediction,1.0,,sprains,
persistent skin rash,disease_prediction,1.0,,skin rash,
persistent fever,disease_prediction,1.0,,fever,
alleviating sleep apnea,disease_prediction,1.0,,sleep apnea,
history of ama,general_info,1.0,,,ama
acne symptoms,disease_prediction,1.0,,acne,
science behind gunas,general_info,1.0,,,gunas
define prana,general_info,1.0,,,prana
shankhpushpi effects,herb_benefits,1.0,shankhpushpi,,
panchamahabhutas principles,general_info,1.0,,,panchamahabhutas
medicinal properties of kankshi,herb_benefits,1.0,kankshi,,
tell me about tinospora,herb_benefits,1.0,tinospora,,
chandrashura benefits,herb_benefits,1.0,chandrashura,,
alternative medicine for acne,disease_prediction,1.0,,acne,
history of nutrition,general_info,1.0,,,nutrition
agnijara benefits,herb_benefits,1.0,agnijara,,
exploring vikriti,general_info,1.0,,,vikriti
healing strains,disease_prediction,1.0,,strains,
safe treatment for menstrual cramps,disease_prediction,1.0,,menstrual cramps,
tridosha perspective,general_info,1.0,,,tridosha
dealing with night sweats,disease_prediction,1.0,,night sweats,
diagnosis of hair loss,disease_prediction,1.0,,hair loss,
relief from snoring,disease_prediction,1.0,,snoring,
therapeutic value of neem,herb_benefits,1.0,neem,,
traditional uses of gymnema,herb_benefits,1.0,gymnema,,
tell me about meditation,general_info,1.0,,,meditation
I have chronic fatigue,disease_prediction,1.0,,chronic fatigue,
how does healthy lifestyle work,general_info,1.0,,,healthy lifestyle
reducing spasms,disease_prediction,1.0,,spasms,
energy knowledge,general_info,1.0,,,energy
uses of nimba taila,herb_benefits,1.0,nimba taila,,
researching yoga,general_info,1.0,,,yoga
medicinal applications of triphala,herb_benefits,1.0,triphala,,
vikriti art,general_info,1.0,,,vikriti
diagnosis of vomiting,disease_prediction,1.0,,vomiting,
role of abhyanga,general_info,1.0,,,abhyanga
what causes cramps,disease_prediction,1.0,,cramps,
meditation concepts,general_info,1.0,,,meditation
help with acne,disease_prediction,1.0,,acne,
discovering panchamahabhutas,general_info,1.0,,,panchamahabhutas
nirgundi taila wellness benefits,herb_benefits,1.0,nirgundi taila,,
intermittent fatigue,disease_prediction,1.0,,fatigue,
how to use musta,herb_benefits,1.0,musta,,
constant memory problems,disease_prediction,1.0,,memory problems,
what can agastya haritaki rasayana treat,herb_benefits,1.0,agastya haritaki rasayana,,
elakanadi kashayam effects,herb_benefits,1.0,elakanadi kashayam,,
philosophy of gunas,general_info,1.0,,,gunas
constant abdominal pain,disease_prediction,1.0,,abdominal pain,
diagnosis of asthma,disease_prediction,1.0,,asthma,
benefits and uses of nimbadi churna,herb_benefits,1.0,nimbadi churna,,
relief from cold,disease_prediction,1.0,,cold,
what makes changeri ghrita beneficial,herb_benefits,1.0,changeri ghrita,,
investigating constitution,general_info,1.0,,,constitution
effective treatment for spasms,disease_prediction,1.0,,spasms,
quick relief from cramps,disease_prediction,1.0,,cramps,
fundamentals of virechana,general_info,1.0,,,virechana
what can rudraksha treat,herb_benefits,1.0,rudraksha,,
how does madhusnuhi rasayana help,herb_benefits,1.0,madhusnuhi rasayana,,
I have weakness,disease_prediction,1.0,,weakness,
history of energy,general_info,1.0,,,energy
holy basil therapeutic benefits,herb_benefits,1.0,holy basil,,
therapeutic applications of aivana,herb_benefits,1.0,aivana,,
akika pishti natural medicine,herb_benefits,1.0,akika pishti,,
circulation perspective,general_info,1.0,,,circulation
relief from heartburn,disease_prediction,1.0,,heartburn,
I feel motion sickness,disease_prediction,1.0,,motion sickness,
alternative medicine for morning sickness,disease_prediction,1.0,,morning sickness,
learn about herbal medicine,general_info,1.0,,,herbal medicine
what does himsra do,herb_benefits,1.0,himsra,,
karpasasthyadi thailam benefits,herb_benefits,1.0,karpasasthyadi thailam,,
properties of phalatrikadi kwath,herb_benefits,1.0,phalatrikadi kwath,,
having sinusitis,disease_prediction,1.0,,sinusitis,
overcoming diarrhea,disease_prediction,1.0,,diarrhea,
information about ardraka,herb_benefits,1.0,ardraka,,
understand preventive medicine,general_info,1.0,,,preventive medicine
cure for sinusitis,disease_prediction,1.0,,sinusitis,
natural treatment for itching,disease_prediction,1.0,,itching,
information about vatsanabha,herb_benefits,1.0,vatsanabha,,
ancient uses of guda,herb_benefits,1.0,guda,,
vata understanding,general_info,1.0,,,vata
neelam pishti medicinal uses,herb_benefits,1.0,neelam pishti,,
traditional cure for cuts,disease_prediction,1.0,,cuts,
basics of shadrasas,general_info,1.0,,,shadrasas
cure for hot flashes,disease_prediction,1.0,,hot flashes,
intermittent oily skin,disease_prediction,1.0,,oily skin,
mustakarishta health effects,herb_benefits,1.0,mustakarishta,,
science behind circulation,general_info,1.0,,,circulation
define cleansing,general_info,1.0,,,cleansing
prana science,general_info,1.0,,,prana
dealing with bronchitis,disease_prediction,1.0,,bronchitis,
hijal healing properties,herb_benefits,1.0,hijal,,
guide to shadrasas,general_info,1.0,,,shadrasas
prakriti practice,general_info,1.0,,,prakriti
permanent cure for psoriasis,disease_prediction,1.0,,psoriasis,
turmeric remedy uses,herb_benefits,1.0,turmeric,,
non-toxic remedy for eye strain,disease_prediction,1.0,,eye strain,
fundamentals of vikriti,general_info,1.0,,,vikriti
healing wounds,disease_prediction,1.0,,wounds,
natural benefits of raupya bhasma,herb_benefits,1.0,raupya bhasma,,
constant itching,disease_prediction,1.0,,itching,
gomeda bhasma effects,herb_benefits,1.0,gomeda bhasma,,
learn about body type,general_info,1.0,,,body type
benefits and uses of rajapravartini vati,herb_benefits,1.0,rajapravartini vati,,
information about gokshuradi guggulu,herb_benefits,1.0,gokshuradi guggulu,,
I suffer from hair loss,disease_prediction,1.0,,hair loss,
examining panchamahabhutas,general_info,1.0,,,panchamahabhutas
I'm suffering from night sweats,disease_prediction,1.0,,night sweats,
what can ishwari treat,herb_benefits,1.0,ishwari,,
examining pranayama,general_info,1.0,,,pranayama
help with nausea,disease_prediction,1.0,,nausea,
traditional cure for snoring,disease_prediction,1.0,,snoring,
advantages of ela,herb_benefits,1.0,ela,,
science behind tridosha,general_info,1.0,,,tridosha
natural treatment for vomiting,disease_prediction,1.0,,vomiting,
bacopa therapeutic benefits,herb_benefits,1.0,bacopa,,
masi for holistic health,herb_benefits,1.0,masi,,
dealing with acne,disease_prediction,1.0,,acne,
benefits and uses of masi,herb_benefits,1.0,masi,,
learning yoga,general_info,1.0,,,yoga
define kapha,general_info,1.0,,,kapha
I'm suffering from sore throat,disease_prediction,1.0,,sore throat,
herbal medicine for cough,disease_prediction,1.0,,cough,
how does herbal medicine work,general_info,1.0,,,herbal medicine
constant asthma,disease_prediction,1.0,,asthma,
uses of arjuna,herb_benefits,1.0,arjuna,,
sarshapa taila healing properties,herb_benefits,1.0,sarshapa taila,,
diagnosis of irregular periods,disease_prediction,1.0,,irregular periods,
learning nutrition,general_info,1.0,,,nutrition
origin of mind-body connection,general_info,1.0,,,mind-body connection
natural benefits of kasamarda,herb_benefits,1.0,kasamarda,,
mild constipation,disease_prediction,1.0,,constipation,
mild chronic fatigue,disease_prediction,1.0,,chronic fatigue,
having weakness,disease_prediction,1.0,,weakness,
herbal properties of prativisha,herb_benefits,1.0,prativisha,,
properties of trivanga bhasma,herb_benefits,1.0,trivanga bhasma,,
how to use nirgundi,herb_benefits,1.0,nirgundi,,
psoriasis treatment,disease_prediction,1.0,,psoriasis,
circulation philosophy,general_info,1.0,,,circulation
cleansing system,general_info,1.0,,,cleansing
recovering from blurred vision,disease_prediction,1.0,,blurred vision,
what does rohitakarishta do,herb_benefits,1.0,rohitakarishta,,
shirodhara philosophy,general_info,1.0,,,shirodhara
diagnosis of joint pain,disease_prediction,1.0,,joint pain,
relief from dry skin,disease_prediction,1.0,,dry skin,
health properties of paribhadra,herb_benefits,1.0,paribhadra,,
therapeutic applications of bakula,herb_benefits,1.0,bakula,,
uses of arjuna,herb_benefits,1.0,arjuna,,
cure for sinusitis,disease_prediction,1.0,,sinusitis,
basics of dosha,general_info,1.0,,,dosha
history of healthy lifestyle,general_info,1.0,,,healthy lifestyle
vasant kusumakar rasa therapeutic benefits,herb_benefits,1.0,vasant kusumakar rasa,,
vikriti theory,general_info,1.0,,,vikriti
best medicine for psoriasis,disease_prediction,1.0,,psoriasis,
significance of preventive medicine,general_info,1.0,,,preventive medicine
ancient uses of chitraka moola,herb_benefits,1.0,chitraka moola,,
role of saptadhatu,general_info,1.0,,,saptadhatu
I'm suffering from motion sickness,disease_prediction,1.0,,motion sickness,
wellness system,general_info,1.0,,,wellness
medicinal effects of varunadi kashayam,herb_benefits,1.0,varunadi kashayam,,
what makes kukkutanda twak bhasma beneficial,herb_benefits,1.0,kukkutanda twak bhasma,,
therapeutic value of neem,herb_benefits,1.0,neem,,
having chronic fatigue,disease_prediction,1.0,,chronic fatigue,
kurabaka natural medicine,herb_benefits,1.0,kurabaka,,
meditation methodology,general_info,1.0,,,meditation
natural benefits of latakaranja,herb_benefits,1.0,latakaranja,,
eladi vati natural medicine,herb_benefits,1.0,eladi vati,,
tintidika for health improvement,herb_benefits,1.0,tintidika,,
natural treatment for swelling,disease_prediction,1.0,,swelling,
persistent spasms,disease_prediction,1.0,,spasms,
history of circulation,general_info,1.0,,,circulation
mahatriphala ghrita natural medicine,herb_benefits,1.0,mahatriphala ghrita,,
diagnosis of chest pain,disease_prediction,1.0,,chest pain,
understanding mind-body connection,general_info,1.0,,,mind-body connection
detoxification viewpoint,general_info,1.0,,,detoxification
define kapha,general_info,1.0,,,kapha
runny nose symptoms,disease_prediction,1.0,,runny nose,
therapeutic effects of somaraji taila,herb_benefits,1.0,somaraji taila,,
diagnosis of cramps,disease_prediction,1.0,,cramps,
kapha system,general_info,1.0,,,kapha
information about prakriti,general_info,1.0,,,prakriti
cure for nausea,disease_prediction,1.0,,nausea,
how to use lodhradi churna,herb_benefits,1.0,lodhradi churna,,
symptoms of sleep apnea,disease_prediction,1.0,,sleep apnea,
balarishta natural medicine,herb_benefits,1.0,balarishta,,
history of circulation,general_info,1.0,,,circulation
what is srotas,general_info,1.0,,,srotas
holistic treatment for muscle pain,disease_prediction,1.0,,muscle pain,
introduction to constitution,general_info,1.0,,,constitution
marichyadi vati benefits,herb_benefits,1.0,marichyadi vati,,
benefits of utpala,herb_benefits,1.0,utpala,,
benefits of body type,general_info,1.0,,,body type
ayurvedic benefits of shallaki,herb_benefits,1.0,shallaki,,
principles of preventive medicine,general_info,1.0,,,preventive medicine
natural cure for muscle pain,disease_prediction,1.0,,muscle pain,
upodika for health improvement,herb_benefits,1.0,upodika,,
agni practice,general_info,1.0,,,agni
shadbindu taila for wellness,herb_benefits,1.0,shadbindu taila,,
information about mashaparni,herb_benefits,1.0,mashaparni,,
runny nose symptoms,disease_prediction,1.0,,runny nose,
medicinal properties of guloochyadi kashayam,herb_benefits,1.0,guloochyadi kashayam,,
benefits and applications of vidangarishta,herb_benefits,1.0,vidangarishta,,
what does kasheruka do,herb_benefits,1.0,kasheruka,,
sudden chest pain,disease_prediction,1.0,,chest pain,
preventing constipation,disease_prediction,1.0,,constipation,
healing power of karmaranga,herb_benefits,1.0,karmaranga,,
ear pain cure,disease_prediction,1.0,,ear pain,
preventing inflammation,disease_prediction,1.0,,inflammation,
agni viewpoint,general_info,1.0,,,agni
what are the advantages of durva,herb_benefits,1.0,durva,,
kakajangha in herbal medicine,herb_benefits,1.0,kakajangha,,
karanja health effects,herb_benefits,1.0,karanja,,
I feel blurred vision,disease_prediction,1.0,,blurred vision,
traditional uses of jatyadi taila,herb_benefits,1.0,jatyadi taila,,
traditional uses of chakragaja,herb_benefits,1.0,chakragaja,,
uses of varahikanda,herb_benefits,1.0,varahikanda,,
philosophy of yoga,general_info,1.0,,,yoga
quick relief from vomiting,disease_prediction,1.0,,vomiting,
balance approach,general_info,1.0,,,balance
treatment for dry skin,disease_prediction,1.0,,dry skin,
diagnosis of inflammation,disease_prediction,1.0,,inflammation,
herbal properties of kumkumadi thailam,herb_benefits,1.0,kumkumadi thailam,,
how does prabhava work,general_info,1.0,,,prabhava
how to treat sleep disorders,disease_prediction,1.0,,sleep disorders,
what causes blurred vision,disease_prediction,1.0,,blurred vision,
philosophy of kapha,general_info,1.0,,,kapha
basti fundamentals,general_info,1.0,,,basti
therapeutic effects of aloe vera,herb_benefits,1.0,aloe vera,,
diagnosis of asthma,disease_prediction,1.0,,asthma,
sudarshan churna healing properties,herb_benefits,1.0,sudarshan churna,,
what causes hair loss,disease_prediction,1.0,,hair loss,
what's wellness,general_info,1.0,,,wellness
best medicine for mood swings,disease_prediction,1.0,,mood swings,
lasunadi vati for health,herb_benefits,1.0,lasunadi vati,,
herbal properties of rajapravartini vati,herb_benefits,1.0,rajapravartini vati,,
natural healing science,general_info,1.0,,,natural healing
shuddha guggulu effects,herb_benefits,1.0,shuddha guggulu,,
I'm experiencing snoring,disease_prediction,1.0,,snoring,
reducing hearing problems,disease_prediction,1.0,,hearing problems,
virya system,general_info,1.0,,,virya
controlling motion sickness,disease_prediction,1.0,,motion sickness,
understand saptadhatu,general_info,1.0,,,saptadhatu
natural cure for allergies,disease_prediction,1.0,,allergies,
wellness system,general_info,1.0,,,wellness
what can dhanwantaram gutika treat,herb_benefits,1.0,dhanwantaram gutika,,
marichyadi vati benefits,herb_benefits,1.0,marichyadi vati,,
harmony wisdom,general_info,1.0,,,harmony
severe fatigue,disease_prediction,1.0,,fatigue,
managing ear pain,disease_prediction,1.0,,ear pain,
gunas principles,general_info,1.0,,,gunas
benefits and applications of eranda taila,herb_benefits,1.0,eranda taila,,
severe runny nose,disease_prediction,1.0,,runny nose,
significance of virya,general_info,1.0,,,virya
sudarshan churna healing properties,herb_benefits,1.0,sudarshan churna,,
examining malas,general_info,1.0,,,malas
herbal medicine science,general_info,1.0,,,herbal medicine
information about nasya,general_info,1.0,,,nasya
cure for nausea,disease_prediction,1.0,,nausea,
severe vertigo,disease_prediction,1.0,,vertigo,
define agni,general_info,1.0,,,agni
meditation explained,general_info,1.0,,,meditation
advantages of panasa,herb_benefits,1.0,panasa,,
recurring burns,disease_prediction,1.0,,burns,
treatments for cold,disease_prediction,1.0,,cold,
what is prabhava,general_info,1.0,,,prabhava
medicine for stress,disease_prediction,1.0,,stress,
diagnosis of joint pain,disease_prediction,1.0,,joint pain,
metabolism art,general_info,1.0,,,metabolism
medicinal applications of somaraji taila,herb_benefits,1.0,somaraji taila,,
what is twak (cinnamon) good for,herb_benefits,1.0,twak (cinnamon),,
permanent cure for bruising,disease_prediction,1.0,,bruising,
jalapippali for natural treatment,herb_benefits,1.0,jalapippali,,
best medicine for dandruff,disease_prediction,1.0,,dandruff,
best medicine for hearing problems,disease_prediction,1.0,,hearing problems,
health properties of karnikara,herb_benefits,1.0,karnikara,,
health advantages of ambasthaki,herb_benefits,1.0,ambasthaki,,
ghrita for health,herb_benefits,1.0,ghrita,,
investigating pitta,general_info,1.0,,,pitta
controlling heartburn,disease_prediction,1.0,,heartburn,
tell me about hapusa,herb_benefits,1.0,hapusa,,
traditional cure for hearing problems,disease_prediction,1.0,,hearing problems,
agni art,general_info,1.0,,,agni
healthy lifestyle tradition,general_info,1.0,,,healthy lifestyle
natural benefits of riddhi,herb_benefits,1.0,riddhi,,
tala for health improvement,herb_benefits,1.0,tala,,
medicinal value of vasa,herb_benefits,1.0,vasa,,
what can vasa avaleha treat,herb_benefits,1.0,vasa avaleha,,
diagnosis of irregular periods,disease_prediction,1.0,,irregular periods,
agni viewpoint,general_info,1.0,,,agni
ancient uses of aparajita,herb_benefits,1.0,aparajita,,
persistent night sweats,disease_prediction,1.0,,night sweats,
medicinal properties of punarnava,herb_benefits,1.0,punarnava,,
want to know about digestion,general_info,1.0,,,digestion
why use shigru patra,herb_benefits,1.0,shigru patra,,
how does healthy lifestyle work,general_info,1.0,,,healthy lifestyle
pranayama system,general_info,1.0,,,pranayama
discovering herbal medicine,general_info,1.0,,,herbal medicine
prabhava principles,general_info,1.0,,,prabhava
mild abdominal pain,disease_prediction,1.0,,abdominal pain,
medicinal properties of guloochyadi kashayam,herb_benefits,1.0,guloochyadi kashayam,,
basics of traditional medicine,general_info,1.0,,,traditional medicine
origin of metabolism,general_info,1.0,,,metabolism
information about herbal medicine,general_info,1.0,,,herbal medicine
principles of panchamahabhutas,general_info,1.0,,,panchamahabhutas
why use shigru patra,herb_benefits,1.0,shigru patra,,
kusha medicinal uses,herb_benefits,1.0,kusha,,
nutrition concepts,general_info,1.0,,,nutrition
information about kshirabala 101 avarti,herb_benefits,1.0,kshirabala 101 avarti,,
constitution wisdom,general_info,1.0,,,constitution
overview of pranayama,general_info,1.0,,,pranayama
overcoming cramps,disease_prediction,1.0,,cramps,
mild constipation,disease_prediction,1.0,,constipation,
investigating vikriti,general_info,1.0,,,vikriti
define prana,general_info,1.0,,,prana
what causes blurred vision,disease_prediction,1.0,,blurred vision,
discovering mind-body connection,general_info,1.0,,,mind-body connection
herbal medicine for runny nose,disease_prediction,1.0,,runny nose,
gunas practice,general_info,1.0,,,gunas
explain holistic health,general_info,1.0,,,holistic health
what is hijal good for,herb_benefits,1.0,hijal,,
medicinal value of vasa,herb_benefits,1.0,vasa,,
overcoming cramps,disease_prediction,1.0,,cramps,
researching detoxification,general_info,1.0,,,detoxification
chavya therapeutic benefits,herb_benefits,1.0,chavya,,
information about harmony,general_info,1.0,,,harmony
I'm suffering from night sweats,disease_prediction,1.0,,night sweats,
basics of meditation,general_info,1.0,,,meditation
dadrughna in herbal medicine,herb_benefits,1.0,dadrughna,,
diagnosis of chest pain,disease_prediction,1.0,,chest pain,
principles of natural healing,general_info,1.0,,,natural healing
ancient uses of koshataki,herb_benefits,1.0,koshataki,,
svalpa khadiradi vati effects,herb_benefits,1.0,svalpa khadiradi vati,,
panchakarma knowledge,general_info,1.0,,,panchakarma
origin of dosha,general_info,1.0,,,dosha
how to use masha,herb_benefits,1.0,masha,,
alternative medicine for brain fog,disease_prediction,1.0,,brain fog,
understand metabolism,general_info,1.0,,,metabolism
malas approach,general_info,1.0,,,malas
dosha approach,general_info,1.0,,,dosha
how to use srikhandasava,herb_benefits,1.0,srikhandasava,,
understanding ayurveda,general_info,1.0,,,ayurveda
therapeutic effects of shalparni,herb_benefits,1.0,shalparni,,
therapeutic effects of mishreya,herb_benefits,1.0,mishreya,,
basics of srotas,general_info,1.0,,,srotas
what does himasagara thailam do,herb_benefits,1.0,himasagara thailam,,
svalpa khadiradi vati for health,herb_benefits,1.0,svalpa khadiradi vati,,
constitution perspective,general_info,1.0,,,constitution
health benefits of kanchanara guggulu,herb_benefits,1.0,kanchanara guggulu,,
vidanga in traditional medicine,herb_benefits,1.0,vidanga,,
alternative medicine for acidity,disease_prediction,1.0,,acidity,
chandrashura benefits,herb_benefits,1.0,chandrashura,,
herbal medicine for swelling,disease_prediction,1.0,,swelling,
health benefits of dadimashtaka churna,herb_benefits,1.0,dadimashtaka churna,,
quick relief from brain fog,disease_prediction,1.0,,brain fog,
mukta pishti for wellness,herb_benefits,1.0,mukta pishti,,
permanent cures for motion sickness,disease_prediction,1.0,,motion sickness,
relief from back pain,disease_prediction,1.0,,back pain,
how does temperament work,general_info,1.0,,,temperament
controlling depression,disease_prediction,1.0,,depression,
what causes sleep apnea,disease_prediction,1.0,,sleep apnea,
treatment for brain fog,disease_prediction,1.0,,brain fog,
therapeutic value of drakshadi kwath,herb_benefits,1.0,drakshadi kwath,,
overcoming mood swings,disease_prediction,1.0,,mood swings,
therapeutic effects of mishreya,herb_benefits,1.0,mishreya,,
history of panchakarma,general_info,1.0,,,panchakarma
mild allergies,disease_prediction,1.0,,allergies,
trimala understanding,general_info,1.0,,,trimala
overcoming gas,disease_prediction,1.0,,gas,
cinnamon for natural treatment,herb_benefits,1.0,cinnamon,,
help with vertigo,disease_prediction,1.0,,vertigo,
digestion understanding,general_info,1.0,,,digestion
why use vidaryadi kashayam,herb_benefits,1.0,vidaryadi kashayam,,
history of panchakarma,general_info,1.0,,,panchakarma
tell me about patala,herb_benefits,1.0,patala,,
what does ushtra dugdha do,herb_benefits,1.0,ushtra dugdha,,
tejas explained,general_info,1.0,,,tejas
persistent asthma,disease_prediction,1.0,,asthma,
role of traditional medicine,general_info,1.0,,,traditional medicine
persistent sleep apnea,disease_prediction,1.0,,sleep apnea,
how to treat sleep disorders,disease_prediction,1.0,,sleep disorders,
learning nutrition,general_info,1.0,,,nutrition
what is agni,general_info,1.0,,,agni
overcoming anxiety,disease_prediction,1.0,,anxiety,
how to treat morning sickness,disease_prediction,1.0,,morning sickness,
severe dandruff,disease_prediction,1.0,,dandruff,
herbal properties of prativisha,herb_benefits,1.0,prativisha,,
what makes gorochana beneficial,herb_benefits,1.0,gorochana,,
persistent night sweats,disease_prediction,1.0,,night sweats,
importance of harmony,general_info,1.0,,,harmony
overcoming mood swings,disease_prediction,1.0,,mood swings,
agni practice,general_info,1.0,,,agni
tejas philosophy,general_info,1.0,,,tejas
natural treatment for muscle pain,disease_prediction,1.0,,muscle pain,
treatment for cold,disease_prediction,1.0,,cold,
medicinal applications of kutaj,herb_benefits,1.0,kutaj,,
healthy lifestyle system,general_info,1.0,,,healthy lifestyle
sneezing symptoms,disease_prediction,1.0,,sneezing,
persistent diarrhea,disease_prediction,1.0,,diarrhea,
discovering malas,general_info,1.0,,,malas
quick relief from cramps,disease_prediction,1.0,,cramps,
severe eczema,disease_prediction,1.0,,eczema,
non-toxic remedy for nausea,disease_prediction,1.0,,nausea,
kanmad bhasma nutritional benefits,herb_benefits,1.0,kanmad bhasma,,
blurred vision symptoms,disease_prediction,1.0,,blurred vision,
significance of panchamahabhutas,general_info,1.0,,,panchamahabhutas
overview of pitta,general_info,1.0,,,pitta
alternative medicine for heartburn,disease_prediction,1.0,,heartburn,
tell me about agnitundi vati,herb_benefits,1.0,agnitundi vati,,
philosophy of tridosha,general_info,1.0,,,tridosha
importance of mind-body connection,general_info,1.0,,,mind-body connection
simhanada guggulu healing properties,herb_benefits,1.0,simhanada guggulu,,
I feel depression,disease_prediction,1.0,,depression,
arjuna twak in herbal medicine,herb_benefits,1.0,arjuna twak,,
learning circulation,general_info,1.0,,,circulation
help with depression,disease_prediction,1.0,,depression,
help with memory problems,disease_prediction,1.0,,memory problems,
cough cure,disease_prediction,1.0,,cough,
advantages of dhataki,herb_benefits,1.0,dhataki,,
balarishta natural medicine,herb_benefits,1.0,balarishta,,
vikriti art,general_info,1.0,,,vikriti
kumud for natural healing,herb_benefits,1.0,kumud,,
natural cure for allergies,disease_prediction,1.0,,allergies,
constant fever,disease_prediction,1.0,,fever,
therapeutic value of sala,herb_benefits,1.0,sala,,
circulation perspective,general_info,1.0,,,circulation
shuddha guggulu effects,herb_benefits,1.0,shuddha guggulu,,
what are the benefits of plaksha,herb_benefits,1.0,plaksha,,
swelling cure,disease_prediction,1.0,,swelling,
suryavarta benefits,herb_benefits,1.0,suryavarta,,
fundamentals of metabolism,general_info,1.0,,,metabolism
ayurvedic advantages of saptaparna,herb_benefits,1.0,saptaparna,,
swelling cure,disease_prediction,1.0,,swelling,
herbal properties of kamala kesara,herb_benefits,1.0,kamala kesara,,
immunity tradition,general_info,1.0,,,immunity
chronic wounds,disease_prediction,1.0,,wounds,
permanent cure for concentration issues,disease_prediction,1.0,,concentration issues,
virechana wisdom,general_info,1.0,,,virechana
therapeutic value of kovidara,herb_benefits,1.0,kovidara,,
burning sensation cure,disease_prediction,1.0,,burning sensation,
researching wellness,general_info,1.0,,,wellness
mahalakshmi vilas rasa for holistic health,herb_benefits,1.0,mahalakshmi vilas rasa,,
therapeutic value of kataka,herb_benefits,1.0,kataka,,
somaraji taila nutritional benefits,herb_benefits,1.0,somaraji taila,,
I'm experiencing heartburn,disease_prediction,1.0,,heartburn,
role of healthy lifestyle,general_info,1.0,,,healthy lifestyle
home remedy for nausea,disease_prediction,1.0,,nausea,
tejas practice,general_info,1.0,,,tejas
learn about preventive medicine,general_info,1.0,,,preventive medicine
treatment for wounds,disease_prediction,1.0,,wounds,
kakajangha medicinal uses,herb_benefits,1.0,kakajangha,,
managing depression,disease_prediction,1.0,,depression,
ayurvedic benefits of utpala,herb_benefits,1.0,utpala,,
shirodhara theory,general_info,1.0,,,shirodhara
mild gas,disease_prediction,1.0,,gas,
herbal medicine for runny nose,disease_prediction,1.0,,runny nose,
shothari loha healing properties,herb_benefits,1.0,shothari loha,,
eranda patra for health,herb_benefits,1.0,eranda patra,,
how does vikriti work,general_info,1.0,,,vikriti
how to treat muscle pain,disease_prediction,1.0,,muscle pain,
eladi vati natural medicine,herb_benefits,1.0,eladi vati,,
treatments for constipation,disease_prediction,1.0,,constipation,
remedy for nausea,disease_prediction,1.0,,nausea,
recurring sore throat,disease_prediction,1.0,,sore throat,
prana art,general_info,1.0,,,prana
healing power of krimi kuthar rasa,herb_benefits,1.0,krimi kuthar rasa,,
applications of priyangu,herb_benefits,1.0,priyangu,,
allergies treatment,disease_prediction,1.0,,allergies,
shara medicinal uses,herb_benefits,1.0,shara,,
holistic health practice,general_info,1.0,,,holistic health
body type system,general_info,1.0,,,body type
what are the principles of shadrasas,general_info,1.0,,,shadrasas
quick relief from anxiety,disease_prediction,1.0,,anxiety,
exploring yoga,general_info,1.0,,,yoga
sinusitis symptoms,disease_prediction,1.0,,sinusitis,
persistent fever,disease_prediction,1.0,,fever,
define kapha,general_info,1.0,,,kapha
best medicine for stomach ache,disease_prediction,1.0,,stomach ache,
what makes krimighna vati beneficial,herb_benefits,1.0,krimighna vati,,
herbal medicine for swelling,disease_prediction,1.0,,swelling,
non-toxic remedy for nausea,disease_prediction,1.0,,nausea,
andrographis effects,herb_benefits,1.0,andrographis,,
panchakarma basics,general_info,1.0,,,panchakarma
agnijara for natural healing,herb_benefits,1.0,agnijara,,
therapeutic effects of laksha,herb_benefits,1.0,laksha,,
properties of phalatrikadi kwath,herb_benefits,1.0,phalatrikadi kwath,,
role of prabhava,general_info,1.0,,,prabhava
gorakhmundi natural medicine,herb_benefits,1.0,gorakhmundi,,
intermittent wounds,disease_prediction,1.0,,wounds,
vikriti theory,general_info,1.0,,,vikriti
understand natural healing,general_info,1.0,,,natural healing
fundamentals of body type,general_info,1.0,,,body type
persistent migraine,disease_prediction,1.0,,migraine,
can you explain holistic health,general_info,1.0,,,holistic health
symptoms of gastritis,disease_prediction,1.0,,gastritis,
permanent cure for stomach ache,disease_prediction,1.0,,stomach ache,
sudden sleep apnea,disease_prediction,1.0,,sleep apnea,
non-toxic remedy for muscle pain,disease_prediction,1.0,,muscle pain,
brahmi vati nutritional benefits,herb_benefits,1.0,brahmi vati,,
healing stomach ache,disease_prediction,1.0,,stomach ache,
trimala methodology,general_info,1.0,,,trimala
holistic treatment for ear pain,disease_prediction,1.0,,ear pain,
ayurvedic treatment for nausea,disease_prediction,1.0,,nausea,
uses of arka,herb_benefits,1.0,arka,,
medicinal value of sarpaksi,herb_benefits,1.0,sarpaksi,,
preventing fever,disease_prediction,1.0,,fever,
history of virya,general_info,1.0,,,virya
kakamachi in traditional medicine,herb_benefits,1.0,kakamachi,,
jivanti health effects,herb_benefits,1.0,jivanti,,
herbal properties of nimba beeja,herb_benefits,1.0,nimba beeja,,
role of healthy lifestyle,general_info,1.0,,,healthy lifestyle
giloy satva benefits,herb_benefits,1.0,giloy satva,,
kushmanda khanda properties,herb_benefits,1.0,kushmanda khanda,,
help with low energy,disease_prediction,1.0,,low energy,
natural treatment for acidity,disease_prediction,1.0,,acidity,
how does kasheruka help,herb_benefits,1.0,kasheruka,,
tingling cure,disease_prediction,1.0,,tingling,
dosha concepts,general_info,1.0,,,dosha
studying alternative medicine,general_info,1.0,,,alternative medicine
traditional cure for tingling,disease_prediction,1.0,,tingling,
sudden hair loss,disease_prediction,1.0,,hair loss,
tell me about natural healing,general_info,1.0,,,natural healing
benefits and uses of aparajita,herb_benefits,1.0,aparajita,,
shadrasas knowledge,general_info,1.0,,,shadrasas
detoxification viewpoint,general_info,1.0,,,detoxification
ancient uses of bakuchi,herb_benefits,1.0,bakuchi,,
explain prana,general_info,1.0,,,prana
mild constipation,disease_prediction,1.0,,constipation,
tell me about dosha,general_info,1.0,,,dosha
managing spasms,disease_prediction,1.0,,spasms,
abhyanga science,general_info,1.0,,,abhyanga
ancient uses of jeerakarishtam,herb_benefits,1.0,jeerakarishtam,,
what are the principles of meditation,general_info,1.0,,,meditation
introduction to holistic health,general_info,1.0,,,holistic health
learn about body type,general_info,1.0,,,body type
therapeutic applications of nagadanti,herb_benefits,1.0,nagadanti,,
natural cures for insomnia,disease_prediction,1.0,,insomnia,
investigating tejas,general_info,1.0,,,tejas
severe tingling,disease_prediction,1.0,,tingling,
therapeutic applications of madhu,herb_benefits,1.0,madhu,,
healthy lifestyle tradition,general_info,1.0,,,healthy lifestyle
holistic treatment for motion sickness,disease_prediction,1.0,,motion sickness,
help with acne,disease_prediction,1.0,,acne,
persistent migraine,disease_prediction,1.0,,migraine,
best medicine for wounds,disease_prediction,1.0,,wounds,
what makes haridra beneficial,herb_benefits,1.0,haridra,,
medicinal value of sarpaksi,herb_benefits,1.0,sarpaksi,,
examining healthy lifestyle,general_info,1.0,,,healthy lifestyle
I'm experiencing acne,disease_prediction,1.0,,acne,
lata kasturi properties,herb_benefits,1.0,lata kasturi,,
safe treatment for sleep apnea,disease_prediction,1.0,,sleep apnea,
overview of tridosha,general_info,1.0,,,tridosha
treatment for heartburn,disease_prediction,1.0,,heartburn,
healing psoriasis,disease_prediction,1.0,,psoriasis,
triphala guggulu in herbal medicine,herb_benefits,1.0,triphala guggulu,,
holistic treatment for tingling,disease_prediction,1.0,,tingling,
herbal medicine theory,general_info,1.0,,,herbal medicine
reducing joint pain,disease_prediction,1.0,,joint pain,
detoxification philosophy,general_info,1.0,,,detoxification
nirgundi taila wellness benefits,herb_benefits,1.0,nirgundi taila,,
ojas explained,general_info,1.0,,,ojas
how does panchakarma work,general_info,1.0,,,panchakarma
shirodhara approach,general_info,1.0,,,shirodhara
constant abdominal pain,disease_prediction,1.0,,abdominal pain,
relief from runny nose,disease_prediction,1.0,,runny nose,
temperament practice,general_info,1.0,,,temperament
medicine for snoring,disease_prediction,1.0,,snoring,
basics of kapha,general_info,1.0,,,kapha
pippali moola therapeutic benefits,herb_benefits,1.0,pippali moola,,
runny nose symptoms,disease_prediction,1.0,,runny nose,
kembuka remedy uses,herb_benefits,1.0,kembuka,,
therapeutic effects of gangadhara churna,herb_benefits,1.0,gangadhara churna,,
virechana understanding,general_info,1.0,,,virechana
I have strains,disease_prediction,1.0,,strains,
recovering from blurred vision,disease_prediction,1.0,,blurred vision,
mild abdominal pain,disease_prediction,1.0,,abdominal pain,
what makes krimighna vati beneficial,herb_benefits,1.0,krimighna vati,,
discovering natural healing,general_info,1.0,,,natural healing
burning sensation cure,disease_prediction,1.0,,burning sensation,
therapeutic applications of vriddhi,herb_benefits,1.0,vriddhi,,
I'm suffering from gastritis,disease_prediction,1.0,,gastritis,
therapeutic value of amlaparni,herb_benefits,1.0,amlaparni,,
philosophy of pitta,general_info,1.0,,,pitta
healing low energy,disease_prediction,1.0,,low energy,
introduction to panchamahabhutas,general_info,1.0,,,panchamahabhutas
define digestion,general_info,1.0,,,digestion
why use vidaryadi kashayam,herb_benefits,1.0,vidaryadi kashayam,,
managing chest pain,disease_prediction,1.0,,chest pain,
discovering herbal medicine,general_info,1.0,,,herbal medicine
kalamba in herbal medicine,herb_benefits,1.0,kalamba,,
information about wellness,general_info,1.0,,,wellness
therapeutic effects of ajmoda,herb_benefits,1.0,ajmoda,,
digestion understanding,general_info,1.0,,,digestion
herbal properties of tila taila,herb_benefits,1.0,tila taila,,
intermittent wounds,disease_prediction,1.0,,wounds,
understanding body type,general_info,1.0,,,body type
mild menstrual cramps,disease_prediction,1.0,,menstrual cramps,
what makes ahiphena beneficial,herb_benefits,1.0,ahiphena,,
ancient uses of bakuchi,herb_benefits,1.0,bakuchi,,
how can sarivadyasava help,herb_benefits,1.0,sarivadyasava,,
severe eczema,disease_prediction,1.0,,eczema,
health benefits of chitrakaharitaki,herb_benefits,1.0,chitrakaharitaki,,
treatment for morning sickness,disease_prediction,1.0,,morning sickness,
discovering alternative medicine,general_info,1.0,,,alternative medicine
herbal medicine for ear pain,disease_prediction,1.0,,ear pain,
tell me about temperament,general_info,1.0,,,temperament
herbal properties of rajapravartini vati,herb_benefits,1.0,rajapravartini vati,,
herbal properties of prativisha,herb_benefits,1.0,prativisha,,
why use panchakola churna,herb_benefits,1.0,panchakola churna,,
surana for wellness,herb_benefits,1.0,surana,,
how does tridosha work,general_info,1.0,,,tridosha
tell me about manikya pishti,herb_benefits,1.0,manikya pishti,,
overcoming sleep apnea,disease_prediction,1.0,,sleep apnea,
balance methodology,general_info,1.0,,,balance
chronic mood swings,disease_prediction,1.0,,mood swings,
define tejas,general_info,1.0,,,tejas
utpala for wellness,herb_benefits,1.0,utpala,,
what makes vasa avaleha beneficial,herb_benefits,1.0,vasa avaleha,,
nutrition basics,general_info,1.0,,,nutrition
utpala medicinal uses,herb_benefits,1.0,utpala,,
relief from motion sickness,disease_prediction,1.0,,motion sickness,
what're the benefits of plaksha,herb_benefits,1.0,plaksha,,
medicinal value of phala kalyana ghrita,herb_benefits,1.0,phala kalyana ghrita,,
medicinal value of sarpaksi,herb_benefits,1.0,sarpaksi,,
digestion basics,general_info,1.0,,,digestion
constant asthma,disease_prediction,1.0,,asthma,
understand alternative medicine,general_info,1.0,,,alternative medicine
herbal medicine for burning sensation,disease_prediction,1.0,,burning sensation,
what is shigru good for,herb_benefits,1.0,shigru,,
significance of prana,general_info,1.0,,,prana
kalyanaka ghrita nutritional benefits,herb_benefits,1.0,kalyanaka ghrita,,
sudarshan churna in traditional medicine,herb_benefits,1.0,sudarshan churna,,
healing swelling,disease_prediction,1.0,,swelling,
danti uses,herb_benefits,1.0,danti,,
lakshadi thailam wellness benefits,herb_benefits,1.0,lakshadi thailam,,
detoxification viewpoint,general_info,1.0,,,detoxification
gunas tradition,general_info,1.0,,,gunas
history of natural healing,general_info,1.0,,,natural healing
properties of shvet musli,herb_benefits,1.0,shvet musli,,
shuddha guggulu effects,herb_benefits,1.0,shuddha guggulu,,
what makes gorochana beneficial,herb_benefits,1.0,gorochana,,
examining trimala,general_info,1.0,,,trimala
I have chronic fatigue,disease_prediction,1.0,,chronic fatigue,
skin rash symptoms,disease_prediction,1.0,,skin rash,
advantages of arogyavardhini vati,herb_benefits,1.0,arogyavardhini vati,,
healing sprains,disease_prediction,1.0,,sprains,
yoga understanding,general_info,1.0,,,yoga
guide to panchakarma,general_info,1.0,,,panchakarma
natural benefits of jatyadi taila,herb_benefits,1.0,jatyadi taila,,
dhamargava natural medicine,herb_benefits,1.0,dhamargava,,
relief from snoring,disease_prediction,1.0,,snoring,
non-toxic remedy for wounds,disease_prediction,1.0,,wounds,
kakajangha in herbal medicine,herb_benefits,1.0,kakajangha,,
ayurvedic advantages of souvarchala lavana,herb_benefits,1.0,souvarchala lavana,,
mandukparni in traditional medicine,herb_benefits,1.0,mandukparni,,
best medicine for diabetes,disease_prediction,1.0,,diabetes,
chronic stomach ache,disease_prediction,1.0,,stomach ache,
controlling concentration issues,disease_prediction,1.0,,concentration issues,
preventing burns,disease_prediction,1.0,,burns,
treatments for muscle pain,disease_prediction,1.0,,muscle pain,
define basti,general_info,1.0,,,basti
energy science,general_info,1.0,,,energy
mamsarohini for holistic health,herb_benefits,1.0,mamsarohini,,
surana for natural treatment,herb_benefits,1.0,surana,,
tintidika for health improvement,herb_benefits,1.0,tintidika,,
understand prabhava,general_info,1.0,,,prabhava
treatment for insomnia,disease_prediction,1.0,,insomnia,
permanent cure for psoriasis,disease_prediction,1.0,,psoriasis,
natural treatment for bruising,disease_prediction,1.0,,bruising,
importance of pitta,general_info,1.0,,,pitta
tridosha theory,general_info,1.0,,,tridosha
prabhava principles,general_info,1.0,,,prabhava
gojihva effects,herb_benefits,1.0,gojihva,,
herbal properties of gangeruki,herb_benefits,1.0,gangeruki,,
preventing bloating,disease_prediction,1.0,,bloating,
fundamentals of prabhava,general_info,1.0,,,prabhava
swarnapatri for health improvement,herb_benefits,1.0,swarnapatri,,
malas practice,general_info,1.0,,,malas
philosophy of balance,general_info,1.0,,,balance
discovering circulation,general_info,1.0,,,circulation
recurring constipation,disease_prediction,1.0,,constipation,
shadrasas explained,general_info,1.0,,,shadrasas
what causes blurred vision,disease_prediction,1.0,,blurred vision,
intermittent cold,disease_prediction,1.0,,cold,
cure for inflammation,disease_prediction,1.0,,inflammation,
health benefits of mahishi dugdha,herb_benefits,1.0,mahishi dugdha,,
holistic treatment for joint pain,disease_prediction,1.0,,joint pain,
upodika for health improvement,herb_benefits,1.0,upodika,,
basics of preventive medicine,general_info,1.0,,,preventive medicine
natural benefits of neelibringadi thailam,herb_benefits,1.0,neelibringadi thailam,,
basti viewpoint,general_info,1.0,,,basti
medicine for snoring,disease_prediction,1.0,,snoring,
vikriti art,general_info,1.0,,,vikriti
relief from diabetes,disease_prediction,1.0,,diabetes,
discovering vata,general_info,1.0,,,vata
uses of svalpa khadiradi vati,herb_benefits,1.0,svalpa khadiradi vati,,
mahanimba nutritional benefits,herb_benefits,1.0,mahanimba,,
gairika in traditional medicine,herb_benefits,1.0,gairika,,
healing wounds,disease_prediction,1.0,,wounds,
preventing low energy,disease_prediction,1.0,,low energy,
balance concepts,general_info,1.0,,,balance
relief from dry skin,disease_prediction,1.0,,dry skin,
bhadra healing properties,herb_benefits,1.0,bhadra,,
vyaghri haritaki for wellness,herb_benefits,1.0,vyaghri haritaki,,
how to use srikhandasava,herb_benefits,1.0,srikhandasava,,
natural benefits of upodika,herb_benefits,1.0,upodika,,
understanding meditation,general_info,1.0,,,meditation
medicinal properties of punarnava,herb_benefits,1.0,punarnava,,
uses of ocimum,herb_benefits,1.0,ocimum,,
quick relief from diarrhea,disease_prediction,1.0,,diarrhea,
what's twak (cinnamon) good for,herb_benefits,1.0,twak (cinnamon),,
constant fever,disease_prediction,1.0,,fever,
cure for hot flashes,disease_prediction,1.0,,hot flashes,
lakshadi thailam wellness benefits,herb_benefits,1.0,lakshadi thailam,,
dealing with allergies,disease_prediction,1.0,,allergies,
fundamentals of detoxification,general_info,1.0,,,detoxification
help with sprains,disease_prediction,1.0,,sprains,
how does vata work,general_info,1.0,,,vata
sudden psoriasis,disease_prediction,1.0,,psoriasis,
ama understanding,general_info,1.0,,,ama
intermittent acidity,disease_prediction,1.0,,acidity,
benefits and uses of azadirachta,herb_benefits,1.0,azadirachta,,
kapikachhu for health improvement,herb_benefits,1.0,kapikachhu,,
herbal properties of nimba beeja,herb_benefits,1.0,nimba beeja,,
karpasa moola nutritional benefits,herb_benefits,1.0,karpasa moola,,
preventing inflammation,disease_prediction,1.0,,inflammation,
why is vamsha healthy,herb_benefits,1.0,vamsha,,
herbal medicine for cold,disease_prediction,1.0,,cold,
philosophy of kapha,general_info,1.0,,,kapha
agni viewpoint,general_info,1.0,,,agni
help with sprains,disease_prediction,1.0,,sprains,
origin of ayurveda,general_info,1.0,,,ayurveda
karvellaka for health improvement,herb_benefits,1.0,karvellaka,,
what does shukti bhasma do,herb_benefits,1.0,shukti bhasma,,
origin of metabolism,general_info,1.0,,,metabolism
relief from numbness,disease_prediction,1.0,,numbness,
introduction to panchamahabhutas,general_info,1.0,,,panchamahabhutas
fundamentals of metabolism,general_info,1.0,,,metabolism
pitta art,general_info,1.0,,,pitta
intermittent fatigue,disease_prediction,1.0,,fatigue,
history of tejas,general_info,1.0,,,tejas
having mood swings,disease_prediction,1.0,,mood swings,
immunity tradition,general_info,1.0,,,immunity
mild sleep disorders,disease_prediction,1.0,,sleep disorders,
origin of basti,general_info,1.0,,,basti
alternative medicine for sinusitis,disease_prediction,1.0,,sinusitis,
reducing blurred vision,disease_prediction,1.0,,blurred vision,
traditional uses of phala ghrita,herb_benefits,1.0,phala ghrita,,
panchamahabhutas methodology,general_info,1.0,,,panchamahabhutas
what does madhu do,herb_benefits,1.0,madhu,,
medicinal applications of rohitaka,herb_benefits,1.0,rohitaka,,
what are the benefits of kamala kesara,herb_benefits,1.0,kamala kesara,,
metabolism tradition,general_info,1.0,,,metabolism
quick relief from cramps,disease_prediction,1.0,,cramps,
why is chitraka moola healthy,herb_benefits,1.0,chitraka moola,,
safe treatment for memory problems,disease_prediction,1.0,,memory problems,
symptoms of bruising,disease_prediction,1.0,,bruising,
understand prana,general_info,1.0,,,prana
intermittent sneezing,disease_prediction,1.0,,sneezing,
natural benefits of bharangi,herb_benefits,1.0,bharangi,,
guide to healthy lifestyle,general_info,1.0,,,healthy lifestyle
ayurvedic benefits of dhanwantaram thailam,herb_benefits,1.0,dhanwantaram thailam,,
karanja taila natural medicine,herb_benefits,1.0,karanja taila,,
alternative medicine for hair loss,disease_prediction,1.0,,hair loss,
palasha properties,herb_benefits,1.0,palasha,,
examining virechana,general_info,1.0,,,virechana
I'm experiencing acne,disease_prediction,1.0,,acne,
diagnosis of depression,disease_prediction,1.0,,depression,
balarishta natural medicine,herb_benefits,1.0,balarishta,,
dizziness cure,disease_prediction,1.0,,dizziness,
malas methodology,general_info,1.0,,,malas
yavani natural medicine,herb_benefits,1.0,yavani,,
why is chitraka moola healthy,herb_benefits,1.0,chitraka moola,,
chakshushya in herbal medicine,herb_benefits,1.0,chakshushya,,
alternative medicine for nausea,disease_prediction,1.0,,nausea,
karanja taila natural medicine,herb_benefits,1.0,karanja taila,,
overview of immunity,general_info,1.0,,,immunity
herbal medicine for abdominal pain,disease_prediction,1.0,,abdominal pain,
marichyadi vati benefits,herb_benefits,1.0,marichyadi vati,,
how to use musta,herb_benefits,1.0,musta,,
persistent tingling,disease_prediction,1.0,,tingling,
ama art,general_info,1.0,,,ama
health benefits of tulsi,herb_benefits,1.0,tulsi,,
therapeutic value of kovidara,herb_benefits,1.0,kovidara,,
how to use shankha vati,herb_benefits,1.0,shankha vati,,
natural healing wisdom,general_info,1.0,,,natural healing
introduction to detoxification,general_info,1.0,,,detoxification
properties of ksheera,herb_benefits,1.0,ksheera,,
natural treatment for sinusitis,disease_prediction,1.0,,sinusitis,
karvellaka for health improvement,herb_benefits,1.0,karvellaka,,
therapeutic applications of neem,herb_benefits,1.0,neem,,
importance of gunas,general_info,1.0,,,gunas
medicinal applications of parijata,herb_benefits,1.0,parijata,,
andrographis effects,herb_benefits,1.0,andrographis,,
balarishta for holistic health,herb_benefits,1.0,balarishta,,
health properties of paribhadra,herb_benefits,1.0,paribhadra,,
trimala art,general_info,1.0,,,trimala
treatment for chronic fatigue,disease_prediction,1.0,,chronic fatigue,
explain rasa,general_info,1.0,,,rasa
reducing dry eyes,disease_prediction,1.0,,dry eyes,
nasya fundamentals,general_info,1.0,,,nasya
sudden burns,disease_prediction,1.0,,burns,
natural cure for night sweats,disease_prediction,1.0,,night sweats,
natural benefits of kasamarda,herb_benefits,1.0,kasamarda,,
therapeutic effects of swarnapatri,herb_benefits,1.0,swarnapatri,,
principles of shirodhara,general_info,1.0,,,shirodhara
what makes renuka beneficial,herb_benefits,1.0,renuka,,
introduction to abhyanga,general_info,1.0,,,abhyanga
meditation explained,general_info,1.0,,,meditation
energy science,general_info,1.0,,,energy
why is chitraka moola healthy,herb_benefits,1.0,chitraka moola,,
shirodhara philosophy,general_info,1.0,,,shirodhara
properties of madanaphala,herb_benefits,1.0,madanaphala,,
what can ginger treat,herb_benefits,1.0,ginger,,
medicinal applications of manibhadra guda,herb_benefits,1.0,manibhadra guda,,
pattanga health effects,herb_benefits,1.0,pattanga,,
benefits of metabolism,general_info,1.0,,,metabolism
applications of laksha,herb_benefits,1.0,laksha,,
studying srotas,general_info,1.0,,,srotas
sudarshan churna uses,herb_benefits,1.0,sudarshan churna,,
managing bruising,disease_prediction,1.0,,bruising,
intermittent oily skin,disease_prediction,1.0,,oily skin,
significance of virya,general_info,1.0,,,virya
circulation philosophy,general_info,1.0,,,circulation
mind-body connection viewpoint,general_info,1.0,,,mind-body connection
principles of vikriti,general_info,1.0,,,vikriti
what does mudgaparni do,herb_benefits,1.0,mudgaparni,,
philosophy of alternative medicine,general_info,1.0,,,alternative medicine
intermittent numbness,disease_prediction,1.0,,numbness,
explain cleansing,general_info,1.0,,,cleansing
permanent cure for sleep apnea,disease_prediction,1.0,,sleep apnea,
what makes changeri ghrita beneficial,herb_benefits,1.0,changeri ghrita,,
how does kapha work,general_info,1.0,,,kapha
natural cure for snoring,disease_prediction,1.0,,snoring,
I'm suffering from night sweats,disease_prediction,1.0,,night sweats,
immunity wisdom,general_info,1.0,,,immunity
how does herbal medicine work,general_info,1.0,,,herbal medicine
importance of gunas,general_info,1.0,,,gunas
what can dhanwantaram gutika treat,herb_benefits,1.0,dhanwantaram gutika,,
ayurvedic treatments for nausea,disease_prediction,1.0,,nausea,
ginger for wellness,herb_benefits,1.0,ginger,,
managing spasms,disease_prediction,1.0,,spasms,
vikriti approach,general_info,1.0,,,vikriti
badama taila in herbal medicine,herb_benefits,1.0,badama taila,,
diagnosis of hair loss,disease_prediction,1.0,,hair loss,
saptadhatu understanding,general_info,1.0,,,saptadhatu
therapeutic value of karpura (camphor),herb_benefits,1.0,karpura (camphor),,
therapeutic effects of laksha,herb_benefits,1.0,laksha,,
I feel hot flashes,disease_prediction,1.0,,hot flashes,
hot flashes symptoms,disease_prediction,1.0,,hot flashes,
controlling memory problems,disease_prediction,1.0,,memory problems,
examining traditional medicine,general_info,1.0,,,traditional medicine
tell me about haridra,herb_benefits,1.0,haridra,,
natural cure for allergies,disease_prediction,1.0,,allergies,
I feel oily skin,disease_prediction,1.0,,oily skin,
sarpaksi for holistic health,herb_benefits,1.0,sarpaksi,,
intermittent sneezing,disease_prediction,1.0,,sneezing,
saptadhatu viewpoint,general_info,1.0,,,saptadhatu
natural cure for insomnia,disease_prediction,1.0,,insomnia,
applications of suranjana,herb_benefits,1.0,suranjana,,
understanding body type,general_info,1.0,,,body type
examining alternative medicine,general_info,1.0,,,alternative medicine
how does kalyanaka ghrita help,herb_benefits,1.0,kalyanaka ghrita,,
studying prabhava,general_info,1.0,,,prabhava
healing power of karavira,herb_benefits,1.0,karavira,,
researching meditation,general_info,1.0,,,meditation
importance of tejas,general_info,1.0,,,tejas
preventing cough,disease_prediction,1.0,,cough,
alleviating chronic fatigue,disease_prediction,1.0,,chronic fatigue,
ketaki natural medicine,herb_benefits,1.0,ketaki,,
healthy lifestyle tradition,general_info,1.0,,,healthy lifestyle
non-toxic remedy for dandruff,disease_prediction,1.0,,dandruff,
recurring strains,disease_prediction,1.0,,strains,
medicinal effects of bijapura,herb_benefits,1.0,bijapura,,
alleviating night sweats,disease_prediction,1.0,,night sweats,
information about nasya,general_info,1.0,,,nasya
significance of preventive medicine,general_info,1.0,,,preventive medicine
pranayama science,general_info,1.0,,,pranayama
virya philosophy,general_info,1.0,,,virya
abhyanga science,general_info,1.0,,,abhyanga
vajra bhasma for natural treatment,herb_benefits,1.0,vajra bhasma,,
nimba beeja natural medicine,herb_benefits,1.0,nimba beeja,,
tell me about akika pishti,herb_benefits,1.0,akika pishti,,
ardraka svarasa for natural treatment,herb_benefits,1.0,ardraka svarasa,,
therapeutic value of vyoshadi vati,herb_benefits,1.0,vyoshadi vati,,
dosha concepts,general_info,1.0,,,dosha
advantages of eranda patra,herb_benefits,1.0,eranda patra,,
information about shirodhara,general_info,1.0,,,shirodhara
quick relief from indigestion,disease_prediction,1.0,,indigestion,
vrihi for natural healing,herb_benefits,1.0,vrihi,,
I'm experiencing snoring,disease_prediction,1.0,,snoring,
natural healing basics,general_info,1.0,,,natural healing
applications of nimba taila,herb_benefits,1.0,nimba taila,,
preventive medicine perspective,general_info,1.0,,,preventive medicine
tell me about kumkumadi thailam,herb_benefits,1.0,kumkumadi thailam,,
what causes dry skin,disease_prediction,1.0,,dry skin,
ayurvedic treatment for eczema,disease_prediction,1.0,,eczema,
quick relief from indigestion,disease_prediction,1.0,,indigestion,
constipation cure,disease_prediction,1.0,,constipation,
palandu natural medicine,herb_benefits,1.0,palandu,,
wellness tradition,general_info,1.0,,,wellness
alleviating eye strain,disease_prediction,1.0,,eye strain,
what is patolamuladi kwath good for,herb_benefits,1.0,patolamuladi kwath,,
reducing spasms,disease_prediction,1.0,,spasms,
medicine for allergies,disease_prediction,1.0,,allergies,
diagnosis of inflammation,disease_prediction,1.0,,inflammation,
help with motion sickness,disease_prediction,1.0,,motion sickness,
I'm experiencing fatigue,disease_prediction,1.0,,fatigue,
tell me about detoxification,general_info,1.0,,,detoxification
health properties of manjisthadi kwath,herb_benefits,1.0,manjisthadi kwath,,
managing sprains,disease_prediction,1.0,,sprains,
significance of panchamahabhutas,general_info,1.0,,,panchamahabhutas
aja dugdha medicinal uses,herb_benefits,1.0,aja dugdha,,
pattanga health effects,herb_benefits,1.0,pattanga,,
home remedy for irregular periods,disease_prediction,1.0,,irregular periods,
dhatus approach,general_info,1.0,,,dhatus
I'm experiencing migraine,disease_prediction,1.0,,migraine,
preventive medicine practice,general_info,1.0,,,preventive medicine
traditional cure for allergies,disease_prediction,1.0,,allergies,
significance of meditation,general_info,1.0,,,meditation
discovering natural healing,general_info,1.0,,,natural healing
vata tradition,general_info,1.0,,,vata
tell me about hapusa,herb_benefits,1.0,hapusa,,
what makes haridra beneficial,herb_benefits,1.0,haridra,,
preventing memory problems,disease_prediction,1.0,,memory problems,
origin of srotas,general_info,1.0,,,srotas
wellness science,general_info,1.0,,,wellness
medicinal value of kanmad bhasma,herb_benefits,1.0,kanmad bhasma,,
advantages of ela,herb_benefits,1.0,ela,,
I have weakness,disease_prediction,1.0,,weakness,
exploring rasa,general_info,1.0,,,rasa
rasa explained,general_info,1.0,,,rasa
learning wellness,general_info,1.0,,,wellness
traditional uses of gymnema,herb_benefits,1.0,gymnema,,
patola patra nutritional benefits,herb_benefits,1.0,patola patra,,
uses of chakragaja,herb_benefits,1.0,chakragaja,,
alternative medicine for restless legs,disease_prediction,1.0,,restless legs,
alternative medicine for acne,disease_prediction,1.0,,acne,
balance concepts,general_info,1.0,,,balance
alternative medicine for mood swings,disease_prediction,1.0,,mood swings,
what is ama,general_info,1.0,,,ama
healthy lifestyle understanding,general_info,1.0,,,healthy lifestyle
meditation explained,general_info,1.0,,,meditation
what causes hearing problems,disease_prediction,1.0,,hearing problems,
information about saptadhatu,general_info,1.0,,,saptadhatu
vaikranta bhasma for health improvement,herb_benefits,1.0,vaikranta bhasma,,
healing fatigue,disease_prediction,1.0,,fatigue,
recovering from motion sickness,disease_prediction,1.0,,motion sickness,
learn about rasa,general_info,1.0,,,rasa
can you explain basti,general_info,1.0,,,basti
therapeutic effects of mishreya,herb_benefits,1.0,mishreya,,
help with bloating,disease_prediction,1.0,,bloating,
holy basil therapeutic benefits,herb_benefits,1.0,holy basil,,
role of ayurveda,general_info,1.0,,,ayurveda
what are the principles of meditation,general_info,1.0,,,meditation
shadrasas explained,general_info,1.0,,,shadrasas
mild strains,disease_prediction,1.0,,strains,
overview of immunity,general_info,1.0,,,immunity
learn about vata,general_info,1.0,,,vata
ayurveda perspective,general_info,1.0,,,ayurveda
controlling motion sickness,disease_prediction,1.0,,motion sickness,
ayurvedic benefits of ghrita,herb_benefits,1.0,ghrita,,
sleep apnea cure,disease_prediction,1.0,,sleep apnea,
medicinal properties of kalamba,herb_benefits,1.0,kalamba,,
can you explain abhyanga,general_info,1.0,,,abhyanga
health properties of coriander,herb_benefits,1.0,coriander,,
symptoms of sleep apnea,disease_prediction,1.0,,sleep apnea,
traditional cure for acidity,disease_prediction,1.0,,acidity,
back pain symptoms,disease_prediction,1.0,,back pain,
intermittent fatigue,disease_prediction,1.0,,fatigue,
relief from tingling,disease_prediction,1.0,,tingling,
non-toxic remedy for eye strain,disease_prediction,1.0,,eye strain,
investigating pitta,general_info,1.0,,,pitta
I'm experiencing heartburn,disease_prediction,1.0,,heartburn,
how to use karnikara,herb_benefits,1.0,karnikara,,
I have stomach ache,disease_prediction,1.0,,stomach ache,
permanent cure for sinusitis,disease_prediction,1.0,,sinusitis,
how does wellness work,general_info,1.0,,,wellness
fundamentals of natural healing,general_info,1.0,,,natural healing
holistic treatments for muscle pain,disease_prediction,1.0,,muscle pain,
tingling cure,disease_prediction,1.0,,tingling,
information about mind-body connection,general_info,1.0,,,mind-body connection
changeri ghrita for natural treatment,herb_benefits,1.0,changeri ghrita,,
mild tingling,disease_prediction,1.0,,tingling,
therapeutic value of matulunga,herb_benefits,1.0,matulunga,,
japa remedy uses,herb_benefits,1.0,japa,,
what're the benefits of chakramarda,herb_benefits,1.0,chakramarda,,
alleviating inflammation,disease_prediction,1.0,,inflammation,
dealing with acne,disease_prediction,1.0,,acne,
energy science,general_info,1.0,,,energy
treatment for brain fog,disease_prediction,1.0,,brain fog,
alternative medicine for brain fog,disease_prediction,1.0,,brain fog,
I've got itching,disease_prediction,1.0,,itching,
introduction to prakriti,general_info,1.0,,,prakriti
severe irregular periods,disease_prediction,1.0,,irregular periods,
tagar benefits,herb_benefits,1.0,tagar,,
chavya therapeutic benefits,herb_benefits,1.0,chavya,,
discovering temperament,general_info,1.0,,,temperament
digestion viewpoint,general_info,1.0,,,digestion
tell me about tridosha,general_info,1.0,,,tridosha
metabolism art,general_info,1.0,,,metabolism
kalyanaka ghrita nutritional benefits,herb_benefits,1.0,kalyanaka ghrita,,
psoriasis treatment,disease_prediction,1.0,,psoriasis,
having mood swings,disease_prediction,1.0,,mood swings,
effective treatment for night sweats,disease_prediction,1.0,,night sweats,
examining healthy lifestyle,general_info,1.0,,,healthy lifestyle
balance methodology,general_info,1.0,,,balance
alternative medicine for acidity,disease_prediction,1.0,,acidity,
ear pain cure,disease_prediction,1.0,,ear pain,
shirodhara fundamentals,general_info,1.0,,,shirodhara
properties of kusumbha taila,herb_benefits,1.0,kusumbha taila,,
how does nimba patra help,herb_benefits,1.0,nimba patra,,
introduction to agni,general_info,1.0,,,agni
trimala fundamentals,general_info,1.0,,,trimala
triphala guggulu in herbal medicine,herb_benefits,1.0,triphala guggulu,,
understand prana,general_info,1.0,,,prana
managing mood swings,disease_prediction,1.0,,mood swings,
learn about trimala,general_info,1.0,,,trimala
information about prakriti,general_info,1.0,,,prakriti
rasamanikya uses,herb_benefits,1.0,rasamanikya,,
vaikranta bhasma for health improvement,herb_benefits,1.0,vaikranta bhasma,,
explain prana,general_info,1.0,,,prana
basics of trimala,general_info,1.0,,,trimala
what is mahabala good for,herb_benefits,1.0,mahabala,,
significance of holistic health,general_info,1.0,,,holistic health
benefits and uses of masi,herb_benefits,1.0,masi,,
prabhava tradition,general_info,1.0,,,prabhava
benefits of holistic health,general_info,1.0,,,holistic health
shvet musli healing properties,herb_benefits,1.0,shvet musli,,
I have depression,disease_prediction,1.0,,depression,
recurring heartburn,disease_prediction,1.0,,heartburn,
explain healthy lifestyle,general_info,1.0,,,healthy lifestyle
learning ama,general_info,1.0,,,ama
shankhini effects,herb_benefits,1.0,shankhini,,
significance of panchamahabhutas,general_info,1.0,,,panchamahabhutas
medicinal effects of masi,herb_benefits,1.0,masi,,
kakoli effects,herb_benefits,1.0,kakoli,,
quick relief from motion sickness,disease_prediction,1.0,,motion sickness,
traditional cure for chest pain,disease_prediction,1.0,,chest pain,
basti fundamentals,general_info,1.0,,,basti
saptadhatu understanding,general_info,1.0,,,saptadhatu
best medicine for sleep apnea,disease_prediction,1.0,,sleep apnea,
how to treat hot flashes,disease_prediction,1.0,,hot flashes,
permanent cure for fatigue,disease_prediction,1.0,,fatigue,
studying body type,general_info,1.0,,,body type
ajmoda wellness benefits,herb_benefits,1.0,ajmoda,,
cure for bloating,disease_prediction,1.0,,bloating,
eczema treatment,disease_prediction,1.0,,eczema,
arjunarishta in herbal medicine,herb_benefits,1.0,arjunarishta,,
managing spasms,disease_prediction,1.0,,spasms,
what causes sleep apnea,disease_prediction,1.0,,sleep apnea,
how to use kusha,herb_benefits,1.0,kusha,,
therapeutic applications of bakula,herb_benefits,1.0,bakula,,
I suffer from oily skin,disease_prediction,1.0,,oily skin,
nasya philosophy,general_info,1.0,,,nasya
healthy lifestyle viewpoint,general_info,1.0,,,healthy lifestyle
holistic treatment for allergies,disease_prediction,1.0,,allergies,
karpasa in traditional medicine,herb_benefits,1.0,karpasa,,
sleep disorders treatment,disease_prediction,1.0,,sleep disorders,
arjunarishta in traditional medicine,herb_benefits,1.0,arjunarishta,,
healing power of jivaka,herb_benefits,1.0,jivaka,,
eranda properties,herb_benefits,1.0,eranda,,
how does herbal medicine work,general_info,1.0,,,herbal medicine
significance of virya,general_info,1.0,,,virya
healing psoriasis,disease_prediction,1.0,,psoriasis,
health benefits of rasnairandadi kwath,herb_benefits,1.0,rasnairandadi kwath,,
herbal properties of tila,herb_benefits,1.0,tila,,
properties of trivanga bhasma,herb_benefits,1.0,trivanga bhasma,,
malas system,general_info,1.0,,,malas
relief from sleep apnea,disease_prediction,1.0,,sleep apnea,
persistent spasms,disease_prediction,1.0,,spasms,
constant heartburn,disease_prediction,1.0,,heartburn,
therapeutic value of neem,herb_benefits,1.0,neem,,
remedy for cough,disease_prediction,1.0,,cough,
traditional medicine knowledge,general_info,1.0,,,traditional medicine
rasamanikya uses,herb_benefits,1.0,rasamanikya,,
healing sprains,disease_prediction,1.0,,sprains,
best medicine for sleep apnea,disease_prediction,1.0,,sleep apnea,
how does panchakarma work,general_info,1.0,,,panchakarma
giloy satva benefits,herb_benefits,1.0,giloy satva,,
eczema treatment,disease_prediction,1.0,,eczema,
how to use sudarshan churna,herb_benefits,1.0,sudarshan churna,,
herbal medicine for abdominal pain,disease_prediction,1.0,,abdominal pain,
I feel acne,disease_prediction,1.0,,acne,
natural healing explained,general_info,1.0,,,natural healing
help with gastritis,disease_prediction,1.0,,gastritis,
safe treatment for weakness,disease_prediction,1.0,,weakness,
help with ear pain,disease_prediction,1.0,,ear pain,
natural treatment for swelling,disease_prediction,1.0,,swelling,
rohitaka for health,herb_benefits,1.0,rohitaka,,
prana art,general_info,1.0,,,prana
karanja for wellness,herb_benefits,1.0,karanja,,
sudden chest pain,disease_prediction,1.0,,chest pain,
medicine for skin rash,disease_prediction,1.0,,skin rash,
therapeutic value of pushkarmool,herb_benefits,1.0,pushkarmool,,
learn about saptadhatu,general_info,1.0,,,saptadhatu
virechana explained,general_info,1.0,,,virechana
what're the benefits of bhumyamalaki,herb_benefits,1.0,bhumyamalaki,,
significance of panchamahabhutas,general_info,1.0,,,panchamahabhutas
medicine for stress,disease_prediction,1.0,,stress,
herbal properties of gangeruki,herb_benefits,1.0,gangeruki,,
origin of constitution,general_info,1.0,,,constitution
curcuma remedy uses,herb_benefits,1.0,curcuma,,
alleviating brain fog,disease_prediction,1.0,,brain fog,
dhamasa in herbal medicine,herb_benefits,1.0,dhamasa,,
home remedy for allergies,disease_prediction,1.0,,allergies,
benefits and uses of kanmad bhasma,herb_benefits,1.0,kanmad bhasma,,
I suffer from dry skin,disease_prediction,1.0,,dry skin,
health benefits of jalavetasa,herb_benefits,1.0,jalavetasa,,
recovering from allergies,disease_prediction,1.0,,allergies,
therapeutic value of kachura,herb_benefits,1.0,kachura,,
understand srotas,general_info,1.0,,,srotas
dealing with heartburn,disease_prediction,1.0,,heartburn,
alternative medicine for psoriasis,disease_prediction,1.0,,psoriasis,
therapeutic effects of laksha,herb_benefits,1.0,laksha,,
therapeutic value of drakshadi kwath,herb_benefits,1.0,drakshadi kwath,,
sudden diabetes,disease_prediction,1.0,,diabetes,
ancient uses of koshataki,herb_benefits,1.0,koshataki,,
mild sleep disorders,disease_prediction,1.0,,sleep disorders,
intermittent stress,disease_prediction,1.0,,stress,
reducing anxiety,disease_prediction,1.0,,anxiety,
prabhava tradition,general_info,1.0,,,prabhava
therapeutic value of vyoshadi vati,herb_benefits,1.0,vyoshadi vati,,
natural benefits of prapunnada,herb_benefits,1.0,prapunnada,,
ayurveda understanding,general_info,1.0,,,ayurveda
benefits of ayurveda,general_info,1.0,,,ayurveda
parpatakarishta in herbal medicine,herb_benefits,1.0,parpatakarishta,,
dhamargava natural medicine,herb_benefits,1.0,dhamargava,,
benefits and uses of talisa,herb_benefits,1.0,talisa,,
khadiradi vati medicinal uses,herb_benefits,1.0,khadiradi vati,,
permanent cure for stress,disease_prediction,1.0,,stress,
utpala for wellness,herb_benefits,1.0,utpala,,
basti understanding,general_info,1.0,,,basti
lajjalu remedy uses,herb_benefits,1.0,lajjalu,,
chyawanprash effects,herb_benefits,1.0,chyawanprash,,
cure for chest pain,disease_prediction,1.0,,chest pain,
psoriasis treatment,disease_prediction,1.0,,psoriasis,
advantages of alarka,herb_benefits,1.0,alarka,,
basti understanding,general_info,1.0,,,basti
importance of meditation,general_info,1.0,,,meditation
what can ginger treat,herb_benefits,1.0,ginger,,
effective treatment for hot flashes,disease_prediction,1.0,,hot flashes,
sleep apnea cure,disease_prediction,1.0,,sleep apnea,
dhatus approach,general_info,1.0,,,dhatus
information about shankha bhasma,herb_benefits,1.0,shankha bhasma,,
ayurveda understanding,general_info,1.0,,,ayurveda
kushmanda khanda medicinal uses,herb_benefits,1.0,kushmanda khanda,,
benefits of jivaka,herb_benefits,1.0,jivaka,,
define prana,general_info,1.0,,,prana
what are the principles of dosha,general_info,1.0,,,dosha
sarpaksi for holistic health,herb_benefits,1.0,sarpaksi,,
natural treatment for cuts,disease_prediction,1.0,,cuts,
role of abhyanga,general_info,1.0,,,abhyanga
persistent tingling,disease_prediction,1.0,,tingling,
chana for wellness,herb_benefits,1.0,chana,,
how can nimba patra help,herb_benefits,1.0,nimba patra,,
therapeutic value of amlaparni,herb_benefits,1.0,amlaparni,,
bhutika healing properties,herb_benefits,1.0,bhutika,,
ancient applications of aivana,herb_benefits,1.0,aivana,,
discovering panchamahabhutas,general_info,1.0,,,panchamahabhutas
benefits and applications of azadirachta,herb_benefits,1.0,azadirachta,,
what makes nagakesara beneficial,herb_benefits,1.0,nagakesara,,
I suffer from gastritis,disease_prediction,1.0,,gastritis,
shvet musli for health improvement,herb_benefits,1.0,shvet musli,,
non-toxic remedy for wounds,disease_prediction,1.0,,wounds,
overcoming mood swings,disease_prediction,1.0,,mood swings,
how does nasya work,general_info,1.0,,,nasya
japa remedy uses,herb_benefits,1.0,japa,,
what does dhanadanayanadi kashayam do,herb_benefits,1.0,dhanadanayanadi kashayam,,
what makes fenugreek beneficial,herb_benefits,1.0,fenugreek,,
healing power of krimighna vati,herb_benefits,1.0,krimighna vati,,
what is agni,general_info,1.0,,,agni
traditional cure for chest pain,disease_prediction,1.0,,chest pain,
benefits and uses of eranda taila,herb_benefits,1.0,eranda taila,,
why use grinjana,herb_benefits,1.0,grinjana,,
yavani natural medicine,herb_benefits,1.0,yavani,,
what causes sleep apnea,disease_prediction,1.0,,sleep apnea,
kalyana ksharam effects,herb_benefits,1.0,kalyana ksharam,,
shankhpushpi effects,herb_benefits,1.0,shankhpushpi,,
examining wellness,general_info,1.0,,,wellness
kaishore guggul wellness benefits,herb_benefits,1.0,kaishore guggul,,
effective treatment for chronic fatigue,disease_prediction,1.0,,chronic fatigue,
matulunga rasa therapeutic benefits,herb_benefits,1.0,matulunga rasa,,
medicinal properties of gulakanda,herb_benefits,1.0,gulakanda,,
therapeutic effects of satyanashi,herb_benefits,1.0,satyanashi,,
information about dhatus,general_info,1.0,,,dhatus
tell me about manikya pishti,herb_benefits,1.0,manikya pishti,,
eranda patra for health,herb_benefits,1.0,eranda patra,,
turmeric remedy uses,herb_benefits,1.0,turmeric,,
lata kasturi uses,herb_benefits,1.0,lata kasturi,,
I'm suffering from oily skin,disease_prediction,1.0,,oily skin,
basti tradition,general_info,1.0,,,basti
ayurveda science,general_info,1.0,,,ayurveda
healing burns,disease_prediction,1.0,,burns,
medicinal properties of dronapushpi,herb_benefits,1.0,dronapushpi,,
herbal medicine for muscle pain,disease_prediction,1.0,,muscle pain,
examining dhatus,general_info,1.0,,,dhatus
dealing with sore throat,disease_prediction,1.0,,sore throat,
mild gas,disease_prediction,1.0,,gas,
vetasa benefits,herb_benefits,1.0,vetasa,,
define constitution,general_info,1.0,,,constitution
medicinal value of vasa,herb_benefits,1.0,vasa,,
properties of kusumbha taila,herb_benefits,1.0,kusumbha taila,,
diagnosis of tinnitus,disease_prediction,1.0,,tinnitus,
principles of vikriti,general_info,1.0,,,vikriti
health benefits of kanchanara guggulu,herb_benefits,1.0,kanchanara guggulu,,
mild allergies,disease_prediction,1.0,,allergies,
remedy for sore throat,disease_prediction,1.0,,sore throat,
I have asthma,disease_prediction,1.0,,asthma,
prabhava explained,general_info,1.0,,,prabhava
chronic swelling,disease_prediction,1.0,,swelling,
therapeutic value of vidari,herb_benefits,1.0,vidari,,
why use pippali moola,herb_benefits,1.0,pippali moola,,
alternative medicine for acidity,disease_prediction,1.0,,acidity,
ayurvedic benefits of chitrak,herb_benefits,1.0,chitrak,,
information about chavika,herb_benefits,1.0,chavika,,
bijapura natural medicine,herb_benefits,1.0,bijapura,,
healing power of guduchi,herb_benefits,1.0,guduchi,,
persistent restless legs,disease_prediction,1.0,,restless legs,
gunas science,general_info,1.0,,,gunas
ayurveda science,general_info,1.0,,,ayurveda
relief from cold,disease_prediction,1.0,,cold,
durva uses,herb_benefits,1.0,durva,,
srotas perspective,general_info,1.0,,,srotas
studying ayurveda,general_info,1.0,,,ayurveda
uses of rasnasaptakam kashayam,herb_benefits,1.0,rasnasaptakam kashayam,,
importance of pitta,general_info,1.0,,,pitta
what causes inflammation,disease_prediction,1.0,,inflammation,
cough cure,disease_prediction,1.0,,cough,
recurring mood swings,disease_prediction,1.0,,mood swings,
benefits and uses of agnikumarika,herb_benefits,1.0,agnikumarika,,
herbal medicine for muscle pain,disease_prediction,1.0,,muscle pain,
medicinal applications of ashoka ghrita,herb_benefits,1.0,ashoka ghrita,,
therapeutic value of methi,herb_benefits,1.0,methi,,
natural cure for dry skin,disease_prediction,1.0,,dry skin,
history of prana,general_info,1.0,,,prana
basics of kapha,general_info,1.0,,,kapha
what makes kukkutanda twak bhasma beneficial,herb_benefits,1.0,kukkutanda twak bhasma,,
recovering from mood swings,disease_prediction,1.0,,mood swings,
medicinal effects of bijapura,herb_benefits,1.0,bijapura,,
kakamachi in traditional medicine,herb_benefits,1.0,kakamachi,,
role of abhyanga,general_info,1.0,,,abhyanga
advantages of changeri,herb_benefits,1.0,changeri,,
virya explained,general_info,1.0,,,virya
how does kalyanaka ghrita help,herb_benefits,1.0,kalyanaka ghrita,,
shirodhara principles,general_info,1.0,,,shirodhara
traditional cures for tingling,disease_prediction,1.0,,tingling,
medicinal applications of kaishore guggul,herb_benefits,1.0,kaishore guggul,,
why is panchavalkala kwath healthy,herb_benefits,1.0,panchavalkala kwath,,
information about tintidika,herb_benefits,1.0,tintidika,,
persistent fatigue,disease_prediction,1.0,,fatigue,
shirodhara principles,general_info,1.0,,,shirodhara
medicine for asthma,disease_prediction,1.0,,asthma,
healing dizziness,disease_prediction,1.0,,dizziness,
information about nasya,general_info,1.0,,,nasya
what's mahabala good for,herb_benefits,1.0,mahabala,,
philosophy of circulation,general_info,1.0,,,circulation
what is wellness,general_info,1.0,,,wellness
twak (cinnamon) natural medicine,herb_benefits,1.0,twak (cinnamon),,
traditional cure for allergies,disease_prediction,1.0,,allergies,
natural cure for motion sickness,disease_prediction,1.0,,motion sickness,
vidaryadi kashayam for health,herb_benefits,1.0,vidaryadi kashayam,,
makshika madhu therapeutic benefits,herb_benefits,1.0,makshika madhu,,
what causes cramps,disease_prediction,1.0,,cramps,
therapeutic value of sala,herb_benefits,1.0,sala,,
dadrughna in herbal medicine,herb_benefits,1.0,dadrughna,,
vetasa benefits,herb_benefits,1.0,vetasa,,
symptoms of eye strain,disease_prediction,1.0,,eye strain,
pranayama understanding,general_info,1.0,,,pranayama
relief from cold,disease_prediction,1.0,,cold,
therapeutic value of aragvadhadi kwath,herb_benefits,1.0,aragvadhadi kwath,,
traditional cure for acidity,disease_prediction,1.0,,acidity,
saptadhatu understanding,general_info,1.0,,,saptadhatu
asana for natural healing,herb_benefits,1.0,asana,,
virechana theory,general_info,1.0,,,virechana
ojas methodology,general_info,1.0,,,ojas
how to treat menstrual cramps,disease_prediction,1.0,,menstrual cramps,
importance of tejas,general_info,1.0,,,tejas
I suffer from motion sickness,disease_prediction,1.0,,motion sickness,
effective treatment for insomnia,disease_prediction,1.0,,insomnia,
uses of mahatiktaka ghrita,herb_benefits,1.0,mahatiktaka ghrita,,
herbal medicine for night sweats,disease_prediction,1.0,,night sweats,
medicinal properties of jeerakarishtam,herb_benefits,1.0,jeerakarishtam,,
learn about saptadhatu,general_info,1.0,,,saptadhatu
herbal properties of swarnapatri,herb_benefits,1.0,swarnapatri,,
shirodhara philosophy,general_info,1.0,,,shirodhara
panchamahabhutas tradition,general_info,1.0,,,panchamahabhutas
introduction to detoxification,general_info,1.0,,,detoxification
rasamanikya uses,herb_benefits,1.0,rasamanikya,,
natural cure for acne,disease_prediction,1.0,,acne,
what are the principles of prabhava,general_info,1.0,,,prabhava
philosophy of gunas,general_info,1.0,,,gunas
basics of vikriti,general_info,1.0,,,vikriti
medicinal effects of ashwattha,herb_benefits,1.0,ashwattha,,
recovering from stomach ache,disease_prediction,1.0,,stomach ache,
understanding meditation,general_info,1.0,,,meditation
benefits of tridosha,general_info,1.0,,,tridosha
what is chandraprabha vati good for,herb_benefits,1.0,chandraprabha vati,,
amritarishta for health,herb_benefits,1.0,amritarishta,,
gambhari health effects,herb_benefits,1.0,gambhari,,
natural advantages of sarshapa taila,herb_benefits,1.0,sarshapa taila,,
vaikranta bhasma for health improvement,herb_benefits,1.0,vaikranta bhasma,,
kankataka for holistic health,herb_benefits,1.0,kankataka,,
persistent night sweats,disease_prediction,1.0,,night sweats,
examining malas,general_info,1.0,,,malas
reducing heartburn,disease_prediction,1.0,,heartburn,
preventive medicine science,general_info,1.0,,,preventive medicine
what causes bronchitis,disease_prediction,1.0,,bronchitis,
how can eranda help,herb_benefits,1.0,eranda,,
learning nutrition,general_info,1.0,,,nutrition
introduction to virechana,general_info,1.0,,,virechana
I feel acne,disease_prediction,1.0,,acne,
what's tumburu good for,herb_benefits,1.0,tumburu,,
herbal medicine for ear pain,disease_prediction,1.0,,ear pain,
medicinal applications of shunthi,herb_benefits,1.0,shunthi,,
what are the benefits of durva,herb_benefits,1.0,durva,,
what are the benefits of ksheera,herb_benefits,1.0,ksheera,,
I experience migraine,disease_prediction,1.0,,migraine,
ayurvedic treatment for eczema,disease_prediction,1.0,,eczema,
natural treatment for acidity,disease_prediction,1.0,,acidity,
ayurvedic benefits of shallaki,herb_benefits,1.0,shallaki,,
I feel oily skin,disease_prediction,1.0,,oily skin,
ayurvedic benefits of maricha,herb_benefits,1.0,maricha,,
yoga tradition,general_info,1.0,,,yoga
herbal medicine for cough,disease_prediction,1.0,,cough,
origin of kapha,general_info,1.0,,,kapha
dosha explained,general_info,1.0,,,dosha
help with inflammation,disease_prediction,1.0,,inflammation,
help with bloating,disease_prediction,1.0,,bloating,
vata system,general_info,1.0,,,vata
hypertension cure,disease_prediction,1.0,,hypertension,
permanent cure for muscle pain,disease_prediction,1.0,,muscle pain,
reducing anxiety,disease_prediction,1.0,,anxiety,
why use svalpa khadiradi vati,herb_benefits,1.0,svalpa khadiradi vati,,
how does kharbhuja help,herb_benefits,1.0,kharbhuja,,
information about kachnar,herb_benefits,1.0,kachnar,,
natural healing art,general_info,1.0,,,natural healing
treatment for strains,disease_prediction,1.0,,strains,
having dry eyes,disease_prediction,1.0,,dry eyes,
karpas-asthyadi thailam effects,herb_benefits,1.0,karpas-asthyadi thailam,,
chronic acidity,disease_prediction,1.0,,acidity,
what causes mood swings,disease_prediction,1.0,,mood swings,
tridosha concepts,general_info,1.0,,,tridosha
snuhi ksheera for natural healing,herb_benefits,1.0,snuhi ksheera,,
cures for hot flashes,disease_prediction,1.0,,hot flashes,
diagnosis of joint pain,disease_prediction,1.0,,joint pain,
symptoms of dizziness,disease_prediction,1.0,,dizziness,
how does sarivadyasava help,herb_benefits,1.0,sarivadyasava,,
kulattha health effects,herb_benefits,1.0,kulattha,,
permanent cure for stomach ache,disease_prediction,1.0,,stomach ache,
learning yoga,general_info,1.0,,,yoga
introduction to holistic health,general_info,1.0,,,holistic health
what causes inflammation,disease_prediction,1.0,,inflammation,
preventing sore throat,disease_prediction,1.0,,sore throat,
understanding cleansing,general_info,1.0,,,cleansing
kadali pushpa natural medicine,herb_benefits,1.0,kadali pushpa,,
fundamentals of pranayama,general_info,1.0,,,pranayama
healing hearing problems,disease_prediction,1.0,,hearing problems,
what are the principles of holistic health,general_info,1.0,,,holistic health
help with vertigo,disease_prediction,1.0,,vertigo,
examining healthy lifestyle,general_info,1.0,,,healthy lifestyle
intermittent joint pain,disease_prediction,1.0,,joint pain,
healing dizziness,disease_prediction,1.0,,dizziness,
researching body type,general_info,1.0,,,body type
introduction to constitution,general_info,1.0,,,constitution
quick relief from motion sickness,disease_prediction,1.0,,motion sickness,
sudden cramps,disease_prediction,1.0,,cramps,
controlling restless legs,disease_prediction,1.0,,restless legs,
natural healing wisdom,general_info,1.0,,,natural healing
having mood swings,disease_prediction,1.0,,mood swings,
advantages of anu taila,herb_benefits,1.0,anu taila,,
recurring sore throat,disease_prediction,1.0,,sore throat,
what causes wounds,disease_prediction,1.0,,wounds,
traditional uses of babbula,herb_benefits,1.0,babbula,,
how does vata work,general_info,1.0,,,vata
learn about digestion,general_info,1.0,,,digestion
home remedy for allergies,disease_prediction,1.0,,allergies,
vikriti approach,general_info,1.0,,,vikriti
advantages of hingvashtak churna,herb_benefits,1.0,hingvashtak churna,,
advantages of narikela,herb_benefits,1.0,narikela,,
why use shunthi,herb_benefits,1.0,shunthi,,
karvellaka for health improvement,herb_benefits,1.0,karvellaka,,
advantages of ashoka ghrita,herb_benefits,1.0,ashoka ghrita,,
effective treatment for dandruff,disease_prediction,1.0,,dandruff,
non-toxic remedy for strains,disease_prediction,1.0,,strains,
gangeruki for health improvement,herb_benefits,1.0,gangeruki,,
importance of healthy lifestyle,general_info,1.0,,,healthy lifestyle
recurring cramps,disease_prediction,1.0,,cramps,
therapeutic effects of parpataka,herb_benefits,1.0,parpataka,,
reducing fever,disease_prediction,1.0,,fever,
herbal properties of kamala kesara,herb_benefits,1.0,kamala kesara,,
treatment for motion sickness,disease_prediction,1.0,,motion sickness,
understanding prana,general_info,1.0,,,prana
understand prabhava,general_info,1.0,,,prabhava
panchamahabhutas principles,general_info,1.0,,,panchamahabhutas
recurring skin rash,disease_prediction,1.0,,skin rash,
medicinal value of alarka,herb_benefits,1.0,alarka,,
guide to prana,general_info,1.0,,,prana
herbal medicine methodology,general_info,1.0,,,herbal medicine
mild allergies,disease_prediction,1.0,,allergies,
balance philosophy,general_info,1.0,,,balance
phanita therapeutic benefits,herb_benefits,1.0,phanita,,
history of nutrition,general_info,1.0,,,nutrition
constant blurred vision,disease_prediction,1.0,,blurred vision,
medicinal applications of chitraka moola,herb_benefits,1.0,chitraka moola,,
discovering yoga,general_info,1.0,,,yoga
healing burns,disease_prediction,1.0,,burns,
intermittent hair loss,disease_prediction,1.0,,hair loss,
lajjalu in traditional medicine,herb_benefits,1.0,lajjalu,,
holistic health system,general_info,1.0,,,holistic health
vikriti system,general_info,1.0,,,vikriti
understand abhyanga,general_info,1.0,,,abhyanga
researching mind-body connection,general_info,1.0,,,mind-body connection
natural benefits of raupya bhasma,herb_benefits,1.0,raupya bhasma,,
learn about panchakarma,general_info,1.0,,,panchakarma
persistent cramps,disease_prediction,1.0,,cramps,
diagnosis of asthma,disease_prediction,1.0,,asthma,
dosha understanding,general_info,1.0,,,dosha
masha properties,herb_benefits,1.0,masha,,
health properties of coriander,herb_benefits,1.0,coriander,,
remedy for asthma,disease_prediction,1.0,,asthma,
healing low energy,disease_prediction,1.0,,low energy,
virechana fundamentals,general_info,1.0,,,virechana
recurring tinnitus,disease_prediction,1.0,,tinnitus,
traditional cure for cuts,disease_prediction,1.0,,cuts,
studying prabhava,general_info,1.0,,,prabhava
how to use hinguvachadi churna,herb_benefits,1.0,hinguvachadi churna,,
bhutika healing properties,herb_benefits,1.0,bhutika,,
mild hearing problems,disease_prediction,1.0,,hearing problems,
what makes swarnapatri beneficial,herb_benefits,1.0,swarnapatri,,
persistent runny nose,disease_prediction,1.0,,runny nose,
I feel sinusitis,disease_prediction,1.0,,sinusitis,
constant oily skin,disease_prediction,1.0,,oily skin,
what does mudgaparni do,herb_benefits,1.0,mudgaparni,,
prabhava system,general_info,1.0,,,prabhava
preventing low energy,disease_prediction,1.0,,low energy,
temperament explained,general_info,1.0,,,temperament
agnimantha in herbal medicine,herb_benefits,1.0,agnimantha,,
I suffer from motion sickness,disease_prediction,1.0,,motion sickness,
mind-body connection theory,general_info,1.0,,,mind-body connection
sukumara kashayam therapeutic benefits,herb_benefits,1.0,sukumara kashayam,,
natural treatment for burns,disease_prediction,1.0,,burns,
ayurvedic benefits of souvarchala lavana,herb_benefits,1.0,souvarchala lavana,,
permanent cure for acne,disease_prediction,1.0,,acne,
grinjana healing properties,herb_benefits,1.0,grinjana,,
how to treat spasms,disease_prediction,1.0,,spasms,
understand srotas,general_info,1.0,,,srotas
malas approach,general_info,1.0,,,malas
advantages of mahakalyanaka ghritam,herb_benefits,1.0,mahakalyanaka ghritam,,
can you explain srotas,general_info,1.0,,,srotas
want to know about panchakarma,general_info,1.0,,,panchakarma
changeri healing properties,herb_benefits,1.0,changeri,,
learning gunas,general_info,1.0,,,gunas
saptadhatu principles,general_info,1.0,,,saptadhatu
what does himasagara thailam do,herb_benefits,1.0,himasagara thailam,,
kumud for natural healing,herb_benefits,1.0,kumud,,
understanding agni,general_info,1.0,,,agni
sphatika bhasma uses,herb_benefits,1.0,sphatika bhasma,,
info about saptadhatu,general_info,1.0,,,saptadhatu
prana science,general_info,1.0,,,prana
medicine for chronic fatigue,disease_prediction,1.0,,chronic fatigue,
natural healing science,general_info,1.0,,,natural healing
benefits of metabolism,general_info,1.0,,,metabolism
what does ushtra dugdha do,herb_benefits,1.0,ushtra dugdha,,
nimba beeja natural medicine,herb_benefits,1.0,nimba beeja,,
herbal properties of rajapravartini vati,herb_benefits,1.0,rajapravartini vati,,
managing abdominal pain,disease_prediction,1.0,,abdominal pain,
diagnosis of bloating,disease_prediction,1.0,,bloating,
kuntalakanti tailam for health improvement,herb_benefits,1.0,kuntalakanti tailam,,
benefits and applications of nimbadi churna,herb_benefits,1.0,nimbadi churna,,
therapeutic applications of madayantika,herb_benefits,1.0,madayantika,,
home remedy for gas,disease_prediction,1.0,,gas,
benefits of bhunimba,herb_benefits,1.0,bhunimba,,
understanding agni,general_info,1.0,,,agni
what's haridra good for,herb_benefits,1.0,haridra,,
how does immunity work,general_info,1.0,,,immunity
gastritis treatment,disease_prediction,1.0,,gastritis,
I feel migraine,disease_prediction,1.0,,migraine,
how does agni work,general_info,1.0,,,agni
preventive medicine theory,general_info,1.0,,,preventive medicine
non-toxic remedy for wounds,disease_prediction,1.0,,wounds,
cure for nausea,disease_prediction,1.0,,nausea,
reducing fever,disease_prediction,1.0,,fever,
importance of meditation,general_info,1.0,,,meditation
virechana theory,general_info,1.0,,,virechana
what causes heartburn,disease_prediction,1.0,,heartburn,
I'm suffering from bloating,disease_prediction,1.0,,bloating,
exploring healthy lifestyle,general_info,1.0,,,healthy lifestyle
prakriti art,general_info,1.0,,,prakriti
researching mind-body connection,general_info,1.0,,,mind-body connection
I suffer from constipation,disease_prediction,1.0,,constipation,
sarpaksi nutritional benefits,herb_benefits,1.0,sarpaksi,,
health properties of manjisthadi kwath,herb_benefits,1.0,manjisthadi kwath,,
ancient applications of aragvadhadi kwath,herb_benefits,1.0,aragvadhadi kwath,,
pippali moola health effects,herb_benefits,1.0,pippali moola,,
medicinal applications of kaishore guggul,herb_benefits,1.0,kaishore guggul,,
danti moola effects,herb_benefits,1.0,danti moola,,
exploring pitta,general_info,1.0,,,pitta
help with gastritis,disease_prediction,1.0,,gastritis,
diagnosis of hypertension,disease_prediction,1.0,,hypertension,
preventing vomiting,disease_prediction,1.0,,vomiting,
recovering from blurred vision,disease_prediction,1.0,,blurred vision,
benefits of bhunimba,herb_benefits,1.0,bhunimba,,
reducing abdominal pain,disease_prediction,1.0,,abdominal pain,
basics of balance,general_info,1.0,,,balance
define wellness,general_info,1.0,,,wellness
healing power of fennel,herb_benefits,1.0,fennel,,
advantages of narikela,herb_benefits,1.0,narikela,,
metabolism tradition,general_info,1.0,,,metabolism
constitution perspective,general_info,1.0,,,constitution
trivrit healing properties,herb_benefits,1.0,trivrit,,
information about punarnavadi guggulu,herb_benefits,1.0,punarnavadi guggulu,,
inflammation treatment,disease_prediction,1.0,,inflammation,
ancient uses of aparajita,herb_benefits,1.0,aparajita,,
yavani natural medicine,herb_benefits,1.0,yavani,,
fundamentals of pranayama,general_info,1.0,,,pranayama
narikela lavana in herbal medicine,herb_benefits,1.0,narikela lavana,,
vata tradition,general_info,1.0,,,vata
therapeutic applications of varunadi kashayam,herb_benefits,1.0,varunadi kashayam,,
what are the benefits of bhumyamalaki,herb_benefits,1.0,bhumyamalaki,,
shalmali wellness benefits,herb_benefits,1.0,shalmali,,
constant sore throat,disease_prediction,1.0,,sore throat,
applications of svalpa khadiradi vati,herb_benefits,1.0,svalpa khadiradi vati,,
traditional uses of babbula,herb_benefits,1.0,babbula,,
abdominal pain symptoms,disease_prediction,1.0,,abdominal pain,
therapeutic value of vidari,herb_benefits,1.0,vidari,,
madayantika for holistic health,herb_benefits,1.0,madayantika,,
origin of panchakarma,general_info,1.0,,,panchakarma
relief from motion sickness,disease_prediction,1.0,,motion sickness,
studying abhyanga,general_info,1.0,,,abhyanga
non-toxic remedy for wounds,disease_prediction,1.0,,wounds,
why is mastu healthy,herb_benefits,1.0,mastu,,
I feel menstrual cramps,disease_prediction,1.0,,menstrual cramps,
fundamentals of rasa,general_info,1.0,,,rasa
remedy for sore throat,disease_prediction,1.0,,sore throat,
preventing fever,disease_prediction,1.0,,fever,
therapeutic applications of bakula,herb_benefits,1.0,bakula,,
effective treatment for dandruff,disease_prediction,1.0,,dandruff,
chronic headache,disease_prediction,1.0,,headache,
cure for nausea,disease_prediction,1.0,,nausea,
exploring vikriti,general_info,1.0,,,vikriti
alternative medicine for mood swings,disease_prediction,1.0,,mood swings,
constant oily skin,disease_prediction,1.0,,oily skin,
marichyadi vati benefits,herb_benefits,1.0,marichyadi vati,,
tanduliyaka uses,herb_benefits,1.0,tanduliyaka,,
medicinal properties of jeerakarishtam,herb_benefits,1.0,jeerakarishtam,,
quick relief from cramps,disease_prediction,1.0,,cramps,
alternative medicine perspective,general_info,1.0,,,alternative medicine
alternative medicine for acidity,disease_prediction,1.0,,acidity,
health benefits of kadali pushpa,herb_benefits,1.0,kadali pushpa,,
mild strains,disease_prediction,1.0,,strains,
remedy for asthma,disease_prediction,1.0,,asthma,
health benefits of arka pushpa,herb_benefits,1.0,arka pushpa,,
healing power of karavira,herb_benefits,1.0,karavira,,
cough cure,disease_prediction,1.0,,cough,
recurring dry eyes,disease_prediction,1.0,,dry eyes,
researching tridosha,general_info,1.0,,,tridosha
advantages of kumbhika,herb_benefits,1.0,kumbhika,,
digestion viewpoint,general_info,1.0,,,digestion
advantages of putikaranja,herb_benefits,1.0,putikaranja,,
chronic abdominal pain,disease_prediction,1.0,,abdominal pain,
gunas approach,general_info,1.0,,,gunas
karkatashringi benefits,herb_benefits,1.0,karkatashringi,,
cuts treatment,disease_prediction,1.0,,cuts,
applications of mahatiktaka ghrita,herb_benefits,1.0,mahatiktaka ghrita,,
chronic swelling,disease_prediction,1.0,,swelling,
rasa explained,general_info,1.0,,,rasa
balance viewpoint,general_info,1.0,,,balance
intermittent stress,disease_prediction,1.0,,stress,
cleansing concepts,general_info,1.0,,,cleansing
brahmi vati nutritional benefits,herb_benefits,1.0,brahmi vati,,
fundamentals of harmony,general_info,1.0,,,harmony
I experience restless legs,disease_prediction,1.0,,restless legs,
having oily skin,disease_prediction,1.0,,oily skin,
dealing with mood swings,disease_prediction,1.0,,mood swings,
sarja natural medicine,herb_benefits,1.0,sarja,,
benefits and uses of matulunga,herb_benefits,1.0,matulunga,,
I suffer from dry skin,disease_prediction,1.0,,dry skin,
investigating abhyanga,general_info,1.0,,,abhyanga
quick relief from diabetes,disease_prediction,1.0,,diabetes,
herbal properties of nimba beeja,herb_benefits,1.0,nimba beeja,,
help with low energy,disease_prediction,1.0,,low energy,
role of shadrasas,general_info,1.0,,,shadrasas
shothari loha healing properties,herb_benefits,1.0,shothari loha,,
examining trimala,general_info,1.0,,,trimala
uses of varahikanda,herb_benefits,1.0,varahikanda,,
how does balance work,general_info,1.0,,,balance
relief from numbness,disease_prediction,1.0,,numbness,
science behind shirodhara,general_info,1.0,,,shirodhara
therapeutic applications of eranda,herb_benefits,1.0,eranda,,
natural treatment for muscle pain,disease_prediction,1.0,,muscle pain,
guloochyadi kashayam healing properties,herb_benefits,1.0,guloochyadi kashayam,,
japa remedy uses,herb_benefits,1.0,japa,,
preventing cough,disease_prediction,1.0,,cough,
medicine for snoring,disease_prediction,1.0,,snoring,
importance of tejas,general_info,1.0,,,tejas
tingling cure,disease_prediction,1.0,,tingling,
benefits of black pepper,herb_benefits,1.0,black pepper,,
examining harmony,general_info,1.0,,,harmony
properties of saraswatarishta,herb_benefits,1.0,saraswatarishta,,
trimala methodology,general_info,1.0,,,trimala
sudden burns,disease_prediction,1.0,,burns,
how does kapha work,general_info,1.0,,,kapha
nutrition knowledge,general_info,1.0,,,nutrition
ancient uses of koshataki,herb_benefits,1.0,koshataki,,
symptoms of snoring,disease_prediction,1.0,,snoring,
herbal properties of nag bhasma,herb_benefits,1.0,nag bhasma,,
discovering agni,general_info,1.0,,,agni
non-toxic remedy for oily skin,disease_prediction,1.0,,oily skin,
natural benefits of gambhari phala,herb_benefits,1.0,gambhari phala,,
best medicine for stomach ache,disease_prediction,1.0,,stomach ache,
help with motion sickness,disease_prediction,1.0,,motion sickness,
diagnosis of cough,disease_prediction,1.0,,cough,
understand metabolism,general_info,1.0,,,metabolism
information about wellness,general_info,1.0,,,wellness
what's srotas,general_info,1.0,,,srotas
mild gas,disease_prediction,1.0,,gas,
health properties of shatavari ksheera,herb_benefits,1.0,shatavari ksheera,,
kushmanda khanda medicinal uses,herb_benefits,1.0,kushmanda khanda,,
philosophy of kapha,general_info,1.0,,,kapha
healing power of vetasa,herb_benefits,1.0,vetasa,,
natural advantages of raupya bhasma,herb_benefits,1.0,raupya bhasma,,
I experience wounds,disease_prediction,1.0,,wounds,
vata viewpoint,general_info,1.0,,,vata
therapeutic value of shukti bhasma,herb_benefits,1.0,shukti bhasma,,
I'm experiencing sneezing,disease_prediction,1.0,,sneezing,
virechana wisdom,general_info,1.0,,,virechana
kadali pushpa natural medicine,herb_benefits,1.0,kadali pushpa,,
alternative medicine for irregular periods,disease_prediction,1.0,,irregular periods,
benefits of masha,herb_benefits,1.0,masha,,
uses of vrihi,herb_benefits,1.0,vrihi,,
severe dandruff,disease_prediction,1.0,,dandruff,
discovering circulation,general_info,1.0,,,circulation
natural benefits of swarnapatri,herb_benefits,1.0,swarnapatri,,
permanent cure for hot flashes,disease_prediction,1.0,,hot flashes,
understand natural healing,general_info,1.0,,,natural healing
preventing cough,disease_prediction,1.0,,cough,
introduction to agni,general_info,1.0,,,agni
explain trimala,general_info,1.0,,,trimala
symptoms of sinusitis,disease_prediction,1.0,,sinusitis,
relief from acne,disease_prediction,1.0,,acne,
healing power of shvet musli,herb_benefits,1.0,shvet musli,,
ancient uses of jeerakarishtam,herb_benefits,1.0,jeerakarishtam,,
natural treatment for diarrhea,disease_prediction,1.0,,diarrhea,
tulsi health effects,herb_benefits,1.0,tulsi,,
agni wisdom,general_info,1.0,,,agni
abhyanga viewpoint,general_info,1.0,,,abhyanga
history of shadrasas,general_info,1.0,,,shadrasas
kushtha nutritional benefits,herb_benefits,1.0,kushtha,,
overcoming gas,disease_prediction,1.0,,gas,
treatment for cold,disease_prediction,1.0,,cold,
remedy for mood swings,disease_prediction,1.0,,mood swings,
traditional uses of gymnema,herb_benefits,1.0,gymnema,,
kumbhika therapeutic benefits,herb_benefits,1.0,kumbhika,,
eczema treatment,disease_prediction,1.0,,eczema,
amra haridra benefits,herb_benefits,1.0,amra haridra,,
methi effects,herb_benefits,1.0,methi,,
overcoming tinnitus,disease_prediction,1.0,,tinnitus,
natural cure for allergies,disease_prediction,1.0,,allergies,
recurring strains,disease_prediction,1.0,,strains,
kalajaji remedy uses,herb_benefits,1.0,kalajaji,,
panchamahabhutas methodology,general_info,1.0,,,panchamahabhutas
diagnosis of depression,disease_prediction,1.0,,depression,
define kapha,general_info,1.0,,,kapha
benefits and uses of guggulutiktakam ghritam,herb_benefits,1.0,guggulutiktakam ghritam,,
jivanti health effects,herb_benefits,1.0,jivanti,,
controlling tinnitus,disease_prediction,1.0,,tinnitus,
tridosha basics,general_info,1.0,,,tridosha
utpala medicinal uses,herb_benefits,1.0,utpala,,
panchakarma concepts,general_info,1.0,,,panchakarma
importance of gunas,general_info,1.0,,,gunas
medicinal effects of vriddhi,herb_benefits,1.0,vriddhi,,
traditional cures for brain fog,disease_prediction,1.0,,brain fog,
researching prabhava,general_info,1.0,,,prabhava
understand dosha,general_info,1.0,,,dosha
constitution perspective,general_info,1.0,,,constitution
how to use nirgundi,herb_benefits,1.0,nirgundi,,
mild menstrual cramps,disease_prediction,1.0,,menstrual cramps,
healing spasms,disease_prediction,1.0,,spasms,
I'm experiencing restless legs,disease_prediction,1.0,,restless legs,
sarja natural medicine,herb_benefits,1.0,sarja,,
medicinal applications of parijata,herb_benefits,1.0,parijata,,
tell me about saptadhatu,general_info,1.0,,,saptadhatu
why use varahikanda,herb_benefits,1.0,varahikanda,,
overcoming gas,disease_prediction,1.0,,gas,
tejas perspective,general_info,1.0,,,tejas
benefits of utpala,herb_benefits,1.0,utpala,,
properties of sudarshan churna,herb_benefits,1.0,sudarshan churna,,
help with low energy,disease_prediction,1.0,,low energy,
pushkarmool medicinal uses,herb_benefits,1.0,pushkarmool,,
therapeutic applications of eranda,herb_benefits,1.0,eranda,,
I'm experiencing wounds,disease_prediction,1.0,,wounds,
overview of gunas,general_info,1.0,,,gunas
advantages of anu taila,herb_benefits,1.0,anu taila,,
abdominal pain symptoms,disease_prediction,1.0,,abdominal pain,
understand dosha,general_info,1.0,,,dosha
remedy for nausea,disease_prediction,1.0,,nausea,
holistic treatment for sore throat,disease_prediction,1.0,,sore throat,
gambhari for holistic health,herb_benefits,1.0,gambhari,,
severe irregular periods,disease_prediction,1.0,,irregular periods,
philosophy of body type,general_info,1.0,,,body type
shirodhara theory,general_info,1.0,,,shirodhara
properties of kankataka,herb_benefits,1.0,kankataka,,
traditional cures for tingling,disease_prediction,1.0,,tingling,
trimala methodology,general_info,1.0,,,trimala
traditional cure for chest pain,disease_prediction,1.0,,chest pain,
examining cleansing,general_info,1.0,,,cleansing
relief from runny nose,disease_prediction,1.0,,runny nose,
ayurvedic advantages of vetasa,herb_benefits,1.0,vetasa,,
gairika medicinal uses,herb_benefits,1.0,gairika,,
help with inflammation,disease_prediction,1.0,,inflammation,
sarpaksi for holistic health,herb_benefits,1.0,sarpaksi,,
I'm experiencing back pain,disease_prediction,1.0,,back pain,
what are the benefits of dhanyamla,herb_benefits,1.0,dhanyamla,,
natural advantages of swarnapatri,herb_benefits,1.0,swarnapatri,,
health benefits of jalavetasa,herb_benefits,1.0,jalavetasa,,
reducing fever,disease_prediction,1.0,,fever,
benefits and uses of pushkarmool,herb_benefits,1.0,pushkarmool,,
advantages of karnikara,herb_benefits,1.0,karnikara,,
managing sore throat,disease_prediction,1.0,,sore throat,
fundamentals of circulation,general_info,1.0,,,circulation
natural advantages of jatyadi taila,herb_benefits,1.0,jatyadi taila,,
snoring cure,disease_prediction,1.0,,snoring,
managing sore throat,disease_prediction,1.0,,sore throat,
natural cure for night sweats,disease_prediction,1.0,,night sweats,
preventing psoriasis,disease_prediction,1.0,,psoriasis,
relief from chronic fatigue,disease_prediction,1.0,,chronic fatigue,
natural benefits of upodika,herb_benefits,1.0,upodika,,
benefits of black pepper,herb_benefits,1.0,black pepper,,
chandana properties,herb_benefits,1.0,chandana,,
quick relief from diabetes,disease_prediction,1.0,,diabetes,
symptoms of gastritis,disease_prediction,1.0,,gastritis,
benefits of jivaka,herb_benefits,1.0,jivaka,,
virechana art,general_info,1.0,,,virechana
properties of ksheera,herb_benefits,1.0,ksheera,,
natural treatment for itching,disease_prediction,1.0,,itching,
neelam pishti for natural treatment,herb_benefits,1.0,neelam pishti,,
how to use trivrit,herb_benefits,1.0,trivrit,,
tell me about chana,herb_benefits,1.0,chana,,
hot flashes symptoms,disease_prediction,1.0,,hot flashes,
explain ojas,general_info,1.0,,,ojas
help with sleep apnea,disease_prediction,1.0,,sleep apnea,
tell me about haridra,herb_benefits,1.0,haridra,,
alternative medicine for sore throat,disease_prediction,1.0,,sore throat,
healing power of karavira,herb_benefits,1.0,karavira,,
kumud for natural healing,herb_benefits,1.0,kumud,,
intermittent numbness,disease_prediction,1.0,,numbness,
meditation concepts,general_info,1.0,,,meditation
properties of dhatupaushtik churna,herb_benefits,1.0,dhatupaushtik churna,,
abhyanga science,general_info,1.0,,,abhyanga
kapha system,general_info,1.0,,,kapha
akika pishti natural medicine,herb_benefits,1.0,akika pishti,,
health benefits of vida lavana,herb_benefits,1.0,vida lavana,,
traditional medicine knowledge,general_info,1.0,,,traditional medicine
reducing anxiety,disease_prediction,1.0,,anxiety,
panchakarma science,general_info,1.0,,,panchakarma
researching mind-body connection,general_info,1.0,,,mind-body connection
uses of visha tinduka,herb_benefits,1.0,visha tinduka,,
tell me about laghu sutshekhar ras,herb_benefits,1.0,laghu sutshekhar ras,,
pitta viewpoint,general_info,1.0,,,pitta
tejas perspective,general_info,1.0,,,tejas
gunja remedy uses,herb_benefits,1.0,gunja,,
how does abhyanga work,general_info,1.0,,,abhyanga
principles of prana,general_info,1.0,,,prana
sudden burns,disease_prediction,1.0,,burns,
therapeutic applications of dadhi,herb_benefits,1.0,dadhi,,
diagnosis of asthma,disease_prediction,1.0,,asthma,
significance of vikriti,general_info,1.0,,,vikriti
I'm suffering from motion sickness,disease_prediction,1.0,,motion sickness,
fundamentals of harmony,general_info,1.0,,,harmony
benefits and uses of agnikumarika,herb_benefits,1.0,agnikumarika,,
what causes diabetes,disease_prediction,1.0,,diabetes,
principles of natural healing,general_info,1.0,,,natural healing
lasunadi vati for health,herb_benefits,1.0,lasunadi vati,,
kalamba in herbal medicine,herb_benefits,1.0,kalamba,,
virechana fundamentals,general_info,1.0,,,virechana
what makes gotu kola beneficial,herb_benefits,1.0,gotu kola,,
snoring cure,disease_prediction,1.0,,snoring,
sleep apnea cure,disease_prediction,1.0,,sleep apnea,
introduction to virechana,general_info,1.0,,,virechana
examining harmony,general_info,1.0,,,harmony
cleansing understanding,general_info,1.0,,,cleansing
can you explain tridosha,general_info,1.0,,,tridosha
exploring alternative medicine,general_info,1.0,,,alternative medicine
fundamentals of panchakarma,general_info,1.0,,,panchakarma
natural treatment for cuts,disease_prediction,1.0,,cuts,
uses of vamsha,herb_benefits,1.0,vamsha,,
cleansing concepts,general_info,1.0,,,cleansing
guide to prana,general_info,1.0,,,prana
understanding cleansing,general_info,1.0,,,cleansing
learning immunity,general_info,1.0,,,immunity
alternative medicine for acne,disease_prediction,1.0,,acne,
mild eye strain,disease_prediction,1.0,,eye strain,
fundamentals of immunity,general_info,1.0,,,immunity
utingana health effects,herb_benefits,1.0,utingana,,
how does healthy lifestyle work,general_info,1.0,,,healthy lifestyle
therapeutic effects of gotu kola,herb_benefits,1.0,gotu kola,,
palandu natural medicine,herb_benefits,1.0,palandu,,
kutajarishta nutritional benefits,herb_benefits,1.0,kutajarishta,,
saptadhatu approach,general_info,1.0,,,saptadhatu
traditional cure for acidity,disease_prediction,1.0,,acidity,
how does circulation work,general_info,1.0,,,circulation
quick relief from anxiety,disease_prediction,1.0,,anxiety,
rohitaka for health,herb_benefits,1.0,rohitaka,,
cures for bloating,disease_prediction,1.0,,bloating,
prana philosophy,general_info,1.0,,,prana
what are the benefits of plaksha,herb_benefits,1.0,plaksha,,
rasamanikya uses,herb_benefits,1.0,rasamanikya,,
basti explained,general_info,1.0,,,basti
what makes vaikranta bhasma beneficial,herb_benefits,1.0,vaikranta bhasma,,
health benefits of ashwattha,herb_benefits,1.0,ashwattha,,
srotas basics,general_info,1.0,,,srotas
what makes kataka beneficial,herb_benefits,1.0,kataka,,
surana for natural treatment,herb_benefits,1.0,surana,,
I'm suffering from stomach ache,disease_prediction,1.0,,stomach ache,
balance philosophy,general_info,1.0,,,balance
science behind virya,general_info,1.0,,,virya
ambasthaki properties,herb_benefits,1.0,ambasthaki,,
detoxification wisdom,general_info,1.0,,,detoxification
examining holistic health,general_info,1.0,,,holistic health
eczema treatment,disease_prediction,1.0,,eczema,
why use bibhitaki,herb_benefits,1.0,bibhitaki,,
studying prabhava,general_info,1.0,,,prabhava
what makes rudraksha beneficial,herb_benefits,1.0,rudraksha,,
cures for dandruff,disease_prediction,1.0,,dandruff,
natural treatments for burns,disease_prediction,1.0,,burns,
info about dhatus,general_info,1.0,,,dhatus
ancient applications of kuntalakanti tailam,herb_benefits,1.0,kuntalakanti tailam,,
dry eyes symptoms,disease_prediction,1.0,,dry eyes,
krimi kuthar rasa for health,herb_benefits,1.0,krimi kuthar rasa,,
benefits and applications of badama taila,herb_benefits,1.0,badama taila,,
mind-body connection basics,general_info,1.0,,,mind-body connection
bhunimba remedy uses,herb_benefits,1.0,bhunimba,,
hypertension cure,disease_prediction,1.0,,hypertension,
origin of metabolism,general_info,1.0,,,metabolism
non-toxic remedy for wounds,disease_prediction,1.0,,wounds,
bhurja for wellness,herb_benefits,1.0,bhurja,,
information about bimbi,herb_benefits,1.0,bimbi,,
I feel eczema,disease_prediction,1.0,,eczema,
pippali natural medicine,herb_benefits,1.0,pippali,,
herbal medicine for low energy,disease_prediction,1.0,,low energy,
treatment for insomnia,disease_prediction,1.0,,insomnia,
understand saptadhatu,general_info,1.0,,,saptadhatu
balarishta natural medicine,herb_benefits,1.0,balarishta,,
healing bronchitis,disease_prediction,1.0,,bronchitis,
treatment for chest pain,disease_prediction,1.0,,chest pain,
fundamentals of rasa,general_info,1.0,,,rasa
investigating constitution,general_info,1.0,,,constitution
ayurvedic treatment for snoring,disease_prediction,1.0,,snoring,
ancient uses of dhatri loha,herb_benefits,1.0,dhatri loha,,
bhunimba remedy uses,herb_benefits,1.0,bhunimba,,
gairika medicinal uses,herb_benefits,1.0,gairika,,
introduction to virechana,general_info,1.0,,,virechana
healing hot flashes,disease_prediction,1.0,,hot flashes,
I've got depression,disease_prediction,1.0,,depression,
what are the principles of dhatus,general_info,1.0,,,dhatus
benefits and uses of bhadra,herb_benefits,1.0,bhadra,,
chopchini remedy uses,herb_benefits,1.0,chopchini,,
quick relief from sprains,disease_prediction,1.0,,sprains,
how does prasarini help,herb_benefits,1.0,prasarini,,
meditation knowledge,general_info,1.0,,,meditation
history of temperament,general_info,1.0,,,temperament
abhayarishta for health,herb_benefits,1.0,abhayarishta,,
traditional cures for hot flashes,disease_prediction,1.0,,hot flashes,
kasis bhasma natural medicine,herb_benefits,1.0,kasis bhasma,,
studying virya,general_info,1.0,,,virya
lata kasturi uses,herb_benefits,1.0,lata kasturi,,
amra haridra benefits,herb_benefits,1.0,amra haridra,,
eladi vati therapeutic benefits,herb_benefits,1.0,eladi vati,,
learning vikriti,general_info,1.0,,,vikriti
define tejas,general_info,1.0,,,tejas
ghrita for health,herb_benefits,1.0,ghrita,,
information about mind-body connection,general_info,1.0,,,mind-body connection
guide to dhatus,general_info,1.0,,,dhatus
relief from diabetes,disease_prediction,1.0,,diabetes,
understand immunity,general_info,1.0,,,immunity
fundamentals of immunity,general_info,1.0,,,immunity
non-toxic remedy for hypertension,disease_prediction,1.0,,hypertension,
gunas tradition,general_info,1.0,,,gunas
information about vatsanabha,herb_benefits,1.0,vatsanabha,,
svetamarica nutritional benefits,herb_benefits,1.0,svetamarica,,
metabolism wisdom,general_info,1.0,,,metabolism
overcoming gas,disease_prediction,1.0,,gas,
benefits and uses of chandana,herb_benefits,1.0,chandana,,
symptoms of gas,disease_prediction,1.0,,gas,
constitution wisdom,general_info,1.0,,,constitution
healing spasms,disease_prediction,1.0,,spasms,
how to treat oily skin,disease_prediction,1.0,,oily skin,
abhyanga art,general_info,1.0,,,abhyanga
ojas science,general_info,1.0,,,ojas
why use ocimum,herb_benefits,1.0,ocimum,,
importance of agni,general_info,1.0,,,agni
symptoms of snoring,disease_prediction,1.0,,snoring,
introduction to circulation,general_info,1.0,,,circulation
preventing memory problems,disease_prediction,1.0,,memory problems,
origin of dosha,general_info,1.0,,,dosha
what causes dry skin,disease_prediction,1.0,,dry skin,
information about gokshuradi guggulu,herb_benefits,1.0,gokshuradi guggulu,,
vidanga in traditional medicine,herb_benefits,1.0,vidanga,,
symptoms of nausea,disease_prediction,1.0,,nausea,
exploring traditional medicine,general_info,1.0,,,traditional medicine
remedy for weakness,disease_prediction,1.0,,weakness,
effective treatment for chronic fatigue,disease_prediction,1.0,,chronic fatigue,
healthy lifestyle theory,general_info,1.0,,,healthy lifestyle
discovering yoga,general_info,1.0,,,yoga
bhunimba remedy uses,herb_benefits,1.0,bhunimba,,
constant diarrhea,disease_prediction,1.0,,diarrhea,
recurring heartburn,disease_prediction,1.0,,heartburn,
advantages of putikaranja,herb_benefits,1.0,putikaranja,,
preventing psoriasis,disease_prediction,1.0,,psoriasis,
kokilaksha remedy uses,herb_benefits,1.0,kokilaksha,,
information about nasya,general_info,1.0,,,nasya
how to use bhanga,herb_benefits,1.0,bhanga,,
how to use varahikanda,herb_benefits,1.0,varahikanda,,
philosophy of basti,general_info,1.0,,,basti
persistent spasms,disease_prediction,1.0,,spasms,
studying virya,general_info,1.0,,,virya
advantages of ela,herb_benefits,1.0,ela,,
sudden numbness,disease_prediction,1.0,,numbness,
science behind virya,general_info,1.0,,,virya
learn about pranayama,general_info,1.0,,,pranayama
history of ama,general_info,1.0,,,ama
saptadhatu understanding,general_info,1.0,,,saptadhatu
safe treatment for memory problems,disease_prediction,1.0,,memory problems,
vikriti system,general_info,1.0,,,vikriti
karpooradi thailam for natural healing,herb_benefits,1.0,karpooradi thailam,,
why use shigru patra,herb_benefits,1.0,shigru patra,,
agni viewpoint,general_info,1.0,,,agni
constant chronic fatigue,disease_prediction,1.0,,chronic fatigue,
azadirachta for natural healing,herb_benefits,1.0,azadirachta,,
recurring burns,disease_prediction,1.0,,burns,
fundamentals of natural healing,general_info,1.0,,,natural healing
learning shirodhara,general_info,1.0,,,shirodhara
tejas basics,general_info,1.0,,,tejas
why is panchavalkala kwath healthy,herb_benefits,1.0,panchavalkala kwath,,
alleviating inflammation,disease_prediction,1.0,,inflammation,
natural advantages of manjistha,herb_benefits,1.0,manjistha,,
persistent restless legs,disease_prediction,1.0,,restless legs,
herbal medicine for mood swings,disease_prediction,1.0,,mood swings,
tell me about yoga,general_info,1.0,,,yoga
kushmanda khanda medicinal uses,herb_benefits,1.0,kushmanda khanda,,
introduction to vikriti,general_info,1.0,,,vikriti
overview of gunas,general_info,1.0,,,gunas
therapeutic effects of parpataka,herb_benefits,1.0,parpataka,,
digestion tradition,general_info,1.0,,,digestion
triphala guggulu in herbal medicine,herb_benefits,1.0,triphala guggulu,,
what's pitta,general_info,1.0,,,pitta
constant stress,disease_prediction,1.0,,stress,
persistent wounds,disease_prediction,1.0,,wounds,
help with eczema,disease_prediction,1.0,,eczema,
what is prabhava,general_info,1.0,,,prabhava
therapeutic value of marichyadi vati,herb_benefits,1.0,marichyadi vati,,
yoga viewpoint,general_info,1.0,,,yoga
learn about vata,general_info,1.0,,,vata
home remedy for sinusitis,disease_prediction,1.0,,sinusitis,
hijal remedy uses,herb_benefits,1.0,hijal,,
therapeutic applications of kapittha,herb_benefits,1.0,kapittha,,
sprains cure,disease_prediction,1.0,,sprains,
what does phala ghrita do,herb_benefits,1.0,phala ghrita,,
constant dry skin,disease_prediction,1.0,,dry skin,
I experience snoring,disease_prediction,1.0,,snoring,
best medicine for diabetes,disease_prediction,1.0,,diabetes,
safe treatment for morning sickness,disease_prediction,1.0,,morning sickness,
malas approach,general_info,1.0,,,malas
healing weakness,disease_prediction,1.0,,weakness,
what are the benefits of draksharishta,herb_benefits,1.0,draksharishta,,
how to treat spasms,disease_prediction,1.0,,spasms,
sleep apnea cure,disease_prediction,1.0,,sleep apnea,
cure for burning sensation,disease_prediction,1.0,,burning sensation,
saptadhatu theory,general_info,1.0,,,saptadhatu
how does kasheruka help,herb_benefits,1.0,kasheruka,,
what does amrita ghrita do,herb_benefits,1.0,amrita ghrita,,
diagnosis of inflammation,disease_prediction,1.0,,inflammation,
importance of tridosha,general_info,1.0,,,tridosha
suranjana for natural treatment,herb_benefits,1.0,suranjana,,
information about kaishore guggul,herb_benefits,1.0,kaishore guggul,,
benefits of tridosha,general_info,1.0,,,tridosha
basics of prana,general_info,1.0,,,prana
benefits and uses of chandana,herb_benefits,1.0,chandana,,
tell me about meditation,general_info,1.0,,,meditation
benefits and uses of eranda taila,herb_benefits,1.0,eranda taila,,
acne symptoms,disease_prediction,1.0,,acne,
meditation methodology,general_info,1.0,,,meditation
balance approach,general_info,1.0,,,balance
panchamahabhutas wisdom,general_info,1.0,,,panchamahabhutas
what is herbal medicine,general_info,1.0,,,herbal medicine
karpasa moola nutritional benefits,herb_benefits,1.0,karpasa moola,,
bacopa for natural treatment,herb_benefits,1.0,bacopa,,
therapeutic effects of fenugreek,herb_benefits,1.0,fenugreek,,
understanding mind-body connection,general_info,1.0,,,mind-body connection
non-toxic remedy for muscle pain,disease_prediction,1.0,,muscle pain,
benefits and uses of bhadra,herb_benefits,1.0,bhadra,,
healthy lifestyle theory,general_info,1.0,,,healthy lifestyle
prabhava principles,general_info,1.0,,,prabhava
chirabilva therapeutic benefits,herb_benefits,1.0,chirabilva,,
treatment for morning sickness,disease_prediction,1.0,,morning sickness,
alleviating morning sickness,disease_prediction,1.0,,morning sickness,
information about kachnar,herb_benefits,1.0,kachnar,,
trivanga bhasma for health improvement,herb_benefits,1.0,trivanga bhasma,,
ear pain cure,disease_prediction,1.0,,ear pain,
introduction to metabolism,general_info,1.0,,,metabolism
kantakari for natural healing,herb_benefits,1.0,kantakari,,
diagnosis of depression,disease_prediction,1.0,,depression,
medicine for wounds,disease_prediction,1.0,,wounds,
what are the benefits of rohitakarishta,herb_benefits,1.0,rohitakarishta,,
remedy for cough,disease_prediction,1.0,,cough,
medicinal value of shvet musli,herb_benefits,1.0,shvet musli,,
quick relief from acne,disease_prediction,1.0,,acne,
what is panchavalkala kwath good for,herb_benefits,1.0,panchavalkala kwath,,
medicinal applications of kanchanara guggulu,herb_benefits,1.0,kanchanara guggulu,,
therapeutic applications of neem,herb_benefits,1.0,neem,,
fundamentals of dosha,general_info,1.0,,,dosha
medicine for snoring,disease_prediction,1.0,,snoring,
exploring basti,general_info,1.0,,,basti
discovering shirodhara,general_info,1.0,,,shirodhara
understand wellness,general_info,1.0,,,wellness
information about shankha bhasma,herb_benefits,1.0,shankha bhasma,,
krimighna vati nutritional benefits,herb_benefits,1.0,krimighna vati,,
rasamanikya medicinal uses,herb_benefits,1.0,rasamanikya,,
marichyadi vati remedy uses,herb_benefits,1.0,marichyadi vati,,
information about saptadhatu,general_info,1.0,,,saptadhatu
discovering alternative medicine,general_info,1.0,,,alternative medicine
saptadhatu approach,general_info,1.0,,,saptadhatu
healing burning sensation,disease_prediction,1.0,,burning sensation,
health properties of icchabhedi rasa,herb_benefits,1.0,icchabhedi rasa,,
learn about panchakarma,general_info,1.0,,,panchakarma
basics of srotas,general_info,1.0,,,srotas
therapeutic value of bilwadi leha,herb_benefits,1.0,bilwadi leha,,
philosophy of ojas,general_info,1.0,,,ojas
permanent cure for bronchitis,disease_prediction,1.0,,bronchitis,
how does kshirabala thailam help,herb_benefits,1.0,kshirabala thailam,,
learning ama,general_info,1.0,,,ama
sukumara kashayam therapeutic benefits,herb_benefits,1.0,sukumara kashayam,,
history of nutrition,general_info,1.0,,,nutrition
tintidika for health improvement,herb_benefits,1.0,tintidika,,
ahiphena wellness benefits,herb_benefits,1.0,ahiphena,,
natural cure for snoring,disease_prediction,1.0,,snoring,
philosophy of ama,general_info,1.0,,,ama
origin of pitta,general_info,1.0,,,pitta
I'm suffering from stomach ache,disease_prediction,1.0,,stomach ache,
jatyadi ghrita health effects,herb_benefits,1.0,jatyadi ghrita,,
significance of abhyanga,general_info,1.0,,,abhyanga
traditional applications of jatyadi taila,herb_benefits,1.0,jatyadi taila,,
how can parpataka help,herb_benefits,1.0,parpataka,,
virya philosophy,general_info,1.0,,,virya
medicinal applications of kovidara,herb_benefits,1.0,kovidara,,
importance of gunas,general_info,1.0,,,gunas
sprains treatment,disease_prediction,1.0,,sprains,
khadiradi vati medicinal uses,herb_benefits,1.0,khadiradi vati,,
learn about harmony,general_info,1.0,,,harmony
managing depression,disease_prediction,1.0,,depression,
kulathadi kwath benefits,herb_benefits,1.0,kulathadi kwath,,
constitution knowledge,general_info,1.0,,,constitution
rasa methodology,general_info,1.0,,,rasa
masha nutritional benefits,herb_benefits,1.0,masha,,
gairika in traditional medicine,herb_benefits,1.0,gairika,,
how does manikya pishti help,herb_benefits,1.0,manikya pishti,,
learning tridosha,general_info,1.0,,,tridosha
constitution knowledge,general_info,1.0,,,constitution
what is natural healing,general_info,1.0,,,natural healing
what causes inflammation,disease_prediction,1.0,,inflammation,
acne symptoms,disease_prediction,1.0,,acne,
significance of ojas,general_info,1.0,,,ojas
tridosha basics,general_info,1.0,,,tridosha
discovering virya,general_info,1.0,,,virya
gunas practice,general_info,1.0,,,gunas
meditation viewpoint,general_info,1.0,,,meditation
therapeutic effects of indravaruni,herb_benefits,1.0,indravaruni,,
how to use sukumara kashayam,herb_benefits,1.0,sukumara kashayam,,
traditional uses of kasis bhasma,herb_benefits,1.0,kasis bhasma,,
introduction to prana,general_info,1.0,,,prana
ama approach,general_info,1.0,,,ama
I feel blurred vision,disease_prediction,1.0,,blurred vision,
intermittent sneezing,disease_prediction,1.0,,sneezing,
philosophy of body type,general_info,1.0,,,body type
significance of body type,general_info,1.0,,,body type
learn about immunity,general_info,1.0,,,immunity
preventing memory problems,disease_prediction,1.0,,memory problems,
constant itching,disease_prediction,1.0,,itching,
gangeruki for health improvement,herb_benefits,1.0,gangeruki,,
natural cure for memory problems,disease_prediction,1.0,,memory problems,
philosophy of vikriti,general_info,1.0,,,vikriti
advantages of alarka,herb_benefits,1.0,alarka,,
fundamentals of virechana,general_info,1.0,,,virechana
traditional cure for allergies,disease_prediction,1.0,,allergies,
sudden menstrual cramps,disease_prediction,1.0,,menstrual cramps,
natural healing approach,general_info,1.0,,,natural healing
researching saptadhatu,general_info,1.0,,,saptadhatu
uses of ocimum,herb_benefits,1.0,ocimum,,
hamsapadi for natural treatment,herb_benefits,1.0,hamsapadi,,
properties of gandhak rasayan,herb_benefits,1.0,gandhak rasayan,,
ancient uses of ketaki,herb_benefits,1.0,ketaki,,
chronic abdominal pain,disease_prediction,1.0,,abdominal pain,
andrographis effects,herb_benefits,1.0,andrographis,,
panchakarma art,general_info,1.0,,,panchakarma
guide to prana,general_info,1.0,,,prana
alternative medicine for hearing problems,disease_prediction,1.0,,hearing problems,
researching dosha,general_info,1.0,,,dosha
immunity wisdom,general_info,1.0,,,immunity
researching mind-body connection,general_info,1.0,,,mind-body connection
abhayarishta for health,herb_benefits,1.0,abhayarishta,,
lata kasturi properties,herb_benefits,1.0,lata kasturi,,
vata understanding,general_info,1.0,,,vata
what causes diabetes,disease_prediction,1.0,,diabetes,
exploring traditional medicine,general_info,1.0,,,traditional medicine
discovering natural healing,general_info,1.0,,,natural healing
herbal medicine for ear pain,disease_prediction,1.0,,ear pain,
basics of meditation,general_info,1.0,,,meditation
guide to prana,general_info,1.0,,,prana
therapeutic effects of indravaruni,herb_benefits,1.0,indravaruni,,
introduction to metabolism,general_info,1.0,,,metabolism
herbal medicine for dizziness,disease_prediction,1.0,,dizziness,
temperament theory,general_info,1.0,,,temperament
amritarishta for health,herb_benefits,1.0,amritarishta,,
reducing anxiety,disease_prediction,1.0,,anxiety,
safe treatments for memory problems,disease_prediction,1.0,,memory problems,
benefits of holistic health,general_info,1.0,,,holistic health
what are the principles of holistic health,general_info,1.0,,,holistic health
dealing with heartburn,disease_prediction,1.0,,heartburn,
medicinal applications of triphala,herb_benefits,1.0,triphala,,
having dry skin,disease_prediction,1.0,,dry skin,
blurred vision symptoms,disease_prediction,1.0,,blurred vision,
basics of metabolism,general_info,1.0,,,metabolism
blurred vision symptoms,disease_prediction,1.0,,blurred vision,
swelling cure,disease_prediction,1.0,,swelling,
I'm experiencing eye strain,disease_prediction,1.0,,eye strain,
discovering agni,general_info,1.0,,,agni
neelam pishti for natural treatment,herb_benefits,1.0,neelam pishti,,
chandana properties,herb_benefits,1.0,chandana,,
exploring wellness,general_info,1.0,,,wellness
discovering gunas,general_info,1.0,,,gunas
tanduliyaka uses,herb_benefits,1.0,tanduliyaka,,
what's constitution,general_info,1.0,,,constitution
I feel bronchitis,disease_prediction,1.0,,bronchitis,
pushkarmool in herbal medicine,herb_benefits,1.0,pushkarmool,,
what makes kukkutanda twak bhasma beneficial,herb_benefits,1.0,kukkutanda twak bhasma,,
pranayama science,general_info,1.0,,,pranayama
investigating cleansing,general_info,1.0,,,cleansing
help with low energy,disease_prediction,1.0,,low energy,
philosophy of ojas,general_info,1.0,,,ojas
why use hapusa,herb_benefits,1.0,hapusa,,
dealing with mood swings,disease_prediction,1.0,,mood swings,
balance understanding,general_info,1.0,,,balance
medicine for stress,disease_prediction,1.0,,stress,
benefits of prakriti,general_info,1.0,,,prakriti
cures for numbness,disease_prediction,1.0,,numbness,
tintidika natural medicine,herb_benefits,1.0,tintidika,,
ancient uses of guda,herb_benefits,1.0,guda,,
detoxification wisdom,general_info,1.0,,,detoxification
panna pishti for wellness,herb_benefits,1.0,panna pishti,,
how to treat morning sickness,disease_prediction,1.0,,morning sickness,
therapeutic effects of laksha,herb_benefits,1.0,laksha,,
dealing with concentration issues,disease_prediction,1.0,,concentration issues,
fundamentals of alternative medicine,general_info,1.0,,,alternative medicine
gunas perspective,general_info,1.0,,,gunas
benefits of bhumi jambuka,herb_benefits,1.0,bhumi jambuka,,
what does madhu do,herb_benefits,1.0,madhu,,
natural treatment for burns,disease_prediction,1.0,,burns,
understand metabolism,general_info,1.0,,,metabolism
introduction to malas,general_info,1.0,,,malas
benefits and uses of rajapravartini vati,herb_benefits,1.0,rajapravartini vati,,
recurring strains,disease_prediction,1.0,,strains,
why use sariva,herb_benefits,1.0,sariva,,
reducing hypertension,disease_prediction,1.0,,hypertension,
why use javitri,herb_benefits,1.0,javitri,,
utpala for wellness,herb_benefits,1.0,utpala,,
ayurvedic benefits of gulakanda,herb_benefits,1.0,gulakanda,,
sala properties,herb_benefits,1.0,sala,,
ushira nutritional benefits,herb_benefits,1.0,ushira,,
examining dhatus,general_info,1.0,,,dhatus
what does haridra do,herb_benefits,1.0,haridra,,
centella for health,herb_benefits,1.0,centella,,
karvellaka for health improvement,herb_benefits,1.0,karvellaka,,
how does kalyanaka ghrita help,herb_benefits,1.0,kalyanaka ghrita,,
quick relief from hearing problems,disease_prediction,1.0,,hearing problems,
kutajarishta nutritional benefits,herb_benefits,1.0,kutajarishta,,
natural benefits of khadiradi vati,herb_benefits,1.0,khadiradi vati,,
dealing with concentration issues,disease_prediction,1.0,,concentration issues,
medicinal applications of manibhadra guda,herb_benefits,1.0,manibhadra guda,,
natural benefits of dhattura beeja,herb_benefits,1.0,dhattura beeja,,
panchamahabhutas basics,general_info,1.0,,,panchamahabhutas
medicinal applications of kaishore guggul,herb_benefits,1.0,kaishore guggul,,
origin of pitta,general_info,1.0,,,pitta
benefits and applications of matulunga,herb_benefits,1.0,matulunga,,
reducing spasms,disease_prediction,1.0,,spasms,
natural advantages of sthuneyaka,herb_benefits,1.0,sthuneyaka,,
alleviating night sweats,disease_prediction,1.0,,night sweats,
panchakarma fundamentals,general_info,1.0,,,panchakarma
role of virechana,general_info,1.0,,,virechana
medicinal properties of prabhakar vati,herb_benefits,1.0,prabhakar vati,,
ayurvedic benefits of souvarchala lavana,herb_benefits,1.0,souvarchala lavana,,
relief from headache,disease_prediction,1.0,,headache,
saptadhatu principles,general_info,1.0,,,saptadhatu
what is haridra good for,herb_benefits,1.0,haridra,,
relief from skin rash,disease_prediction,1.0,,skin rash,
history of natural healing,general_info,1.0,,,natural healing
benefits of marichyadi vati,herb_benefits,1.0,marichyadi vati,,
what does mahakalyanaka ghritam do,herb_benefits,1.0,mahakalyanaka ghritam,,
natural advantages of ingudi,herb_benefits,1.0,ingudi,,
how can kshirabala thailam help,herb_benefits,1.0,kshirabala thailam,,
permanent cure for indigestion,disease_prediction,1.0,,indigestion,
home remedy for irregular periods,disease_prediction,1.0,,irregular periods,
persistent cramps,disease_prediction,1.0,,cramps,
alternative medicine for fatigue,disease_prediction,1.0,,fatigue,
circulation philosophy,general_info,1.0,,,circulation
mind-body connection explained,general_info,1.0,,,mind-body connection
what causes heartburn,disease_prediction,1.0,,heartburn,
effective treatment for abdominal pain,disease_prediction,1.0,,abdominal pain,
ushiradi churna for wellness,herb_benefits,1.0,ushiradi churna,,
dealing with allergies,disease_prediction,1.0,,allergies,
herbal medicine for chronic fatigue,disease_prediction,1.0,,chronic fatigue,
what is mahabala good for,herb_benefits,1.0,mahabala,,
history of prana,general_info,1.0,,,prana
investigating wellness,general_info,1.0,,,wellness
natural cure for night sweats,disease_prediction,1.0,,night sweats,
relief from tingling,disease_prediction,1.0,,tingling,
researching yoga,general_info,1.0,,,yoga
energy methodology,general_info,1.0,,,energy
jati effects,herb_benefits,1.0,jati,,
importance of vikriti,general_info,1.0,,,vikriti
introduction to rasa,general_info,1.0,,,rasa
basics of panchakarma,general_info,1.0,,,panchakarma
quick relief from vomiting,disease_prediction,1.0,,vomiting,
what does rohitakarishta do,herb_benefits,1.0,rohitakarishta,,
information about utingana,herb_benefits,1.0,utingana,,
remedy for gas,disease_prediction,1.0,,gas,
history of temperament,general_info,1.0,,,temperament
jati effects,herb_benefits,1.0,jati,,
home remedy for hair loss,disease_prediction,1.0,,hair loss,
pitta viewpoint,general_info,1.0,,,pitta
hijal healing properties,herb_benefits,1.0,hijal,,
effective treatment for dandruff,disease_prediction,1.0,,dandruff,
dosha explained,general_info,1.0,,,dosha
virechana philosophy,general_info,1.0,,,virechana
therapeutic applications of nagadanti,herb_benefits,1.0,nagadanti,,
exploring basti,general_info,1.0,,,basti
what is ayurveda,general_info,1.0,,,ayurveda
vata system,general_info,1.0,,,vata
I'm experiencing acne,disease_prediction,1.0,,acne,
importance of meditation,general_info,1.0,,,meditation
history of virya,general_info,1.0,,,virya
gunas science,general_info,1.0,,,gunas
overcoming hypertension,disease_prediction,1.0,,hypertension,
permanent cure for motion sickness,disease_prediction,1.0,,motion sickness,
herbal medicine concepts,general_info,1.0,,,herbal medicine
shilajit for wellness,herb_benefits,1.0,shilajit,,
preventing mood swings,disease_prediction,1.0,,mood swings,
managing ear pain,disease_prediction,1.0,,ear pain,
what causes sore throat,disease_prediction,1.0,,sore throat,
home remedy for constipation,disease_prediction,1.0,,constipation,
ayurvedic benefits of utpala,herb_benefits,1.0,utpala,,
dealing with strains,disease_prediction,1.0,,strains,
nutrition art,general_info,1.0,,,nutrition
what makes nagabala beneficial,herb_benefits,1.0,nagabala,,
history of ama,general_info,1.0,,,ama
effective treatment for night sweats,disease_prediction,1.0,,night sweats,
understand preventive medicine,general_info,1.0,,,preventive medicine
raupya bhasma in herbal medicine,herb_benefits,1.0,raupya bhasma,,
I have eczema,disease_prediction,1.0,,eczema,
what causes sleep apnea,disease_prediction,1.0,,sleep apnea,
medicinal applications of shunthi,herb_benefits,1.0,shunthi,,
therapeutic applications of kapittha,herb_benefits,1.0,kapittha,,
diagnosis of cramps,disease_prediction,1.0,,cramps,
tingling cure,disease_prediction,1.0,,tingling,
rasa science,general_info,1.0,,,rasa
persistent cuts,disease_prediction,1.0,,cuts,
what causes mood swings,disease_prediction,1.0,,mood swings,
alleviating irregular periods,disease_prediction,1.0,,irregular periods,
healing strains,disease_prediction,1.0,,strains,
fundamentals of pranayama,general_info,1.0,,,pranayama
tell me about detoxification,general_info,1.0,,,detoxification
natural treatment for muscle pain,disease_prediction,1.0,,muscle pain,
I have eczema,disease_prediction,1.0,,eczema,
exploring vikriti,general_info,1.0,,,vikriti
medicine for chronic fatigue,disease_prediction,1.0,,chronic fatigue,
preventing constipation,disease_prediction,1.0,,constipation,
tejas explained,general_info,1.0,,,tejas
history of holistic health,general_info,1.0,,,holistic health
advantages of ela,herb_benefits,1.0,ela,,
guide to dosha,general_info,1.0,,,dosha
mild menstrual cramps,disease_prediction,1.0,,menstrual cramps,
exploring basti,general_info,1.0,,,basti
sudden numbness,disease_prediction,1.0,,numbness,
understanding prana,general_info,1.0,,,prana
what're the benefits of kamala kesara,herb_benefits,1.0,kamala kesara,,
what makes kataka beneficial,herb_benefits,1.0,kataka,,
dosha knowledge,general_info,1.0,,,dosha
what is himasagara thailam good for,herb_benefits,1.0,himasagara thailam,,
turmeric properties,herb_benefits,1.0,turmeric,,
constitution perspective,general_info,1.0,,,constitution
kaishore guggul wellness benefits,herb_benefits,1.0,kaishore guggul,,
kapha system,general_info,1.0,,,kapha
what are the advantages of bhumyamalaki,herb_benefits,1.0,bhumyamalaki,,
what is ashoka ghrita good for,herb_benefits,1.0,ashoka ghrita,,
natural cures for acne,disease_prediction,1.0,,acne,
help with stomach ache,disease_prediction,1.0,,stomach ache,
home remedy for sinusitis,disease_prediction,1.0,,sinusitis,
I experience abdominal pain,disease_prediction,1.0,,abdominal pain,
information about mahamarichyadi taila,herb_benefits,1.0,mahamarichyadi taila,,
medicinal properties of dronapushpi,herb_benefits,1.0,dronapushpi,,
overview of wellness,general_info,1.0,,,wellness
kakajangha in herbal medicine,herb_benefits,1.0,kakajangha,,
understand prabhava,general_info,1.0,,,prabhava
svalpa khadiradi vati effects,herb_benefits,1.0,svalpa khadiradi vati,,
symptoms of stress,disease_prediction,1.0,,stress,
examining panchamahabhutas,general_info,1.0,,,panchamahabhutas
temperament theory,general_info,1.0,,,temperament
remedy for snoring,disease_prediction,1.0,,snoring,
healing restless legs,disease_prediction,1.0,,restless legs,
digestion viewpoint,general_info,1.0,,,digestion
medicine for tinnitus,disease_prediction,1.0,,tinnitus,
alternative medicine perspective,general_info,1.0,,,alternative medicine
recurring sore throat,disease_prediction,1.0,,sore throat,
treatment for constipation,disease_prediction,1.0,,constipation,
ojas principles,general_info,1.0,,,ojas
alternative medicine for hearing problems,disease_prediction,1.0,,hearing problems,
natural benefits of upodika,herb_benefits,1.0,upodika,,
cleansing tradition,general_info,1.0,,,cleansing
properties of ushtra dugdha,herb_benefits,1.0,ushtra dugdha,,
bibhitaki wellness benefits,herb_benefits,1.0,bibhitaki,,
I feel depression,disease_prediction,1.0,,depression,
reducing dry eyes,disease_prediction,1.0,,dry eyes,
learn about circulation,general_info,1.0,,,circulation
information about kaishore guggul,herb_benefits,1.0,kaishore guggul,,
kushmanda khanda properties,herb_benefits,1.0,kushmanda khanda,,
exploring pitta,general_info,1.0,,,pitta
symptoms of indigestion,disease_prediction,1.0,,indigestion,
medicinal properties of prapunnada,herb_benefits,1.0,prapunnada,,
basics of meditation,general_info,1.0,,,meditation
tell me about patala,herb_benefits,1.0,patala,,
I'm suffering from oily skin,disease_prediction,1.0,,oily skin,
role of ama,general_info,1.0,,,ama
understand srotas,general_info,1.0,,,srotas
amalaki rasayana therapeutic benefits,herb_benefits,1.0,amalaki rasayana,,
how to treat night sweats,disease_prediction,1.0,,night sweats,
what are the advantages of plaksha,herb_benefits,1.0,plaksha,,
ayurvedic treatments for dandruff,disease_prediction,1.0,,dandruff,
explain cleansing,general_info,1.0,,,cleansing
alternative medicine for sore throat,disease_prediction,1.0,,sore throat,
principles of tridosha,general_info,1.0,,,tridosha
what are the principles of shadrasas,general_info,1.0,,,shadrasas
cures for chest pain,disease_prediction,1.0,,chest pain,
uses of suranjana,herb_benefits,1.0,suranjana,,
controlling itching,disease_prediction,1.0,,itching,
ama knowledge,general_info,1.0,,,ama
what can amritaprasha ghrita treat,herb_benefits,1.0,amritaprasha ghrita,,
why use shunthi,herb_benefits,1.0,shunthi,,
persistent ear pain,disease_prediction,1.0,,ear pain,
I feel bronchitis,disease_prediction,1.0,,bronchitis,
examining dhatus,general_info,1.0,,,dhatus
safe treatment for memory problems,disease_prediction,1.0,,memory problems,
properties of shuddha guggulu,herb_benefits,1.0,shuddha guggulu,,
effective treatment for brain fog,disease_prediction,1.0,,brain fog,
home remedy for nausea,disease_prediction,1.0,,nausea,
medicinal value of phala kalyana ghrita,herb_benefits,1.0,phala kalyana ghrita,,
dhatus principles,general_info,1.0,,,dhatus
agnijara benefits,herb_benefits,1.0,agnijara,,
basics of virechana,general_info,1.0,,,virechana
shirodhara principles,general_info,1.0,,,shirodhara
ayurvedic treatment for diabetes,disease_prediction,1.0,,diabetes,
herbal medicine principles,general_info,1.0,,,herbal medicine
information about chavika,herb_benefits,1.0,chavika,,
role of ama,general_info,1.0,,,ama
medicinal properties of prabhakar vati,herb_benefits,1.0,prabhakar vati,,
significance of prana,general_info,1.0,,,prana
meditation concepts,general_info,1.0,,,meditation
overcoming sleep apnea,disease_prediction,1.0,,sleep apnea,
remedy for mood swings,disease_prediction,1.0,,mood swings,
history of wellness,general_info,1.0,,,wellness
herbal medicine for weakness,disease_prediction,1.0,,weakness,
metabolism explained,general_info,1.0,,,metabolism
trivanga bhasma for health improvement,herb_benefits,1.0,trivanga bhasma,,
dealing with hot flashes,disease_prediction,1.0,,hot flashes,
ocimum natural medicine,herb_benefits,1.0,ocimum,,
natural cure for constipation,disease_prediction,1.0,,constipation,
natural treatments for sleep apnea,disease_prediction,1.0,,sleep apnea,
health benefits of vida lavana,herb_benefits,1.0,vida lavana,,
gastritis treatment,disease_prediction,1.0,,gastritis,
what is patolamuladi kwath good for,herb_benefits,1.0,patolamuladi kwath,,
wellness wisdom,general_info,1.0,,,wellness
safe treatment for cramps,disease_prediction,1.0,,cramps,
overcoming tinnitus,disease_prediction,1.0,,tinnitus,
what is nutrition,general_info,1.0,,,nutrition
cure for wounds,disease_prediction,1.0,,wounds,
vetasa for natural healing,herb_benefits,1.0,vetasa,,
science behind alternative medicine,general_info,1.0,,,alternative medicine
treatment for cough,disease_prediction,1.0,,cough,
ama art,general_info,1.0,,,ama
researching mind-body connection,general_info,1.0,,,mind-body connection
benefits of agni,general_info,1.0,,,agni
alternative medicine viewpoint,general_info,1.0,,,alternative medicine
healthy lifestyle science,general_info,1.0,,,healthy lifestyle
simsapa medicinal uses,herb_benefits,1.0,simsapa,,
alternative medicine perspective,general_info,1.0,,,alternative medicine
guide to agni,general_info,1.0,,,agni
intermittent oily skin,disease_prediction,1.0,,oily skin,
intermittent vomiting,disease_prediction,1.0,,vomiting,
overcoming headache,disease_prediction,1.0,,headache,
home remedy for diabetes,disease_prediction,1.0,,diabetes,
traditional cures for eczema,disease_prediction,1.0,,eczema,
quick relief from sprains,disease_prediction,1.0,,sprains,
guide to agni,general_info,1.0,,,agni
gunja remedy uses,herb_benefits,1.0,gunja,,
constant vomiting,disease_prediction,1.0,,vomiting,
ancient uses of aivana,herb_benefits,1.0,aivana,,
I have itching,disease_prediction,1.0,,itching,
alternative medicine for dry skin,disease_prediction,1.0,,dry skin,
information about ahiphena,herb_benefits,1.0,ahiphena,,
I feel blurred vision,disease_prediction,1.0,,blurred vision,
abhyanga science,general_info,1.0,,,abhyanga
studying abhyanga,general_info,1.0,,,abhyanga
advantages of putikaranja,herb_benefits,1.0,putikaranja,,
how to treat vertigo,disease_prediction,1.0,,vertigo,
help with bloating,disease_prediction,1.0,,bloating,
herbal medicine for burning sensation,disease_prediction,1.0,,burning sensation,
traditional cure for allergies,disease_prediction,1.0,,allergies,
I feel menstrual cramps,disease_prediction,1.0,,menstrual cramps,
how does eranda help,herb_benefits,1.0,eranda,,
advantages of black pepper,herb_benefits,1.0,black pepper,,
alternative medicine theory,general_info,1.0,,,alternative medicine
ayurvedic treatment for memory problems,disease_prediction,1.0,,memory problems,
managing sore throat,disease_prediction,1.0,,sore throat,
examining virechana,general_info,1.0,,,virechana
investigating vikriti,general_info,1.0,,,vikriti
natural cure for constipation,disease_prediction,1.0,,constipation,
prapunnada natural medicine,herb_benefits,1.0,prapunnada,,
help with blurred vision,disease_prediction,1.0,,blurred vision,
properties of sudarshan churna,herb_benefits,1.0,sudarshan churna,,
how to treat spasms,disease_prediction,1.0,,spasms,
I've got eczema,disease_prediction,1.0,,eczema,
preventing dry skin,disease_prediction,1.0,,dry skin,
properties of ushtra dugdha,herb_benefits,1.0,ushtra dugdha,,
how does prasarini help,herb_benefits,1.0,prasarini,,
acne treatment,disease_prediction,1.0,,acne,
recurring dry eyes,disease_prediction,1.0,,dry eyes,
what causes inflammation,disease_prediction,1.0,,inflammation,
benefits and uses of kanmad bhasma,herb_benefits,1.0,kanmad bhasma,,
constant menstrual cramps,disease_prediction,1.0,,menstrual cramps,
medicinal value of kanmad bhasma,herb_benefits,1.0,kanmad bhasma,,
simhanada guggulu in herbal medicine,herb_benefits,1.0,simhanada guggulu,,
can you explain prabhava,general_info,1.0,,,prabhava
hot flashes symptoms,disease_prediction,1.0,,hot flashes,
natural cure for hot flashes,disease_prediction,1.0,,hot flashes,
managing gastritis,disease_prediction,1.0,,gastritis,
shadrasas knowledge,general_info,1.0,,,shadrasas
origin of ayurveda,general_info,1.0,,,ayurveda
kakamachi in traditional medicine,herb_benefits,1.0,kakamachi,,
holistic treatment for blurred vision,disease_prediction,1.0,,blurred vision,
sleep disorders treatment,disease_prediction,1.0,,sleep disorders,
asana for natural healing,herb_benefits,1.0,asana,,
detoxification wisdom,general_info,1.0,,,detoxification
information about kachnar,herb_benefits,1.0,kachnar,,
how to use lodhradi churna,herb_benefits,1.0,lodhradi churna,,
exploring wellness,general_info,1.0,,,wellness
relief from acne,disease_prediction,1.0,,acne,
I'm experiencing restless legs,disease_prediction,1.0,,restless legs,
ama fundamentals,general_info,1.0,,,ama
gunas principles,general_info,1.0,,,gunas
importance of wellness,general_info,1.0,,,wellness
natural cure for night sweats,disease_prediction,1.0,,night sweats,
effective treatments for sleep disorders,disease_prediction,1.0,,sleep disorders,
abhayarishta for health,herb_benefits,1.0,abhayarishta,,
how to treat sleep disorders,disease_prediction,1.0,,sleep disorders,
prakriti art,general_info,1.0,,,prakriti
what does himsra do,herb_benefits,1.0,himsra,,
chandana therapeutic benefits,herb_benefits,1.0,chandana,,
I'm experiencing migraine,disease_prediction,1.0,,migraine,
alleviating brain fog,disease_prediction,1.0,,brain fog,
kalyana ksharam effects,herb_benefits,1.0,kalyana ksharam,,
understand dosha,general_info,1.0,,,dosha
abhyanga principles,general_info,1.0,,,abhyanga
digestion fundamentals,general_info,1.0,,,digestion
sudarshan churna in traditional medicine,herb_benefits,1.0,sudarshan churna,,
healing constipation,disease_prediction,1.0,,constipation,
introduction to pitta,general_info,1.0,,,pitta
quick relief from brain fog,disease_prediction,1.0,,brain fog,
ojas basics,general_info,1.0,,,ojas
acne symptoms,disease_prediction,1.0,,acne,
info about srotas,general_info,1.0,,,srotas
significance of body type,general_info,1.0,,,body type
learn about virya,general_info,1.0,,,virya
preventing psoriasis,disease_prediction,1.0,,psoriasis,
natural treatment for cuts,disease_prediction,1.0,,cuts,
gunas science,general_info,1.0,,,gunas
shalmali wellness benefits,herb_benefits,1.0,shalmali,,
best medicine for dandruff,disease_prediction,1.0,,dandruff,
understand prana,general_info,1.0,,,prana
traditional uses of jatyadi taila,herb_benefits,1.0,jatyadi taila,,
introduction to temperament,general_info,1.0,,,temperament
I have itching,disease_prediction,1.0,,itching,
eladi vati natural medicine,herb_benefits,1.0,eladi vati,,
traditional uses of putikaranja,herb_benefits,1.0,putikaranja,,
examining srotas,general_info,1.0,,,srotas
relief from runny nose,disease_prediction,1.0,,runny nose,
benefits of jivaka,herb_benefits,1.0,jivaka,,
philosophy of malas,general_info,1.0,,,malas
changeri ghrita health effects,herb_benefits,1.0,changeri ghrita,,
help with gastritis,disease_prediction,1.0,,gastritis,
trimala explained,general_info,1.0,,,trimala
holistic treatment for allergies,disease_prediction,1.0,,allergies,
learning holistic health,general_info,1.0,,,holistic health
safe treatment for abdominal pain,disease_prediction,1.0,,abdominal pain,
medicinal applications of narikela,herb_benefits,1.0,narikela,,
how to use nirgundi,herb_benefits,1.0,nirgundi,,
traditional uses of pushkarmool,herb_benefits,1.0,pushkarmool,,
treatment for cough,disease_prediction,1.0,,cough,
define prakriti,general_info,1.0,,,prakriti
temperament practice,general_info,1.0,,,temperament
indrayava for natural healing,herb_benefits,1.0,indrayava,,
what is karnikara good for,herb_benefits,1.0,karnikara,,
managing bruising,disease_prediction,1.0,,bruising,
safe treatments for joint pain,disease_prediction,1.0,,joint pain,
sudden numbness,disease_prediction,1.0,,numbness,
info about herbal medicine,general_info,1.0,,,herbal medicine
health benefits of chitrakaharitaki,herb_benefits,1.0,chitrakaharitaki,,
bijapura natural medicine,herb_benefits,1.0,bijapura,,
recovering from allergies,disease_prediction,1.0,,allergies,
safe treatments for sleep apnea,disease_prediction,1.0,,sleep apnea,
researching detoxification,general_info,1.0,,,detoxification
bhringraj natural medicine,herb_benefits,1.0,bhringraj,,
vetasa for natural healing,herb_benefits,1.0,vetasa,,
benefits and uses of badama taila,herb_benefits,1.0,badama taila,,
surana for natural treatment,herb_benefits,1.0,surana,,
cleansing tradition,general_info,1.0,,,cleansing
andrographis effects,herb_benefits,1.0,andrographis,,
saireyaka in herbal medicine,herb_benefits,1.0,saireyaka,,
how does temperament work,general_info,1.0,,,temperament
remedy for bruising,disease_prediction,1.0,,bruising,
controlling concentration issues,disease_prediction,1.0,,concentration issues,
having dry skin,disease_prediction,1.0,,dry skin,
kasamarda in traditional medicine,herb_benefits,1.0,kasamarda,,
meditation methodology,general_info,1.0,,,meditation
learn about preventive medicine,general_info,1.0,,,preventive medicine
what are the benefits of rohitakarishta,herb_benefits,1.0,rohitakarishta,,
symptoms of brain fog,disease_prediction,1.0,,brain fog,
significance of ama,general_info,1.0,,,ama
basics of srotas,general_info,1.0,,,srotas
I feel motion sickness,disease_prediction,1.0,,motion sickness,
I'm suffering from motion sickness,disease_prediction,1.0,,motion sickness,
advantages of narikela,herb_benefits,1.0,narikela,,
I feel motion sickness,disease_prediction,1.0,,motion sickness,
researching virechana,general_info,1.0,,,virechana
introduction to malas,general_info,1.0,,,malas
basics of trimala,general_info,1.0,,,trimala
prapunnada natural medicine,herb_benefits,1.0,prapunnada,,
tell me about meda,herb_benefits,1.0,meda,,
permanent cure for bronchitis,disease_prediction,1.0,,bronchitis,
shirodhara principles,general_info,1.0,,,shirodhara
parpataka natural medicine,herb_benefits,1.0,parpataka,,
managing depression,disease_prediction,1.0,,depression,
researching mind-body connection,general_info,1.0,,,mind-body connection
ancient uses of jeerakarishtam,herb_benefits,1.0,jeerakarishtam,,
what causes spasms,disease_prediction,1.0,,spasms,
masha properties,herb_benefits,1.0,masha,,
chandana properties,herb_benefits,1.0,chandana,,
relief from sleep apnea,disease_prediction,1.0,,sleep apnea,
tridosha theory,general_info,1.0,,,tridosha
intermittent strains,disease_prediction,1.0,,strains,
alleviating inflammation,disease_prediction,1.0,,inflammation,
ayurvedic advantages of shalparni,herb_benefits,1.0,shalparni,,
understanding ayurveda,general_info,1.0,,,ayurveda
mustakarishta health effects,herb_benefits,1.0,mustakarishta,,
akhuparni health effects,herb_benefits,1.0,akhuparni,,
fundamentals of circulation,general_info,1.0,,,circulation
virechana fundamentals,general_info,1.0,,,virechana
hamsapadi for natural treatment,herb_benefits,1.0,hamsapadi,,
health benefits of rasnairandadi kwath,herb_benefits,1.0,rasnairandadi kwath,,
remedy for mood swings,disease_prediction,1.0,,mood swings,
natural cure for night sweats,disease_prediction,1.0,,night sweats,
treatment for sprains,disease_prediction,1.0,,sprains,
detoxification fundamentals,general_info,1.0,,,detoxification
fundamentals of circulation,general_info,1.0,,,circulation
persistent restless legs,disease_prediction,1.0,,restless legs,
health benefits of kalajaji,herb_benefits,1.0,kalajaji,,
gambhari health effects,herb_benefits,1.0,gambhari,,
dizziness cure,disease_prediction,1.0,,dizziness,
safe treatment for indigestion,disease_prediction,1.0,,indigestion,
srotas science,general_info,1.0,,,srotas
best medicine for psoriasis,disease_prediction,1.0,,psoriasis,
help with gastritis,disease_prediction,1.0,,gastritis,
herbal properties of kamala kesara,herb_benefits,1.0,kamala kesara,,
health properties of paribhadra,herb_benefits,1.0,paribhadra,,
tejas explained,general_info,1.0,,,tejas
how to treat sinusitis,disease_prediction,1.0,,sinusitis,
medicinal applications of chitraka moola,herb_benefits,1.0,chitraka moola,,
ama science,general_info,1.0,,,ama
alternative medicine perspective,general_info,1.0,,,alternative medicine
recovering from cramps,disease_prediction,1.0,,cramps,
why is vyaghri haritaki healthy,herb_benefits,1.0,vyaghri haritaki,,
triphala guggulu in herbal medicine,herb_benefits,1.0,triphala guggulu,,
non-toxic remedy for wounds,disease_prediction,1.0,,wounds,
healing oily skin,disease_prediction,1.0,,oily skin,
how to use agnikarna,herb_benefits,1.0,agnikarna,,
quick relief from indigestion,disease_prediction,1.0,,indigestion,
science behind vikriti,general_info,1.0,,,vikriti
medicine for hot flashes,disease_prediction,1.0,,hot flashes,
medicinal applications of ashoka ghrita,herb_benefits,1.0,ashoka ghrita,,
tagar benefits,herb_benefits,1.0,tagar,,
significance of vikriti,general_info,1.0,,,vikriti
treatment for brain fog,disease_prediction,1.0,,brain fog,
prabhava tradition,general_info,1.0,,,prabhava
herbal medicine for cold,disease_prediction,1.0,,cold,
define kapha,general_info,1.0,,,kapha
advantages of mahakalyanaka ghritam,herb_benefits,1.0,mahakalyanaka ghritam,,
healing hot flashes,disease_prediction,1.0,,hot flashes,
brahmi vati for health,herb_benefits,1.0,brahmi vati,,
cure for restless legs,disease_prediction,1.0,,restless legs,
preventing inflammation,disease_prediction,1.0,,inflammation,
sinusitis symptoms,disease_prediction,1.0,,sinusitis,
tala for health improvement,herb_benefits,1.0,tala,,
recurring mood swings,disease_prediction,1.0,,mood swings,
define constitution,general_info,1.0,,,constitution
cure for acne,disease_prediction,1.0,,acne,
help with acne,disease_prediction,1.0,,acne,
why use shalparni,herb_benefits,1.0,shalparni,,
benefits of swarnapatri,herb_benefits,1.0,swarnapatri,,
medicinal value of phala kalyana ghrita,herb_benefits,1.0,phala kalyana ghrita,,
ancient uses of aivana,herb_benefits,1.0,aivana,,
treatment for inflammation,disease_prediction,1.0,,inflammation,
herbal medicine concepts,general_info,1.0,,,herbal medicine
healthy lifestyle tradition,general_info,1.0,,,healthy lifestyle
I'm suffering from motion sickness,disease_prediction,1.0,,motion sickness,
gunja remedy uses,herb_benefits,1.0,gunja,,
herbal medicine basics,general_info,1.0,,,herbal medicine
having vertigo,disease_prediction,1.0,,vertigo,
having night sweats,disease_prediction,1.0,,night sweats,
symptoms of sleep disorders,disease_prediction,1.0,,sleep disorders,
fundamentals of rasa,general_info,1.0,,,rasa
science behind yoga,general_info,1.0,,,yoga
healing arthritis,disease_prediction,1.0,,arthritis,
uses of nimba taila,herb_benefits,1.0,nimba taila,,
I suffer from eye strain,disease_prediction,1.0,,eye strain,
medicinal properties of kalamba,herb_benefits,1.0,kalamba,,
panchamahabhutas approach,general_info,1.0,,,panchamahabhutas
define basti,general_info,1.0,,,basti
healing swelling,disease_prediction,1.0,,swelling,
chronic abdominal pain,disease_prediction,1.0,,abdominal pain,
ayurvedic treatment for hot flashes,disease_prediction,1.0,,hot flashes,
diagnosis of tinnitus,disease_prediction,1.0,,tinnitus,
examining harmony,general_info,1.0,,,harmony
advantages of bhurja,herb_benefits,1.0,bhurja,,
mild sore throat,disease_prediction,1.0,,sore throat,
medicinal value of murva,herb_benefits,1.0,murva,,
introduction to metabolism,general_info,1.0,,,metabolism
how to use bhanga,herb_benefits,1.0,bhanga,,
reducing anxiety,disease_prediction,1.0,,anxiety,
constant blurred vision,disease_prediction,1.0,,blurred vision,
balance concepts,general_info,1.0,,,balance
define malas,general_info,1.0,,,malas
researching harmony,general_info,1.0,,,harmony
advantages of changeri,herb_benefits,1.0,changeri,,
why is kachura healthy,herb_benefits,1.0,kachura,,
benefits of jivaka,herb_benefits,1.0,jivaka,,
balance approach,general_info,1.0,,,balance
I'm experiencing heartburn,disease_prediction,1.0,,heartburn,
explain healthy lifestyle,general_info,1.0,,,healthy lifestyle
sleep apnea symptoms,disease_prediction,1.0,,sleep apnea,
history of energy,general_info,1.0,,,energy
healing motion sickness,disease_prediction,1.0,,motion sickness,
principles of prabhava,general_info,1.0,,,prabhava
advantages of kumbhika,herb_benefits,1.0,kumbhika,,
jambu in herbal medicine,herb_benefits,1.0,jambu,,
quick relief from morning sickness,disease_prediction,1.0,,morning sickness,
quick relief from low energy,disease_prediction,1.0,,low energy,
intermittent skin rash,disease_prediction,1.0,,skin rash,
what is chandraprabha vati good for,herb_benefits,1.0,chandraprabha vati,,
natural treatment for sleep apnea,disease_prediction,1.0,,sleep apnea,
virechana art,general_info,1.0,,,virechana
mahatriphala ghrita for health improvement,herb_benefits,1.0,mahatriphala ghrita,,
dhamargava natural medicine,herb_benefits,1.0,dhamargava,,
significance of body type,general_info,1.0,,,body type
health benefits of ambasthaki,herb_benefits,1.0,ambasthaki,,
discovering agni,general_info,1.0,,,agni
ayurvedic benefits of matsyakshi,herb_benefits,1.0,matsyakshi,,
what makes krimighna vati beneficial,herb_benefits,1.0,krimighna vati,,
immunity wisdom,general_info,1.0,,,immunity
permanent cures for insomnia,disease_prediction,1.0,,insomnia,
intermittent wounds,disease_prediction,1.0,,wounds,
permanent cure for bruising,disease_prediction,1.0,,bruising,
guide to vikriti,general_info,1.0,,,vikriti
meditation viewpoint,general_info,1.0,,,meditation
discovering vata,general_info,1.0,,,vata
researching holistic health,general_info,1.0,,,holistic health
danti moola for health,herb_benefits,1.0,danti moola,,
philosophy of pitta,general_info,1.0,,,pitta
medicinal effects of varunadi kashayam,herb_benefits,1.0,varunadi kashayam,,
learn about dosha,general_info,1.0,,,dosha
persistent memory problems,disease_prediction,1.0,,memory problems,
therapeutic applications of eladi thailam,herb_benefits,1.0,eladi thailam,,
medicinal effects of varunadi kashayam,herb_benefits,1.0,varunadi kashayam,,
benefits and uses of kushmanda avaleha,herb_benefits,1.0,kushmanda avaleha,,
tell me about laghu sutshekhar ras,herb_benefits,1.0,laghu sutshekhar ras,,
how to use sudarshan churna,herb_benefits,1.0,sudarshan churna,,
virya philosophy,general_info,1.0,,,virya
yoga system,general_info,1.0,,,yoga
dealing with mood swings,disease_prediction,1.0,,mood swings,
how does prabhava work,general_info,1.0,,,prabhava
I suffer from skin rash,disease_prediction,1.0,,skin rash,
mild swelling,disease_prediction,1.0,,swelling,
discovering detoxification,general_info,1.0,,,detoxification
role of ayurveda,general_info,1.0,,,ayurveda
I'm suffering from constipation,disease_prediction,1.0,,constipation,
alternative medicine for hair loss,disease_prediction,1.0,,hair loss,
natural cure for constipation,disease_prediction,1.0,,constipation,
history of circulation,general_info,1.0,,,circulation
jatyadi ghrita health effects,herb_benefits,1.0,jatyadi ghrita,,
treatment for inflammation,disease_prediction,1.0,,inflammation,
discovering constitution,general_info,1.0,,,constitution
symptoms of eye strain,disease_prediction,1.0,,eye strain,
wellness science,general_info,1.0,,,wellness
panchakarma knowledge,general_info,1.0,,,panchakarma
natural cures for dry skin,disease_prediction,1.0,,dry skin,
controlling snoring,disease_prediction,1.0,,snoring,
healing burning sensation,disease_prediction,1.0,,burning sensation,
ardraka svarasa for natural treatment,herb_benefits,1.0,ardraka svarasa,,
fundamentals of virechana,general_info,1.0,,,virechana
sudden cramps,disease_prediction,1.0,,cramps,
researching prabhava,general_info,1.0,,,prabhava
learn about energy,general_info,1.0,,,energy
natural treatment for bloating,disease_prediction,1.0,,bloating,
detoxification theory,general_info,1.0,,,detoxification
I'm suffering from back pain,disease_prediction,1.0,,back pain,
tell me about nutrition,general_info,1.0,,,nutrition
exploring virya,general_info,1.0,,,virya
how does prabhava work,general_info,1.0,,,prabhava
how to use karnikara,herb_benefits,1.0,karnikara,,
medicinal properties of aja dugdha,herb_benefits,1.0,aja dugdha,,
kapha perspective,general_info,1.0,,,kapha
herbal properties of kankshi,herb_benefits,1.0,kankshi,,
vikriti system,general_info,1.0,,,vikriti
medicinal applications of pravala pishti,herb_benefits,1.0,pravala pishti,,
overcoming anxiety,disease_prediction,1.0,,anxiety,
medicine for hot flashes,disease_prediction,1.0,,hot flashes,
managing menstrual cramps,disease_prediction,1.0,,menstrual cramps,
reducing sleep disorders,disease_prediction,1.0,,sleep disorders,
traditional uses of phala ghrita,herb_benefits,1.0,phala ghrita,,
metabolism tradition,general_info,1.0,,,metabolism
natural benefits of bharangi,herb_benefits,1.0,bharangi,,
what can surana treat,herb_benefits,1.0,surana,,
relief from runny nose,disease_prediction,1.0,,runny nose,
sphatika bhasma therapeutic benefits,herb_benefits,1.0,sphatika bhasma,,
benefits and uses of shyonaka,herb_benefits,1.0,shyonaka,,
remedy for diabetes,disease_prediction,1.0,,diabetes,
medicine for vomiting,disease_prediction,1.0,,vomiting,
body type perspective,general_info,1.0,,,body type
alarka for holistic health,herb_benefits,1.0,alarka,,
recovering from low energy,disease_prediction,1.0,,low energy,
diagnosis of low energy,disease_prediction,1.0,,low energy,
controlling headache,disease_prediction,1.0,,headache,
uses of nimba taila,herb_benefits,1.0,nimba taila,,
tell me about aranya jeeraka,herb_benefits,1.0,aranya jeeraka,,
virechana explained,general_info,1.0,,,virechana
what's saptadhatu,general_info,1.0,,,saptadhatu
effective treatment for constipation,disease_prediction,1.0,,constipation,
origin of srotas,general_info,1.0,,,srotas
philosophy of pitta,general_info,1.0,,,pitta
learning balance,general_info,1.0,,,balance
science behind alternative medicine,general_info,1.0,,,alternative medicine
prana science,general_info,1.0,,,prana
healing hot flashes,disease_prediction,1.0,,hot flashes,
explain pranayama,general_info,1.0,,,pranayama
want to know about rasa,general_info,1.0,,,rasa
dhatus principles,general_info,1.0,,,dhatus
meditation knowledge,general_info,1.0,,,meditation
healing power of krimi kuthar rasa,herb_benefits,1.0,krimi kuthar rasa,,
science behind energy,general_info,1.0,,,energy
varanadi ghritam effects,herb_benefits,1.0,varanadi ghritam,,
gambhari for holistic health,herb_benefits,1.0,gambhari,,
natural cure for acne,disease_prediction,1.0,,acne,
saptaparna in traditional medicine,herb_benefits,1.0,saptaparna,,
information about tintidika,herb_benefits,1.0,tintidika,,
kulattha health effects,herb_benefits,1.0,kulattha,,
science behind herbal medicine,general_info,1.0,,,herbal medicine
triphala guggulu for health,herb_benefits,1.0,triphala guggulu,,
traditional cure for brain fog,disease_prediction,1.0,,brain fog,
alleviating night sweats,disease_prediction,1.0,,night sweats,
holistic health system,general_info,1.0,,,holistic health
eladi thailam remedy uses,herb_benefits,1.0,eladi thailam,,
benefits of agni,general_info,1.0,,,agni
information about vatsanabha,herb_benefits,1.0,vatsanabha,,
recovering from motion sickness,disease_prediction,1.0,,motion sickness,
digestion art,general_info,1.0,,,digestion
therapeutic effects of parpataka,herb_benefits,1.0,parpataka,,
ancient applications of aparajita,herb_benefits,1.0,aparajita,,
ahiphena wellness benefits,herb_benefits,1.0,ahiphena,,
information about tintidika,herb_benefits,1.0,tintidika,,
danti moola for health,herb_benefits,1.0,danti moola,,
home remedy for sprains,disease_prediction,1.0,,sprains,
benefits of holistic health,general_info,1.0,,,holistic health
detoxification concepts,general_info,1.0,,,detoxification
arka ksheera effects,herb_benefits,1.0,arka ksheera,,
I feel hot flashes,disease_prediction,1.0,,hot flashes,
traditional uses of pushkarmool,herb_benefits,1.0,pushkarmool,,
science behind gunas,general_info,1.0,,,gunas
severe eczema,disease_prediction,1.0,,eczema,
severe burning sensation,disease_prediction,1.0,,burning sensation,
kalyanaka ghrita remedy uses,herb_benefits,1.0,kalyanaka ghrita,,
digestion viewpoint,general_info,1.0,,,digestion
intermittent oily skin,disease_prediction,1.0,,oily skin,
natural treatments for wounds,disease_prediction,1.0,,wounds,
best medicine for sleep apnea,disease_prediction,1.0,,sleep apnea,
how does abhyanga work,general_info,1.0,,,abhyanga
basti concepts,general_info,1.0,,,basti
khadiradi vati medicinal uses,herb_benefits,1.0,khadiradi vati,,
why use hapusa,herb_benefits,1.0,hapusa,,
sudden chest pain,disease_prediction,1.0,,chest pain,
acne cure,disease_prediction,1.0,,acne,
kakajangha medicinal uses,herb_benefits,1.0,kakajangha,,
significance of vikriti,general_info,1.0,,,vikriti
holistic treatment for chronic fatigue,disease_prediction,1.0,,chronic fatigue,
mild swelling,disease_prediction,1.0,,swelling,
I'm suffering from sore throat,disease_prediction,1.0,,sore throat,
kadali pushpa natural medicine,herb_benefits,1.0,kadali pushpa,,
mukta pishti for wellness,herb_benefits,1.0,mukta pishti,,
ayurveda understanding,general_info,1.0,,,ayurveda
panchamahabhutas theory,general_info,1.0,,,panchamahabhutas
hijal remedy uses,herb_benefits,1.0,hijal,,
vata system,general_info,1.0,,,vata
saptadhatu understanding,general_info,1.0,,,saptadhatu
saireyaka in herbal medicine,herb_benefits,1.0,saireyaka,,
therapeutic effects of laksha,herb_benefits,1.0,laksha,,
role of circulation,general_info,1.0,,,circulation
snuhi ksheera for natural healing,herb_benefits,1.0,snuhi ksheera,,
controlling sneezing,disease_prediction,1.0,,sneezing,
virechana philosophy,general_info,1.0,,,virechana
sudden psoriasis,disease_prediction,1.0,,psoriasis,
natural treatment for sleep apnea,disease_prediction,1.0,,sleep apnea,
medicine for asthma,disease_prediction,1.0,,asthma,
benefits and uses of matulunga,herb_benefits,1.0,matulunga,,
nutrition art,general_info,1.0,,,nutrition
define wellness,general_info,1.0,,,wellness
advantages of gojihvadi kwath,herb_benefits,1.0,gojihvadi kwath,,
rasamanikya medicinal uses,herb_benefits,1.0,rasamanikya,,
what makes renuka beneficial,herb_benefits,1.0,renuka,,
how does nasya work,general_info,1.0,,,nasya
intermittent hair loss,disease_prediction,1.0,,hair loss,
chronic abdominal pain,disease_prediction,1.0,,abdominal pain,
how can prasarini help,herb_benefits,1.0,prasarini,,
basti explained,general_info,1.0,,,basti
kumud healing properties,herb_benefits,1.0,kumud,,
dealing with nausea,disease_prediction,1.0,,nausea,
remedy for diabetes,disease_prediction,1.0,,diabetes,
natural treatments for runny nose,disease_prediction,1.0,,runny nose,
akika pishti natural medicine,herb_benefits,1.0,akika pishti,,
kapha perspective,general_info,1.0,,,kapha
quick relief from motion sickness,disease_prediction,1.0,,motion sickness,
guide to panchakarma,general_info,1.0,,,panchakarma
constant chronic fatigue,disease_prediction,1.0,,chronic fatigue,
investigating nutrition,general_info,1.0,,,nutrition
meditation approach,general_info,1.0,,,meditation
properties of trivanga bhasma,herb_benefits,1.0,trivanga bhasma,,
help with sprains,disease_prediction,1.0,,sprains,
malas approach,general_info,1.0,,,malas
prakriti practice,general_info,1.0,,,prakriti
history of saptadhatu,general_info,1.0,,,saptadhatu
health advantages of kanchanara guggulu,herb_benefits,1.0,kanchanara guggulu,,
what is kshirabala thailam good for,herb_benefits,1.0,kshirabala thailam,,
dhamasa in herbal medicine,herb_benefits,1.0,dhamasa,,
wellness wisdom,general_info,1.0,,,wellness
understanding prakriti,general_info,1.0,,,prakriti
alabu for natural treatment,herb_benefits,1.0,alabu,,
trimala art,general_info,1.0,,,trimala
learning vikriti,general_info,1.0,,,vikriti
cleansing concepts,general_info,1.0,,,cleansing
what are the principles of cleansing,general_info,1.0,,,cleansing
science behind wellness,general_info,1.0,,,wellness
overview of herbal medicine,general_info,1.0,,,herbal medicine
non-toxic remedy for oily skin,disease_prediction,1.0,,oily skin,
health properties of paribhadra,herb_benefits,1.0,paribhadra,,
studying shirodhara,general_info,1.0,,,shirodhara
define tejas,general_info,1.0,,,tejas
natural treatment for wounds,disease_prediction,1.0,,wounds,
shalmali wellness benefits,herb_benefits,1.0,shalmali,,
tell me about pravala pishti,herb_benefits,1.0,pravala pishti,,
I have morning sickness,disease_prediction,1.0,,morning sickness,
shirodhara principles,general_info,1.0,,,shirodhara
how to treat vertigo,disease_prediction,1.0,,vertigo,
I'm suffering from hair loss,disease_prediction,1.0,,hair loss,
twak (cinnamon) natural medicine,herb_benefits,1.0,twak (cinnamon),,
examining wellness,general_info,1.0,,,wellness
panchamahabhutas viewpoint,general_info,1.0,,,panchamahabhutas
herbal medicine for swelling,disease_prediction,1.0,,swelling,
svalpa khadiradi vati for health,herb_benefits,1.0,svalpa khadiradi vati,,
tell me about withania,herb_benefits,1.0,withania,,
how does immunity work,general_info,1.0,,,immunity
shirodhara fundamentals,general_info,1.0,,,shirodhara
karanja taila natural medicine,herb_benefits,1.0,karanja taila,,
non-toxic remedy for wounds,disease_prediction,1.0,,wounds,
researching basti,general_info,1.0,,,basti
persistent night sweats,disease_prediction,1.0,,night sweats,
medicinal properties of gulakanda,herb_benefits,1.0,gulakanda,,
exploring traditional medicine,general_info,1.0,,,traditional medicine
srotas viewpoint,general_info,1.0,,,srotas
researching mind-body connection,general_info,1.0,,,mind-body connection
learning holistic health,general_info,1.0,,,holistic health
what is trivanga bhasma good for,herb_benefits,1.0,trivanga bhasma,,
persistent diarrhea,disease_prediction,1.0,,diarrhea,
uses of navayasa loha,herb_benefits,1.0,navayasa loha,,
acne treatment,disease_prediction,1.0,,acne,
basti viewpoint,general_info,1.0,,,basti
turmeric remedy uses,herb_benefits,1.0,turmeric,,
remedy for burning sensation,disease_prediction,1.0,,burning sensation,
reducing blurred vision,disease_prediction,1.0,,blurred vision,
properties of shuddha guggulu,herb_benefits,1.0,shuddha guggulu,,
discovering alternative medicine,general_info,1.0,,,alternative medicine
mind-body connection approach,general_info,1.0,,,mind-body connection
fundamentals of natural healing,general_info,1.0,,,natural healing
overview of harmony,general_info,1.0,,,harmony
diagnosis of hair loss,disease_prediction,1.0,,hair loss,
studying wellness,general_info,1.0,,,wellness
home remedy for sprains,disease_prediction,1.0,,sprains,
azadirachta for natural healing,herb_benefits,1.0,azadirachta,,
vata wisdom,general_info,1.0,,,vata
chronic eye strain,disease_prediction,1.0,,eye strain,
symptoms of ear pain,disease_prediction,1.0,,ear pain,
I have indigestion,disease_prediction,1.0,,indigestion,
natural benefits of kasamarda,herb_benefits,1.0,kasamarda,,
ayurvedic advantages of gotu kola,herb_benefits,1.0,gotu kola,,
natural treatment for swelling,disease_prediction,1.0,,swelling,
chronic stomach ache,disease_prediction,1.0,,stomach ache,
how to use karnikara,herb_benefits,1.0,karnikara,,
what causes vomiting,disease_prediction,1.0,,vomiting,
medicinal effects of riddhi,herb_benefits,1.0,riddhi,,
importance of ojas,general_info,1.0,,,ojas
importance of healthy lifestyle,general_info,1.0,,,healthy lifestyle
recovering from cramps,disease_prediction,1.0,,cramps,
persistent numbness,disease_prediction,1.0,,numbness,
treatment for muscle pain,disease_prediction,1.0,,muscle pain,
remedy for bloating,disease_prediction,1.0,,bloating,
circulation perspective,general_info,1.0,,,circulation
panchakarma concepts,general_info,1.0,,,panchakarma
sore throat symptoms,disease_prediction,1.0,,sore throat,
sudden hair loss,disease_prediction,1.0,,hair loss,
history of energy,general_info,1.0,,,energy
dealing with nausea,disease_prediction,1.0,,nausea,
srotas science,general_info,1.0,,,srotas
acne cure,disease_prediction,1.0,,acne,
kurabaka natural medicine,herb_benefits,1.0,kurabaka,,
severe burning sensation,disease_prediction,1.0,,burning sensation,
help with vertigo,disease_prediction,1.0,,vertigo,
kumbhika therapeutic benefits,herb_benefits,1.0,kumbhika,,
abdominal pain symptoms,disease_prediction,1.0,,abdominal pain,
natural cures for hot flashes,disease_prediction,1.0,,hot flashes,
pranayama system,general_info,1.0,,,pranayama
role of saptadhatu,general_info,1.0,,,saptadhatu
explain ojas,general_info,1.0,,,ojas
reducing blurred vision,disease_prediction,1.0,,blurred vision,
what makes tilaparni beneficial,herb_benefits,1.0,tilaparni,,
ancient uses of aivana,herb_benefits,1.0,aivana,,
terminalia natural medicine,herb_benefits,1.0,terminalia,,
shirodhara principles,general_info,1.0,,,shirodhara
ancient applications of dhatri loha,herb_benefits,1.0,dhatri loha,,
how does temperament work,general_info,1.0,,,temperament
circulation perspective,general_info,1.0,,,circulation
kushtha nutritional benefits,herb_benefits,1.0,kushtha,,
controlling depression,disease_prediction,1.0,,depression,
therapeutic applications of eranda,herb_benefits,1.0,eranda,,
traditional applications of andrographis,herb_benefits,1.0,andrographis,,
understanding digestion,general_info,1.0,,,digestion
intermittent wounds,disease_prediction,1.0,,wounds,
eladi thailam remedy uses,herb_benefits,1.0,eladi thailam,,
shirodhara approach,general_info,1.0,,,shirodhara
how does manikya pishti help,herb_benefits,1.0,manikya pishti,,
alabu for natural treatment,herb_benefits,1.0,alabu,,
pippali natural medicine,herb_benefits,1.0,pippali,,
recovering from blurred vision,disease_prediction,1.0,,blurred vision,
shirodhara principles,general_info,1.0,,,shirodhara
discovering alternative medicine,general_info,1.0,,,alternative medicine
principles of panchamahabhutas,general_info,1.0,,,panchamahabhutas
intermittent hearing problems,disease_prediction,1.0,,hearing problems,
alternative medicine theory,general_info,1.0,,,alternative medicine
nutrition art,general_info,1.0,,,nutrition
effective treatments for abdominal pain,disease_prediction,1.0,,abdominal pain,
I have eczema,disease_prediction,1.0,,eczema,
sudden bloating,disease_prediction,1.0,,bloating,
eranda taila medicinal uses,herb_benefits,1.0,eranda taila,,
severe gastritis,disease_prediction,1.0,,gastritis,
principles of trimala,general_info,1.0,,,trimala
chakramarda for health,herb_benefits,1.0,chakramarda,,
I feel depression,disease_prediction,1.0,,depression,
how does vanapsa help,herb_benefits,1.0,vanapsa,,
harmony viewpoint,general_info,1.0,,,harmony
overview of srotas,general_info,1.0,,,srotas
sarpaksi nutritional benefits,herb_benefits,1.0,sarpaksi,,
herbal medicine for weakness,disease_prediction,1.0,,weakness,
shvet musli healing properties,herb_benefits,1.0,shvet musli,,
investigating constitution,general_info,1.0,,,constitution
overcoming headache,disease_prediction,1.0,,headache,
preventing inflammation,disease_prediction,1.0,,inflammation,
pattanga health effects,herb_benefits,1.0,pattanga,,
explain ojas,general_info,1.0,,,ojas
kapha perspective,general_info,1.0,,,kapha
panchakarma practice,general_info,1.0,,,panchakarma
how can vanapsa help,herb_benefits,1.0,vanapsa,,
ahiphena wellness benefits,herb_benefits,1.0,ahiphena,,
chandana therapeutic benefits,herb_benefits,1.0,chandana,,
medicinal applications of rohitaka,herb_benefits,1.0,rohitaka,,
information about mahamarichyadi taila,herb_benefits,1.0,mahamarichyadi taila,,
saindhava lavana for health improvement,herb_benefits,1.0,saindhava lavana,,
benefits and uses of badama taila,herb_benefits,1.0,badama taila,,
panchakarma art,general_info,1.0,,,panchakarma
discovering herbal medicine,general_info,1.0,,,herbal medicine
researching virechana,general_info,1.0,,,virechana
exploring ojas,general_info,1.0,,,ojas
why use svalpa khadiradi vati,herb_benefits,1.0,svalpa khadiradi vati,,
recovering from stomach ache,disease_prediction,1.0,,stomach ache,
chronic acidity,disease_prediction,1.0,,acidity,
managing bruising,disease_prediction,1.0,,bruising,
history of meditation,general_info,1.0,,,meditation
dhattura beeja for natural treatment,herb_benefits,1.0,dhattura beeja,,
discovering digestion,general_info,1.0,,,digestion
masi for holistic health,herb_benefits,1.0,masi,,
severe tingling,disease_prediction,1.0,,tingling,
tell me about matsyakshi,herb_benefits,1.0,matsyakshi,,
tell me about manikya pishti,herb_benefits,1.0,manikya pishti,,
trimala tradition,general_info,1.0,,,trimala
diagnosis of vomiting,disease_prediction,1.0,,vomiting,
having inflammation,disease_prediction,1.0,,inflammation,
how to use sukumara kashayam,herb_benefits,1.0,sukumara kashayam,,
severe tingling,disease_prediction,1.0,,tingling,
renuka medicinal uses,herb_benefits,1.0,renuka,,
healing arthritis,disease_prediction,1.0,,arthritis,
origin of pitta,general_info,1.0,,,pitta
tintidika natural medicine,herb_benefits,1.0,tintidika,,
traditional medicine fundamentals,general_info,1.0,,,traditional medicine
info about saptadhatu,general_info,1.0,,,saptadhatu
twak (cinnamon) natural medicine,herb_benefits,1.0,twak (cinnamon),,
diagnosis of menstrual cramps,disease_prediction,1.0,,menstrual cramps,
basti tradition,general_info,1.0,,,basti
researching prabhava,general_info,1.0,,,prabhava
severe depression,disease_prediction,1.0,,depression,
origin of trimala,general_info,1.0,,,trimala
pushkarmool medicinal uses,herb_benefits,1.0,pushkarmool,,
understand saptadhatu,general_info,1.0,,,saptadhatu
quick relief from eczema,disease_prediction,1.0,,eczema,
examining ayurveda,general_info,1.0,,,ayurveda
herbal properties of nag bhasma,herb_benefits,1.0,nag bhasma,,
basics of agni,general_info,1.0,,,agni
ama methodology,general_info,1.0,,,ama
chandana therapeutic benefits,herb_benefits,1.0,chandana,,
relief from numbness,disease_prediction,1.0,,numbness,
philosophy of pitta,general_info,1.0,,,pitta
reducing sleep disorders,disease_prediction,1.0,,sleep disorders,
define kapha,general_info,1.0,,,kapha
I feel motion sickness,disease_prediction,1.0,,motion sickness,
diagnosis of depression,disease_prediction,1.0,,depression,
ayurvedic benefits of simhamoola,herb_benefits,1.0,simhamoola,,
dealing with night sweats,disease_prediction,1.0,,night sweats,
uses of vrihi,herb_benefits,1.0,vrihi,,
quick relief from bruising,disease_prediction,1.0,,bruising,
health benefits of jalavetasa,herb_benefits,1.0,jalavetasa,,
what is prana,general_info,1.0,,,prana
learn about dosha,general_info,1.0,,,dosha
researching pranayama,general_info,1.0,,,pranayama
constitution wisdom,general_info,1.0,,,constitution
what causes vomiting,disease_prediction,1.0,,vomiting,
I experience morning sickness,disease_prediction,1.0,,morning sickness,
exploring virya,general_info,1.0,,,virya
kulattha health effects,herb_benefits,1.0,kulattha,,
ancient uses of hajrul yahood bhasma,herb_benefits,1.0,hajrul yahood bhasma,,
basics of pitta,general_info,1.0,,,pitta
learn about wellness,general_info,1.0,,,wellness
reducing psoriasis,disease_prediction,1.0,,psoriasis,
saindhava lavana for health improvement,herb_benefits,1.0,saindhava lavana,,
exploring basti,general_info,1.0,,,basti
benefits of swarnapatri,herb_benefits,1.0,swarnapatri,,
having night sweats,disease_prediction,1.0,,night sweats,
dhattura beeja for natural treatment,herb_benefits,1.0,dhattura beeja,,
alleviating strains,disease_prediction,1.0,,strains,
kshara parpati benefits,herb_benefits,1.0,kshara parpati,,
nutrition viewpoint,general_info,1.0,,,nutrition
medicinal properties of kankshi,herb_benefits,1.0,kankshi,,
agnitundi vati natural medicine,herb_benefits,1.0,agnitundi vati,,
chronic headache,disease_prediction,1.0,,headache,
why is chitraka moola healthy,herb_benefits,1.0,chitraka moola,,
traditional uses of arka pushpa,herb_benefits,1.0,arka pushpa,,
science behind wellness,general_info,1.0,,,wellness
quick relief from brain fog,disease_prediction,1.0,,brain fog,
cure for inflammation,disease_prediction,1.0,,inflammation,
importance of wellness,general_info,1.0,,,wellness
preventing vomiting,disease_prediction,1.0,,vomiting,
significance of body type,general_info,1.0,,,body type
medicinal effects of vriddhi,herb_benefits,1.0,vriddhi,,
define agni,general_info,1.0,,,agni
I'm suffering from hair loss,disease_prediction,1.0,,hair loss,
treatment for vomiting,disease_prediction,1.0,,vomiting,
constant stress,disease_prediction,1.0,,stress,
advantages of icchabhedi rasa,herb_benefits,1.0,icchabhedi rasa,,
traditional cure for tingling,disease_prediction,1.0,,tingling,
fundamentals of agni,general_info,1.0,,,agni
kusumbha benefits,herb_benefits,1.0,kusumbha,,
danti moola effects,herb_benefits,1.0,danti moola,,
role of traditional medicine,general_info,1.0,,,traditional medicine
cuts treatment,disease_prediction,1.0,,cuts,
healing low energy,disease_prediction,1.0,,low energy,
alleviating stomach ache,disease_prediction,1.0,,stomach ache,
karpasa in traditional medicine,herb_benefits,1.0,karpasa,,
badama taila in herbal medicine,herb_benefits,1.0,badama taila,,
therapeutic applications of centella,herb_benefits,1.0,centella,,
dealing with nausea,disease_prediction,1.0,,nausea,
I have strains,disease_prediction,1.0,,strains,
dealing with concentration issues,disease_prediction,1.0,,concentration issues,
symptoms of sleep disorders,disease_prediction,1.0,,sleep disorders,
vasant kusumakar rasa therapeutic benefits,herb_benefits,1.0,vasant kusumakar rasa,,
role of mind-body connection,general_info,1.0,,,mind-body connection
intermittent low energy,disease_prediction,1.0,,low energy,
holistic treatment for tingling,disease_prediction,1.0,,tingling,
what makes palankya beneficial,herb_benefits,1.0,palankya,,
I'm experiencing irregular periods,disease_prediction,1.0,,irregular periods,
fundamentals of vikriti,general_info,1.0,,,vikriti
why is mastu healthy,herb_benefits,1.0,mastu,,
medicinal effects of sphatika bhasma,herb_benefits,1.0,sphatika bhasma,,
what does dhanadanayanadi kashayam do,herb_benefits,1.0,dhanadanayanadi kashayam,,
help with stomach ache,disease_prediction,1.0,,stomach ache,
significance of prana,general_info,1.0,,,prana
learning abhyanga,general_info,1.0,,,abhyanga
what is karnikara good for,herb_benefits,1.0,karnikara,,
significance of prana,general_info,1.0,,,prana
constant fever,disease_prediction,1.0,,fever,
health benefits of mahishi dugdha,herb_benefits,1.0,mahishi dugdha,,
introduction to detoxification,general_info,1.0,,,detoxification
how does ojas work,general_info,1.0,,,ojas
persistent memory problems,disease_prediction,1.0,,memory problems,
harmony methodology,general_info,1.0,,,harmony
explain cleansing,general_info,1.0,,,cleansing
dhatus system,general_info,1.0,,,dhatus
what's ama,general_info,1.0,,,ama
amritarishta medicinal uses,herb_benefits,1.0,amritarishta,,
properties of phalatrikadi kwath,herb_benefits,1.0,phalatrikadi kwath,,
punarnava natural medicine,herb_benefits,1.0,punarnava,,
emblica for health,herb_benefits,1.0,emblica,,
uses of ocimum,herb_benefits,1.0,ocimum,,
tell me about chana,herb_benefits,1.0,chana,,
managing menstrual cramps,disease_prediction,1.0,,menstrual cramps,
shadrasas fundamentals,general_info,1.0,,,shadrasas
sudden menstrual cramps,disease_prediction,1.0,,menstrual cramps,
non-toxic remedy for stomach ache,disease_prediction,1.0,,stomach ache,
therapeutic value of karpura (camphor),herb_benefits,1.0,karpura (camphor),,
digestion understanding,general_info,1.0,,,digestion
prakriti art,general_info,1.0,,,prakriti
history of natural healing,general_info,1.0,,,natural healing
krimi kuthar rasa for health,herb_benefits,1.0,krimi kuthar rasa,,
exploring virya,general_info,1.0,,,virya
researching detoxification,general_info,1.0,,,detoxification
I feel blurred vision,disease_prediction,1.0,,blurred vision,
safe treatment for stress,disease_prediction,1.0,,stress,
significance of yoga,general_info,1.0,,,yoga
yoga tradition,general_info,1.0,,,yoga
how to treat oily skin,disease_prediction,1.0,,oily skin,
what causes sore throat,disease_prediction,1.0,,sore throat,
traditional uses of tinospora,herb_benefits,1.0,tinospora,,
why use ocimum,herb_benefits,1.0,ocimum,,
nutrition theory,general_info,1.0,,,nutrition
basics of dosha,general_info,1.0,,,dosha
herbal properties of kankshi,herb_benefits,1.0,kankshi,,
science behind herbal medicine,general_info,1.0,,,herbal medicine
properties of shvet musli,herb_benefits,1.0,shvet musli,,
relief from diabetes,disease_prediction,1.0,,diabetes,
alternative medicine for brain fog,disease_prediction,1.0,,brain fog,
jatamansi for natural healing,herb_benefits,1.0,jatamansi,,
sarja natural medicine,herb_benefits,1.0,sarja,,
ama approach,general_info,1.0,,,ama
herbal medicine for chronic fatigue,disease_prediction,1.0,,chronic fatigue,
kusha medicinal uses,herb_benefits,1.0,kusha,,
healing power of tankana bhasma,herb_benefits,1.0,tankana bhasma,,
what does mudgaparni do,herb_benefits,1.0,mudgaparni,,
studying abhyanga,general_info,1.0,,,abhyanga
philosophy of virechana,general_info,1.0,,,virechana
tanduliyaka uses,herb_benefits,1.0,tanduliyaka,,
importance of kapha,general_info,1.0,,,kapha
medicinal applications of chitraka moola,herb_benefits,1.0,chitraka moola,,
amra haridra for health improvement,herb_benefits,1.0,amra haridra,,
harmony system,general_info,1.0,,,harmony
cleansing system,general_info,1.0,,,cleansing
introduction to virechana,general_info,1.0,,,virechana
intermittent hearing problems,disease_prediction,1.0,,hearing problems,
panchakarma science,general_info,1.0,,,panchakarma
temperament practice,general_info,1.0,,,temperament
varanadi ghritam nutritional benefits,herb_benefits,1.0,varanadi ghritam,,
tell me about ashwagandha,herb_benefits,1.0,ashwagandha,,
quick relief from acne,disease_prediction,1.0,,acne,
srotas methodology,general_info,1.0,,,srotas
overview of gunas,general_info,1.0,,,gunas
cure for hot flashes,disease_prediction,1.0,,hot flashes,
ojas basics,general_info,1.0,,,ojas
intermittent wounds,disease_prediction,1.0,,wounds,
chitrakaharitaki healing properties,herb_benefits,1.0,chitrakaharitaki,,
advantages of icchabhedi rasa,herb_benefits,1.0,icchabhedi rasa,,
what are the principles of dhatus,general_info,1.0,,,dhatus
natural benefits of gambhari phala,herb_benefits,1.0,gambhari phala,,
trimala tradition,general_info,1.0,,,trimala
treatment for muscle pain,disease_prediction,1.0,,muscle pain,
safe treatment for irregular periods,disease_prediction,1.0,,irregular periods,
virechana perspective,general_info,1.0,,,virechana
why use panchakola churna,herb_benefits,1.0,panchakola churna,,
dealing with sore throat,disease_prediction,1.0,,sore throat,
having oily skin,disease_prediction,1.0,,oily skin,
significance of detoxification,general_info,1.0,,,detoxification
medicine for hot flashes,disease_prediction,1.0,,hot flashes,
philosophy of vikriti,general_info,1.0,,,vikriti
uses of visha tinduka,herb_benefits,1.0,visha tinduka,,
learn about pitta,general_info,1.0,,,pitta
treatment for insomnia,disease_prediction,1.0,,insomnia,
benefits of constitution,general_info,1.0,,,constitution
burning sensation cure,disease_prediction,1.0,,burning sensation,
severe irregular periods,disease_prediction,1.0,,irregular periods,
panchamahabhutas methodology,general_info,1.0,,,panchamahabhutas
what does amrita ghrita do,herb_benefits,1.0,amrita ghrita,,
what is himasagara thailam good for,herb_benefits,1.0,himasagara thailam,,
herbal properties of panchakola churna,herb_benefits,1.0,panchakola churna,,
what does shukti bhasma do,herb_benefits,1.0,shukti bhasma,,
medicine for bruising,disease_prediction,1.0,,bruising,
history of healthy lifestyle,general_info,1.0,,,healthy lifestyle
discovering srotas,general_info,1.0,,,srotas
controlling menstrual cramps,disease_prediction,1.0,,menstrual cramps,
how does panchakarma work,general_info,1.0,,,panchakarma
recovering from sleep disorders,disease_prediction,1.0,,sleep disorders,
vikriti concepts,general_info,1.0,,,vikriti
chronic eye strain,disease_prediction,1.0,,eye strain,
irregular periods treatment,disease_prediction,1.0,,irregular periods,
priyangu wellness benefits,herb_benefits,1.0,priyangu,,
permanent cures for dry eyes,disease_prediction,1.0,,dry eyes,
constant cramps,disease_prediction,1.0,,cramps,
ginger therapeutic benefits,herb_benefits,1.0,ginger,,
significance of ama,general_info,1.0,,,ama
eladi vati therapeutic benefits,herb_benefits,1.0,eladi vati,,
understanding dosha,general_info,1.0,,,dosha
constitution perspective,general_info,1.0,,,constitution
alternative medicine for sore throat,disease_prediction,1.0,,sore throat,
dealing with strains,disease_prediction,1.0,,strains,
how to treat dry skin,disease_prediction,1.0,,dry skin,
properties of trivanga bhasma,herb_benefits,1.0,trivanga bhasma,,
benefits and applications of agnijara,herb_benefits,1.0,agnijara,,
best medicine for ear pain,disease_prediction,1.0,,ear pain,
persistent inflammation,disease_prediction,1.0,,inflammation,
tintidika health effects,herb_benefits,1.0,tintidika,,
discovering traditional medicine,general_info,1.0,,,traditional medicine
constant indigestion,disease_prediction,1.0,,indigestion,
learning balance,general_info,1.0,,,balance
natural benefits of khadiradi vati,herb_benefits,1.0,khadiradi vati,,
constipation cure,disease_prediction,1.0,,constipation,
benefits of bhunimba,herb_benefits,1.0,bhunimba,,
ancient uses of aparajita,herb_benefits,1.0,aparajita,,
recurring sore throat,disease_prediction,1.0,,sore throat,
pitta viewpoint,general_info,1.0,,,pitta
why is panchavalkala kwath healthy,herb_benefits,1.0,panchavalkala kwath,,
ayurvedic treatment for insomnia,disease_prediction,1.0,,insomnia,
tridosha perspective,general_info,1.0,,,tridosha
dhattura for health improvement,herb_benefits,1.0,dhattura,,
reducing joint pain,disease_prediction,1.0,,joint pain,
symptoms of eye strain,disease_prediction,1.0,,eye strain,
healing hot flashes,disease_prediction,1.0,,hot flashes,
exploring traditional medicine,general_info,1.0,,,traditional medicine
panchakarma basics,general_info,1.0,,,panchakarma
quick relief from diarrhea,disease_prediction,1.0,,diarrhea,
principles of natural healing,general_info,1.0,,,natural healing
prabhava science,general_info,1.0,,,prabhava
traditional applications of putikaranja,herb_benefits,1.0,putikaranja,,
arjunarishta remedy uses,herb_benefits,1.0,arjunarishta,,
principles of panchamahabhutas,general_info,1.0,,,panchamahabhutas
understanding dosha,general_info,1.0,,,dosha
sudden bloating,disease_prediction,1.0,,bloating,
managing mood swings,disease_prediction,1.0,,mood swings,
virechana theory,general_info,1.0,,,virechana
healing arthritis,disease_prediction,1.0,,arthritis,
sprains cure,disease_prediction,1.0,,sprains,
controlling concentration issues,disease_prediction,1.0,,concentration issues,
lata kasturi properties,herb_benefits,1.0,lata kasturi,,
medicine for bruising,disease_prediction,1.0,,bruising,
advantages of icchabhedi rasa,herb_benefits,1.0,icchabhedi rasa,,
properties of dhatupaushtik churna,herb_benefits,1.0,dhatupaushtik churna,,
healing restless legs,disease_prediction,1.0,,restless legs,
overview of gunas,general_info,1.0,,,gunas
detoxification wisdom,general_info,1.0,,,detoxification
studying srotas,general_info,1.0,,,srotas
turmeric properties,herb_benefits,1.0,turmeric,,
chronic wounds,disease_prediction,1.0,,wounds,
basics of prana,general_info,1.0,,,prana
natural healing art,general_info,1.0,,,natural healing
kuntalakanti tailam for health improvement,herb_benefits,1.0,kuntalakanti tailam,,
what is prakriti,general_info,1.0,,,prakriti
balarishta natural medicine,herb_benefits,1.0,balarishta,,
treatment for dry skin,disease_prediction,1.0,,dry skin,
treatment for cold,disease_prediction,1.0,,cold,
sleep apnea cure,disease_prediction,1.0,,sleep apnea,
help with sleep apnea,disease_prediction,1.0,,sleep apnea,
introduction to temperament,general_info,1.0,,,temperament
prana science,general_info,1.0,,,prana
explain prana,general_info,1.0,,,prana
investigating pranayama,general_info,1.0,,,pranayama
science behind wellness,general_info,1.0,,,wellness
managing ear pain,disease_prediction,1.0,,ear pain,
how does wellness work,general_info,1.0,,,wellness
uses of vamsha,herb_benefits,1.0,vamsha,,
properties of yavasa,herb_benefits,1.0,yavasa,,
investigating detoxification,general_info,1.0,,,detoxification
cure for numbness,disease_prediction,1.0,,numbness,
kembuka remedy uses,herb_benefits,1.0,kembuka,,
managing ear pain,disease_prediction,1.0,,ear pain,
learn about digestion,general_info,1.0,,,digestion
basics of shadrasas,general_info,1.0,,,shadrasas
alternative medicine for numbness,disease_prediction,1.0,,numbness,
simsapa medicinal uses,herb_benefits,1.0,simsapa,,
safe treatment for indigestion,disease_prediction,1.0,,indigestion,
mind-body connection approach,general_info,1.0,,,mind-body connection
exploring ojas,general_info,1.0,,,ojas
benefits of virechana,general_info,1.0,,,virechana
therapeutic applications of varunadi kashayam,herb_benefits,1.0,varunadi kashayam,,
panchamahabhutas wisdom,general_info,1.0,,,panchamahabhutas
vajra bhasma for natural healing,herb_benefits,1.0,vajra bhasma,,
I'm experiencing heartburn,disease_prediction,1.0,,heartburn,
severe vertigo,disease_prediction,1.0,,vertigo,
help with motion sickness,disease_prediction,1.0,,motion sickness,
health benefits of haritaki,herb_benefits,1.0,haritaki,,
vikriti theory,general_info,1.0,,,vikriti
vajra bhasma uses,herb_benefits,1.0,vajra bhasma,,
why is kshirabala 101 avarti healthy,herb_benefits,1.0,kshirabala 101 avarti,,
medicinal effects of tumburu,herb_benefits,1.0,tumburu,,
dealing with night sweats,disease_prediction,1.0,,night sweats,
shirodhara theory,general_info,1.0,,,shirodhara
how to use masha,herb_benefits,1.0,masha,,
natural benefits of bhumyamalaki,herb_benefits,1.0,bhumyamalaki,,
health properties of coriander,herb_benefits,1.0,coriander,,
quick relief from brain fog,disease_prediction,1.0,,brain fog,
herbal medicine for runny nose,disease_prediction,1.0,,runny nose,
prabhava principles,general_info,1.0,,,prabhava
shara medicinal uses,herb_benefits,1.0,shara,,
ayurvedic benefits of chitrak,herb_benefits,1.0,chitrak,,
dhatus approach,general_info,1.0,,,dhatus
basics of vikriti,general_info,1.0,,,vikriti
ayurvedic treatments for memory problems,disease_prediction,1.0,,memory problems,
preventing motion sickness,disease_prediction,1.0,,motion sickness,
non-toxic remedy for eye strain,disease_prediction,1.0,,eye strain,
agnitundi vati natural medicine,herb_benefits,1.0,agnitundi vati,,
srotas viewpoint,general_info,1.0,,,srotas
importance of meditation,general_info,1.0,,,meditation
what can vasa avaleha treat,herb_benefits,1.0,vasa avaleha,,
help with nausea,disease_prediction,1.0,,nausea,
uses of gandharvahastadi kashayam,herb_benefits,1.0,gandharvahastadi kashayam,,
saptaparna natural medicine,herb_benefits,1.0,saptaparna,,
properties of yavasa,herb_benefits,1.0,yavasa,,
what makes vaikranta bhasma beneficial,herb_benefits,1.0,vaikranta bhasma,,
how does eranda help,herb_benefits,1.0,eranda,,
learning pranayama,general_info,1.0,,,pranayama
effective treatment for dandruff,disease_prediction,1.0,,dandruff,
vidanga in traditional medicine,herb_benefits,1.0,vidanga,,
treatment for cold,disease_prediction,1.0,,cold,
healing power of krimi kuthar rasa,herb_benefits,1.0,krimi kuthar rasa,,
agnimantha in herbal medicine,herb_benefits,1.0,agnimantha,,
constitution practice,general_info,1.0,,,constitution
how can kasamarda help,herb_benefits,1.0,kasamarda,,
tell me about prana,general_info,1.0,,,prana
I'm experiencing ear pain,disease_prediction,1.0,,ear pain,
remedy for sore throat,disease_prediction,1.0,,sore throat,
having stress,disease_prediction,1.0,,stress,
health advantages of asanadi kwath,herb_benefits,1.0,asanadi kwath,,
fundamentals of harmony,general_info,1.0,,,harmony
remedy for diabetes,disease_prediction,1.0,,diabetes,
benefits of prakriti,general_info,1.0,,,prakriti
I'm experiencing asthma,disease_prediction,1.0,,asthma,
therapeutic value of vyoshadi vati,herb_benefits,1.0,vyoshadi vati,,
how to treat bloating,disease_prediction,1.0,,bloating,
origin of digestion,general_info,1.0,,,digestion
akika pishti therapeutic benefits,herb_benefits,1.0,akika pishti,,
safe treatment for skin rash,disease_prediction,1.0,,skin rash,
burning sensation cure,disease_prediction,1.0,,burning sensation,
investigating cleansing,general_info,1.0,,,cleansing
holistic treatment for muscle pain,disease_prediction,1.0,,muscle pain,
basti concepts,general_info,1.0,,,basti
natural healing science,general_info,1.0,,,natural healing
virechana explained,general_info,1.0,,,virechana
healing oily skin,disease_prediction,1.0,,oily skin,
natural cure for hot flashes,disease_prediction,1.0,,hot flashes,
quick relief from low energy,disease_prediction,1.0,,low energy,
non-toxic remedy for sneezing,disease_prediction,1.0,,sneezing,
effective treatments for hot flashes,disease_prediction,1.0,,hot flashes,
medicine for dandruff,disease_prediction,1.0,,dandruff,
detoxification concepts,general_info,1.0,,,detoxification
basti viewpoint,general_info,1.0,,,basti
renuka medicinal uses,herb_benefits,1.0,renuka,,
pranayama philosophy,general_info,1.0,,,pranayama
preventing memory problems,disease_prediction,1.0,,memory problems,
reducing joint pain,disease_prediction,1.0,,joint pain,
recurring skin rash,disease_prediction,1.0,,skin rash,
quick relief from low energy,disease_prediction,1.0,,low energy,
medicinal value of shatavari,herb_benefits,1.0,shatavari,,
tell me about tridosha,general_info,1.0,,,tridosha
tell me about kumkumadi thailam,herb_benefits,1.0,kumkumadi thailam,,
mahatriphala ghrita natural medicine,herb_benefits,1.0,mahatriphala ghrita,,
healing burning sensation,disease_prediction,1.0,,burning sensation,
shadrasas knowledge,general_info,1.0,,,shadrasas
principles of malas,general_info,1.0,,,malas
I'm suffering from sore throat,disease_prediction,1.0,,sore throat,
investigating abhyanga,general_info,1.0,,,abhyanga
healing itching,disease_prediction,1.0,,itching,
sudden sleep apnea,disease_prediction,1.0,,sleep apnea,
discovering malas,general_info,1.0,,,malas
shirodhara philosophy,general_info,1.0,,,shirodhara
parijata properties,herb_benefits,1.0,parijata,,
tejas philosophy,general_info,1.0,,,tejas
dry eyes symptoms,disease_prediction,1.0,,dry eyes,
controlling gastritis,disease_prediction,1.0,,gastritis,
alternative medicine practice,general_info,1.0,,,alternative medicine
alternative medicine for irregular periods,disease_prediction,1.0,,irregular periods,
shalmali wellness benefits,herb_benefits,1.0,shalmali,,
role of traditional medicine,general_info,1.0,,,traditional medicine
cure for chest pain,disease_prediction,1.0,,chest pain,
origin of basti,general_info,1.0,,,basti
srotas perspective,general_info,1.0,,,srotas
persistent fever,disease_prediction,1.0,,fever,
how does manikya pishti help,herb_benefits,1.0,manikya pishti,,
what makes ahiphena beneficial,herb_benefits,1.0,ahiphena,,
recovering from fatigue,disease_prediction,1.0,,fatigue,
dealing with nausea,disease_prediction,1.0,,nausea,
shvet musli healing properties,herb_benefits,1.0,shvet musli,,
benefits of prana,general_info,1.0,,,prana
benefits and uses of vriddhi,herb_benefits,1.0,vriddhi,,
abhayarishta for health,herb_benefits,1.0,abhayarishta,,
I'm suffering from constipation,disease_prediction,1.0,,constipation,
advantages of changeri,herb_benefits,1.0,changeri,,
why use grinjana,herb_benefits,1.0,grinjana,,
what does kasheruka do,herb_benefits,1.0,kasheruka,,
how to use panchamrita parpati,herb_benefits,1.0,panchamrita parpati,,
discovering gunas,general_info,1.0,,,gunas
brahmi vati nutritional benefits,herb_benefits,1.0,brahmi vati,,
I'm suffering from back pain,disease_prediction,1.0,,back pain,
therapeutic effects of changeri,herb_benefits,1.0,changeri,,
principles of panchamahabhutas,general_info,1.0,,,panchamahabhutas
makshika madhu therapeutic benefits,herb_benefits,1.0,makshika madhu,,
virya philosophy,general_info,1.0,,,virya
fundamentals of metabolism,general_info,1.0,,,metabolism
symptoms of indigestion,disease_prediction,1.0,,indigestion,
studying energy,general_info,1.0,,,energy
learn about preventive medicine,general_info,1.0,,,preventive medicine
controlling gastritis,disease_prediction,1.0,,gastritis,
healing dizziness,disease_prediction,1.0,,dizziness,
advantages of asphota,herb_benefits,1.0,asphota,,
basics of srotas,general_info,1.0,,,srotas
origin of virya,general_info,1.0,,,virya
holistic treatments for motion sickness,disease_prediction,1.0,,motion sickness,
uses of svalpa khadiradi vati,herb_benefits,1.0,svalpa khadiradi vati,,
tingling cure,disease_prediction,1.0,,tingling,
history of shadrasas,general_info,1.0,,,shadrasas
karmaranga natural medicine,herb_benefits,1.0,karmaranga,,
uses of rasnasaptakam kashayam,herb_benefits,1.0,rasnasaptakam kashayam,,
benefits of black pepper,herb_benefits,1.0,black pepper,,
explain cleansing,general_info,1.0,,,cleansing
managing inflammation,disease_prediction,1.0,,inflammation,
gairika medicinal uses,herb_benefits,1.0,gairika,,
intermittent stress,disease_prediction,1.0,,stress,
tintidika health effects,herb_benefits,1.0,tintidika,,
how to use neem,herb_benefits,1.0,neem,,
treatment for constipation,disease_prediction,1.0,,constipation,
preventive medicine approach,general_info,1.0,,,preventive medicine
prabhava practice,general_info,1.0,,,prabhava
I have asthma,disease_prediction,1.0,,asthma,
treatment for vomiting,disease_prediction,1.0,,vomiting,
srotas understanding,general_info,1.0,,,srotas
constant fever,disease_prediction,1.0,,fever,
history of nutrition,general_info,1.0,,,nutrition
sinusitis symptoms,disease_prediction,1.0,,sinusitis,
tagar benefits,herb_benefits,1.0,tagar,,
natural benefits of prapunnada,herb_benefits,1.0,prapunnada,,
benefits and uses of talisa,herb_benefits,1.0,talisa,,
having motion sickness,disease_prediction,1.0,,motion sickness,
what does shunthi do,herb_benefits,1.0,shunthi,,
health properties of paribhadra,herb_benefits,1.0,paribhadra,,
why use shalparni,herb_benefits,1.0,shalparni,,
kantakari for natural healing,herb_benefits,1.0,kantakari,,
jatyadi ghrita health effects,herb_benefits,1.0,jatyadi ghrita,,
kumud healing properties,herb_benefits,1.0,kumud,,
uses of mahatiktaka ghrita,herb_benefits,1.0,mahatiktaka ghrita,,
philosophy of balance,general_info,1.0,,,balance
how to treat oily skin,disease_prediction,1.0,,oily skin,
fundamentals of harmony,general_info,1.0,,,harmony
curcuma remedy uses,herb_benefits,1.0,curcuma,,
mild indigestion,disease_prediction,1.0,,indigestion,
alternative medicine knowledge,general_info,1.0,,,alternative medicine
effective treatments for runny nose,disease_prediction,1.0,,runny nose,
virya tradition,general_info,1.0,,,virya
what are the benefits of kharbhuja,herb_benefits,1.0,kharbhuja,,
traditional medicine art,general_info,1.0,,,traditional medicine
gambhari health effects,herb_benefits,1.0,gambhari,,
reducing sprains,disease_prediction,1.0,,sprains,
importance of srotas,general_info,1.0,,,srotas
mild swelling,disease_prediction,1.0,,swelling,
examining healthy lifestyle,general_info,1.0,,,healthy lifestyle
diagnosis of menstrual cramps,disease_prediction,1.0,,menstrual cramps,
mahishi dugdha for natural healing,herb_benefits,1.0,mahishi dugdha,,
holistic treatments for sore throat,disease_prediction,1.0,,sore throat,
best medicine for acne,disease_prediction,1.0,,acne,
malas system,general_info,1.0,,,malas
bhunimba remedy uses,herb_benefits,1.0,bhunimba,,
information about nasya,general_info,1.0,,,nasya
symptoms of brain fog,disease_prediction,1.0,,brain fog,
healing power of vetasa,herb_benefits,1.0,vetasa,,
discovering rasa,general_info,1.0,,,rasa
vikriti tradition,general_info,1.0,,,vikriti
I'm suffering from dry skin,disease_prediction,1.0,,dry skin,
herbal medicine theory,general_info,1.0,,,herbal medicine
benefits and uses of eranda taila,herb_benefits,1.0,eranda taila,,
what does abhraka bhasma do,herb_benefits,1.0,abhraka bhasma,,
understand srotas,general_info,1.0,,,srotas
recovering from low energy,disease_prediction,1.0,,low energy,
best medicine for psoriasis,disease_prediction,1.0,,psoriasis,
importance of gunas,general_info,1.0,,,gunas
what is shirodhara,general_info,1.0,,,shirodhara
therapeutic applications of kanchanara guggulu,herb_benefits,1.0,kanchanara guggulu,,
what causes heartburn,disease_prediction,1.0,,heartburn,
mild dandruff,disease_prediction,1.0,,dandruff,
reducing abdominal pain,disease_prediction,1.0,,abdominal pain,
dhatus approach,general_info,1.0,,,dhatus
natural benefits of raupya bhasma,herb_benefits,1.0,raupya bhasma,,
symptoms of nausea,disease_prediction,1.0,,nausea,
shirodhara theory,general_info,1.0,,,shirodhara
effective treatment for brain fog,disease_prediction,1.0,,brain fog,
information about prapunnada,herb_benefits,1.0,prapunnada,,
bhadra healing properties,herb_benefits,1.0,bhadra,,
understanding basti,general_info,1.0,,,basti
recovering from mood swings,disease_prediction,1.0,,mood swings,
sala properties,herb_benefits,1.0,sala,,
how to treat sleep disorders,disease_prediction,1.0,,sleep disorders,
explain alternative medicine,general_info,1.0,,,alternative medicine
how to treat muscle pain,disease_prediction,1.0,,muscle pain,
sleep apnea cure,disease_prediction,1.0,,sleep apnea,
sudden diabetes,disease_prediction,1.0,,diabetes,
badama taila in herbal medicine,herb_benefits,1.0,badama taila,,
I'm experiencing dry eyes,disease_prediction,1.0,,dry eyes,
mahishi dugdha for natural healing,herb_benefits,1.0,mahishi dugdha,,
treatment for vomiting,disease_prediction,1.0,,vomiting,
basti wisdom,general_info,1.0,,,basti
recovering from hot flashes,disease_prediction,1.0,,hot flashes,
how does kshirabala thailam help,herb_benefits,1.0,kshirabala thailam,,
permanent cure for dry eyes,disease_prediction,1.0,,dry eyes,
dealing with blurred vision,disease_prediction,1.0,,blurred vision,
history of natural healing,general_info,1.0,,,natural healing
symptoms of gastritis,disease_prediction,1.0,,gastritis,
azadirachta for natural healing,herb_benefits,1.0,azadirachta,,
learning nutrition,general_info,1.0,,,nutrition
mind-body connection explained,general_info,1.0,,,mind-body connection
investigating tejas,general_info,1.0,,,tejas
healing itching,disease_prediction,1.0,,itching,
I'm experiencing fatigue,disease_prediction,1.0,,fatigue,
meditation approach,general_info,1.0,,,meditation
danti moola effects,herb_benefits,1.0,danti moola,,
simhamoola properties,herb_benefits,1.0,simhamoola,,
investigating constitution,general_info,1.0,,,constitution
vomiting treatment,disease_prediction,1.0,,vomiting,
shirodhara principles,general_info,1.0,,,shirodhara
healing fatigue,disease_prediction,1.0,,fatigue,
introduction to body type,general_info,1.0,,,body type
define kapha,general_info,1.0,,,kapha
rasa science,general_info,1.0,,,rasa
alternative medicine for irregular periods,disease_prediction,1.0,,irregular periods,
controlling itching,disease_prediction,1.0,,itching,
how to use kusha,herb_benefits,1.0,kusha,,
irregular periods treatment,disease_prediction,1.0,,irregular periods,
why is siddha makardhwaj healthy,herb_benefits,1.0,siddha makardhwaj,,
therapeutic value of drakshadi kwath,herb_benefits,1.0,drakshadi kwath,,
introduction to circulation,general_info,1.0,,,circulation
symptoms of gas,disease_prediction,1.0,,gas,
studying dosha,general_info,1.0,,,dosha
gambhari health effects,herb_benefits,1.0,gambhari,,
panchamahabhutas tradition,general_info,1.0,,,panchamahabhutas
quick relief from brain fog,disease_prediction,1.0,,brain fog,
what makes changeri ghrita beneficial,herb_benefits,1.0,changeri ghrita,,
origin of basti,general_info,1.0,,,basti
science behind wellness,general_info,1.0,,,wellness
harmony theory,general_info,1.0,,,harmony
overview of tejas,general_info,1.0,,,tejas
circulation knowledge,general_info,1.0,,,circulation
principles of prabhava,general_info,1.0,,,prabhava
what is kshirabala thailam good for,herb_benefits,1.0,kshirabala thailam,,
remedy for weakness,disease_prediction,1.0,,weakness,
surana for natural treatment,herb_benefits,1.0,surana,,
kottamchukkadi thailam natural medicine,herb_benefits,1.0,kottamchukkadi thailam,,
therapeutic applications of madhu,herb_benefits,1.0,madhu,,
balance methodology,general_info,1.0,,,balance
vikriti theory,general_info,1.0,,,vikriti
herbal properties of prativisha,herb_benefits,1.0,prativisha,,
natural treatments for cuts,disease_prediction,1.0,,cuts,
dosha methodology,general_info,1.0,,,dosha
constant menstrual cramps,disease_prediction,1.0,,menstrual cramps,
introduction to abhyanga,general_info,1.0,,,abhyanga
virya system,general_info,1.0,,,virya
non-toxic remedy for abdominal pain,disease_prediction,1.0,,abdominal pain,
kurabaka natural medicine,herb_benefits,1.0,kurabaka,,
sthuneyaka in traditional medicine,herb_benefits,1.0,sthuneyaka,,
mahasudarshan churna for health,herb_benefits,1.0,mahasudarshan churna,,
researching mind-body connection,general_info,1.0,,,mind-body connection
non-toxic remedy for cough,disease_prediction,1.0,,cough,
therapeutic value of aragvadhadi kwath,herb_benefits,1.0,aragvadhadi kwath,,
managing dizziness,disease_prediction,1.0,,dizziness,
agnitundi vati natural medicine,herb_benefits,1.0,agnitundi vati,,
panchamahabhutas concepts,general_info,1.0,,,panchamahabhutas
virya explained,general_info,1.0,,,virya
bhringraj natural medicine,herb_benefits,1.0,bhringraj,,
healing bronchitis,disease_prediction,1.0,,bronchitis,
treatment for cold,disease_prediction,1.0,,cold,
studying virya,general_info,1.0,,,virya
why is chitraka moola healthy,herb_benefits,1.0,chitraka moola,,
benefits and uses of kanmad bhasma,herb_benefits,1.0,kanmad bhasma,,
information about chavika,herb_benefits,1.0,chavika,,
researching body type,general_info,1.0,,,body type
medicinal properties of kalamba,herb_benefits,1.0,kalamba,,
help with stomach ache,disease_prediction,1.0,,stomach ache,
natural benefits of jatyadi taila,herb_benefits,1.0,jatyadi taila,,
advantages of dhataki,herb_benefits,1.0,dhataki,,
discovering malas,general_info,1.0,,,malas
mild abdominal pain,disease_prediction,1.0,,abdominal pain,
mukta pishti for wellness,herb_benefits,1.0,mukta pishti,,
natural benefits of bharangi,herb_benefits,1.0,bharangi,,
I'm suffering from eye strain,disease_prediction,1.0,,eye strain,
energy knowledge,general_info,1.0,,,energy
benefits of prabhava,general_info,1.0,,,prabhava
ayurvedic benefits of gotu kola,herb_benefits,1.0,gotu kola,,
detoxification principles,general_info,1.0,,,detoxification
tell me about nutrition,general_info,1.0,,,nutrition
shringyadi churna medicinal uses,herb_benefits,1.0,shringyadi churna,,
controlling headache,disease_prediction,1.0,,headache,
safe treatment for weakness,disease_prediction,1.0,,weakness,
what are the principles of srotas,general_info,1.0,,,srotas
fundamentals of virechana,general_info,1.0,,,virechana
recovering from stomach ache,disease_prediction,1.0,,stomach ache,
karmaranga natural medicine,herb_benefits,1.0,karmaranga,,
philosophy of gunas,general_info,1.0,,,gunas
I'm suffering from eye strain,disease_prediction,1.0,,eye strain,
medicinal value of nirgundi,herb_benefits,1.0,nirgundi,,
introduction to yoga,general_info,1.0,,,yoga
vata wisdom,general_info,1.0,,,vata
traditional cure for allergies,disease_prediction,1.0,,allergies,
karpasa in traditional medicine,herb_benefits,1.0,karpasa,,
shilajit for wellness,herb_benefits,1.0,shilajit,,
information about detoxification,general_info,1.0,,,detoxification
what is patola good for,herb_benefits,1.0,patola,,
medicine for dandruff,disease_prediction,1.0,,dandruff,
balance perspective,general_info,1.0,,,balance
tingling cure,disease_prediction,1.0,,tingling,
kottamchukkadi thailam natural medicine,herb_benefits,1.0,kottamchukkadi thailam,,
understanding agni,general_info,1.0,,,agni
basti explained,general_info,1.0,,,basti
natural benefits of bharangi,herb_benefits,1.0,bharangi,,
medicinal effects of aranya jeeraka,herb_benefits,1.0,aranya jeeraka,,
introduction to nutrition,general_info,1.0,,,nutrition
what is constitution,general_info,1.0,,,constitution
medicinal effects of tumburu,herb_benefits,1.0,tumburu,,
lasunadi vati for health,herb_benefits,1.0,lasunadi vati,,
medicinal properties of tumburu,herb_benefits,1.0,tumburu,,
preventing fever,disease_prediction,1.0,,fever,
how to treat stomach ache,disease_prediction,1.0,,stomach ache,
medicinal applications of narikela,herb_benefits,1.0,narikela,,
diagnosis of depression,disease_prediction,1.0,,depression,
vata system,general_info,1.0,,,vata
what does amrita ghrita do,herb_benefits,1.0,amrita ghrita,,
rasnairandadi kwath nutritional benefits,herb_benefits,1.0,rasnairandadi kwath,,
herbal properties of tila taila,herb_benefits,1.0,tila taila,,
introduction to pitta,general_info,1.0,,,pitta
natural benefits of manjistha,herb_benefits,1.0,manjistha,,
vata system,general_info,1.0,,,vata
tagar benefits,herb_benefits,1.0,tagar,,
learn about tejas,general_info,1.0,,,tejas
importance of constitution,general_info,1.0,,,constitution
persistent night sweats,disease_prediction,1.0,,night sweats,
severe sneezing,disease_prediction,1.0,,sneezing,
stress cure,disease_prediction,1.0,,stress,
science behind gunas,general_info,1.0,,,gunas
what is saptadhatu,general_info,1.0,,,saptadhatu
I experience snoring,disease_prediction,1.0,,snoring,
controlling sinusitis,disease_prediction,1.0,,sinusitis,
I'm suffering from oily skin,disease_prediction,1.0,,oily skin,
vajra bhasma for natural healing,herb_benefits,1.0,vajra bhasma,,
sudden chest pain,disease_prediction,1.0,,chest pain,
traditional uses of andrographis,herb_benefits,1.0,andrographis,,
what makes kushmanda avaleha beneficial,herb_benefits,1.0,kushmanda avaleha,,
energy knowledge,general_info,1.0,,,energy
how to use kusha,herb_benefits,1.0,kusha,,
amalaki rasayana therapeutic benefits,herb_benefits,1.0,amalaki rasayana,,
saptadhatu principles,general_info,1.0,,,saptadhatu
what causes hair loss,disease_prediction,1.0,,hair loss,
virechana theory,general_info,1.0,,,virechana
guide to basti,general_info,1.0,,,basti
ayurvedic benefits of utpala,herb_benefits,1.0,utpala,,
properties of ushtra dugdha,herb_benefits,1.0,ushtra dugdha,,
bijapura natural medicine,herb_benefits,1.0,bijapura,,
medicinal applications of shunthi,herb_benefits,1.0,shunthi,,
health properties of manjisthadi kwath,herb_benefits,1.0,manjisthadi kwath,,
dealing with allergies,disease_prediction,1.0,,allergies,
what is shigru good for,herb_benefits,1.0,shigru,,
traditional uses of kaharuba pishti,herb_benefits,1.0,kaharuba pishti,,
medicinal effects of sphatika bhasma,herb_benefits,1.0,sphatika bhasma,,
symptoms of brain fog,disease_prediction,1.0,,brain fog,
uses of hinguleshwar ras,herb_benefits,1.0,hinguleshwar ras,,
ear pain cure,disease_prediction,1.0,,ear pain,
panchamahabhutas theory,general_info,1.0,,,panchamahabhutas
science behind agni,general_info,1.0,,,agni
what makes meshashringi beneficial,herb_benefits,1.0,meshashringi,,
home remedy for nausea,disease_prediction,1.0,,nausea,
dhatus system,general_info,1.0,,,dhatus
effective treatment for sleep disorders,disease_prediction,1.0,,sleep disorders,
information about herbal medicine,general_info,1.0,,,herbal medicine
curcuma remedy uses,herb_benefits,1.0,curcuma,,
what is tumburu good for,herb_benefits,1.0,tumburu,,
what are the benefits of ksheera,herb_benefits,1.0,ksheera,,
information about suranjana,herb_benefits,1.0,suranjana,,
chyawanprash effects,herb_benefits,1.0,chyawanprash,,
information about mahamarichyadi taila,herb_benefits,1.0,mahamarichyadi taila,,
controlling depression,disease_prediction,1.0,,depression,
nag bhasma therapeutic benefits,herb_benefits,1.0,nag bhasma,,
virechana perspective,general_info,1.0,,,virechana
remedy for sore throat,disease_prediction,1.0,,sore throat,
how does herbal medicine work,general_info,1.0,,,herbal medicine
dosha knowledge,general_info,1.0,,,dosha
therapeutic applications of narikela jala,herb_benefits,1.0,narikela jala,,
gandharvahastadi kashayam medicinal uses,herb_benefits,1.0,gandharvahastadi kashayam,,
benefits of constitution,general_info,1.0,,,constitution
ama approach,general_info,1.0,,,ama
examining prabhava,general_info,1.0,,,prabhava
learning holistic health,general_info,1.0,,,holistic health
basics of virechana,general_info,1.0,,,virechana
detoxification theory,general_info,1.0,,,detoxification
fundamentals of panchakarma,general_info,1.0,,,panchakarma
kapikachhu for health improvement,herb_benefits,1.0,kapikachhu,,
learn about dosha,general_info,1.0,,,dosha
treatment for chronic fatigue,disease_prediction,1.0,,chronic fatigue,
kalyanaka ghrita remedy uses,herb_benefits,1.0,kalyanaka ghrita,,
gambhari phala therapeutic benefits,herb_benefits,1.0,gambhari phala,,
gairika medicinal uses,herb_benefits,1.0,gairika,,
I feel indigestion,disease_prediction,1.0,,indigestion,
cures for restless legs,disease_prediction,1.0,,restless legs,
importance of meditation,general_info,1.0,,,meditation
temperament practice,general_info,1.0,,,temperament
natural healing explained,general_info,1.0,,,natural healing
healing power of guduchi,herb_benefits,1.0,guduchi,,
medicinal effects of tumburu,herb_benefits,1.0,tumburu,,
healing psoriasis,disease_prediction,1.0,,psoriasis,
persistent sleep apnea,disease_prediction,1.0,,sleep apnea,
cuts treatment,disease_prediction,1.0,,cuts,
remedy for wounds,disease_prediction,1.0,,wounds,
therapeutic value of vidari,herb_benefits,1.0,vidari,,
remedy for nausea,disease_prediction,1.0,,nausea,
persistent inflammation,disease_prediction,1.0,,inflammation,
advantages of murivenna,herb_benefits,1.0,murivenna,,
introduction to panchamahabhutas,general_info,1.0,,,panchamahabhutas
what makes palankya beneficial,herb_benefits,1.0,palankya,,
recurring brain fog,disease_prediction,1.0,,brain fog,
sphatika bhasma therapeutic benefits,herb_benefits,1.0,sphatika bhasma,,
metabolism wisdom,general_info,1.0,,,metabolism
holistic treatment for muscle pain,disease_prediction,1.0,,muscle pain,
importance of srotas,general_info,1.0,,,srotas
sthuneyaka in traditional medicine,herb_benefits,1.0,sthuneyaka,,
uses of suranjana,herb_benefits,1.0,suranjana,,
persistent hot flashes,disease_prediction,1.0,,hot flashes,
metabolism explained,general_info,1.0,,,metabolism
remedy for cough,disease_prediction,1.0,,cough,
role of abhyanga,general_info,1.0,,,abhyanga
amalaki rasayana therapeutic benefits,herb_benefits,1.0,amalaki rasayana,,
dealing with allergies,disease_prediction,1.0,,allergies,
I'm suffering from gastritis,disease_prediction,1.0,,gastritis,
medicinal applications of manibhadra guda,herb_benefits,1.0,manibhadra guda,,
how to treat hearing problems,disease_prediction,1.0,,hearing problems,
medicinal applications of parijata,herb_benefits,1.0,parijata,,
tell me about abhyanga,general_info,1.0,,,abhyanga
ayurveda understanding,general_info,1.0,,,ayurveda
how to treat oily skin,disease_prediction,1.0,,oily skin,
how does kasamarda help,herb_benefits,1.0,kasamarda,,
therapeutic value of amlaparni,herb_benefits,1.0,amlaparni,,
why use svalpa khadiradi vati,herb_benefits,1.0,svalpa khadiradi vati,,
tagar uses,herb_benefits,1.0,tagar,,
circulation knowledge,general_info,1.0,,,circulation
dealing with gas,disease_prediction,1.0,,gas,
dealing with morning sickness,disease_prediction,1.0,,morning sickness,
natural treatment for sleep apnea,disease_prediction,1.0,,sleep apnea,
healing burns,disease_prediction,1.0,,burns,
therapeutic applications of madhu,herb_benefits,1.0,madhu,,
panchamahabhutas wisdom,general_info,1.0,,,panchamahabhutas
advantages of rasnairandadi kwath,herb_benefits,1.0,rasnairandadi kwath,,
persistent runny nose,disease_prediction,1.0,,runny nose,
what is natural healing,general_info,1.0,,,natural healing
sudden chest pain,disease_prediction,1.0,,chest pain,
I've got bruising,disease_prediction,1.0,,bruising,
permanent cure for bronchitis,disease_prediction,1.0,,bronchitis,
investigating virechana,general_info,1.0,,,virechana
overview of malas,general_info,1.0,,,malas
treatment for sprains,disease_prediction,1.0,,sprains,
chronic mood swings,disease_prediction,1.0,,mood swings,
holistic treatments for stomach ache,disease_prediction,1.0,,stomach ache,
understand prana,general_info,1.0,,,prana
alternative medicine practice,general_info,1.0,,,alternative medicine
fundamentals of tejas,general_info,1.0,,,tejas
intermittent cramps,disease_prediction,1.0,,cramps,
relief from skin rash,disease_prediction,1.0,,skin rash,
quick relief from sprains,disease_prediction,1.0,,sprains,
what makes tilaparni beneficial,herb_benefits,1.0,tilaparni,,
learning circulation,general_info,1.0,,,circulation
basti theory,general_info,1.0,,,basti
ginger therapeutic benefits,herb_benefits,1.0,ginger,,
relief from chronic fatigue,disease_prediction,1.0,,chronic fatigue,
meditation methodology,general_info,1.0,,,meditation
what makes meshashringi beneficial,herb_benefits,1.0,meshashringi,,
alleviating morning sickness,disease_prediction,1.0,,morning sickness,
ayurvedic treatment for nausea,disease_prediction,1.0,,nausea,
traditional cures for acidity,disease_prediction,1.0,,acidity,
what causes cuts,disease_prediction,1.0,,cuts,
natural cure for muscle pain,disease_prediction,1.0,,muscle pain,
introduction to rasa,general_info,1.0,,,rasa
karpasa moola nutritional benefits,herb_benefits,1.0,karpasa moola,,
eranda patra for health,herb_benefits,1.0,eranda patra,,
emblica for health,herb_benefits,1.0,emblica,,
managing menstrual cramps,disease_prediction,1.0,,menstrual cramps,
arjuna twak in herbal medicine,herb_benefits,1.0,arjuna twak,,
grinjana healing properties,herb_benefits,1.0,grinjana,,
role of circulation,general_info,1.0,,,circulation
medicine for dandruff,disease_prediction,1.0,,dandruff,
properties of phalatrikadi kwath,herb_benefits,1.0,phalatrikadi kwath,,
philosophy of pitta,general_info,1.0,,,pitta
kulathadi kwath therapeutic benefits,herb_benefits,1.0,kulathadi kwath,,
benefits of shukti bhasma,herb_benefits,1.0,shukti bhasma,,
sudden psoriasis,disease_prediction,1.0,,psoriasis,
safe treatment for memory problems,disease_prediction,1.0,,memory problems,
how does ojas work,general_info,1.0,,,ojas
ancient uses of guda,herb_benefits,1.0,guda,,
advantages of bhurja,herb_benefits,1.0,bhurja,,
understand alternative medicine,general_info,1.0,,,alternative medicine
benefits and uses of agnijara,herb_benefits,1.0,agnijara,,
history of balance,general_info,1.0,,,balance
therapeutic effects of shalparni,herb_benefits,1.0,shalparni,,
exploring virechana,general_info,1.0,,,virechana
diagnosis of menstrual cramps,disease_prediction,1.0,,menstrual cramps,
alternative medicine for nausea,disease_prediction,1.0,,nausea,
introduction to yoga,general_info,1.0,,,yoga
how does vanapsa help,herb_benefits,1.0,vanapsa,,
learning shirodhara,general_info,1.0,,,shirodhara
I feel migraine,disease_prediction,1.0,,migraine,
natural treatments for diabetes,disease_prediction,1.0,,diabetes,
chopchini remedy uses,herb_benefits,1.0,chopchini,,
kembuka remedy uses,herb_benefits,1.0,kembuka,,
prapunnada natural medicine,herb_benefits,1.0,prapunnada,,
alternative medicine for nausea,disease_prediction,1.0,,nausea,
tell me about kumkumadi thailam,herb_benefits,1.0,kumkumadi thailam,,
pushkarmool in herbal medicine,herb_benefits,1.0,pushkarmool,,
examining gunas,general_info,1.0,,,gunas
info about nasya,general_info,1.0,,,nasya
digestion tradition,general_info,1.0,,,digestion
history of tridosha,general_info,1.0,,,tridosha
palasha properties,herb_benefits,1.0,palasha,,
digestion basics,general_info,1.0,,,digestion
benefits and uses of vidangarishta,herb_benefits,1.0,vidangarishta,,
what is preventive medicine,general_info,1.0,,,preventive medicine
information about kshirabala 101 avarti,herb_benefits,1.0,kshirabala 101 avarti,,
therapeutic applications of aivana,herb_benefits,1.0,aivana,,
basics of trimala,general_info,1.0,,,trimala
what makes kukkutanda twak bhasma beneficial,herb_benefits,1.0,kukkutanda twak bhasma,,
chronic acidity,disease_prediction,1.0,,acidity,
mild eye strain,disease_prediction,1.0,,eye strain,
I'm suffering from eye strain,disease_prediction,1.0,,eye strain,
preventing bloating,disease_prediction,1.0,,bloating,
examining healthy lifestyle,general_info,1.0,,,healthy lifestyle
sneezing cure,disease_prediction,1.0,,sneezing,
detoxification system,general_info,1.0,,,detoxification
relief from chronic fatigue,disease_prediction,1.0,,chronic fatigue,
what is karnikara good for,herb_benefits,1.0,karnikara,,
chronic eye strain,disease_prediction,1.0,,eye strain,
panchamahabhutas tradition,general_info,1.0,,,panchamahabhutas
how to treat sleep disorders,disease_prediction,1.0,,sleep disorders,
health benefits of kadali pushpa,herb_benefits,1.0,kadali pushpa,,
immunity tradition,general_info,1.0,,,immunity
properties of shuddha guggulu,herb_benefits,1.0,shuddha guggulu,,
basics of prana,general_info,1.0,,,prana
controlling itching,disease_prediction,1.0,,itching,
intermittent sneezing,disease_prediction,1.0,,sneezing,
sarshapa taila healing properties,herb_benefits,1.0,sarshapa taila,,
herbal medicine for chronic fatigue,disease_prediction,1.0,,chronic fatigue,
rasamanikya medicinal uses,herb_benefits,1.0,rasamanikya,,
kalyanaka ghrita remedy uses,herb_benefits,1.0,kalyanaka ghrita,,
medicinal applications of narikela,herb_benefits,1.0,narikela,,
traditional cures for cuts,disease_prediction,1.0,,cuts,
constant indigestion,disease_prediction,1.0,,indigestion,
researching pranayama,general_info,1.0,,,pranayama
balance concepts,general_info,1.0,,,balance
diagnosis of irregular periods,disease_prediction,1.0,,irregular periods,
non-toxic remedy for night sweats,disease_prediction,1.0,,night sweats,
ojas methodology,general_info,1.0,,,ojas
malas practice,general_info,1.0,,,malas
what does mahakalyanaka ghritam do,herb_benefits,1.0,mahakalyanaka ghritam,,
properties of kankataka,herb_benefits,1.0,kankataka,,
investigating vata,general_info,1.0,,,vata
I'm experiencing eye strain,disease_prediction,1.0,,eye strain,
pradarantak lauh remedy uses,herb_benefits,1.0,pradarantak lauh,,
investigating detoxification,general_info,1.0,,,detoxification
reducing sleep disorders,disease_prediction,1.0,,sleep disorders,
kalyana ksharam effects,herb_benefits,1.0,kalyana ksharam,,
persistent ear pain,disease_prediction,1.0,,ear pain,
discovering shirodhara,general_info,1.0,,,shirodhara
basics of mind-body connection,general_info,1.0,,,mind-body connection
I have stomach ache,disease_prediction,1.0,,stomach ache,
effective treatment for gastritis,disease_prediction,1.0,,gastritis,
prana explained,general_info,1.0,,,prana
what causes cuts,disease_prediction,1.0,,cuts,
history of energy,general_info,1.0,,,energy
therapeutic applications of narikela jala,herb_benefits,1.0,narikela jala,,
explain prana,general_info,1.0,,,prana
why use sariva,herb_benefits,1.0,sariva,,
alternative medicine for bruising,disease_prediction,1.0,,bruising,
fundamentals of vikriti,general_info,1.0,,,vikriti
traditional medicine science,general_info,1.0,,,traditional medicine
what are the principles of rasa,general_info,1.0,,,rasa
sudden sleep apnea,disease_prediction,1.0,,sleep apnea,
karpasa in traditional medicine,herb_benefits,1.0,karpasa,,
preventing inflammation,disease_prediction,1.0,,inflammation,
constitution perspective,general_info,1.0,,,constitution
alternative medicine for restless legs,disease_prediction,1.0,,restless legs,
how to use hinguvachadi churna,herb_benefits,1.0,hinguvachadi churna,,
alternative medicine for acne,disease_prediction,1.0,,acne,
how to use shankha vati,herb_benefits,1.0,shankha vati,,
ayurvedic treatment for dandruff,disease_prediction,1.0,,dandruff,
benefits of rasa,general_info,1.0,,,rasa
prabhava methodology,general_info,1.0,,,prabhava
having inflammation,disease_prediction,1.0,,inflammation,
permanent cure for insomnia,disease_prediction,1.0,,insomnia,
help with stomach ache,disease_prediction,1.0,,stomach ache,
healing dizziness,disease_prediction,1.0,,dizziness,
benefits and uses of nimbadi churna,herb_benefits,1.0,nimbadi churna,,
cure for sinusitis,disease_prediction,1.0,,sinusitis,
define agni,general_info,1.0,,,agni
alternative medicine for brain fog,disease_prediction,1.0,,brain fog,
learning balance,general_info,1.0,,,balance
understand rasa,general_info,1.0,,,rasa
agni wisdom,general_info,1.0,,,agni
examining virechana,general_info,1.0,,,virechana
exploring alternative medicine,general_info,1.0,,,alternative medicine
how does sarivadyasava help,herb_benefits,1.0,sarivadyasava,,
what makes changeri ghrita beneficial,herb_benefits,1.0,changeri ghrita,,
uses of arka,herb_benefits,1.0,arka,,
importance of vata,general_info,1.0,,,vata
lajjalu remedy uses,herb_benefits,1.0,lajjalu,,
how to treat dry skin,disease_prediction,1.0,,dry skin,
elakanadi kashayam effects,herb_benefits,1.0,elakanadi kashayam,,
I'm experiencing migraine,disease_prediction,1.0,,migraine,
symptoms of sleep apnea,disease_prediction,1.0,,sleep apnea,
talisadi churna in traditional medicine,herb_benefits,1.0,talisadi churna,,
what is chandraprabha vati good for,herb_benefits,1.0,chandraprabha vati,,
sudden numbness,disease_prediction,1.0,,numbness,
understand immunity,general_info,1.0,,,immunity
benefits of metabolism,general_info,1.0,,,metabolism
philosophy of energy,general_info,1.0,,,energy
permanent cure for bronchitis,disease_prediction,1.0,,bronchitis,
home remedy for hair loss,disease_prediction,1.0,,hair loss,
overview of ama,general_info,1.0,,,ama
what can surana treat,herb_benefits,1.0,surana,,
recurring tinnitus,disease_prediction,1.0,,tinnitus,
reducing burns,disease_prediction,1.0,,burns,
therapeutic value of matulunga,herb_benefits,1.0,matulunga,,
dhatus approach,general_info,1.0,,,dhatus
dosha science,general_info,1.0,,,dosha
natural treatment for diabetes,disease_prediction,1.0,,diabetes,
investigating prana,general_info,1.0,,,prana
understand srotas,general_info,1.0,,,srotas
basics of virechana,general_info,1.0,,,virechana
herbal properties of tila taila,herb_benefits,1.0,tila taila,,
how does brihatyadi kashayam help,herb_benefits,1.0,brihatyadi kashayam,,
harmony methodology,general_info,1.0,,,harmony
ayurvedic treatment for insomnia,disease_prediction,1.0,,insomnia,
I'm experiencing abdominal pain,disease_prediction,1.0,,abdominal pain,
kalamba in herbal medicine,herb_benefits,1.0,kalamba,,
define prana,general_info,1.0,,,prana
tamalpatra nutritional benefits,herb_benefits,1.0,tamalpatra,,
philosophy of energy,general_info,1.0,,,energy
ambasthaki properties,herb_benefits,1.0,ambasthaki,,
discovering tejas,general_info,1.0,,,tejas
lakshadi thailam wellness benefits,herb_benefits,1.0,lakshadi thailam,,
principles of prabhava,general_info,1.0,,,prabhava
treatment for insomnia,disease_prediction,1.0,,insomnia,
arjuna twak in herbal medicine,herb_benefits,1.0,arjuna twak,,
recovering from sleep disorders,disease_prediction,1.0,,sleep disorders,
how does caturjata churna help,herb_benefits,1.0,caturjata churna,,
I have morning sickness,disease_prediction,1.0,,morning sickness,
hijal healing properties,herb_benefits,1.0,hijal,,
treatment for itching,disease_prediction,1.0,,itching,
mild chronic fatigue,disease_prediction,1.0,,chronic fatigue,
having weakness,disease_prediction,1.0,,weakness,
vata viewpoint,general_info,1.0,,,vata
gunas perspective,general_info,1.0,,,gunas
healing wounds,disease_prediction,1.0,,wounds,
vyaghri haritaki for wellness,herb_benefits,1.0,vyaghri haritaki,,
what causes mood swings,disease_prediction,1.0,,mood swings,
holistic treatment for chronic fatigue,disease_prediction,1.0,,chronic fatigue,
tell me about matsyakshi,herb_benefits,1.0,matsyakshi,,
dealing with morning sickness,disease_prediction,1.0,,morning sickness,
treatment for sleep apnea,disease_prediction,1.0,,sleep apnea,
basti understanding,general_info,1.0,,,basti
relief from diabetes,disease_prediction,1.0,,diabetes,
ayurvedic benefits of utpala,herb_benefits,1.0,utpala,,
what are the benefits of dhanyamla,herb_benefits,1.0,dhanyamla,,
amritarishta for health,herb_benefits,1.0,amritarishta,,
I feel migraine,disease_prediction,1.0,,migraine,
brahmi vati for health,herb_benefits,1.0,brahmi vati,,
benefits and uses of nimbadi churna,herb_benefits,1.0,nimbadi churna,,
science behind shirodhara,general_info,1.0,,,shirodhara
I'm suffering from motion sickness,disease_prediction,1.0,,motion sickness,
safe treatment for cramps,disease_prediction,1.0,,cramps,
healing power of karmaranga,herb_benefits,1.0,karmaranga,,
non-toxic remedy for abdominal pain,disease_prediction,1.0,,abdominal pain,
medicine for itching,disease_prediction,1.0,,itching,
healthy lifestyle methodology,general_info,1.0,,,healthy lifestyle
explain natural healing,general_info,1.0,,,natural healing
therapeutic effects of indravaruni,herb_benefits,1.0,indravaruni,,
amalaki rasayana therapeutic benefits,herb_benefits,1.0,amalaki rasayana,,
introduction to wellness,general_info,1.0,,,wellness
symptoms of sleep disorders,disease_prediction,1.0,,sleep disorders,
reducing vertigo,disease_prediction,1.0,,vertigo,
permanent cure for psoriasis,disease_prediction,1.0,,psoriasis,
meditation science,general_info,1.0,,,meditation
properties of shukti bhasma,herb_benefits,1.0,shukti bhasma,,
non-toxic remedy for wounds,disease_prediction,1.0,,wounds,
ayurvedic benefits of shallaki,herb_benefits,1.0,shallaki,,
vikriti tradition,general_info,1.0,,,vikriti
holistic health fundamentals,general_info,1.0,,,holistic health
skin rash symptoms,disease_prediction,1.0,,skin rash,
sudden chest pain,disease_prediction,1.0,,chest pain,
sudden bloating,disease_prediction,1.0,,bloating,
eladi thailam remedy uses,herb_benefits,1.0,eladi thailam,,
having sinusitis,disease_prediction,1.0,,sinusitis,
best medicine for diabetes,disease_prediction,1.0,,diabetes,
recovering from blurred vision,disease_prediction,1.0,,blurred vision,
science behind gunas,general_info,1.0,,,gunas
I've got asthma,disease_prediction,1.0,,asthma,
properties of dhatupaushtik churna,herb_benefits,1.0,dhatupaushtik churna,,
why is kalmegh healthy,herb_benefits,1.0,kalmegh,,
sudden sleep apnea,disease_prediction,1.0,,sleep apnea,
yoga tradition,general_info,1.0,,,yoga
advantages of ashoka ghrita,herb_benefits,1.0,ashoka ghrita,,
balance fundamentals,general_info,1.0,,,balance
benefits of swarnapatri,herb_benefits,1.0,swarnapatri,,
preventing motion sickness,disease_prediction,1.0,,motion sickness,
significance of virechana,general_info,1.0,,,virechana
therapeutic value of samudra phena,herb_benefits,1.0,samudra phena,,
safe treatment for morning sickness,disease_prediction,1.0,,morning sickness,
medicinal value of snuhi ksheera,herb_benefits,1.0,snuhi ksheera,,
how to treat spasms,disease_prediction,1.0,,spasms,
I'm suffering from skin rash,disease_prediction,1.0,,skin rash,
non-toxic remedy for sneezing,disease_prediction,1.0,,sneezing,
role of shadrasas,general_info,1.0,,,shadrasas
severe sneezing,disease_prediction,1.0,,sneezing,
principles of natural healing,general_info,1.0,,,natural healing
ayurvedic benefits of gotu kola,herb_benefits,1.0,gotu kola,,
reducing abdominal pain,disease_prediction,1.0,,abdominal pain,
natural healing science,general_info,1.0,,,natural healing
yoga viewpoint,general_info,1.0,,,yoga
healthy lifestyle system,general_info,1.0,,,healthy lifestyle
I'm suffering from skin rash,disease_prediction,1.0,,skin rash,
philosophy of natural healing,general_info,1.0,,,natural healing
studying ayurveda,general_info,1.0,,,ayurveda
kalyana ksharam effects,herb_benefits,1.0,kalyana ksharam,,
how does parpataka help,herb_benefits,1.0,parpataka,,
medicinal applications of rohitaka,herb_benefits,1.0,rohitaka,,
meditation viewpoint,general_info,1.0,,,meditation
tagar uses,herb_benefits,1.0,tagar,,
persistent fatigue,disease_prediction,1.0,,fatigue,
virya wisdom,general_info,1.0,,,virya
exploring traditional medicine,general_info,1.0,,,traditional medicine
mamsarohini for holistic health,herb_benefits,1.0,mamsarohini,,
significance of tejas,general_info,1.0,,,tejas
ancient uses of dhatri loha,herb_benefits,1.0,dhatri loha,,
healing power of lakshadi thailam,herb_benefits,1.0,lakshadi thailam,,
introduction to circulation,general_info,1.0,,,circulation
tell me about akika pishti,herb_benefits,1.0,akika pishti,,
advantages of alarka,herb_benefits,1.0,alarka,,
vata wisdom,general_info,1.0,,,vata
tell me about atasi,herb_benefits,1.0,atasi,,
tell me about agnitundi vati,herb_benefits,1.0,agnitundi vati,,
importance of energy,general_info,1.0,,,energy
managing spasms,disease_prediction,1.0,,spasms,
health benefits of kalajaji,herb_benefits,1.0,kalajaji,,
examining healthy lifestyle,general_info,1.0,,,healthy lifestyle
history of tejas,general_info,1.0,,,tejas
therapeutic value of samudra phena,herb_benefits,1.0,samudra phena,,
nag bhasma therapeutic benefits,herb_benefits,1.0,nag bhasma,,
alternative medicine for fatigue,disease_prediction,1.0,,fatigue,
chirabilva therapeutic benefits,herb_benefits,1.0,chirabilva,,
treatment for inflammation,disease_prediction,1.0,,inflammation,
permanent cure for psoriasis,disease_prediction,1.0,,psoriasis,
blurred vision symptoms,disease_prediction,1.0,,blurred vision,
kantakari for natural healing,herb_benefits,1.0,kantakari,,
recurring burns,disease_prediction,1.0,,burns,
dhanyamla natural medicine,herb_benefits,1.0,dhanyamla,,
I suffer from oily skin,disease_prediction,1.0,,oily skin,
discovering panchamahabhutas,general_info,1.0,,,panchamahabhutas
gunas tradition,general_info,1.0,,,gunas
prabhava science,general_info,1.0,,,prabhava
best medicine for ear pain,disease_prediction,1.0,,ear pain,
what does himsra do,herb_benefits,1.0,himsra,,
ardraka svarasa for natural treatment,herb_benefits,1.0,ardraka svarasa,,
balance fundamentals,general_info,1.0,,,balance
what is prabhava,general_info,1.0,,,prabhava
philosophy of yoga,general_info,1.0,,,yoga
gunas perspective,general_info,1.0,,,gunas
mahasudarshan churna nutritional benefits,herb_benefits,1.0,mahasudarshan churna,,
having vertigo,disease_prediction,1.0,,vertigo,
relief from tinnitus,disease_prediction,1.0,,tinnitus,
traditional medicine tradition,general_info,1.0,,,traditional medicine
dealing with gas,disease_prediction,1.0,,gas,
symptoms of sleep disorders,disease_prediction,1.0,,sleep disorders,
basics of virechana,general_info,1.0,,,virechana
jivanti health effects,herb_benefits,1.0,jivanti,,
agni art,general_info,1.0,,,agni
learn about digestion,general_info,1.0,,,digestion
karanja healing properties,herb_benefits,1.0,karanja,,
what are the principles of prabhava,general_info,1.0,,,prabhava
history of energy,general_info,1.0,,,energy
healing restless legs,disease_prediction,1.0,,restless legs,
alarka for holistic health,herb_benefits,1.0,alarka,,
asana for natural healing,herb_benefits,1.0,asana,,
tamalpatra therapeutic benefits,herb_benefits,1.0,tamalpatra,,
constant fatigue,disease_prediction,1.0,,fatigue,
natural advantages of dhattura beeja,herb_benefits,1.0,dhattura beeja,,
preventing bloating,disease_prediction,1.0,,bloating,
diagnosis of tinnitus,disease_prediction,1.0,,tinnitus,
ama knowledge,general_info,1.0,,,ama
I suffer from sore throat,disease_prediction,1.0,,sore throat,
vata system,general_info,1.0,,,vata
preventing eye strain,disease_prediction,1.0,,eye strain,
cleansing system,general_info,1.0,,,cleansing
benefits of talisapatra,herb_benefits,1.0,talisapatra,,
traditional medicine fundamentals,general_info,1.0,,,traditional medicine
natural treatment for bloating,disease_prediction,1.0,,bloating,
non-toxic remedy for nausea,disease_prediction,1.0,,nausea,
preventing eye strain,disease_prediction,1.0,,eye strain,
dealing with acne,disease_prediction,1.0,,acne,
guide to agni,general_info,1.0,,,agni
madhuka in traditional medicine,herb_benefits,1.0,madhuka,,
define cleansing,general_info,1.0,,,cleansing
fundamentals of vata,general_info,1.0,,,vata
importance of immunity,general_info,1.0,,,immunity
symptoms of ear pain,disease_prediction,1.0,,ear pain,
kshara parpati benefits,herb_benefits,1.0,kshara parpati,,
overcoming mood swings,disease_prediction,1.0,,mood swings,
investigating pitta,general_info,1.0,,,pitta
advantages of mahakalyanaka ghritam,herb_benefits,1.0,mahakalyanaka ghritam,,
persistent restless legs,disease_prediction,1.0,,restless legs,
what is trivanga bhasma good for,herb_benefits,1.0,trivanga bhasma,,
I have mood swings,disease_prediction,1.0,,mood swings,
curcuma remedy uses,herb_benefits,1.0,curcuma,,
chronic swelling,disease_prediction,1.0,,swelling,
traditional medicine knowledge,general_info,1.0,,,traditional medicine
holistic treatment for joint pain,disease_prediction,1.0,,joint pain,
herbal medicine for abdominal pain,disease_prediction,1.0,,abdominal pain,
ayurvedic benefits of shallaki,herb_benefits,1.0,shallaki,,
upodika for health improvement,herb_benefits,1.0,upodika,,
what makes gotu kola beneficial,herb_benefits,1.0,gotu kola,,
natural treatment for sprains,disease_prediction,1.0,,sprains,
constant dry skin,disease_prediction,1.0,,dry skin,
non-toxic remedy for oily skin,disease_prediction,1.0,,oily skin,
medicinal properties of vidanga,herb_benefits,1.0,vidanga,,
diagnosis of brain fog,disease_prediction,1.0,,brain fog,
why is tintidika healthy,herb_benefits,1.0,tintidika,,
kasamarda in traditional medicine,herb_benefits,1.0,kasamarda,,
malas practice,general_info,1.0,,,malas
healing fatigue,disease_prediction,1.0,,fatigue,
dealing with sore throat,disease_prediction,1.0,,sore throat,
sudden menstrual cramps,disease_prediction,1.0,,menstrual cramps,
overview of shadrasas,general_info,1.0,,,shadrasas
panchakarma fundamentals,general_info,1.0,,,panchakarma
constitution practice,general_info,1.0,,,constitution
healing power of krimi kuthar rasa,herb_benefits,1.0,krimi kuthar rasa,,
dealing with blurred vision,disease_prediction,1.0,,blurred vision,
karanja taila natural medicine,herb_benefits,1.0,karanja taila,,
why is takra healthy,herb_benefits,1.0,takra,,
how does agni work,general_info,1.0,,,agni
panchamahabhutas philosophy,general_info,1.0,,,panchamahabhutas
bhringraj natural medicine,herb_benefits,1.0,bhringraj,,
effective treatment for dandruff,disease_prediction,1.0,,dandruff,
sarpaksi for holistic health,herb_benefits,1.0,sarpaksi,,
recurring cramps,disease_prediction,1.0,,cramps,
fundamentals of panchakarma,general_info,1.0,,,panchakarma
overcoming cramps,disease_prediction,1.0,,cramps,
alternative medicine viewpoint,general_info,1.0,,,alternative medicine
permanent cures for indigestion,disease_prediction,1.0,,indigestion,
intermittent ear pain,disease_prediction,1.0,,ear pain,
discovering prana,general_info,1.0,,,prana
agnitundi vati natural medicine,herb_benefits,1.0,agnitundi vati,,
parpataka natural medicine,herb_benefits,1.0,parpataka,,
herbal properties of simsapa,herb_benefits,1.0,simsapa,,
how does kasamarda help,herb_benefits,1.0,kasamarda,,
understand vata,general_info,1.0,,,vata
karanja taila for holistic health,herb_benefits,1.0,karanja taila,,
controlling swelling,disease_prediction,1.0,,swelling,
what are the benefits of chakramarda,herb_benefits,1.0,chakramarda,,
explain natural healing,general_info,1.0,,,natural healing
chitrakaharitaki healing properties,herb_benefits,1.0,chitrakaharitaki,,
exploring vata,general_info,1.0,,,vata
health properties of patrangasava,herb_benefits,1.0,patrangasava,,
meditation science,general_info,1.0,,,meditation
symptoms of oily skin,disease_prediction,1.0,,oily skin,
effective treatments for gastritis,disease_prediction,1.0,,gastritis,
sprains treatment,disease_prediction,1.0,,sprains,
role of saptadhatu,general_info,1.0,,,saptadhatu
shilajit for wellness,herb_benefits,1.0,shilajit,,
medicinal properties of vidanga,herb_benefits,1.0,vidanga,,
pravala pishti remedy uses,herb_benefits,1.0,pravala pishti,,
permanent cure for psoriasis,disease_prediction,1.0,,psoriasis,
define prana,general_info,1.0,,,prana
basics of pitta,general_info,1.0,,,pitta
science behind vikriti,general_info,1.0,,,vikriti
vrihi for natural healing,herb_benefits,1.0,vrihi,,
ushiradi churna for wellness,herb_benefits,1.0,ushiradi churna,,
relief from dry skin,disease_prediction,1.0,,dry skin,
overcoming sleep apnea,disease_prediction,1.0,,sleep apnea,
benefits of tridosha,general_info,1.0,,,tridosha
what does madhu do,herb_benefits,1.0,madhu,,
discovering digestion,general_info,1.0,,,digestion
learn about virya,general_info,1.0,,,virya
what can ishwari treat,herb_benefits,1.0,ishwari,,
relief from skin rash,disease_prediction,1.0,,skin rash,
trimala art,general_info,1.0,,,trimala
pradarantak lauh remedy uses,herb_benefits,1.0,pradarantak lauh,,
I'm suffering from eye strain,disease_prediction,1.0,,eye strain,
origin of pitta,general_info,1.0,,,pitta
healthy lifestyle system,general_info,1.0,,,healthy lifestyle
treatments for itching,disease_prediction,1.0,,itching,
home remedy for sinusitis,disease_prediction,1.0,,sinusitis,
understanding ayurveda,general_info,1.0,,,ayurveda
suranjana for natural treatment,herb_benefits,1.0,suranjana,,
controlling snoring,disease_prediction,1.0,,snoring,
uses of svalpa khadiradi vati,herb_benefits,1.0,svalpa khadiradi vati,,
treatment for heartburn,disease_prediction,1.0,,heartburn,
philosophy of balance,general_info,1.0,,,balance
gambhari phala therapeutic benefits,herb_benefits,1.0,gambhari phala,,
chopchini remedy uses,herb_benefits,1.0,chopchini,,
therapeutic applications of centella,herb_benefits,1.0,centella,,
home remedy for diabetes,disease_prediction,1.0,,diabetes,
severe eczema,disease_prediction,1.0,,eczema,
traditional cure for hearing problems,disease_prediction,1.0,,hearing problems,
harmony methodology,general_info,1.0,,,harmony
benefits of nasya,general_info,1.0,,,nasya
vaikranta bhasma for health improvement,herb_benefits,1.0,vaikranta bhasma,,
preventive medicine science,general_info,1.0,,,preventive medicine
nirgundi taila wellness benefits,herb_benefits,1.0,nirgundi taila,,
understand prana,general_info,1.0,,,prana
permanent cure for sinusitis,disease_prediction,1.0,,sinusitis,
what can ginger treat,herb_benefits,1.0,ginger,,
medicinal properties of kalamba,herb_benefits,1.0,kalamba,,
studying alternative medicine,general_info,1.0,,,alternative medicine
benefits of constitution,general_info,1.0,,,constitution
exploring healthy lifestyle,general_info,1.0,,,healthy lifestyle
kapha viewpoint,general_info,1.0,,,kapha
natural treatment for sinusitis,disease_prediction,1.0,,sinusitis,
origin of virya,general_info,1.0,,,virya
traditional cure for snoring,disease_prediction,1.0,,snoring,
exploring natural healing,general_info,1.0,,,natural healing
treatment for itching,disease_prediction,1.0,,itching,
examining cleansing,general_info,1.0,,,cleansing
therapeutic value of kachura,herb_benefits,1.0,kachura,,
health advantages of ashokarishta,herb_benefits,1.0,ashokarishta,,
dhanyaka for health,herb_benefits,1.0,dhanyaka,,
information about srotas,general_info,1.0,,,srotas
alternative medicine perspective,general_info,1.0,,,alternative medicine
reducing tinnitus,disease_prediction,1.0,,tinnitus,
jivanti health effects,herb_benefits,1.0,jivanti,,
introduction to detoxification,general_info,1.0,,,detoxification
herbal properties of tila,herb_benefits,1.0,tila,,
how does abhyanga work,general_info,1.0,,,abhyanga
overview of tejas,general_info,1.0,,,tejas
natural benefits of bhumyamalaki,herb_benefits,1.0,bhumyamalaki,,
origin of metabolism,general_info,1.0,,,metabolism
remedy for burning sensation,disease_prediction,1.0,,burning sensation,
prabhava tradition,general_info,1.0,,,prabhava
discovering virya,general_info,1.0,,,virya
ayurvedic treatment for dandruff,disease_prediction,1.0,,dandruff,
I feel bronchitis,disease_prediction,1.0,,bronchitis,
managing asthma,disease_prediction,1.0,,asthma,
kasis bhasma for wellness,herb_benefits,1.0,kasis bhasma,,
natural treatment for bloating,disease_prediction,1.0,,bloating,
I'm suffering from numbness,disease_prediction,1.0,,numbness,
permanent cure for dry eyes,disease_prediction,1.0,,dry eyes,
quick relief from chest pain,disease_prediction,1.0,,chest pain,
shalmali wellness benefits,herb_benefits,1.0,shalmali,,
safe treatment for indigestion,disease_prediction,1.0,,indigestion,
home remedy for sprains,disease_prediction,1.0,,sprains,
role of saptadhatu,general_info,1.0,,,saptadhatu
persistent cuts,disease_prediction,1.0,,cuts,
how to treat vertigo,disease_prediction,1.0,,vertigo,
traditional uses of tinospora,herb_benefits,1.0,tinospora,,
malas methodology,general_info,1.0,,,malas
severe inflammation,disease_prediction,1.0,,inflammation,
examining pranayama,general_info,1.0,,,pranayama
herbal properties of ajamodadi churna,herb_benefits,1.0,ajamodadi churna,,
kapha perspective,general_info,1.0,,,kapha
dealing with morning sickness,disease_prediction,1.0,,morning sickness,
I have runny nose,disease_prediction,1.0,,runny nose,
relief from numbness,disease_prediction,1.0,,numbness,
persistent numbness,disease_prediction,1.0,,numbness,
overview of tejas,general_info,1.0,,,tejas
benefits of bhumi jambuka,herb_benefits,1.0,bhumi jambuka,,
kasis bhasma for wellness,herb_benefits,1.0,kasis bhasma,,
herbal medicine for swelling,disease_prediction,1.0,,swelling,
prana philosophy,general_info,1.0,,,prana
ayurvedic treatment for snoring,disease_prediction,1.0,,snoring,
ayurvedic benefits of chitrak,herb_benefits,1.0,chitrak,,
medicinal applications of rohitaka,herb_benefits,1.0,rohitaka,,
traditional cures for swelling,disease_prediction,1.0,,swelling,
home remedy for strains,disease_prediction,1.0,,strains,
severe fatigue,disease_prediction,1.0,,fatigue,
preventive medicine science,general_info,1.0,,,preventive medicine
pranayama system,general_info,1.0,,,pranayama
mustakarishta health effects,herb_benefits,1.0,mustakarishta,,
investigating alternative medicine,general_info,1.0,,,alternative medicine
I'm experiencing asthma,disease_prediction,1.0,,asthma,
advantages of murivenna,herb_benefits,1.0,murivenna,,
I'm suffering from constipation,disease_prediction,1.0,,constipation,
saireyaka in herbal medicine,herb_benefits,1.0,saireyaka,,
relief from sleep apnea,disease_prediction,1.0,,sleep apnea,
I feel bronchitis,disease_prediction,1.0,,bronchitis,
advantages of murivenna,herb_benefits,1.0,murivenna,,
explain holistic health,general_info,1.0,,,holistic health
learn about preventive medicine,general_info,1.0,,,preventive medicine
ayurveda perspective,general_info,1.0,,,ayurveda
nirgundi taila wellness benefits,herb_benefits,1.0,nirgundi taila,,
pippali moola health effects,herb_benefits,1.0,pippali moola,,
kshara parpati benefits,herb_benefits,1.0,kshara parpati,,
intermittent wounds,disease_prediction,1.0,,wounds,
sudden diabetes,disease_prediction,1.0,,diabetes,
dealing with hot flashes,disease_prediction,1.0,,hot flashes,
what are the benefits of kharbhuja,herb_benefits,1.0,kharbhuja,,
advantages of hingvashtak churna,herb_benefits,1.0,hingvashtak churna,,
science behind srotas,general_info,1.0,,,srotas
sarpaksi nutritional benefits,herb_benefits,1.0,sarpaksi,,
importance of srotas,general_info,1.0,,,srotas
persistent hot flashes,disease_prediction,1.0,,hot flashes,
health benefits of dadimashtaka churna,herb_benefits,1.0,dadimashtaka churna,,
role of ama,general_info,1.0,,,ama
constant vertigo,disease_prediction,1.0,,vertigo,
what is patolamuladi kwath good for,herb_benefits,1.0,patolamuladi kwath,,
treatment for insomnia,disease_prediction,1.0,,insomnia,
what is ama,general_info,1.0,,,ama
how does panchakarma work,general_info,1.0,,,panchakarma
define digestion,general_info,1.0,,,digestion
examining panchamahabhutas,general_info,1.0,,,panchamahabhutas
panchamahabhutas wisdom,general_info,1.0,,,panchamahabhutas
treatment for sprains,disease_prediction,1.0,,sprains,
sudden numbness,disease_prediction,1.0,,numbness,
reducing sleep disorders,disease_prediction,1.0,,sleep disorders,
benefits of ojas,general_info,1.0,,,ojas
tell me about metabolism,general_info,1.0,,,metabolism
alternative medicine for dry skin,disease_prediction,1.0,,dry skin,
understanding body type,general_info,1.0,,,body type
benefits of shukti bhasma,herb_benefits,1.0,shukti bhasma,,
mild vertigo,disease_prediction,1.0,,vertigo,
dealing with fever,disease_prediction,1.0,,fever,
understanding dosha,general_info,1.0,,,dosha
tell me about chana,herb_benefits,1.0,chana,,
medicine for vertigo,disease_prediction,1.0,,vertigo,
intermittent cold,disease_prediction,1.0,,cold,
permanent cure for sleep apnea,disease_prediction,1.0,,sleep apnea,
treatment for morning sickness,disease_prediction,1.0,,morning sickness,
fundamentals of vikriti,general_info,1.0,,,vikriti
discovering natural healing,general_info,1.0,,,natural healing
introduction to energy,general_info,1.0,,,energy
properties of saraswatarishta,herb_benefits,1.0,saraswatarishta,,
trimala explained,general_info,1.0,,,trimala
relief from tingling,disease_prediction,1.0,,tingling,
traditional cure for brain fog,disease_prediction,1.0,,brain fog,
shankhpushpi effects,herb_benefits,1.0,shankhpushpi,,
explain holistic health,general_info,1.0,,,holistic health
alternative medicine for dry skin,disease_prediction,1.0,,dry skin,
tell me about aranya jeeraka,herb_benefits,1.0,aranya jeeraka,,
what makes vasa avaleha beneficial,herb_benefits,1.0,vasa avaleha,,
temperament explained,general_info,1.0,,,temperament
alternative medicine for acidity,disease_prediction,1.0,,acidity,
effective treatments for brain fog,disease_prediction,1.0,,brain fog,
role of saptadhatu,general_info,1.0,,,saptadhatu
properties of karvellaka,herb_benefits,1.0,karvellaka,,
severe stomach ache,disease_prediction,1.0,,stomach ache,
preventive medicine perspective,general_info,1.0,,,preventive medicine
traditional cure for acidity,disease_prediction,1.0,,acidity,
basics of meditation,general_info,1.0,,,meditation
simhanada guggulu healing properties,herb_benefits,1.0,simhanada guggulu,,
preventing inflammation,disease_prediction,1.0,,inflammation,
therapeutic effects of kumbhika,herb_benefits,1.0,kumbhika,,
learn about rasa,general_info,1.0,,,rasa
medicine for asthma,disease_prediction,1.0,,asthma,
importance of wellness,general_info,1.0,,,wellness
symptoms of sinusitis,disease_prediction,1.0,,sinusitis,
define prakriti,general_info,1.0,,,prakriti
traditional medicine knowledge,general_info,1.0,,,traditional medicine
pushkarmool medicinal uses,herb_benefits,1.0,pushkarmool,,
prativisha benefits,herb_benefits,1.0,prativisha,,
trivanga bhasma for health improvement,herb_benefits,1.0,trivanga bhasma,,
what does haridra do,herb_benefits,1.0,haridra,,
what causes wounds,disease_prediction,1.0,,wounds,
I feel indigestion,disease_prediction,1.0,,indigestion,
jivanti health effects,herb_benefits,1.0,jivanti,,
why is takra healthy,herb_benefits,1.0,takra,,
help with bloating,disease_prediction,1.0,,bloating,
herbal medicine for weakness,disease_prediction,1.0,,weakness,
hot flashes symptoms,disease_prediction,1.0,,hot flashes,
what causes heartburn,disease_prediction,1.0,,heartburn,
healthy lifestyle tradition,general_info,1.0,,,healthy lifestyle
investigating tejas,general_info,1.0,,,tejas
what does mahakalyanaka ghritam do,herb_benefits,1.0,mahakalyanaka ghritam,,
medicinal applications of kanchanara guggulu,herb_benefits,1.0,kanchanara guggulu,,
treatment for brain fog,disease_prediction,1.0,,brain fog,
how does nasya work,general_info,1.0,,,nasya
discovering constitution,general_info,1.0,,,constitution
advantages of arogyavardhini vati,herb_benefits,1.0,arogyavardhini vati,,
harmony theory,general_info,1.0,,,harmony
preventive medicine methodology,general_info,1.0,,,preventive medicine
how to treat night sweats,disease_prediction,1.0,,night sweats,
panchamahabhutas concepts,general_info,1.0,,,panchamahabhutas
tell me about himsra,herb_benefits,1.0,himsra,,
diarrhea treatment,disease_prediction,1.0,,diarrhea,
home remedy for constipation,disease_prediction,1.0,,constipation,
guide to meditation,general_info,1.0,,,meditation
therapeutic effects of aloe vera,herb_benefits,1.0,aloe vera,,
emblica for health,herb_benefits,1.0,emblica,,
mild sore throat,disease_prediction,1.0,,sore throat,
relief from diabetes,disease_prediction,1.0,,diabetes,
basics of metabolism,general_info,1.0,,,metabolism
symptoms of nausea,disease_prediction,1.0,,nausea,
kalajaji remedy uses,herb_benefits,1.0,kalajaji,,
amra haridra for health improvement,herb_benefits,1.0,amra haridra,,
rohitaka for health,herb_benefits,1.0,rohitaka,,
discovering herbal medicine,general_info,1.0,,,herbal medicine
metabolism theory,general_info,1.0,,,metabolism
can you explain dosha,general_info,1.0,,,dosha
trimala tradition,general_info,1.0,,,trimala
what are the principles of traditional medicine,general_info,1.0,,,traditional medicine
vikriti fundamentals,general_info,1.0,,,vikriti
relief from headache,disease_prediction,1.0,,headache,
sprains treatment,disease_prediction,1.0,,sprains,
symptoms of snoring,disease_prediction,1.0,,snoring,
relief from tinnitus,disease_prediction,1.0,,tinnitus,
how can caturjata churna help,herb_benefits,1.0,caturjata churna,,
therapeutic applications of neem,herb_benefits,1.0,neem,,
uses of navayasa loha,herb_benefits,1.0,navayasa loha,,
medicinal properties of kalamba,herb_benefits,1.0,kalamba,,
lajjalu in traditional medicine,herb_benefits,1.0,lajjalu,,
intermittent fatigue,disease_prediction,1.0,,fatigue,
azadirachta for natural healing,herb_benefits,1.0,azadirachta,,
natural treatment for vomiting,disease_prediction,1.0,,vomiting,
role of virechana,general_info,1.0,,,virechana
what can surana treat,herb_benefits,1.0,surana,,
sphatika bhasma uses,herb_benefits,1.0,sphatika bhasma,,
I've got weakness,disease_prediction,1.0,,weakness,
persistent asthma,disease_prediction,1.0,,asthma,
what makes madhukarkati beneficial,herb_benefits,1.0,madhukarkati,,
how does pradarantak lauh help,herb_benefits,1.0,pradarantak lauh,,
why use bibhitaki,herb_benefits,1.0,bibhitaki,,
advantages of narikela,herb_benefits,1.0,narikela,,
home remedy for constipation,disease_prediction,1.0,,constipation,
tell me about prabhava,general_info,1.0,,,prabhava
introduction to vikriti,general_info,1.0,,,vikriti
varanadi ghritam effects,herb_benefits,1.0,varanadi ghritam,,
help with bloating,disease_prediction,1.0,,bloating,
pushkarmool in herbal medicine,herb_benefits,1.0,pushkarmool,,
constant blurred vision,disease_prediction,1.0,,blurred vision,
constant blurred vision,disease_prediction,1.0,,blurred vision,
fundamentals of virechana,general_info,1.0,,,virechana
mild sore throat,disease_prediction,1.0,,sore throat,
tell me about withania,herb_benefits,1.0,withania,,
dosha viewpoint,general_info,1.0,,,dosha
managing gastritis,disease_prediction,1.0,,gastritis,
guide to pranayama,general_info,1.0,,,pranayama
I feel oily skin,disease_prediction,1.0,,oily skin,
advantages of karnikara,herb_benefits,1.0,karnikara,,
importance of mind-body connection,general_info,1.0,,,mind-body connection
origin of panchakarma,general_info,1.0,,,panchakarma
prana practice,general_info,1.0,,,prana
what is agni,general_info,1.0,,,agni
what causes blurred vision,disease_prediction,1.0,,blurred vision,
traditional cure for swelling,disease_prediction,1.0,,swelling,
herbal properties of simsapa,herb_benefits,1.0,simsapa,,
prishniparni for wellness,herb_benefits,1.0,prishniparni,,
information about punarnavadi guggulu,herb_benefits,1.0,punarnavadi guggulu,,
therapeutic value of kataka,herb_benefits,1.0,kataka,,
advantages of ashwattha,herb_benefits,1.0,ashwattha,,
healthy lifestyle theory,general_info,1.0,,,healthy lifestyle
medicine for dry skin,disease_prediction,1.0,,dry skin,
therapeutic applications of varunadi kashayam,herb_benefits,1.0,varunadi kashayam,,
advantages of karnikara,herb_benefits,1.0,karnikara,,
what can gokarna treat,herb_benefits,1.0,gokarna,,
sudden diabetes,disease_prediction,1.0,,diabetes,
medicinal properties of dronapushpi,herb_benefits,1.0,dronapushpi,,
non-toxic remedy for oily skin,disease_prediction,1.0,,oily skin,
tanduliyaka healing properties,herb_benefits,1.0,tanduliyaka,,
pitta theory,general_info,1.0,,,pitta
alternative medicine for dry skin,disease_prediction,1.0,,dry skin,
vata tradition,general_info,1.0,,,vata
cure for eye strain,disease_prediction,1.0,,eye strain,
preventing sore throat,disease_prediction,1.0,,sore throat,
vata system,general_info,1.0,,,vata
srotas science,general_info,1.0,,,srotas
permanent cure for indigestion,disease_prediction,1.0,,indigestion,
natural cures for constipation,disease_prediction,1.0,,constipation,
diagnosis of hair loss,disease_prediction,1.0,,hair loss,
traditional uses of simsapa,herb_benefits,1.0,simsapa,,
alleviating heartburn,disease_prediction,1.0,,heartburn,
tell me about haridra,herb_benefits,1.0,haridra,,
relief from tinnitus,disease_prediction,1.0,,tinnitus,
why use grinjana,herb_benefits,1.0,grinjana,,
origin of basti,general_info,1.0,,,basti
importance of pitta,general_info,1.0,,,pitta
natural treatment for cuts,disease_prediction,1.0,,cuts,
having oily skin,disease_prediction,1.0,,oily skin,
natural treatment for runny nose,disease_prediction,1.0,,runny nose,
understanding ojas,general_info,1.0,,,ojas
non-toxic remedy for stomach ache,disease_prediction,1.0,,stomach ache,
khadira in traditional medicine,herb_benefits,1.0,khadira,,
cure for chest pain,disease_prediction,1.0,,chest pain,
intermittent oily skin,disease_prediction,1.0,,oily skin,
I'm suffering from bloating,disease_prediction,1.0,,bloating,
ayurvedic benefits of ghrita,herb_benefits,1.0,ghrita,,
shirodhara knowledge,general_info,1.0,,,shirodhara
significance of tejas,general_info,1.0,,,tejas
ayurvedic advantages of maricha,herb_benefits,1.0,maricha,,
panchakarma fundamentals,general_info,1.0,,,panchakarma
researching yoga,general_info,1.0,,,yoga
relief from heartburn,disease_prediction,1.0,,heartburn,
principles of shirodhara,general_info,1.0,,,shirodhara
prapunnada natural medicine,herb_benefits,1.0,prapunnada,,
quick relief from morning sickness,disease_prediction,1.0,,morning sickness,
learning vikriti,general_info,1.0,,,vikriti
investigating detoxification,general_info,1.0,,,detoxification
health advantages of shyonaka,herb_benefits,1.0,shyonaka,,
non-toxic remedy for oily skin,disease_prediction,1.0,,oily skin,
back pain symptoms,disease_prediction,1.0,,back pain,
safe treatment for indigestion,disease_prediction,1.0,,indigestion,
safe treatment for menstrual cramps,disease_prediction,1.0,,menstrual cramps,
learn about tejas,general_info,1.0,,,tejas
effective treatment for dandruff,disease_prediction,1.0,,dandruff,
health benefits of chitrakaharitaki,herb_benefits,1.0,chitrakaharitaki,,
investigating constitution,general_info,1.0,,,constitution
healing power of krimighna vati,herb_benefits,1.0,krimighna vati,,
information about arjunarishta,herb_benefits,1.0,arjunarishta,,
alleviating sleep apnea,disease_prediction,1.0,,sleep apnea,
lasunadi vati for natural healing,herb_benefits,1.0,lasunadi vati,,
ancient uses of aragvadhadi kwath,herb_benefits,1.0,aragvadhadi kwath,,
health properties of patrangasava,herb_benefits,1.0,patrangasava,,
irregular periods treatment,disease_prediction,1.0,,irregular periods,
define digestion,general_info,1.0,,,digestion
arka in traditional medicine,herb_benefits,1.0,arka,,
natural benefits of udumbara,herb_benefits,1.0,udumbara,,
persistent wounds,disease_prediction,1.0,,wounds,
overcoming hypertension,disease_prediction,1.0,,hypertension,
philosophy of tridosha,general_info,1.0,,,tridosha
origin of metabolism,general_info,1.0,,,metabolism
vidaryadi kashayam for health,herb_benefits,1.0,vidaryadi kashayam,,
exploring wellness,general_info,1.0,,,wellness
natural healing approach,general_info,1.0,,,natural healing
traditional cure for vomiting,disease_prediction,1.0,,vomiting,
alleviating chronic fatigue,disease_prediction,1.0,,chronic fatigue,
rasamanikya uses,herb_benefits,1.0,rasamanikya,,
information about ahiphena,herb_benefits,1.0,ahiphena,,
controlling sneezing,disease_prediction,1.0,,sneezing,
chakshushya in herbal medicine,herb_benefits,1.0,chakshushya,,
recovering from allergies,disease_prediction,1.0,,allergies,
rasa fundamentals,general_info,1.0,,,rasa
what can gokarna treat,herb_benefits,1.0,gokarna,,
understand saptadhatu,general_info,1.0,,,saptadhatu
history of circulation,general_info,1.0,,,circulation
define tejas,general_info,1.0,,,tejas
benefits of rasa,general_info,1.0,,,rasa
healing power of vetasa,herb_benefits,1.0,vetasa,,
healthy lifestyle science,general_info,1.0,,,healthy lifestyle
therapeutic value of amlaparni,herb_benefits,1.0,amlaparni,,
non-toxic remedy for oily skin,disease_prediction,1.0,,oily skin,
I'm suffering from dry skin,disease_prediction,1.0,,dry skin,
alternative medicine for nausea,disease_prediction,1.0,,nausea,
kushmanda khanda medicinal uses,herb_benefits,1.0,kushmanda khanda,,
effective treatment for gastritis,disease_prediction,1.0,,gastritis,
chronic headache,disease_prediction,1.0,,headache,
relief from back pain,disease_prediction,1.0,,back pain,
what can nirgundi taila treat,herb_benefits,1.0,nirgundi taila,,
advantages of panasa,herb_benefits,1.0,panasa,,
learn about rasa,general_info,1.0,,,rasa
investigating constitution,general_info,1.0,,,constitution
mild sleep disorders,disease_prediction,1.0,,sleep disorders,
principles of body type,general_info,1.0,,,body type
therapeutic value of dhattura,herb_benefits,1.0,dhattura,,
diagnosis of depression,disease_prediction,1.0,,depression,
dealing with morning sickness,disease_prediction,1.0,,morning sickness,
what does ushtra dugdha do,herb_benefits,1.0,ushtra dugdha,,
examining panchamahabhutas,general_info,1.0,,,panchamahabhutas
ojas science,general_info,1.0,,,ojas
safe treatments for eye strain,disease_prediction,1.0,,eye strain,
persistent runny nose,disease_prediction,1.0,,runny nose,
chronic gastritis,disease_prediction,1.0,,gastritis,
ayurvedic benefits of souvarchala lavana,herb_benefits,1.0,souvarchala lavana,,
reducing sprains,disease_prediction,1.0,,sprains,
information about vatsanabha,herb_benefits,1.0,vatsanabha,,
how does varuna help,herb_benefits,1.0,varuna,,
quick relief from gastritis,disease_prediction,1.0,,gastritis,
learn about herbal medicine,general_info,1.0,,,herbal medicine
severe burning sensation,disease_prediction,1.0,,burning sensation,
effective treatment for constipation,disease_prediction,1.0,,constipation,
eczema treatment,disease_prediction,1.0,,eczema,
yoga system,general_info,1.0,,,yoga
why use shalparni,herb_benefits,1.0,shalparni,,
investigating vata,general_info,1.0,,,vata
having chronic fatigue,disease_prediction,1.0,,chronic fatigue,
temperament wisdom,general_info,1.0,,,temperament
therapeutic value of karpura (camphor),herb_benefits,1.0,karpura (camphor),,
benefits of eranda patra,herb_benefits,1.0,eranda patra,,
history of shadrasas,general_info,1.0,,,shadrasas
properties of kusumbha taila,herb_benefits,1.0,kusumbha taila,,
how does kapha work,general_info,1.0,,,kapha
learn about trimala,general_info,1.0,,,trimala
gambhari phala therapeutic benefits,herb_benefits,1.0,gambhari phala,,
discovering temperament,general_info,1.0,,,temperament
recovering from sprains,disease_prediction,1.0,,sprains,
how to use varahikanda,herb_benefits,1.0,varahikanda,,
learn about rasa,general_info,1.0,,,rasa
origin of constitution,general_info,1.0,,,constitution
advantages of ashwattha,herb_benefits,1.0,ashwattha,,
philosophy of rasa,general_info,1.0,,,rasa
chandrashura benefits,herb_benefits,1.0,chandrashura,,
recurring eczema,disease_prediction,1.0,,eczema,
introduction to metabolism,general_info,1.0,,,metabolism
why is kachura healthy,herb_benefits,1.0,kachura,,
saptaparna in traditional medicine,herb_benefits,1.0,saptaparna,,
alternative medicine for morning sickness,disease_prediction,1.0,,morning sickness,
cure for eye strain,disease_prediction,1.0,,eye strain,
cure for asthma,disease_prediction,1.0,,asthma,
benefits of balance,general_info,1.0,,,balance
persistent wounds,disease_prediction,1.0,,wounds,
gastritis treatment,disease_prediction,1.0,,gastritis,
overcoming tinnitus,disease_prediction,1.0,,tinnitus,
home remedy for joint pain,disease_prediction,1.0,,joint pain,
basics of mind-body connection,general_info,1.0,,,mind-body connection
having swelling,disease_prediction,1.0,,swelling,
dosha understanding,general_info,1.0,,,dosha
what are the principles of shadrasas,general_info,1.0,,,shadrasas
eranda taila medicinal uses,herb_benefits,1.0,eranda taila,,
controlling swelling,disease_prediction,1.0,,swelling,
healthy lifestyle tradition,general_info,1.0,,,healthy lifestyle
kasamarda in traditional medicine,herb_benefits,1.0,kasamarda,,
I'm experiencing snoring,disease_prediction,1.0,,snoring,
malas practice,general_info,1.0,,,malas
basics of dosha,general_info,1.0,,,dosha
nutrition art,general_info,1.0,,,nutrition
ancient applications of shilajit,herb_benefits,1.0,shilajit,,
what is saptadhatu,general_info,1.0,,,saptadhatu
what does shukti bhasma do,herb_benefits,1.0,shukti bhasma,,
sudden hair loss,disease_prediction,1.0,,hair loss,
tulsi health effects,herb_benefits,1.0,tulsi,,
healing power of jivaka,herb_benefits,1.0,jivaka,,
recurring sneezing,disease_prediction,1.0,,sneezing,
natural cure for dry skin,disease_prediction,1.0,,dry skin,
examining prabhava,general_info,1.0,,,prabhava
intermittent numbness,disease_prediction,1.0,,numbness,
I'm experiencing dry eyes,disease_prediction,1.0,,dry eyes,
traditional cure for vomiting,disease_prediction,1.0,,vomiting,
natural benefits of riddhi,herb_benefits,1.0,riddhi,,
healing fatigue,disease_prediction,1.0,,fatigue,
how does circulation work,general_info,1.0,,,circulation
natural treatment for bruising,disease_prediction,1.0,,bruising,
how does abhyanga work,general_info,1.0,,,abhyanga
ojas basics,general_info,1.0,,,ojas
I'm experiencing spasms,disease_prediction,1.0,,spasms,
I've got morning sickness,disease_prediction,1.0,,morning sickness,
having snoring,disease_prediction,1.0,,snoring,
non-toxic remedy for arthritis,disease_prediction,1.0,,arthritis,
basics of meditation,general_info,1.0,,,meditation
ocimum natural medicine,herb_benefits,1.0,ocimum,,
herbal medicine theory,general_info,1.0,,,herbal medicine
kumud for natural healing,herb_benefits,1.0,kumud,,
health benefits of ashokarishta,herb_benefits,1.0,ashokarishta,,
benefits and uses of vidangarishta,herb_benefits,1.0,vidangarishta,,
trimala tradition,general_info,1.0,,,trimala
how does temperament work,general_info,1.0,,,temperament
why is kalmegh healthy,herb_benefits,1.0,kalmegh,,
natural cures for muscle pain,disease_prediction,1.0,,muscle pain,
treatment for motion sickness,disease_prediction,1.0,,motion sickness,
I have stomach ache,disease_prediction,1.0,,stomach ache,
ayurvedic treatment for diabetes,disease_prediction,1.0,,diabetes,
trimala methodology,general_info,1.0,,,trimala
irimedadi taila nutritional benefits,herb_benefits,1.0,irimedadi taila,,
hamsapadi for natural treatment,herb_benefits,1.0,hamsapadi,,
why use putranjivaka,herb_benefits,1.0,putranjivaka,,
ketaki natural medicine,herb_benefits,1.0,ketaki,,
how does vata work,general_info,1.0,,,vata
how to use sudarshan churna,herb_benefits,1.0,sudarshan churna,,
therapeutic effects of gangadhara churna,herb_benefits,1.0,gangadhara churna,,
dealing with blurred vision,disease_prediction,1.0,,blurred vision,
panchamahabhutas tradition,general_info,1.0,,,panchamahabhutas
acne treatment,disease_prediction,1.0,,acne,
safe treatment for stress,disease_prediction,1.0,,stress,
explain nutrition,general_info,1.0,,,nutrition
exploring temperament,general_info,1.0,,,temperament
tanduliyaka uses,herb_benefits,1.0,tanduliyaka,,
guide to prana,general_info,1.0,,,prana
overcoming headache,disease_prediction,1.0,,headache,
examining alternative medicine,general_info,1.0,,,alternative medicine
abhyanga principles,general_info,1.0,,,abhyanga
medicinal properties of tumburu,herb_benefits,1.0,tumburu,,
vetasa for natural healing,herb_benefits,1.0,vetasa,,
advantages of anu taila,herb_benefits,1.0,anu taila,,
benefits and uses of azadirachta,herb_benefits,1.0,azadirachta,,
significance of tejas,general_info,1.0,,,tejas
explain ojas,general_info,1.0,,,ojas
gairika medicinal uses,herb_benefits,1.0,gairika,,
tell me about matsyakshi,herb_benefits,1.0,matsyakshi,,
sphatika bhasma uses,herb_benefits,1.0,sphatika bhasma,,
medicinal properties of gulakanda,herb_benefits,1.0,gulakanda,,
natural treatment for vomiting,disease_prediction,1.0,,vomiting,
explain trimala,general_info,1.0,,,trimala
importance of meditation,general_info,1.0,,,meditation
I experience back pain,disease_prediction,1.0,,back pain,
why use ocimum,herb_benefits,1.0,ocimum,,
how to treat hearing problems,disease_prediction,1.0,,hearing problems,
investigating cleansing,general_info,1.0,,,cleansing
basics of virechana,general_info,1.0,,,virechana
constitution knowledge,general_info,1.0,,,constitution
medicinal applications of pravala pishti,herb_benefits,1.0,pravala pishti,,
advantages of icchabhedi rasa,herb_benefits,1.0,icchabhedi rasa,,
properties of trivanga bhasma,herb_benefits,1.0,trivanga bhasma,,
I feel hot flashes,disease_prediction,1.0,,hot flashes,
holistic treatment for anxiety,disease_prediction,1.0,,anxiety,
sore throat symptoms,disease_prediction,1.0,,sore throat,
herbal medicine for weakness,disease_prediction,1.0,,weakness,
reducing spasms,disease_prediction,1.0,,spasms,
tulsi health effects,herb_benefits,1.0,tulsi,,
kurabaka natural medicine,herb_benefits,1.0,kurabaka,,
aragwadha wellness benefits,herb_benefits,1.0,aragwadha,,
indrayava for natural healing,herb_benefits,1.0,indrayava,,
having night sweats,disease_prediction,1.0,,night sweats,
vata knowledge,general_info,1.0,,,vata
non-toxic remedy for eye strain,disease_prediction,1.0,,eye strain,
ayurvedic benefits of matsyakshi,herb_benefits,1.0,matsyakshi,,
relief from cold,disease_prediction,1.0,,cold,
rasa explained,general_info,1.0,,,rasa
role of ayurveda,general_info,1.0,,,ayurveda
learn about panchakarma,general_info,1.0,,,panchakarma
origin of ojas,general_info,1.0,,,ojas
understanding rasa,general_info,1.0,,,rasa
how to use musta,herb_benefits,1.0,musta,,
what are the benefits of kamala kesara,herb_benefits,1.0,kamala kesara,,
studying srotas,general_info,1.0,,,srotas
health properties of karnikara,herb_benefits,1.0,karnikara,,
how to treat bloating,disease_prediction,1.0,,bloating,
temperament wisdom,general_info,1.0,,,temperament
learn about vata,general_info,1.0,,,vata
tejas explained,general_info,1.0,,,tejas
sudden menstrual cramps,disease_prediction,1.0,,menstrual cramps,
investigating wellness,general_info,1.0,,,wellness
medicinal applications of parijata,herb_benefits,1.0,parijata,,
medicinal effects of sala,herb_benefits,1.0,sala,,
mild hearing problems,disease_prediction,1.0,,hearing problems,
health properties of coriander,herb_benefits,1.0,coriander,,
recovering from blurred vision,disease_prediction,1.0,,blurred vision,
kembuka healing properties,herb_benefits,1.0,kembuka,,
dhatus principles,general_info,1.0,,,dhatus
holistic health viewpoint,general_info,1.0,,,holistic health
overcoming cramps,disease_prediction,1.0,,cramps,
medicine for diarrhea,disease_prediction,1.0,,diarrhea,
dealing with blurred vision,disease_prediction,1.0,,blurred vision,
overview of harmony,general_info,1.0,,,harmony
durva uses,herb_benefits,1.0,durva,,
benefits and uses of guggulutiktakam ghritam,herb_benefits,1.0,guggulutiktakam ghritam,,
diagnosis of brain fog,disease_prediction,1.0,,brain fog,
therapeutic value of methi,herb_benefits,1.0,methi,,
principles of prabhava,general_info,1.0,,,prabhava
dosha explained,general_info,1.0,,,dosha
why is panchavalkala kwath healthy,herb_benefits,1.0,panchavalkala kwath,,
eladi vati natural medicine,herb_benefits,1.0,eladi vati,,
ayurvedic treatments for eczema,disease_prediction,1.0,,eczema,
natural cure for sleep apnea,disease_prediction,1.0,,sleep apnea,
properties of shvet musli,herb_benefits,1.0,shvet musli,,
principles of yoga,general_info,1.0,,,yoga
gunas perspective,general_info,1.0,,,gunas
bhurja for wellness,herb_benefits,1.0,bhurja,,
herbal medicine for swelling,disease_prediction,1.0,,swelling,
tejas philosophy,general_info,1.0,,,tejas
define prakriti,general_info,1.0,,,prakriti
bhunimba remedy uses,herb_benefits,1.0,bhunimba,,
history of panchakarma,general_info,1.0,,,panchakarma
dosha viewpoint,general_info,1.0,,,dosha
importance of healthy lifestyle,general_info,1.0,,,healthy lifestyle
jambu in herbal medicine,herb_benefits,1.0,jambu,,
dealing with allergies,disease_prediction,1.0,,allergies,
tell me about manikya pishti,herb_benefits,1.0,manikya pishti,,
role of abhyanga,general_info,1.0,,,abhyanga
cure for restless legs,disease_prediction,1.0,,restless legs,
ksheera for natural treatment,herb_benefits,1.0,ksheera,,
natural cure for dry skin,disease_prediction,1.0,,dry skin,
permanent cure for sleep disorders,disease_prediction,1.0,,sleep disorders,
traditional cure for cuts,disease_prediction,1.0,,cuts,
history of trimala,general_info,1.0,,,trimala
managing chest pain,disease_prediction,1.0,,chest pain,
safe treatment for indigestion,disease_prediction,1.0,,indigestion,
I'm suffering from dry skin,disease_prediction,1.0,,dry skin,
how does madhusnuhi rasayana help,herb_benefits,1.0,madhusnuhi rasayana,,
health benefits of jalavetasa,herb_benefits,1.0,jalavetasa,,
balance understanding,general_info,1.0,,,balance
natural treatments for sprains,disease_prediction,1.0,,sprains,
how to use panchamrita parpati,herb_benefits,1.0,panchamrita parpati,,
controlling gastritis,disease_prediction,1.0,,gastritis,
palasha properties,herb_benefits,1.0,palasha,,
learning yoga,general_info,1.0,,,yoga
gambhari for holistic health,herb_benefits,1.0,gambhari,,
history of temperament,general_info,1.0,,,temperament
ayurvedic benefits of vetasa,herb_benefits,1.0,vetasa,,
traditional applications of babbula,herb_benefits,1.0,babbula,,
suranjana for natural treatment,herb_benefits,1.0,suranjana,,
having swelling,disease_prediction,1.0,,swelling,
detoxification philosophy,general_info,1.0,,,detoxification
diagnosis of cough,disease_prediction,1.0,,cough,
masha nutritional benefits,herb_benefits,1.0,masha,,
changeri healing properties,herb_benefits,1.0,changeri,,
holistic health fundamentals,general_info,1.0,,,holistic health
introduction to wellness,general_info,1.0,,,wellness
svetamarica nutritional benefits,herb_benefits,1.0,svetamarica,,
prana practice,general_info,1.0,,,prana
define malas,general_info,1.0,,,malas
home remedy for diabetes,disease_prediction,1.0,,diabetes,
mind-body connection viewpoint,general_info,1.0,,,mind-body connection
basics of virechana,general_info,1.0,,,virechana
body type system,general_info,1.0,,,body type
principles of malas,general_info,1.0,,,malas
benefits of holistic health,general_info,1.0,,,holistic health
symptoms of ear pain,disease_prediction,1.0,,ear pain,
what can amritaprasha ghrita treat,herb_benefits,1.0,amritaprasha ghrita,,
vidaryadi ghrita remedy uses,herb_benefits,1.0,vidaryadi ghrita,,
trimala understanding,general_info,1.0,,,trimala
recurring muscle pain,disease_prediction,1.0,,muscle pain,
panchakarma science,general_info,1.0,,,panchakarma
what's natural healing,general_info,1.0,,,natural healing
information about bimbi,herb_benefits,1.0,bimbi,,
information about constitution,general_info,1.0,,,constitution
role of virechana,general_info,1.0,,,virechana
virya understanding,general_info,1.0,,,virya
pushkarmool in herbal medicine,herb_benefits,1.0,pushkarmool,,
medicinal value of kanmad bhasma,herb_benefits,1.0,kanmad bhasma,,
examining ama,general_info,1.0,,,ama
raupya bhasma in herbal medicine,herb_benefits,1.0,raupya bhasma,,
diagnosis of vomiting,disease_prediction,1.0,,vomiting,
symptoms of ear pain,disease_prediction,1.0,,ear pain,
information about constitution,general_info,1.0,,,constitution
what does mahakalyanaka ghritam do,herb_benefits,1.0,mahakalyanaka ghritam,,
simhanada guggulu healing properties,herb_benefits,1.0,simhanada guggulu,,
therapeutic value of pushkarmool,herb_benefits,1.0,pushkarmool,,
runny nose treatment,disease_prediction,1.0,,runny nose,
remedy for asthma,disease_prediction,1.0,,asthma,
ancient uses of ananta mool,herb_benefits,1.0,ananta mool,,
investigating panchakarma,general_info,1.0,,,panchakarma
guloochyadi kashayam healing properties,herb_benefits,1.0,guloochyadi kashayam,,
kumud healing properties,herb_benefits,1.0,kumud,,
sudden numbness,disease_prediction,1.0,,numbness,
home remedy for allergies,disease_prediction,1.0,,allergies,
intermittent low energy,disease_prediction,1.0,,low energy,
origin of herbal medicine,general_info,1.0,,,herbal medicine
medicine for dry skin,disease_prediction,1.0,,dry skin,
I'm experiencing asthma,disease_prediction,1.0,,asthma,
what is prakriti,general_info,1.0,,,prakriti
define cleansing,general_info,1.0,,,cleansing
home remedy for hair loss,disease_prediction,1.0,,hair loss,
medicinal value of alarka,herb_benefits,1.0,alarka,,
ancient uses of bakuchi,herb_benefits,1.0,bakuchi,,
learn about energy,general_info,1.0,,,energy
sprains cure,disease_prediction,1.0,,sprains,
properties of madanaphala,herb_benefits,1.0,madanaphala,,
overcoming motion sickness,disease_prediction,1.0,,motion sickness,
tell me about withania,herb_benefits,1.0,withania,,
temperament theory,general_info,1.0,,,temperament
medicine for diarrhea,disease_prediction,1.0,,diarrhea,
I feel headache,disease_prediction,1.0,,headache,
basics of malas,general_info,1.0,,,malas
basics of balance,general_info,1.0,,,balance
kusumbha benefits,herb_benefits,1.0,kusumbha,,
why use bibhitaki,herb_benefits,1.0,bibhitaki,,
what's wellness,general_info,1.0,,,wellness
prabhava explained,general_info,1.0,,,prabhava
understanding meditation,general_info,1.0,,,meditation
uses of vrihi,herb_benefits,1.0,vrihi,,
home remedy for allergies,disease_prediction,1.0,,allergies,
alleviating low energy,disease_prediction,1.0,,low energy,
importance of vikriti,general_info,1.0,,,vikriti
medicinal effects of drakshavaleha,herb_benefits,1.0,drakshavaleha,,
sthuneyaka in traditional medicine,herb_benefits,1.0,sthuneyaka,,
fundamentals of vikriti,general_info,1.0,,,vikriti
vata viewpoint,general_info,1.0,,,vata
basti explained,general_info,1.0,,,basti
controlling menstrual cramps,disease_prediction,1.0,,menstrual cramps,
sudden morning sickness,disease_prediction,1.0,,morning sickness,
herbal medicine for dizziness,disease_prediction,1.0,,dizziness,
understand alternative medicine,general_info,1.0,,,alternative medicine
exploring traditional medicine,general_info,1.0,,,traditional medicine
chirabilva therapeutic benefits,herb_benefits,1.0,chirabilva,,
herbal properties of kumkumadi thailam,herb_benefits,1.0,kumkumadi thailam,,
mild constipation,disease_prediction,1.0,,constipation,
treatments for motion sickness,disease_prediction,1.0,,motion sickness,
having swelling,disease_prediction,1.0,,swelling,
philosophy of natural healing,general_info,1.0,,,natural healing
information about bimbi,herb_benefits,1.0,bimbi,,
benefits of ayurveda,general_info,1.0,,,ayurveda
ancient uses of shilajit,herb_benefits,1.0,shilajit,,
chronic fatigue treatment,disease_prediction,1.0,,chronic fatigue,
tell me about tinospora,herb_benefits,1.0,tinospora,,
virechana explained,general_info,1.0,,,virechana
holistic treatment for anxiety,disease_prediction,1.0,,anxiety,
how to treat stomach ache,disease_prediction,1.0,,stomach ache,
preventing constipation,disease_prediction,1.0,,constipation,
balarishta for holistic health,herb_benefits,1.0,balarishta,,
effective treatment for spasms,disease_prediction,1.0,,spasms,
pitta viewpoint,general_info,1.0,,,pitta
chyawanprash effects,herb_benefits,1.0,chyawanprash,,
what causes vomiting,disease_prediction,1.0,,vomiting,
tell me about matsyakshi,herb_benefits,1.0,matsyakshi,,
medicinal effects of sala,herb_benefits,1.0,sala,,
permanent cure for muscle pain,disease_prediction,1.0,,muscle pain,
non-toxic remedy for arthritis,disease_prediction,1.0,,arthritis,
malas approach,general_info,1.0,,,malas
what is pitta,general_info,1.0,,,pitta
therapeutic effects of gangadhara churna,herb_benefits,1.0,gangadhara churna,,
healing itching,disease_prediction,1.0,,itching,
quick relief from low energy,disease_prediction,1.0,,low energy,
reducing spasms,disease_prediction,1.0,,spasms,
origin of energy,general_info,1.0,,,energy
safe treatment for morning sickness,disease_prediction,1.0,,morning sickness,
therapeutic value of methi,herb_benefits,1.0,methi,,
metabolism theory,general_info,1.0,,,metabolism
investigating pranayama,general_info,1.0,,,pranayama
examining dhatus,general_info,1.0,,,dhatus
learn about dosha,general_info,1.0,,,dosha
constitution perspective,general_info,1.0,,,constitution
changeri ghrita health effects,herb_benefits,1.0,changeri ghrita,,
recurring brain fog,disease_prediction,1.0,,brain fog,
medicine for allergies,disease_prediction,1.0,,allergies,
changeri healing properties,herb_benefits,1.0,changeri,,
healing power of shvet musli,herb_benefits,1.0,shvet musli,,
ayurvedic advantages of chitrak,herb_benefits,1.0,chitrak,,
fundamentals of ayurveda,general_info,1.0,,,ayurveda
home remedy for memory problems,disease_prediction,1.0,,memory problems,
remedy for concentration issues,disease_prediction,1.0,,concentration issues,
kakajangha medicinal uses,herb_benefits,1.0,kakajangha,,
ayurvedic benefits of saptaparna,herb_benefits,1.0,saptaparna,,
understand prabhava,general_info,1.0,,,prabhava
healing fatigue,disease_prediction,1.0,,fatigue,
body type art,general_info,1.0,,,body type
shankhpushpi effects,herb_benefits,1.0,shankhpushpi,,
lasunadi vati for natural healing,herb_benefits,1.0,lasunadi vati,,
mild tingling,disease_prediction,1.0,,tingling,
methi effects,herb_benefits,1.0,methi,,
recurring sneezing,disease_prediction,1.0,,sneezing,
natural benefits of udumbara,herb_benefits,1.0,udumbara,,
preventing eye strain,disease_prediction,1.0,,eye strain,
herbal properties of tila,herb_benefits,1.0,tila,,
runny nose treatment,disease_prediction,1.0,,runny nose,
define prana,general_info,1.0,,,prana
khadira in traditional medicine,herb_benefits,1.0,khadira,,
prishniparni for wellness,herb_benefits,1.0,prishniparni,,
what does chitrakadi vati do,herb_benefits,1.0,chitrakadi vati,,
basics of balance,general_info,1.0,,,balance
tejapatra for wellness,herb_benefits,1.0,tejapatra,,
constant memory problems,disease_prediction,1.0,,memory problems,
detoxification wisdom,general_info,1.0,,,detoxification
tell me about laghu sutshekhar ras,herb_benefits,1.0,laghu sutshekhar ras,,
science behind yoga,general_info,1.0,,,yoga
overview of energy,general_info,1.0,,,energy
what makes fenugreek beneficial,herb_benefits,1.0,fenugreek,,
traditional cure for brain fog,disease_prediction,1.0,,brain fog,
panchakarma art,general_info,1.0,,,panchakarma
non-toxic remedy for stress,disease_prediction,1.0,,stress,
effective treatment for depression,disease_prediction,1.0,,depression,
cleansing tradition,general_info,1.0,,,cleansing
healing sprains,disease_prediction,1.0,,sprains,
tejas basics,general_info,1.0,,,tejas
fundamentals of ayurveda,general_info,1.0,,,ayurveda
temperament practice,general_info,1.0,,,temperament
researching yoga,general_info,1.0,,,yoga
health benefits of arka pushpa,herb_benefits,1.0,arka pushpa,,
tell me about prana,general_info,1.0,,,prana
medicine for dandruff,disease_prediction,1.0,,dandruff,
basti fundamentals,general_info,1.0,,,basti
examining holistic health,general_info,1.0,,,holistic health
energy methodology,general_info,1.0,,,energy
herbal medicine principles,general_info,1.0,,,herbal medicine
role of shadrasas,general_info,1.0,,,shadrasas
surana for wellness,herb_benefits,1.0,surana,,
tell me about haridra,herb_benefits,1.0,haridra,,
want to know about preventive medicine,general_info,1.0,,,preventive medicine
uses of rasnasaptakam kashayam,herb_benefits,1.0,rasnasaptakam kashayam,,
shigru nutritional benefits,herb_benefits,1.0,shigru,,
persistent cuts,disease_prediction,1.0,,cuts,
relief from sprains,disease_prediction,1.0,,sprains,
panchakarma science,general_info,1.0,,,panchakarma
abhyanga theory,general_info,1.0,,,abhyanga
treatment for dry skin,disease_prediction,1.0,,dry skin,
holistic treatment for sore throat,disease_prediction,1.0,,sore throat,
medicine for diarrhea,disease_prediction,1.0,,diarrhea,
information about mashaparni,herb_benefits,1.0,mashaparni,,
importance of tridosha,general_info,1.0,,,tridosha
tell me about panchamahabhutas,general_info,1.0,,,panchamahabhutas
healing power of tankana bhasma,herb_benefits,1.0,tankana bhasma,,
information about dhatus,general_info,1.0,,,dhatus
can you explain wellness,general_info,1.0,,,wellness
define preventive medicine,general_info,1.0,,,preventive medicine
researching prabhava,general_info,1.0,,,prabhava
treatments for brain fog,disease_prediction,1.0,,brain fog,
how to use agnikarna,herb_benefits,1.0,agnikarna,,
constant diarrhea,disease_prediction,1.0,,diarrhea,
controlling menstrual cramps,disease_prediction,1.0,,menstrual cramps,
introduction to vikriti,general_info,1.0,,,vikriti
circulation perspective,general_info,1.0,,,circulation
what makes gorochana beneficial,herb_benefits,1.0,gorochana,,
energy system,general_info,1.0,,,energy
overcoming depression,disease_prediction,1.0,,depression,
importance of kapha,general_info,1.0,,,kapha
investigating pitta,general_info,1.0,,,pitta
discovering vata,general_info,1.0,,,vata
discovering srotas,general_info,1.0,,,srotas
bijapura natural medicine,herb_benefits,1.0,bijapura,,
remedy for sore throat,disease_prediction,1.0,,sore throat,
discovering tejas,general_info,1.0,,,tejas
persistent wounds,disease_prediction,1.0,,wounds,
eladi thailam remedy uses,herb_benefits,1.0,eladi thailam,,
quick relief from eczema,disease_prediction,1.0,,eczema,
overview of pranayama,general_info,1.0,,,pranayama
trivrit healing properties,herb_benefits,1.0,trivrit,,
health properties of karnikara,herb_benefits,1.0,karnikara,,
how does immunity work,general_info,1.0,,,immunity
importance of vata,general_info,1.0,,,vata
medicinal properties of kankshi,herb_benefits,1.0,kankshi,,
panchakarma knowledge,general_info,1.0,,,panchakarma
vidaryadi kashayam for health,herb_benefits,1.0,vidaryadi kashayam,,
why use putranjivaka,herb_benefits,1.0,putranjivaka,,
what are the principles of holistic health,general_info,1.0,,,holistic health
pradarantak lauh remedy uses,herb_benefits,1.0,pradarantak lauh,,
sphatika bhasma uses,herb_benefits,1.0,sphatika bhasma,,
what is saptadhatu,general_info,1.0,,,saptadhatu
yoga tradition,general_info,1.0,,,yoga
properties of gandhak rasayan,herb_benefits,1.0,gandhak rasayan,,
tell me about agnitundi vati,herb_benefits,1.0,agnitundi vati,,
uses of chakragaja,herb_benefits,1.0,chakragaja,,
virya understanding,general_info,1.0,,,virya
what is mahabala good for,herb_benefits,1.0,mahabala,,
tintidika natural medicine,herb_benefits,1.0,tintidika,,
holistic treatments for tingling,disease_prediction,1.0,,tingling,
kokilaksha remedy uses,herb_benefits,1.0,kokilaksha,,
benefits and uses of bhadra,herb_benefits,1.0,bhadra,,
how to treat burns,disease_prediction,1.0,,burns,
medicinal effects of aranya jeeraka,herb_benefits,1.0,aranya jeeraka,,
benefits of prakriti,general_info,1.0,,,prakriti
persistent diarrhea,disease_prediction,1.0,,diarrhea,
origin of digestion,general_info,1.0,,,digestion
srotas basics,general_info,1.0,,,srotas
pravala pishti remedy uses,herb_benefits,1.0,pravala pishti,,
permanent cure for bronchitis,disease_prediction,1.0,,bronchitis,
tridosha perspective,general_info,1.0,,,tridosha
science behind herbal medicine,general_info,1.0,,,herbal medicine
introduction to detoxification,general_info,1.0,,,detoxification
wellness system,general_info,1.0,,,wellness
quick relief from bruising,disease_prediction,1.0,,bruising,
significance of vikriti,general_info,1.0,,,vikriti
abhyanga art,general_info,1.0,,,abhyanga
help with motion sickness,disease_prediction,1.0,,motion sickness,
sudden menstrual cramps,disease_prediction,1.0,,menstrual cramps,
how to treat menstrual cramps,disease_prediction,1.0,,menstrual cramps,
I'm suffering from motion sickness,disease_prediction,1.0,,motion sickness,
effective treatment for hot flashes,disease_prediction,1.0,,hot flashes,
energy approach,general_info,1.0,,,energy
karanja for wellness,herb_benefits,1.0,karanja,,
ama fundamentals,general_info,1.0,,,ama
mild indigestion,disease_prediction,1.0,,indigestion,
guide to energy,general_info,1.0,,,energy
discovering trimala,general_info,1.0,,,trimala
recovering from hot flashes,disease_prediction,1.0,,hot flashes,
best medicine for wounds,disease_prediction,1.0,,wounds,
what is panchavalkala kwath good for,herb_benefits,1.0,panchavalkala kwath,,
science behind detoxification,general_info,1.0,,,detoxification
ama fundamentals,general_info,1.0,,,ama
akhuparni health effects,herb_benefits,1.0,akhuparni,,
balance concepts,general_info,1.0,,,balance
alternative medicine for mood swings,disease_prediction,1.0,,mood swings,
what is prana,general_info,1.0,,,prana
how to use sudarshan churna,herb_benefits,1.0,sudarshan churna,,
investigating vikriti,general_info,1.0,,,vikriti
panchamahabhutas basics,general_info,1.0,,,panchamahabhutas
healing power of karavira,herb_benefits,1.0,karavira,,
amritarishta medicinal uses,herb_benefits,1.0,amritarishta,,
vajra bhasma for natural healing,herb_benefits,1.0,vajra bhasma,,
meditation system,general_info,1.0,,,meditation
non-toxic remedy for eye strain,disease_prediction,1.0,,eye strain,
panchamahabhutas philosophy,general_info,1.0,,,panchamahabhutas
digestion viewpoint,general_info,1.0,,,digestion
permanent cures for psoriasis,disease_prediction,1.0,,psoriasis,
yoga basics,general_info,1.0,,,yoga
I feel blurred vision,disease_prediction,1.0,,blurred vision,
studying dosha,general_info,1.0,,,dosha
investigating pranayama,general_info,1.0,,,pranayama
karpooradi thailam for natural healing,herb_benefits,1.0,karpooradi thailam,,
medicine for night sweats,disease_prediction,1.0,,night sweats,
constitution knowledge,general_info,1.0,,,constitution
understand abhyanga,general_info,1.0,,,abhyanga
explain pranayama,general_info,1.0,,,pranayama
chronic wounds,disease_prediction,1.0,,wounds,
I'm experiencing back pain,disease_prediction,1.0,,back pain,
natural benefits of bhumyamalaki,herb_benefits,1.0,bhumyamalaki,,
mandukparni in traditional medicine,herb_benefits,1.0,mandukparni,,
learn about wellness,general_info,1.0,,,wellness
home remedy for nausea,disease_prediction,1.0,,nausea,
what is trivanga bhasma good for,herb_benefits,1.0,trivanga bhasma,,
what causes heartburn,disease_prediction,1.0,,heartburn,
remedy for burning sensation,disease_prediction,1.0,,burning sensation,
benefits and uses of badama taila,herb_benefits,1.0,badama taila,,
why use makoy,herb_benefits,1.0,makoy,,
panchakarma practice,general_info,1.0,,,panchakarma
metabolism art,general_info,1.0,,,metabolism
controlling snoring,disease_prediction,1.0,,snoring,
eczema treatment,disease_prediction,1.0,,eczema,
tingling cure,disease_prediction,1.0,,tingling,
exploring pitta,general_info,1.0,,,pitta
symptoms of sinusitis,disease_prediction,1.0,,sinusitis,
non-toxic remedy for stomach ache,disease_prediction,1.0,,stomach ache,
pranayama understanding,general_info,1.0,,,pranayama
managing inflammation,disease_prediction,1.0,,inflammation,
help with ear pain,disease_prediction,1.0,,ear pain,
pranayama philosophy,general_info,1.0,,,pranayama
holistic treatment for sore throat,disease_prediction,1.0,,sore throat,
bacopa for natural treatment,herb_benefits,1.0,bacopa,,
why is kalmegh healthy,herb_benefits,1.0,kalmegh,,
ayurveda understanding,general_info,1.0,,,ayurveda
benefits of saptadhatu,general_info,1.0,,,saptadhatu
khadira in traditional medicine,herb_benefits,1.0,khadira,,
I suffer from bloating,disease_prediction,1.0,,bloating,
cleansing concepts,general_info,1.0,,,cleansing
what makes tilaparni beneficial,herb_benefits,1.0,tilaparni,,
detoxification system,general_info,1.0,,,detoxification
investigating alternative medicine,general_info,1.0,,,alternative medicine
I feel blurred vision,disease_prediction,1.0,,blurred vision,
what causes bronchitis,disease_prediction,1.0,,bronchitis,
dosha basics,general_info,1.0,,,dosha
natural cure for insomnia,disease_prediction,1.0,,insomnia,
cure for dandruff,disease_prediction,1.0,,dandruff,
mahalakshmi vilas rasa for holistic health,herb_benefits,1.0,mahalakshmi vilas rasa,,
importance of virechana,general_info,1.0,,,virechana
what causes diabetes,disease_prediction,1.0,,diabetes,
masha properties,herb_benefits,1.0,masha,,
holistic treatments for chronic fatigue,disease_prediction,1.0,,chronic fatigue,
what can surana treat,herb_benefits,1.0,surana,,
symptoms of sinusitis,disease_prediction,1.0,,sinusitis,
treatment for sprains,disease_prediction,1.0,,sprains,
malas system,general_info,1.0,,,malas
non-toxic remedy for wounds,disease_prediction,1.0,,wounds,
mild eye strain,disease_prediction,1.0,,eye strain,
holistic health viewpoint,general_info,1.0,,,holistic health
preventive medicine practice,general_info,1.0,,,preventive medicine
aragwadha wellness benefits,herb_benefits,1.0,aragwadha,,
natural cure for memory problems,disease_prediction,1.0,,memory problems,
science behind energy,general_info,1.0,,,energy
what are the principles of virechana,general_info,1.0,,,virechana
trimala methodology,general_info,1.0,,,trimala
health benefits of shyonaka,herb_benefits,1.0,shyonaka,,
I feel oily skin,disease_prediction,1.0,,oily skin,
rasa fundamentals,general_info,1.0,,,rasa
what does dhanadanayanadi kashayam do,herb_benefits,1.0,dhanadanayanadi kashayam,,
alternative medicine for night sweats,disease_prediction,1.0,,night sweats,
basics of saptadhatu,general_info,1.0,,,saptadhatu
why use panchakola churna,herb_benefits,1.0,panchakola churna,,
understand prana,general_info,1.0,,,prana
understand prabhava,general_info,1.0,,,prabhava
natural treatments for swelling,disease_prediction,1.0,,swelling,
how does sarivadyasava help,herb_benefits,1.0,sarivadyasava,,
quick relief from diarrhea,disease_prediction,1.0,,diarrhea,
guide to prana,general_info,1.0,,,prana
balarishta natural medicine,herb_benefits,1.0,balarishta,,
uses of hinguleshwar ras,herb_benefits,1.0,hinguleshwar ras,,
why use shunthi,herb_benefits,1.0,shunthi,,
srotas principles,general_info,1.0,,,srotas
mahatriphala ghrita for health improvement,herb_benefits,1.0,mahatriphala ghrita,,
what does shunthi do,herb_benefits,1.0,shunthi,,
herbal medicine for cough,disease_prediction,1.0,,cough,
nutrition basics,general_info,1.0,,,nutrition
panchamahabhutas approach,general_info,1.0,,,panchamahabhutas
basics of saptadhatu,general_info,1.0,,,saptadhatu
define cleansing,general_info,1.0,,,cleansing
chakshushya in herbal medicine,herb_benefits,1.0,chakshushya,,
I'm suffering from skin rash,disease_prediction,1.0,,skin rash,
what can ishwari treat,herb_benefits,1.0,ishwari,,
researching harmony,general_info,1.0,,,harmony
tell me about meda,herb_benefits,1.0,meda,,
benefits and uses of bhadra,herb_benefits,1.0,bhadra,,
alternative medicine system,general_info,1.0,,,alternative medicine
intermittent hearing problems,disease_prediction,1.0,,hearing problems,
permanent cure for sleep apnea,disease_prediction,1.0,,sleep apnea,
I feel blurred vision,disease_prediction,1.0,,blurred vision,
ancient uses of chitraka moola,herb_benefits,1.0,chitraka moola,,
basics of virechana,general_info,1.0,,,virechana
researching yoga,general_info,1.0,,,yoga
tell me about prana,general_info,1.0,,,prana
diagnosis of cramps,disease_prediction,1.0,,cramps,
what causes hearing problems,disease_prediction,1.0,,hearing problems,
applications of tulsi,herb_benefits,1.0,tulsi,,
saptaparna natural medicine,herb_benefits,1.0,saptaparna,,
introduction to malas,general_info,1.0,,,malas
harmony theory,general_info,1.0,,,harmony
what is patolamuladi kwath good for,herb_benefits,1.0,patolamuladi kwath,,
health benefits of kanchanara guggulu,herb_benefits,1.0,kanchanara guggulu,,
remedy for sore throat,disease_prediction,1.0,,sore throat,
origin of mind-body connection,general_info,1.0,,,mind-body connection
sneezing cure,disease_prediction,1.0,,sneezing,
history of panchakarma,general_info,1.0,,,panchakarma
basics of saptadhatu,general_info,1.0,,,saptadhatu
natural treatment for diabetes,disease_prediction,1.0,,diabetes,
severe stomach ache,disease_prediction,1.0,,stomach ache,
herbal medicine theory,general_info,1.0,,,herbal medicine
harmony theory,general_info,1.0,,,harmony
permanent cure for insomnia,disease_prediction,1.0,,insomnia,
inflammation treatment,disease_prediction,1.0,,inflammation,
healing strains,disease_prediction,1.0,,strains,
what is wellness,general_info,1.0,,,wellness
traditional uses of simsapa,herb_benefits,1.0,simsapa,,
principles of preventive medicine,general_info,1.0,,,preventive medicine
tanduliyaka uses,herb_benefits,1.0,tanduliyaka,,
pitta art,general_info,1.0,,,pitta
sneezing cure,disease_prediction,1.0,,sneezing,
constant vomiting,disease_prediction,1.0,,vomiting,
cure for muscle pain,disease_prediction,1.0,,muscle pain,
how does vata work,general_info,1.0,,,vata
researching saptadhatu,general_info,1.0,,,saptadhatu
health benefits of chitrakaharitaki,herb_benefits,1.0,chitrakaharitaki,,
I'm suffering from motion sickness,disease_prediction,1.0,,motion sickness,
safe treatments for hair loss,disease_prediction,1.0,,hair loss,
what is ayurveda,general_info,1.0,,,ayurveda
turmeric remedy uses,herb_benefits,1.0,turmeric,,
vikriti fundamentals,general_info,1.0,,,vikriti
fundamentals of harmony,general_info,1.0,,,harmony
diagnosis of chest pain,disease_prediction,1.0,,chest pain,
balance approach,general_info,1.0,,,balance
vaikranta bhasma for health improvement,herb_benefits,1.0,vaikranta bhasma,,
digestion viewpoint,general_info,1.0,,,digestion
how does kasamarda help,herb_benefits,1.0,kasamarda,,
safe treatment for joint pain,disease_prediction,1.0,,joint pain,
having inflammation,disease_prediction,1.0,,inflammation,
how to use bhanga,herb_benefits,1.0,bhanga,,
dealing with gas,disease_prediction,1.0,,gas,
itching treatment,disease_prediction,1.0,,itching,
medicinal applications of somaraji taila,herb_benefits,1.0,somaraji taila,,
chavya therapeutic benefits,herb_benefits,1.0,chavya,,
digestion art,general_info,1.0,,,digestion
overview of immunity,general_info,1.0,,,immunity
I have depression,disease_prediction,1.0,,depression,
what makes nagakesara beneficial,herb_benefits,1.0,nagakesara,,
