text,herb,benefits,label
benefits of tulsi,tulsi,"Tulsi (Ocimum sanctum) is known as the 'Queen of Herbs' in Ayurveda. It boosts immunity, combats respiratory disorders, and has adaptogenic properties.",herb_benefits_tulsi
tulsi for rasayan,tulsi,tulsi is beneficial for rasayan,herb_benefits_rasayan
tulsi for krimighna,tulsi,tulsi is beneficial for krimighna,herb_benefits_krimighna
tulsi for kasahara,tulsi,tulsi is beneficial for kasahara,herb_benefits_kasahara
tulsi for shoolaghna,tulsi,tulsi is beneficial for shoolaghna,herb_benefits_shoolaghna
what is tulsi used for,tulsi,"Tulsi (Ocimum sanctum) is known as the 'Queen of Herbs' in Ayurveda. It boosts immunity, combats respiratory disorders, and has adaptogenic properties.",herb_benefits_tulsi
how to use tulsi,tulsi,"Tulsi (Ocimum sanctum) is known as the 'Queen of Herbs' in Ayurveda. It boosts immunity, combats respiratory disorders, and has adaptogenic properties.",herb_benefits_tulsi
tulsi medicinal properties,tulsi,"Tulsi (Ocimum sanctum) is known as the 'Queen of Herbs' in Ayurveda. It boosts immunity, combats respiratory disorders, and has adaptogenic properties.",herb_benefits_tulsi
tulsi health benefits,tulsi,"Tulsi (Ocimum sanctum) is known as the 'Queen of Herbs' in Ayurveda. It boosts immunity, combats respiratory disorders, and has adaptogenic properties.",herb_benefits_tulsi
therapeutic effects of tulsi,tulsi,"Tulsi (Ocimum sanctum) is known as the 'Queen of Herbs' in Ayurveda. It boosts immunity, combats respiratory disorders, and has adaptogenic properties.",herb_benefits_tulsi
benefits of amla,amla,"Amla (Emblica officinalis) is a potent source of Vitamin C. It rejuvenates tissues, improves digestion, eyesight, and balances all three doshas.",herb_benefits_amla
amla for rasayan,amla,amla is beneficial for rasayan,herb_benefits_rasayan
amla for chakshushya,amla,amla is beneficial for chakshushya,herb_benefits_chakshushya
amla for hridaya,amla,amla is beneficial for hridaya,herb_benefits_hridaya
amla for deepana,amla,amla is beneficial for deepana,herb_benefits_deepana
what is amla used for,amla,"Amla (Emblica officinalis) is a potent source of Vitamin C. It rejuvenates tissues, improves digestion, eyesight, and balances all three doshas.",herb_benefits_amla
how to use amla,amla,"Amla (Emblica officinalis) is a potent source of Vitamin C. It rejuvenates tissues, improves digestion, eyesight, and balances all three doshas.",herb_benefits_amla
amla medicinal properties,amla,"Amla (Emblica officinalis) is a potent source of Vitamin C. It rejuvenates tissues, improves digestion, eyesight, and balances all three doshas.",herb_benefits_amla
amla health benefits,amla,"Amla (Emblica officinalis) is a potent source of Vitamin C. It rejuvenates tissues, improves digestion, eyesight, and balances all three doshas.",herb_benefits_amla
therapeutic effects of amla,amla,"Amla (Emblica officinalis) is a potent source of Vitamin C. It rejuvenates tissues, improves digestion, eyesight, and balances all three doshas.",herb_benefits_amla
benefits of ashwagandha,ashwagandha,"Ashwagandha (Withania somnifera) is a powerful adaptogen. It reduces stress, increases strength, and supports reproductive and nervous systems.",herb_benefits_ashwagandha
ashwagandha for balya,ashwagandha,ashwagandha is beneficial for balya,herb_benefits_balya
ashwagandha for medhya,ashwagandha,ashwagandha is beneficial for medhya,herb_benefits_medhya
ashwagandha for vrishya,ashwagandha,ashwagandha is beneficial for vrishya,herb_benefits_vrishya
ashwagandha for rasayan,ashwagandha,ashwagandha is beneficial for rasayan,herb_benefits_rasayan
what is ashwagandha used for,ashwagandha,"Ashwagandha (Withania somnifera) is a powerful adaptogen. It reduces stress, increases strength, and supports reproductive and nervous systems.",herb_benefits_ashwagandha
how to use ashwagandha,ashwagandha,"Ashwagandha (Withania somnifera) is a powerful adaptogen. It reduces stress, increases strength, and supports reproductive and nervous systems.",herb_benefits_ashwagandha
ashwagandha medicinal properties,ashwagandha,"Ashwagandha (Withania somnifera) is a powerful adaptogen. It reduces stress, increases strength, and supports reproductive and nervous systems.",herb_benefits_ashwagandha
ashwagandha health benefits,ashwagandha,"Ashwagandha (Withania somnifera) is a powerful adaptogen. It reduces stress, increases strength, and supports reproductive and nervous systems.",herb_benefits_ashwagandha
therapeutic effects of ashwagandha,ashwagandha,"Ashwagandha (Withania somnifera) is a powerful adaptogen. It reduces stress, increases strength, and supports reproductive and nervous systems.",herb_benefits_ashwagandha
benefits of giloy,giloy,"Giloy (Tinospora cordifolia) is a powerful immunity booster. It acts as an antipyretic, detoxifier, and rejuvenator with anti-inflammatory effects.",herb_benefits_giloy
giloy for jwaraghna,giloy,giloy is beneficial for jwaraghna,herb_benefits_jwaraghna
giloy for raktashodhak,giloy,giloy is beneficial for raktashodhak,herb_benefits_raktashodhak
giloy for shothahara,giloy,giloy is beneficial for shothahara,herb_benefits_shothahara
giloy for rasayan,giloy,giloy is beneficial for rasayan,herb_benefits_rasayan
what is giloy used for,giloy,"Giloy (Tinospora cordifolia) is a powerful immunity booster. It acts as an antipyretic, detoxifier, and rejuvenator with anti-inflammatory effects.",herb_benefits_giloy
how to use giloy,giloy,"Giloy (Tinospora cordifolia) is a powerful immunity booster. It acts as an antipyretic, detoxifier, and rejuvenator with anti-inflammatory effects.",herb_benefits_giloy
giloy medicinal properties,giloy,"Giloy (Tinospora cordifolia) is a powerful immunity booster. It acts as an antipyretic, detoxifier, and rejuvenator with anti-inflammatory effects.",herb_benefits_giloy
giloy health benefits,giloy,"Giloy (Tinospora cordifolia) is a powerful immunity booster. It acts as an antipyretic, detoxifier, and rejuvenator with anti-inflammatory effects.",herb_benefits_giloy
therapeutic effects of giloy,giloy,"Giloy (Tinospora cordifolia) is a powerful immunity booster. It acts as an antipyretic, detoxifier, and rejuvenator with anti-inflammatory effects.",herb_benefits_giloy
benefits of shatavari,shatavari,"Shatavari (Asparagus racemosus) supports female reproductive health, boosts vitality, and is a top Ayurvedic rejuvenator for Pitta and Vata.",herb_benefits_shatavari
shatavari for stanyashodhana,shatavari,shatavari is beneficial for stanyashodhana,herb_benefits_stanyashodhana
shatavari for shukrala,shatavari,shatavari is beneficial for shukrala,herb_benefits_shukrala
shatavari for rasayan,shatavari,shatavari is beneficial for rasayan,herb_benefits_rasayan
shatavari for varnya,shatavari,shatavari is beneficial for varnya,herb_benefits_varnya
what is shatavari used for,shatavari,"Shatavari (Asparagus racemosus) supports female reproductive health, boosts vitality, and is a top Ayurvedic rejuvenator for Pitta and Vata.",herb_benefits_shatavari
how to use shatavari,shatavari,"Shatavari (Asparagus racemosus) supports female reproductive health, boosts vitality, and is a top Ayurvedic rejuvenator for Pitta and Vata.",herb_benefits_shatavari
shatavari medicinal properties,shatavari,"Shatavari (Asparagus racemosus) supports female reproductive health, boosts vitality, and is a top Ayurvedic rejuvenator for Pitta and Vata.",herb_benefits_shatavari
shatavari health benefits,shatavari,"Shatavari (Asparagus racemosus) supports female reproductive health, boosts vitality, and is a top Ayurvedic rejuvenator for Pitta and Vata.",herb_benefits_shatavari
therapeutic effects of shatavari,shatavari,"Shatavari (Asparagus racemosus) supports female reproductive health, boosts vitality, and is a top Ayurvedic rejuvenator for Pitta and Vata.",herb_benefits_shatavari
benefits of nagarmotha,nagarmotha,"Used to treat indigestion, fever, and obesity through its deepana and pachana actions.",herb_benefits_nagarmotha
nagarmotha for deepana,nagarmotha,nagarmotha is beneficial for deepana,herb_benefits_deepana
nagarmotha for pachana,nagarmotha,nagarmotha is beneficial for pachana,herb_benefits_pachana
nagarmotha for grahi,nagarmotha,nagarmotha is beneficial for grahi,herb_benefits_grahi
what is nagarmotha used for,nagarmotha,"Used to treat indigestion, fever, and obesity through its deepana and pachana actions.",herb_benefits_nagarmotha
how to use nagarmotha,nagarmotha,"Used to treat indigestion, fever, and obesity through its deepana and pachana actions.",herb_benefits_nagarmotha
nagarmotha medicinal properties,nagarmotha,"Used to treat indigestion, fever, and obesity through its deepana and pachana actions.",herb_benefits_nagarmotha
nagarmotha health benefits,nagarmotha,"Used to treat indigestion, fever, and obesity through its deepana and pachana actions.",herb_benefits_nagarmotha
therapeutic effects of nagarmotha,nagarmotha,"Used to treat indigestion, fever, and obesity through its deepana and pachana actions.",herb_benefits_nagarmotha
benefits of agnimantha,agnimantha,"Part of Dashamoola, used in vata disorders and for promoting digestion.",herb_benefits_agnimantha
agnimantha for shoolaghna,agnimantha,agnimantha is beneficial for shoolaghna,herb_benefits_shoolaghna
agnimantha for virechana,agnimantha,agnimantha is beneficial for virechana,herb_benefits_virechana
what is agnimantha used for,agnimantha,"Part of Dashamoola, used in vata disorders and for promoting digestion.",herb_benefits_agnimantha
how to use agnimantha,agnimantha,"Part of Dashamoola, used in vata disorders and for promoting digestion.",herb_benefits_agnimantha
agnimantha medicinal properties,agnimantha,"Part of Dashamoola, used in vata disorders and for promoting digestion.",herb_benefits_agnimantha
agnimantha health benefits,agnimantha,"Part of Dashamoola, used in vata disorders and for promoting digestion.",herb_benefits_agnimantha
therapeutic effects of agnimantha,agnimantha,"Part of Dashamoola, used in vata disorders and for promoting digestion.",herb_benefits_agnimantha
benefits of rohitaka,rohitaka,"Used for treating liver disorders, ascites, and splenomegaly.",herb_benefits_rohitaka
rohitaka for raktashodhak,rohitaka,rohitaka is beneficial for raktashodhak,herb_benefits_raktashodhak
rohitaka for deepana,rohitaka,rohitaka is beneficial for deepana,herb_benefits_deepana
rohitaka for pachana,rohitaka,rohitaka is beneficial for pachana,herb_benefits_pachana
what is rohitaka used for,rohitaka,"Used for treating liver disorders, ascites, and splenomegaly.",herb_benefits_rohitaka
how to use rohitaka,rohitaka,"Used for treating liver disorders, ascites, and splenomegaly.",herb_benefits_rohitaka
rohitaka medicinal properties,rohitaka,"Used for treating liver disorders, ascites, and splenomegaly.",herb_benefits_rohitaka
rohitaka health benefits,rohitaka,"Used for treating liver disorders, ascites, and splenomegaly.",herb_benefits_rohitaka
therapeutic effects of rohitaka,rohitaka,"Used for treating liver disorders, ascites, and splenomegaly.",herb_benefits_rohitaka
benefits of chopchini,chopchini,"Used in treating joint disorders and skin diseases, known for its anti-inflammatory action.",herb_benefits_chopchini
chopchini for shothahara,chopchini,chopchini is beneficial for shothahara,herb_benefits_shothahara
chopchini for shoolaghna,chopchini,chopchini is beneficial for shoolaghna,herb_benefits_shoolaghna
chopchini for vrishya,chopchini,chopchini is beneficial for vrishya,herb_benefits_vrishya
what is chopchini used for,chopchini,"Used in treating joint disorders and skin diseases, known for its anti-inflammatory action.",herb_benefits_chopchini
how to use chopchini,chopchini,"Used in treating joint disorders and skin diseases, known for its anti-inflammatory action.",herb_benefits_chopchini
chopchini medicinal properties,chopchini,"Used in treating joint disorders and skin diseases, known for its anti-inflammatory action.",herb_benefits_chopchini
chopchini health benefits,chopchini,"Used in treating joint disorders and skin diseases, known for its anti-inflammatory action.",herb_benefits_chopchini
therapeutic effects of chopchini,chopchini,"Used in treating joint disorders and skin diseases, known for its anti-inflammatory action.",herb_benefits_chopchini
benefits of bhringraj,bhringraj,"Promotes hair growth, supports liver function, and has rejuvenating qualities.",herb_benefits_bhringraj
bhringraj for rasayan,bhringraj,bhringraj is beneficial for rasayan,herb_benefits_rasayan
bhringraj for chakshushya,bhringraj,bhringraj is beneficial for chakshushya,herb_benefits_chakshushya
bhringraj for vrishya,bhringraj,bhringraj is beneficial for vrishya,herb_benefits_vrishya
what is bhringraj used for,bhringraj,"Promotes hair growth, supports liver function, and has rejuvenating qualities.",herb_benefits_bhringraj
how to use bhringraj,bhringraj,"Promotes hair growth, supports liver function, and has rejuvenating qualities.",herb_benefits_bhringraj
bhringraj medicinal properties,bhringraj,"Promotes hair growth, supports liver function, and has rejuvenating qualities.",herb_benefits_bhringraj
bhringraj health benefits,bhringraj,"Promotes hair growth, supports liver function, and has rejuvenating qualities.",herb_benefits_bhringraj
therapeutic effects of bhringraj,bhringraj,"Promotes hair growth, supports liver function, and has rejuvenating qualities.",herb_benefits_bhringraj
benefits of jatamansi,jatamansi,"Calms the mind, supports mental clarity, and acts as a nervine tonic.",herb_benefits_jatamansi
jatamansi for medhya,jatamansi,jatamansi is beneficial for medhya,herb_benefits_medhya
jatamansi for rasayan,jatamansi,jatamansi is beneficial for rasayan,herb_benefits_rasayan
jatamansi for shoolaghna,jatamansi,jatamansi is beneficial for shoolaghna,herb_benefits_shoolaghna
what is jatamansi used for,jatamansi,"Calms the mind, supports mental clarity, and acts as a nervine tonic.",herb_benefits_jatamansi
how to use jatamansi,jatamansi,"Calms the mind, supports mental clarity, and acts as a nervine tonic.",herb_benefits_jatamansi
jatamansi medicinal properties,jatamansi,"Calms the mind, supports mental clarity, and acts as a nervine tonic.",herb_benefits_jatamansi
jatamansi health benefits,jatamansi,"Calms the mind, supports mental clarity, and acts as a nervine tonic.",herb_benefits_jatamansi
therapeutic effects of jatamansi,jatamansi,"Calms the mind, supports mental clarity, and acts as a nervine tonic.",herb_benefits_jatamansi
benefits of chandana,chandana,"Cooling herb used in Pitta disorders, urinary tract infections, and skin diseases.",herb_benefits_chandana
chandana for mutrala,chandana,chandana is beneficial for mutrala,herb_benefits_mutrala
chandana for chakshushya,chandana,chandana is beneficial for chakshushya,herb_benefits_chakshushya
chandana for varnya,chandana,chandana is beneficial for varnya,herb_benefits_varnya
what is chandana used for,chandana,"Cooling herb used in Pitta disorders, urinary tract infections, and skin diseases.",herb_benefits_chandana
how to use chandana,chandana,"Cooling herb used in Pitta disorders, urinary tract infections, and skin diseases.",herb_benefits_chandana
chandana medicinal properties,chandana,"Cooling herb used in Pitta disorders, urinary tract infections, and skin diseases.",herb_benefits_chandana
chandana health benefits,chandana,"Cooling herb used in Pitta disorders, urinary tract infections, and skin diseases.",herb_benefits_chandana
therapeutic effects of chandana,chandana,"Cooling herb used in Pitta disorders, urinary tract infections, and skin diseases.",herb_benefits_chandana
benefits of kutaj,kutaj,"Treats diarrhea, dysentery and balances kapha and pitta dosha.",herb_benefits_kutaj
kutaj for grahi,kutaj,kutaj is beneficial for grahi,herb_benefits_grahi
kutaj for krimighna,kutaj,kutaj is beneficial for krimighna,herb_benefits_krimighna
kutaj for shoolaghna,kutaj,kutaj is beneficial for shoolaghna,herb_benefits_shoolaghna
what is kutaj used for,kutaj,"Treats diarrhea, dysentery and balances kapha and pitta dosha.",herb_benefits_kutaj
how to use kutaj,kutaj,"Treats diarrhea, dysentery and balances kapha and pitta dosha.",herb_benefits_kutaj
kutaj medicinal properties,kutaj,"Treats diarrhea, dysentery and balances kapha and pitta dosha.",herb_benefits_kutaj
kutaj health benefits,kutaj,"Treats diarrhea, dysentery and balances kapha and pitta dosha.",herb_benefits_kutaj
therapeutic effects of kutaj,kutaj,"Treats diarrhea, dysentery and balances kapha and pitta dosha.",herb_benefits_kutaj
benefits of rasona (garlic),rasona (garlic),"Used for respiratory, digestive, and circulatory disorders. Known for lekhana and deepana properties.",herb_benefits_rasona_(garlic)
rasona (garlic) for lekhana,rasona (garlic),rasona (garlic) is beneficial for lekhana,herb_benefits_lekhana
rasona (garlic) for deepana,rasona (garlic),rasona (garlic) is beneficial for deepana,herb_benefits_deepana
rasona (garlic) for rasayan,rasona (garlic),rasona (garlic) is beneficial for rasayan,herb_benefits_rasayan
what is rasona (garlic) used for,rasona (garlic),"Used for respiratory, digestive, and circulatory disorders. Known for lekhana and deepana properties.",herb_benefits_rasona_(garlic)
how to use rasona (garlic),rasona (garlic),"Used for respiratory, digestive, and circulatory disorders. Known for lekhana and deepana properties.",herb_benefits_rasona_(garlic)
rasona (garlic) medicinal properties,rasona (garlic),"Used for respiratory, digestive, and circulatory disorders. Known for lekhana and deepana properties.",herb_benefits_rasona_(garlic)
rasona (garlic) health benefits,rasona (garlic),"Used for respiratory, digestive, and circulatory disorders. Known for lekhana and deepana properties.",herb_benefits_rasona_(garlic)
therapeutic effects of rasona (garlic),rasona (garlic),"Used for respiratory, digestive, and circulatory disorders. Known for lekhana and deepana properties.",herb_benefits_rasona_(garlic)
benefits of kanchanar,kanchanar,"Kanchanar is used to reduce glandular swellings, support thyroid, and treat goiter.",herb_benefits_kanchanar
kanchanar for lekhana,kanchanar,kanchanar is beneficial for lekhana,herb_benefits_lekhana
kanchanar for shothahara,kanchanar,kanchanar is beneficial for shothahara,herb_benefits_shothahara
kanchanar for granthihara,kanchanar,kanchanar is beneficial for granthihara,herb_benefits_granthihara
what is kanchanar used for,kanchanar,"Kanchanar is used to reduce glandular swellings, support thyroid, and treat goiter.",herb_benefits_kanchanar
how to use kanchanar,kanchanar,"Kanchanar is used to reduce glandular swellings, support thyroid, and treat goiter.",herb_benefits_kanchanar
kanchanar medicinal properties,kanchanar,"Kanchanar is used to reduce glandular swellings, support thyroid, and treat goiter.",herb_benefits_kanchanar
kanchanar health benefits,kanchanar,"Kanchanar is used to reduce glandular swellings, support thyroid, and treat goiter.",herb_benefits_kanchanar
therapeutic effects of kanchanar,kanchanar,"Kanchanar is used to reduce glandular swellings, support thyroid, and treat goiter.",herb_benefits_kanchanar
benefits of karpura (camphor),karpura (camphor),"Camphor has stimulant, antispasmodic, and antiseptic actions, used in respiratory and skin conditions.",herb_benefits_karpura_(camphor)
karpura (camphor) for kasahara,karpura (camphor),karpura (camphor) is beneficial for kasahara,herb_benefits_kasahara
karpura (camphor) for shwasahara,karpura (camphor),karpura (camphor) is beneficial for shwasahara,herb_benefits_shwasahara
karpura (camphor) for krimighna,karpura (camphor),karpura (camphor) is beneficial for krimighna,herb_benefits_krimighna
what is karpura (camphor) used for,karpura (camphor),"Camphor has stimulant, antispasmodic, and antiseptic actions, used in respiratory and skin conditions.",herb_benefits_karpura_(camphor)
how to use karpura (camphor),karpura (camphor),"Camphor has stimulant, antispasmodic, and antiseptic actions, used in respiratory and skin conditions.",herb_benefits_karpura_(camphor)
karpura (camphor) medicinal properties,karpura (camphor),"Camphor has stimulant, antispasmodic, and antiseptic actions, used in respiratory and skin conditions.",herb_benefits_karpura_(camphor)
karpura (camphor) health benefits,karpura (camphor),"Camphor has stimulant, antispasmodic, and antiseptic actions, used in respiratory and skin conditions.",herb_benefits_karpura_(camphor)
therapeutic effects of karpura (camphor),karpura (camphor),"Camphor has stimulant, antispasmodic, and antiseptic actions, used in respiratory and skin conditions.",herb_benefits_karpura_(camphor)
benefits of pushkarmool,pushkarmool,"Effective for asthma, cough, and dyspnea. Acts as a bronchodilator and expectorant.",herb_benefits_pushkarmool
pushkarmool for kasahara,pushkarmool,pushkarmool is beneficial for kasahara,herb_benefits_kasahara
pushkarmool for shwasahara,pushkarmool,pushkarmool is beneficial for shwasahara,herb_benefits_shwasahara
pushkarmool for hrudya,pushkarmool,pushkarmool is beneficial for hrudya,herb_benefits_hrudya
what is pushkarmool used for,pushkarmool,"Effective for asthma, cough, and dyspnea. Acts as a bronchodilator and expectorant.",herb_benefits_pushkarmool
how to use pushkarmool,pushkarmool,"Effective for asthma, cough, and dyspnea. Acts as a bronchodilator and expectorant.",herb_benefits_pushkarmool
pushkarmool medicinal properties,pushkarmool,"Effective for asthma, cough, and dyspnea. Acts as a bronchodilator and expectorant.",herb_benefits_pushkarmool
pushkarmool health benefits,pushkarmool,"Effective for asthma, cough, and dyspnea. Acts as a bronchodilator and expectorant.",herb_benefits_pushkarmool
therapeutic effects of pushkarmool,pushkarmool,"Effective for asthma, cough, and dyspnea. Acts as a bronchodilator and expectorant.",herb_benefits_pushkarmool
benefits of bakuchi,bakuchi,"Widely used in leucoderma, vitiligo, and other skin disorders. Supports melanin production.",herb_benefits_bakuchi
bakuchi for kushtaghna,bakuchi,bakuchi is beneficial for kushtaghna,herb_benefits_kushtaghna
bakuchi for varnya,bakuchi,bakuchi is beneficial for varnya,herb_benefits_varnya
bakuchi for rasayan,bakuchi,bakuchi is beneficial for rasayan,herb_benefits_rasayan
what is bakuchi used for,bakuchi,"Widely used in leucoderma, vitiligo, and other skin disorders. Supports melanin production.",herb_benefits_bakuchi
how to use bakuchi,bakuchi,"Widely used in leucoderma, vitiligo, and other skin disorders. Supports melanin production.",herb_benefits_bakuchi
bakuchi medicinal properties,bakuchi,"Widely used in leucoderma, vitiligo, and other skin disorders. Supports melanin production.",herb_benefits_bakuchi
bakuchi health benefits,bakuchi,"Widely used in leucoderma, vitiligo, and other skin disorders. Supports melanin production.",herb_benefits_bakuchi
therapeutic effects of bakuchi,bakuchi,"Widely used in leucoderma, vitiligo, and other skin disorders. Supports melanin production.",herb_benefits_bakuchi
benefits of vidarikand,vidarikand,"Acts as a nutritive tonic, improves fertility, and strengthens the body.",herb_benefits_vidarikand
vidarikand for balya,vidarikand,vidarikand is beneficial for balya,herb_benefits_balya
vidarikand for rasayan,vidarikand,vidarikand is beneficial for rasayan,herb_benefits_rasayan
vidarikand for vrishya,vidarikand,vidarikand is beneficial for vrishya,herb_benefits_vrishya
what is vidarikand used for,vidarikand,"Acts as a nutritive tonic, improves fertility, and strengthens the body.",herb_benefits_vidarikand
how to use vidarikand,vidarikand,"Acts as a nutritive tonic, improves fertility, and strengthens the body.",herb_benefits_vidarikand
vidarikand medicinal properties,vidarikand,"Acts as a nutritive tonic, improves fertility, and strengthens the body.",herb_benefits_vidarikand
vidarikand health benefits,vidarikand,"Acts as a nutritive tonic, improves fertility, and strengthens the body.",herb_benefits_vidarikand
therapeutic effects of vidarikand,vidarikand,"Acts as a nutritive tonic, improves fertility, and strengthens the body.",herb_benefits_vidarikand
benefits of ajmoda,ajmoda,"Improves digestion, relieves bloating and abdominal discomfort, and acts as carminative.",herb_benefits_ajmoda
ajmoda for deepana,ajmoda,ajmoda is beneficial for deepana,herb_benefits_deepana
ajmoda for pachana,ajmoda,ajmoda is beneficial for pachana,herb_benefits_pachana
ajmoda for vatanulomana,ajmoda,ajmoda is beneficial for vatanulomana,herb_benefits_vatanulomana
what is ajmoda used for,ajmoda,"Improves digestion, relieves bloating and abdominal discomfort, and acts as carminative.",herb_benefits_ajmoda
how to use ajmoda,ajmoda,"Improves digestion, relieves bloating and abdominal discomfort, and acts as carminative.",herb_benefits_ajmoda
ajmoda medicinal properties,ajmoda,"Improves digestion, relieves bloating and abdominal discomfort, and acts as carminative.",herb_benefits_ajmoda
ajmoda health benefits,ajmoda,"Improves digestion, relieves bloating and abdominal discomfort, and acts as carminative.",herb_benefits_ajmoda
therapeutic effects of ajmoda,ajmoda,"Improves digestion, relieves bloating and abdominal discomfort, and acts as carminative.",herb_benefits_ajmoda
benefits of patola,patola,"Used in fever, liver disorders, and skin diseases. Strong pitta pacifier.",herb_benefits_patola
patola for raktashodhak,patola,patola is beneficial for raktashodhak,herb_benefits_raktashodhak
patola for jwaraghna,patola,patola is beneficial for jwaraghna,herb_benefits_jwaraghna
patola for kushtaghna,patola,patola is beneficial for kushtaghna,herb_benefits_kushtaghna
what is patola used for,patola,"Used in fever, liver disorders, and skin diseases. Strong pitta pacifier.",herb_benefits_patola
how to use patola,patola,"Used in fever, liver disorders, and skin diseases. Strong pitta pacifier.",herb_benefits_patola
patola medicinal properties,patola,"Used in fever, liver disorders, and skin diseases. Strong pitta pacifier.",herb_benefits_patola
patola health benefits,patola,"Used in fever, liver disorders, and skin diseases. Strong pitta pacifier.",herb_benefits_patola
therapeutic effects of patola,patola,"Used in fever, liver disorders, and skin diseases. Strong pitta pacifier.",herb_benefits_patola
benefits of vrikshamla,vrikshamla,Helps in weight management and digestion. Rich in hydroxycitric acid.,herb_benefits_vrikshamla
vrikshamla for lekhana,vrikshamla,vrikshamla is beneficial for lekhana,herb_benefits_lekhana
vrikshamla for deepana,vrikshamla,vrikshamla is beneficial for deepana,herb_benefits_deepana
vrikshamla for medohara,vrikshamla,vrikshamla is beneficial for medohara,herb_benefits_medohara
what is vrikshamla used for,vrikshamla,Helps in weight management and digestion. Rich in hydroxycitric acid.,herb_benefits_vrikshamla
how to use vrikshamla,vrikshamla,Helps in weight management and digestion. Rich in hydroxycitric acid.,herb_benefits_vrikshamla
vrikshamla medicinal properties,vrikshamla,Helps in weight management and digestion. Rich in hydroxycitric acid.,herb_benefits_vrikshamla
vrikshamla health benefits,vrikshamla,Helps in weight management and digestion. Rich in hydroxycitric acid.,herb_benefits_vrikshamla
therapeutic effects of vrikshamla,vrikshamla,Helps in weight management and digestion. Rich in hydroxycitric acid.,herb_benefits_vrikshamla
benefits of kumuda,kumuda,"Useful in burning sensation, pitta disorders and fever.",herb_benefits_kumuda
kumuda for jwaraghna,kumuda,kumuda is beneficial for jwaraghna,herb_benefits_jwaraghna
kumuda for raktapittaghna,kumuda,kumuda is beneficial for raktapittaghna,herb_benefits_raktapittaghna
what is kumuda used for,kumuda,"Useful in burning sensation, pitta disorders and fever.",herb_benefits_kumuda
how to use kumuda,kumuda,"Useful in burning sensation, pitta disorders and fever.",herb_benefits_kumuda
kumuda medicinal properties,kumuda,"Useful in burning sensation, pitta disorders and fever.",herb_benefits_kumuda
kumuda health benefits,kumuda,"Useful in burning sensation, pitta disorders and fever.",herb_benefits_kumuda
therapeutic effects of kumuda,kumuda,"Useful in burning sensation, pitta disorders and fever.",herb_benefits_kumuda
benefits of shigru,shigru,"Moringa is rich in nutrients, detoxifies blood, and improves digestion.",herb_benefits_shigru
shigru for shothahara,shigru,shigru is beneficial for shothahara,herb_benefits_shothahara
shigru for krimighna,shigru,shigru is beneficial for krimighna,herb_benefits_krimighna
shigru for medohara,shigru,shigru is beneficial for medohara,herb_benefits_medohara
what is shigru used for,shigru,"Moringa is rich in nutrients, detoxifies blood, and improves digestion.",herb_benefits_shigru
how to use shigru,shigru,"Moringa is rich in nutrients, detoxifies blood, and improves digestion.",herb_benefits_shigru
shigru medicinal properties,shigru,"Moringa is rich in nutrients, detoxifies blood, and improves digestion.",herb_benefits_shigru
shigru health benefits,shigru,"Moringa is rich in nutrients, detoxifies blood, and improves digestion.",herb_benefits_shigru
therapeutic effects of shigru,shigru,"Moringa is rich in nutrients, detoxifies blood, and improves digestion.",herb_benefits_shigru
benefits of parpataka,parpataka,"Reduces burning sensation, used in fever, acidity and liver ailments.",herb_benefits_parpataka
parpataka for pittaghna,parpataka,parpataka is beneficial for pittaghna,herb_benefits_pittaghna
parpataka for jwaraghna,parpataka,parpataka is beneficial for jwaraghna,herb_benefits_jwaraghna
what is parpataka used for,parpataka,"Reduces burning sensation, used in fever, acidity and liver ailments.",herb_benefits_parpataka
how to use parpataka,parpataka,"Reduces burning sensation, used in fever, acidity and liver ailments.",herb_benefits_parpataka
parpataka medicinal properties,parpataka,"Reduces burning sensation, used in fever, acidity and liver ailments.",herb_benefits_parpataka
parpataka health benefits,parpataka,"Reduces burning sensation, used in fever, acidity and liver ailments.",herb_benefits_parpataka
therapeutic effects of parpataka,parpataka,"Reduces burning sensation, used in fever, acidity and liver ailments.",herb_benefits_parpataka
benefits of indrayava,indrayava,"Treats diarrhea, dysentery and helps regulate bowel movements.",herb_benefits_indrayava
indrayava for grahi,indrayava,indrayava is beneficial for grahi,herb_benefits_grahi
indrayava for krimighna,indrayava,indrayava is beneficial for krimighna,herb_benefits_krimighna
indrayava for raktashodhak,indrayava,indrayava is beneficial for raktashodhak,herb_benefits_raktashodhak
what is indrayava used for,indrayava,"Treats diarrhea, dysentery and helps regulate bowel movements.",herb_benefits_indrayava
how to use indrayava,indrayava,"Treats diarrhea, dysentery and helps regulate bowel movements.",herb_benefits_indrayava
indrayava medicinal properties,indrayava,"Treats diarrhea, dysentery and helps regulate bowel movements.",herb_benefits_indrayava
indrayava health benefits,indrayava,"Treats diarrhea, dysentery and helps regulate bowel movements.",herb_benefits_indrayava
therapeutic effects of indrayava,indrayava,"Treats diarrhea, dysentery and helps regulate bowel movements.",herb_benefits_indrayava
benefits of kapikachhu,kapikachhu,"Improves fertility, nervous strength and acts as aphrodisiac.",herb_benefits_kapikachhu
kapikachhu for vrishya,kapikachhu,kapikachhu is beneficial for vrishya,herb_benefits_vrishya
kapikachhu for balya,kapikachhu,kapikachhu is beneficial for balya,herb_benefits_balya
kapikachhu for medhya,kapikachhu,kapikachhu is beneficial for medhya,herb_benefits_medhya
what is kapikachhu used for,kapikachhu,"Improves fertility, nervous strength and acts as aphrodisiac.",herb_benefits_kapikachhu
how to use kapikachhu,kapikachhu,"Improves fertility, nervous strength and acts as aphrodisiac.",herb_benefits_kapikachhu
kapikachhu medicinal properties,kapikachhu,"Improves fertility, nervous strength and acts as aphrodisiac.",herb_benefits_kapikachhu
kapikachhu health benefits,kapikachhu,"Improves fertility, nervous strength and acts as aphrodisiac.",herb_benefits_kapikachhu
therapeutic effects of kapikachhu,kapikachhu,"Improves fertility, nervous strength and acts as aphrodisiac.",herb_benefits_kapikachhu
benefits of bala,bala,"Improves strength and stamina, useful in vata disorders and nervous weakness.",herb_benefits_bala
bala for balya,bala,bala is beneficial for balya,herb_benefits_balya
bala for rasayan,bala,bala is beneficial for rasayan,herb_benefits_rasayan
bala for brimhaniya,bala,bala is beneficial for brimhaniya,herb_benefits_brimhaniya
what is bala used for,bala,"Improves strength and stamina, useful in vata disorders and nervous weakness.",herb_benefits_bala
how to use bala,bala,"Improves strength and stamina, useful in vata disorders and nervous weakness.",herb_benefits_bala
bala medicinal properties,bala,"Improves strength and stamina, useful in vata disorders and nervous weakness.",herb_benefits_bala
bala health benefits,bala,"Improves strength and stamina, useful in vata disorders and nervous weakness.",herb_benefits_bala
therapeutic effects of bala,bala,"Improves strength and stamina, useful in vata disorders and nervous weakness.",herb_benefits_bala
benefits of tamalpatra,tamalpatra,"Bay leaf improves appetite, respiration and balances kapha dosha.",herb_benefits_tamalpatra
tamalpatra for deepana,tamalpatra,tamalpatra is beneficial for deepana,herb_benefits_deepana
tamalpatra for krimighna,tamalpatra,tamalpatra is beneficial for krimighna,herb_benefits_krimighna
what is tamalpatra used for,tamalpatra,"Bay leaf improves appetite, respiration and balances kapha dosha.",herb_benefits_tamalpatra
how to use tamalpatra,tamalpatra,"Bay leaf improves appetite, respiration and balances kapha dosha.",herb_benefits_tamalpatra
tamalpatra medicinal properties,tamalpatra,"Bay leaf improves appetite, respiration and balances kapha dosha.",herb_benefits_tamalpatra
tamalpatra health benefits,tamalpatra,"Bay leaf improves appetite, respiration and balances kapha dosha.",herb_benefits_tamalpatra
therapeutic effects of tamalpatra,tamalpatra,"Bay leaf improves appetite, respiration and balances kapha dosha.",herb_benefits_tamalpatra
benefits of chitrak,chitrak,"Ignites digestive fire, used in weight loss and ama digestion.",herb_benefits_chitrak
chitrak for deepana,chitrak,chitrak is beneficial for deepana,herb_benefits_deepana
chitrak for pachana,chitrak,chitrak is beneficial for pachana,herb_benefits_pachana
chitrak for lekhana,chitrak,chitrak is beneficial for lekhana,herb_benefits_lekhana
what is chitrak used for,chitrak,"Ignites digestive fire, used in weight loss and ama digestion.",herb_benefits_chitrak
how to use chitrak,chitrak,"Ignites digestive fire, used in weight loss and ama digestion.",herb_benefits_chitrak
chitrak medicinal properties,chitrak,"Ignites digestive fire, used in weight loss and ama digestion.",herb_benefits_chitrak
chitrak health benefits,chitrak,"Ignites digestive fire, used in weight loss and ama digestion.",herb_benefits_chitrak
therapeutic effects of chitrak,chitrak,"Ignites digestive fire, used in weight loss and ama digestion.",herb_benefits_chitrak
benefits of tagar,tagar,"Relieves stress, induces sleep and calms the nervous system.",herb_benefits_tagar
tagar for medhya,tagar,tagar is beneficial for medhya,herb_benefits_medhya
tagar for nidrajanaka,tagar,tagar is beneficial for nidrajanaka,herb_benefits_nidrajanaka
tagar for rasayan,tagar,tagar is beneficial for rasayan,herb_benefits_rasayan
what is tagar used for,tagar,"Relieves stress, induces sleep and calms the nervous system.",herb_benefits_tagar
how to use tagar,tagar,"Relieves stress, induces sleep and calms the nervous system.",herb_benefits_tagar
tagar medicinal properties,tagar,"Relieves stress, induces sleep and calms the nervous system.",herb_benefits_tagar
tagar health benefits,tagar,"Relieves stress, induces sleep and calms the nervous system.",herb_benefits_tagar
therapeutic effects of tagar,tagar,"Relieves stress, induces sleep and calms the nervous system.",herb_benefits_tagar
benefits of khadira,khadira,"Purifies blood, useful in skin diseases, leprosy, and itching.",herb_benefits_khadira
khadira for raktashodhak,khadira,khadira is beneficial for raktashodhak,herb_benefits_raktashodhak
khadira for kushtaghna,khadira,khadira is beneficial for kushtaghna,herb_benefits_kushtaghna
khadira for grahi,khadira,khadira is beneficial for grahi,herb_benefits_grahi
what is khadira used for,khadira,"Purifies blood, useful in skin diseases, leprosy, and itching.",herb_benefits_khadira
how to use khadira,khadira,"Purifies blood, useful in skin diseases, leprosy, and itching.",herb_benefits_khadira
khadira medicinal properties,khadira,"Purifies blood, useful in skin diseases, leprosy, and itching.",herb_benefits_khadira
khadira health benefits,khadira,"Purifies blood, useful in skin diseases, leprosy, and itching.",herb_benefits_khadira
therapeutic effects of khadira,khadira,"Purifies blood, useful in skin diseases, leprosy, and itching.",herb_benefits_khadira
benefits of twak (cinnamon),twak (cinnamon),"Stimulates digestion, circulation and balances kapha dosha.",herb_benefits_twak_(cinnamon)
twak (cinnamon) for deepana,twak (cinnamon),twak (cinnamon) is beneficial for deepana,herb_benefits_deepana
twak (cinnamon) for lekhana,twak (cinnamon),twak (cinnamon) is beneficial for lekhana,herb_benefits_lekhana
twak (cinnamon) for kasahara,twak (cinnamon),twak (cinnamon) is beneficial for kasahara,herb_benefits_kasahara
what is twak (cinnamon) used for,twak (cinnamon),"Stimulates digestion, circulation and balances kapha dosha.",herb_benefits_twak_(cinnamon)
how to use twak (cinnamon),twak (cinnamon),"Stimulates digestion, circulation and balances kapha dosha.",herb_benefits_twak_(cinnamon)
twak (cinnamon) medicinal properties,twak (cinnamon),"Stimulates digestion, circulation and balances kapha dosha.",herb_benefits_twak_(cinnamon)
twak (cinnamon) health benefits,twak (cinnamon),"Stimulates digestion, circulation and balances kapha dosha.",herb_benefits_twak_(cinnamon)
therapeutic effects of twak (cinnamon),twak (cinnamon),"Stimulates digestion, circulation and balances kapha dosha.",herb_benefits_twak_(cinnamon)
benefits of ela,ela,"Improves digestion, relieves nausea and freshens breath.",herb_benefits_ela
ela for deepana,ela,ela is beneficial for deepana,herb_benefits_deepana
ela for hridaya,ela,ela is beneficial for hridaya,herb_benefits_hridaya
ela for vatanulomana,ela,ela is beneficial for vatanulomana,herb_benefits_vatanulomana
what is ela used for,ela,"Improves digestion, relieves nausea and freshens breath.",herb_benefits_ela
how to use ela,ela,"Improves digestion, relieves nausea and freshens breath.",herb_benefits_ela
ela medicinal properties,ela,"Improves digestion, relieves nausea and freshens breath.",herb_benefits_ela
ela health benefits,ela,"Improves digestion, relieves nausea and freshens breath.",herb_benefits_ela
therapeutic effects of ela,ela,"Improves digestion, relieves nausea and freshens breath.",herb_benefits_ela
benefits of sariva,sariva,"Sariva is known for its blood purifying and cooling properties, useful in skin disorders.",herb_benefits_sariva
sariva for raktashodhak,sariva,sariva is beneficial for raktashodhak,herb_benefits_raktashodhak
sariva for kushtaghna,sariva,sariva is beneficial for kushtaghna,herb_benefits_kushtaghna
sariva for varnya,sariva,sariva is beneficial for varnya,herb_benefits_varnya
what is sariva used for,sariva,"Sariva is known for its blood purifying and cooling properties, useful in skin disorders.",herb_benefits_sariva
how to use sariva,sariva,"Sariva is known for its blood purifying and cooling properties, useful in skin disorders.",herb_benefits_sariva
sariva medicinal properties,sariva,"Sariva is known for its blood purifying and cooling properties, useful in skin disorders.",herb_benefits_sariva
sariva health benefits,sariva,"Sariva is known for its blood purifying and cooling properties, useful in skin disorders.",herb_benefits_sariva
therapeutic effects of sariva,sariva,"Sariva is known for its blood purifying and cooling properties, useful in skin disorders.",herb_benefits_sariva
benefits of gorakhmundi,gorakhmundi,"Used in urinary tract infections, liver disorders, and as a detoxifying herb.",herb_benefits_gorakhmundi
gorakhmundi for mutrala,gorakhmundi,gorakhmundi is beneficial for mutrala,herb_benefits_mutrala
gorakhmundi for raktashodhak,gorakhmundi,gorakhmundi is beneficial for raktashodhak,herb_benefits_raktashodhak
gorakhmundi for deepana,gorakhmundi,gorakhmundi is beneficial for deepana,herb_benefits_deepana
what is gorakhmundi used for,gorakhmundi,"Used in urinary tract infections, liver disorders, and as a detoxifying herb.",herb_benefits_gorakhmundi
how to use gorakhmundi,gorakhmundi,"Used in urinary tract infections, liver disorders, and as a detoxifying herb.",herb_benefits_gorakhmundi
gorakhmundi medicinal properties,gorakhmundi,"Used in urinary tract infections, liver disorders, and as a detoxifying herb.",herb_benefits_gorakhmundi
gorakhmundi health benefits,gorakhmundi,"Used in urinary tract infections, liver disorders, and as a detoxifying herb.",herb_benefits_gorakhmundi
therapeutic effects of gorakhmundi,gorakhmundi,"Used in urinary tract infections, liver disorders, and as a detoxifying herb.",herb_benefits_gorakhmundi
benefits of kokilaksha,kokilaksha,"A nerve tonic and aphrodisiac, used for urinary and reproductive health.",herb_benefits_kokilaksha
kokilaksha for vrishya,kokilaksha,kokilaksha is beneficial for vrishya,herb_benefits_vrishya
kokilaksha for balya,kokilaksha,kokilaksha is beneficial for balya,herb_benefits_balya
kokilaksha for mutrala,kokilaksha,kokilaksha is beneficial for mutrala,herb_benefits_mutrala
what is kokilaksha used for,kokilaksha,"A nerve tonic and aphrodisiac, used for urinary and reproductive health.",herb_benefits_kokilaksha
how to use kokilaksha,kokilaksha,"A nerve tonic and aphrodisiac, used for urinary and reproductive health.",herb_benefits_kokilaksha
kokilaksha medicinal properties,kokilaksha,"A nerve tonic and aphrodisiac, used for urinary and reproductive health.",herb_benefits_kokilaksha
kokilaksha health benefits,kokilaksha,"A nerve tonic and aphrodisiac, used for urinary and reproductive health.",herb_benefits_kokilaksha
therapeutic effects of kokilaksha,kokilaksha,"A nerve tonic and aphrodisiac, used for urinary and reproductive health.",herb_benefits_kokilaksha
benefits of mahamanjishthadi,mahamanjishthadi,Classical Ayurvedic formulation used in blood purification and skin health.,herb_benefits_mahamanjishthadi
mahamanjishthadi for raktashodhak,mahamanjishthadi,mahamanjishthadi is beneficial for raktashodhak,herb_benefits_raktashodhak
mahamanjishthadi for kushtaghna,mahamanjishthadi,mahamanjishthadi is beneficial for kushtaghna,herb_benefits_kushtaghna
mahamanjishthadi for varnya,mahamanjishthadi,mahamanjishthadi is beneficial for varnya,herb_benefits_varnya
what is mahamanjishthadi used for,mahamanjishthadi,Classical Ayurvedic formulation used in blood purification and skin health.,herb_benefits_mahamanjishthadi
how to use mahamanjishthadi,mahamanjishthadi,Classical Ayurvedic formulation used in blood purification and skin health.,herb_benefits_mahamanjishthadi
mahamanjishthadi medicinal properties,mahamanjishthadi,Classical Ayurvedic formulation used in blood purification and skin health.,herb_benefits_mahamanjishthadi
mahamanjishthadi health benefits,mahamanjishthadi,Classical Ayurvedic formulation used in blood purification and skin health.,herb_benefits_mahamanjishthadi
therapeutic effects of mahamanjishthadi,mahamanjishthadi,Classical Ayurvedic formulation used in blood purification and skin health.,herb_benefits_mahamanjishthadi
benefits of yavani,yavani,"Relieves abdominal pain, bloating and indigestion; acts as carminative.",herb_benefits_yavani
yavani for deepana,yavani,yavani is beneficial for deepana,herb_benefits_deepana
yavani for pachana,yavani,yavani is beneficial for pachana,herb_benefits_pachana
yavani for vatanulomana,yavani,yavani is beneficial for vatanulomana,herb_benefits_vatanulomana
what is yavani used for,yavani,"Relieves abdominal pain, bloating and indigestion; acts as carminative.",herb_benefits_yavani
how to use yavani,yavani,"Relieves abdominal pain, bloating and indigestion; acts as carminative.",herb_benefits_yavani
yavani medicinal properties,yavani,"Relieves abdominal pain, bloating and indigestion; acts as carminative.",herb_benefits_yavani
yavani health benefits,yavani,"Relieves abdominal pain, bloating and indigestion; acts as carminative.",herb_benefits_yavani
therapeutic effects of yavani,yavani,"Relieves abdominal pain, bloating and indigestion; acts as carminative.",herb_benefits_yavani
benefits of bhunimba,bhunimba,"Bhunimba is a bitter herb helpful in fever, liver disorders, and pitta conditions.",herb_benefits_bhunimba
bhunimba for jwaraghna,bhunimba,bhunimba is beneficial for jwaraghna,herb_benefits_jwaraghna
bhunimba for pittaghna,bhunimba,bhunimba is beneficial for pittaghna,herb_benefits_pittaghna
bhunimba for raktaprasadak,bhunimba,bhunimba is beneficial for raktaprasadak,herb_benefits_raktaprasadak
what is bhunimba used for,bhunimba,"Bhunimba is a bitter herb helpful in fever, liver disorders, and pitta conditions.",herb_benefits_bhunimba
how to use bhunimba,bhunimba,"Bhunimba is a bitter herb helpful in fever, liver disorders, and pitta conditions.",herb_benefits_bhunimba
bhunimba medicinal properties,bhunimba,"Bhunimba is a bitter herb helpful in fever, liver disorders, and pitta conditions.",herb_benefits_bhunimba
bhunimba health benefits,bhunimba,"Bhunimba is a bitter herb helpful in fever, liver disorders, and pitta conditions.",herb_benefits_bhunimba
therapeutic effects of bhunimba,bhunimba,"Bhunimba is a bitter herb helpful in fever, liver disorders, and pitta conditions.",herb_benefits_bhunimba
benefits of chavya,chavya,Promotes digestion and clears ama; excellent for vata and kapha conditions.,herb_benefits_chavya
chavya for deepana,chavya,chavya is beneficial for deepana,herb_benefits_deepana
chavya for pachana,chavya,chavya is beneficial for pachana,herb_benefits_pachana
chavya for krimighna,chavya,chavya is beneficial for krimighna,herb_benefits_krimighna
what is chavya used for,chavya,Promotes digestion and clears ama; excellent for vata and kapha conditions.,herb_benefits_chavya
how to use chavya,chavya,Promotes digestion and clears ama; excellent for vata and kapha conditions.,herb_benefits_chavya
chavya medicinal properties,chavya,Promotes digestion and clears ama; excellent for vata and kapha conditions.,herb_benefits_chavya
chavya health benefits,chavya,Promotes digestion and clears ama; excellent for vata and kapha conditions.,herb_benefits_chavya
therapeutic effects of chavya,chavya,Promotes digestion and clears ama; excellent for vata and kapha conditions.,herb_benefits_chavya
benefits of panchatikta ghrita,panchatikta ghrita,"Classic Ayurvedic formulation used in skin diseases, detox and pitta disorders.",herb_benefits_panchatikta_ghrita
panchatikta ghrita for raktashodhak,panchatikta ghrita,panchatikta ghrita is beneficial for raktashodhak,herb_benefits_raktashodhak
panchatikta ghrita for varnya,panchatikta ghrita,panchatikta ghrita is beneficial for varnya,herb_benefits_varnya
panchatikta ghrita for kushtaghna,panchatikta ghrita,panchatikta ghrita is beneficial for kushtaghna,herb_benefits_kushtaghna
what is panchatikta ghrita used for,panchatikta ghrita,"Classic Ayurvedic formulation used in skin diseases, detox and pitta disorders.",herb_benefits_panchatikta_ghrita
how to use panchatikta ghrita,panchatikta ghrita,"Classic Ayurvedic formulation used in skin diseases, detox and pitta disorders.",herb_benefits_panchatikta_ghrita
panchatikta ghrita medicinal properties,panchatikta ghrita,"Classic Ayurvedic formulation used in skin diseases, detox and pitta disorders.",herb_benefits_panchatikta_ghrita
panchatikta ghrita health benefits,panchatikta ghrita,"Classic Ayurvedic formulation used in skin diseases, detox and pitta disorders.",herb_benefits_panchatikta_ghrita
therapeutic effects of panchatikta ghrita,panchatikta ghrita,"Classic Ayurvedic formulation used in skin diseases, detox and pitta disorders.",herb_benefits_panchatikta_ghrita
benefits of palasha,palasha,"Known for its anti-helminthic properties, Palasha helps eliminate intestinal parasites.",herb_benefits_palasha
palasha for krimighna,palasha,palasha is beneficial for krimighna,herb_benefits_krimighna
palasha for raktashodhak,palasha,palasha is beneficial for raktashodhak,herb_benefits_raktashodhak
palasha for shothahara,palasha,palasha is beneficial for shothahara,herb_benefits_shothahara
what is palasha used for,palasha,"Known for its anti-helminthic properties, Palasha helps eliminate intestinal parasites.",herb_benefits_palasha
how to use palasha,palasha,"Known for its anti-helminthic properties, Palasha helps eliminate intestinal parasites.",herb_benefits_palasha
palasha medicinal properties,palasha,"Known for its anti-helminthic properties, Palasha helps eliminate intestinal parasites.",herb_benefits_palasha
palasha health benefits,palasha,"Known for its anti-helminthic properties, Palasha helps eliminate intestinal parasites.",herb_benefits_palasha
therapeutic effects of palasha,palasha,"Known for its anti-helminthic properties, Palasha helps eliminate intestinal parasites.",herb_benefits_palasha
benefits of karanja,karanja,"Used in skin disorders, leprosy, and inflammation due to its detoxifying nature.",herb_benefits_karanja
karanja for kushtaghna,karanja,karanja is beneficial for kushtaghna,herb_benefits_kushtaghna
karanja for vranashodhak,karanja,karanja is beneficial for vranashodhak,herb_benefits_vranashodhak
karanja for krimighna,karanja,karanja is beneficial for krimighna,herb_benefits_krimighna
what is karanja used for,karanja,"Used in skin disorders, leprosy, and inflammation due to its detoxifying nature.",herb_benefits_karanja
how to use karanja,karanja,"Used in skin disorders, leprosy, and inflammation due to its detoxifying nature.",herb_benefits_karanja
karanja medicinal properties,karanja,"Used in skin disorders, leprosy, and inflammation due to its detoxifying nature.",herb_benefits_karanja
karanja health benefits,karanja,"Used in skin disorders, leprosy, and inflammation due to its detoxifying nature.",herb_benefits_karanja
therapeutic effects of karanja,karanja,"Used in skin disorders, leprosy, and inflammation due to its detoxifying nature.",herb_benefits_karanja
benefits of ahiphena,ahiphena,Processed opium used in Ayurveda for severe pain and diarrhea management under supervision.,herb_benefits_ahiphena
ahiphena for vedanasthapana,ahiphena,ahiphena is beneficial for vedanasthapana,herb_benefits_vedanasthapana
ahiphena for grahi,ahiphena,ahiphena is beneficial for grahi,herb_benefits_grahi
what is ahiphena used for,ahiphena,Processed opium used in Ayurveda for severe pain and diarrhea management under supervision.,herb_benefits_ahiphena
how to use ahiphena,ahiphena,Processed opium used in Ayurveda for severe pain and diarrhea management under supervision.,herb_benefits_ahiphena
ahiphena medicinal properties,ahiphena,Processed opium used in Ayurveda for severe pain and diarrhea management under supervision.,herb_benefits_ahiphena
ahiphena health benefits,ahiphena,Processed opium used in Ayurveda for severe pain and diarrhea management under supervision.,herb_benefits_ahiphena
therapeutic effects of ahiphena,ahiphena,Processed opium used in Ayurveda for severe pain and diarrhea management under supervision.,herb_benefits_ahiphena
benefits of danti,danti,Strong purgative used in detox and management of constipation and ascites.,herb_benefits_danti
danti for rechana,danti,danti is beneficial for rechana,herb_benefits_rechana
danti for shothahara,danti,danti is beneficial for shothahara,herb_benefits_shothahara
what is danti used for,danti,Strong purgative used in detox and management of constipation and ascites.,herb_benefits_danti
how to use danti,danti,Strong purgative used in detox and management of constipation and ascites.,herb_benefits_danti
danti medicinal properties,danti,Strong purgative used in detox and management of constipation and ascites.,herb_benefits_danti
danti health benefits,danti,Strong purgative used in detox and management of constipation and ascites.,herb_benefits_danti
therapeutic effects of danti,danti,Strong purgative used in detox and management of constipation and ascites.,herb_benefits_danti
benefits of eranda,eranda,"Castor plant used for joint pain, digestive issues and vata-related disorders.",herb_benefits_eranda
eranda for vatanulomana,eranda,eranda is beneficial for vatanulomana,herb_benefits_vatanulomana
eranda for shoolahara,eranda,eranda is beneficial for shoolahara,herb_benefits_shoolahara
what is eranda used for,eranda,"Castor plant used for joint pain, digestive issues and vata-related disorders.",herb_benefits_eranda
how to use eranda,eranda,"Castor plant used for joint pain, digestive issues and vata-related disorders.",herb_benefits_eranda
eranda medicinal properties,eranda,"Castor plant used for joint pain, digestive issues and vata-related disorders.",herb_benefits_eranda
eranda health benefits,eranda,"Castor plant used for joint pain, digestive issues and vata-related disorders.",herb_benefits_eranda
therapeutic effects of eranda,eranda,"Castor plant used for joint pain, digestive issues and vata-related disorders.",herb_benefits_eranda
benefits of guggulu,guggulu,"Excellent for arthritis, high cholesterol, and detoxification.",herb_benefits_guggulu
guggulu for lekhana,guggulu,guggulu is beneficial for lekhana,herb_benefits_lekhana
guggulu for shothahara,guggulu,guggulu is beneficial for shothahara,herb_benefits_shothahara
guggulu for vranashodhak,guggulu,guggulu is beneficial for vranashodhak,herb_benefits_vranashodhak
what is guggulu used for,guggulu,"Excellent for arthritis, high cholesterol, and detoxification.",herb_benefits_guggulu
how to use guggulu,guggulu,"Excellent for arthritis, high cholesterol, and detoxification.",herb_benefits_guggulu
guggulu medicinal properties,guggulu,"Excellent for arthritis, high cholesterol, and detoxification.",herb_benefits_guggulu
guggulu health benefits,guggulu,"Excellent for arthritis, high cholesterol, and detoxification.",herb_benefits_guggulu
therapeutic effects of guggulu,guggulu,"Excellent for arthritis, high cholesterol, and detoxification.",herb_benefits_guggulu
benefits of bhallataka,bhallataka,"Powerful digestive and stimulant, used under medical supervision for vata disorders.",herb_benefits_bhallataka
bhallataka for shothahara,bhallataka,bhallataka is beneficial for shothahara,herb_benefits_shothahara
bhallataka for pachana,bhallataka,bhallataka is beneficial for pachana,herb_benefits_pachana
what is bhallataka used for,bhallataka,"Powerful digestive and stimulant, used under medical supervision for vata disorders.",herb_benefits_bhallataka
how to use bhallataka,bhallataka,"Powerful digestive and stimulant, used under medical supervision for vata disorders.",herb_benefits_bhallataka
bhallataka medicinal properties,bhallataka,"Powerful digestive and stimulant, used under medical supervision for vata disorders.",herb_benefits_bhallataka
bhallataka health benefits,bhallataka,"Powerful digestive and stimulant, used under medical supervision for vata disorders.",herb_benefits_bhallataka
therapeutic effects of bhallataka,bhallataka,"Powerful digestive and stimulant, used under medical supervision for vata disorders.",herb_benefits_bhallataka
benefits of mandura bhasma,mandura bhasma,"Iron-rich formulation for anemia, liver function, and strength.",herb_benefits_mandura_bhasma
mandura bhasma for raktavardhak,mandura bhasma,mandura bhasma is beneficial for raktavardhak,herb_benefits_raktavardhak
mandura bhasma for rasayana,mandura bhasma,mandura bhasma is beneficial for rasayana,herb_benefits_rasayana
what is mandura bhasma used for,mandura bhasma,"Iron-rich formulation for anemia, liver function, and strength.",herb_benefits_mandura_bhasma
how to use mandura bhasma,mandura bhasma,"Iron-rich formulation for anemia, liver function, and strength.",herb_benefits_mandura_bhasma
mandura bhasma medicinal properties,mandura bhasma,"Iron-rich formulation for anemia, liver function, and strength.",herb_benefits_mandura_bhasma
mandura bhasma health benefits,mandura bhasma,"Iron-rich formulation for anemia, liver function, and strength.",herb_benefits_mandura_bhasma
therapeutic effects of mandura bhasma,mandura bhasma,"Iron-rich formulation for anemia, liver function, and strength.",herb_benefits_mandura_bhasma
benefits of vasaka,vasaka,"Effective in bronchitis, asthma and respiratory disorders.",herb_benefits_vasaka
vasaka for shwasahara,vasaka,vasaka is beneficial for shwasahara,herb_benefits_shwasahara
vasaka for kasahara,vasaka,vasaka is beneficial for kasahara,herb_benefits_kasahara
what is vasaka used for,vasaka,"Effective in bronchitis, asthma and respiratory disorders.",herb_benefits_vasaka
how to use vasaka,vasaka,"Effective in bronchitis, asthma and respiratory disorders.",herb_benefits_vasaka
vasaka medicinal properties,vasaka,"Effective in bronchitis, asthma and respiratory disorders.",herb_benefits_vasaka
vasaka health benefits,vasaka,"Effective in bronchitis, asthma and respiratory disorders.",herb_benefits_vasaka
therapeutic effects of vasaka,vasaka,"Effective in bronchitis, asthma and respiratory disorders.",herb_benefits_vasaka
benefits of laksha,laksha,"Used in bone healing, fractures, and skin diseases.",herb_benefits_laksha
laksha for asthisandhanakara,laksha,laksha is beneficial for asthisandhanakara,herb_benefits_asthisandhanakara
laksha for raktastambhaka,laksha,laksha is beneficial for raktastambhaka,herb_benefits_raktastambhaka
what is laksha used for,laksha,"Used in bone healing, fractures, and skin diseases.",herb_benefits_laksha
how to use laksha,laksha,"Used in bone healing, fractures, and skin diseases.",herb_benefits_laksha
laksha medicinal properties,laksha,"Used in bone healing, fractures, and skin diseases.",herb_benefits_laksha
laksha health benefits,laksha,"Used in bone healing, fractures, and skin diseases.",herb_benefits_laksha
therapeutic effects of laksha,laksha,"Used in bone healing, fractures, and skin diseases.",herb_benefits_laksha
benefits of talisapatra,talisapatra,"Useful in cough, asthma, cold and sore throat.",herb_benefits_talisapatra
talisapatra for kasahara,talisapatra,talisapatra is beneficial for kasahara,herb_benefits_kasahara
talisapatra for shwasahara,talisapatra,talisapatra is beneficial for shwasahara,herb_benefits_shwasahara
what is talisapatra used for,talisapatra,"Useful in cough, asthma, cold and sore throat.",herb_benefits_talisapatra
how to use talisapatra,talisapatra,"Useful in cough, asthma, cold and sore throat.",herb_benefits_talisapatra
talisapatra medicinal properties,talisapatra,"Useful in cough, asthma, cold and sore throat.",herb_benefits_talisapatra
talisapatra health benefits,talisapatra,"Useful in cough, asthma, cold and sore throat.",herb_benefits_talisapatra
therapeutic effects of talisapatra,talisapatra,"Useful in cough, asthma, cold and sore throat.",herb_benefits_talisapatra
benefits of tamalaki,tamalaki,"Effective in liver diseases, hepatitis, jaundice and digestion.",herb_benefits_tamalaki
tamalaki for yakrituttejaka,tamalaki,tamalaki is beneficial for yakrituttejaka,herb_benefits_yakrituttejaka
tamalaki for pachana,tamalaki,tamalaki is beneficial for pachana,herb_benefits_pachana
what is tamalaki used for,tamalaki,"Effective in liver diseases, hepatitis, jaundice and digestion.",herb_benefits_tamalaki
how to use tamalaki,tamalaki,"Effective in liver diseases, hepatitis, jaundice and digestion.",herb_benefits_tamalaki
tamalaki medicinal properties,tamalaki,"Effective in liver diseases, hepatitis, jaundice and digestion.",herb_benefits_tamalaki
tamalaki health benefits,tamalaki,"Effective in liver diseases, hepatitis, jaundice and digestion.",herb_benefits_tamalaki
therapeutic effects of tamalaki,tamalaki,"Effective in liver diseases, hepatitis, jaundice and digestion.",herb_benefits_tamalaki
benefits of shirisha,shirisha,Main anti-allergic herb; used in poisoning and respiratory issues.,herb_benefits_shirisha
shirisha for vishaghna,shirisha,shirisha is beneficial for vishaghna,herb_benefits_vishaghna
shirisha for shwasahara,shirisha,shirisha is beneficial for shwasahara,herb_benefits_shwasahara
what is shirisha used for,shirisha,Main anti-allergic herb; used in poisoning and respiratory issues.,herb_benefits_shirisha
how to use shirisha,shirisha,Main anti-allergic herb; used in poisoning and respiratory issues.,herb_benefits_shirisha
shirisha medicinal properties,shirisha,Main anti-allergic herb; used in poisoning and respiratory issues.,herb_benefits_shirisha
shirisha health benefits,shirisha,Main anti-allergic herb; used in poisoning and respiratory issues.,herb_benefits_shirisha
therapeutic effects of shirisha,shirisha,Main anti-allergic herb; used in poisoning and respiratory issues.,herb_benefits_shirisha
benefits of babbula,babbula,"Effective in dental issues, bleeding gums, and skin ailments.",herb_benefits_babbula
babbula for dantya,babbula,babbula is beneficial for dantya,herb_benefits_dantya
babbula for vranashodhak,babbula,babbula is beneficial for vranashodhak,herb_benefits_vranashodhak
what is babbula used for,babbula,"Effective in dental issues, bleeding gums, and skin ailments.",herb_benefits_babbula
how to use babbula,babbula,"Effective in dental issues, bleeding gums, and skin ailments.",herb_benefits_babbula
babbula medicinal properties,babbula,"Effective in dental issues, bleeding gums, and skin ailments.",herb_benefits_babbula
babbula health benefits,babbula,"Effective in dental issues, bleeding gums, and skin ailments.",herb_benefits_babbula
therapeutic effects of babbula,babbula,"Effective in dental issues, bleeding gums, and skin ailments.",herb_benefits_babbula
benefits of kumkuma,kumkuma,"Saffron used for complexion, mood elevation, and female fertility.",herb_benefits_kumkuma
kumkuma for varnya,kumkuma,kumkuma is beneficial for varnya,herb_benefits_varnya
kumkuma for rasayana,kumkuma,kumkuma is beneficial for rasayana,herb_benefits_rasayana
kumkuma for stanyajanana,kumkuma,kumkuma is beneficial for stanyajanana,herb_benefits_stanyajanana
what is kumkuma used for,kumkuma,"Saffron used for complexion, mood elevation, and female fertility.",herb_benefits_kumkuma
how to use kumkuma,kumkuma,"Saffron used for complexion, mood elevation, and female fertility.",herb_benefits_kumkuma
kumkuma medicinal properties,kumkuma,"Saffron used for complexion, mood elevation, and female fertility.",herb_benefits_kumkuma
kumkuma health benefits,kumkuma,"Saffron used for complexion, mood elevation, and female fertility.",herb_benefits_kumkuma
therapeutic effects of kumkuma,kumkuma,"Saffron used for complexion, mood elevation, and female fertility.",herb_benefits_kumkuma
benefits of bilva,bilva,"Bilva is useful in digestive disorders, diarrhea, and IBS due to its binding effect.",herb_benefits_bilva
bilva for grahi,bilva,bilva is beneficial for grahi,herb_benefits_grahi
bilva for deepana,bilva,bilva is beneficial for deepana,herb_benefits_deepana
what is bilva used for,bilva,"Bilva is useful in digestive disorders, diarrhea, and IBS due to its binding effect.",herb_benefits_bilva
how to use bilva,bilva,"Bilva is useful in digestive disorders, diarrhea, and IBS due to its binding effect.",herb_benefits_bilva
bilva medicinal properties,bilva,"Bilva is useful in digestive disorders, diarrhea, and IBS due to its binding effect.",herb_benefits_bilva
bilva health benefits,bilva,"Bilva is useful in digestive disorders, diarrhea, and IBS due to its binding effect.",herb_benefits_bilva
therapeutic effects of bilva,bilva,"Bilva is useful in digestive disorders, diarrhea, and IBS due to its binding effect.",herb_benefits_bilva
benefits of shatavari ksheera,shatavari ksheera,Milk decoction of Shatavari acts as a rejuvenator and fertility enhancer.,herb_benefits_shatavari_ksheera
shatavari ksheera for rasayana,shatavari ksheera,shatavari ksheera is beneficial for rasayana,herb_benefits_rasayana
shatavari ksheera for stanyajanana,shatavari ksheera,shatavari ksheera is beneficial for stanyajanana,herb_benefits_stanyajanana
what is shatavari ksheera used for,shatavari ksheera,Milk decoction of Shatavari acts as a rejuvenator and fertility enhancer.,herb_benefits_shatavari_ksheera
how to use shatavari ksheera,shatavari ksheera,Milk decoction of Shatavari acts as a rejuvenator and fertility enhancer.,herb_benefits_shatavari_ksheera
shatavari ksheera medicinal properties,shatavari ksheera,Milk decoction of Shatavari acts as a rejuvenator and fertility enhancer.,herb_benefits_shatavari_ksheera
shatavari ksheera health benefits,shatavari ksheera,Milk decoction of Shatavari acts as a rejuvenator and fertility enhancer.,herb_benefits_shatavari_ksheera
therapeutic effects of shatavari ksheera,shatavari ksheera,Milk decoction of Shatavari acts as a rejuvenator and fertility enhancer.,herb_benefits_shatavari_ksheera
benefits of ashoka,ashoka,"A prime uterine tonic, it regulates menstruation and reduces cramps.",herb_benefits_ashoka
ashoka for yonishodhana,ashoka,ashoka is beneficial for yonishodhana,herb_benefits_yonishodhana
ashoka for stambhana,ashoka,ashoka is beneficial for stambhana,herb_benefits_stambhana
what is ashoka used for,ashoka,"A prime uterine tonic, it regulates menstruation and reduces cramps.",herb_benefits_ashoka
how to use ashoka,ashoka,"A prime uterine tonic, it regulates menstruation and reduces cramps.",herb_benefits_ashoka
ashoka medicinal properties,ashoka,"A prime uterine tonic, it regulates menstruation and reduces cramps.",herb_benefits_ashoka
ashoka health benefits,ashoka,"A prime uterine tonic, it regulates menstruation and reduces cramps.",herb_benefits_ashoka
therapeutic effects of ashoka,ashoka,"A prime uterine tonic, it regulates menstruation and reduces cramps.",herb_benefits_ashoka
benefits of devadaru,devadaru,"Useful in cough, cold and joint pain due to its anti-inflammatory action.",herb_benefits_devadaru
devadaru for shothahara,devadaru,devadaru is beneficial for shothahara,herb_benefits_shothahara
devadaru for kasahara,devadaru,devadaru is beneficial for kasahara,herb_benefits_kasahara
what is devadaru used for,devadaru,"Useful in cough, cold and joint pain due to its anti-inflammatory action.",herb_benefits_devadaru
how to use devadaru,devadaru,"Useful in cough, cold and joint pain due to its anti-inflammatory action.",herb_benefits_devadaru
devadaru medicinal properties,devadaru,"Useful in cough, cold and joint pain due to its anti-inflammatory action.",herb_benefits_devadaru
devadaru health benefits,devadaru,"Useful in cough, cold and joint pain due to its anti-inflammatory action.",herb_benefits_devadaru
therapeutic effects of devadaru,devadaru,"Useful in cough, cold and joint pain due to its anti-inflammatory action.",herb_benefits_devadaru
benefits of patala,patala,"Used in Dashamoola formulation, helps in vata disorders and pain relief.",herb_benefits_patala
patala for vatanulomana,patala,patala is beneficial for vatanulomana,herb_benefits_vatanulomana
patala for shoolahara,patala,patala is beneficial for shoolahara,herb_benefits_shoolahara
what is patala used for,patala,"Used in Dashamoola formulation, helps in vata disorders and pain relief.",herb_benefits_patala
how to use patala,patala,"Used in Dashamoola formulation, helps in vata disorders and pain relief.",herb_benefits_patala
patala medicinal properties,patala,"Used in Dashamoola formulation, helps in vata disorders and pain relief.",herb_benefits_patala
patala health benefits,patala,"Used in Dashamoola formulation, helps in vata disorders and pain relief.",herb_benefits_patala
therapeutic effects of patala,patala,"Used in Dashamoola formulation, helps in vata disorders and pain relief.",herb_benefits_patala
benefits of ashwagandharishta,ashwagandharishta,"Ayurvedic tonic used for debility, stress and nerve regeneration.",herb_benefits_ashwagandharishta
ashwagandharishta for rasayana,ashwagandharishta,ashwagandharishta is beneficial for rasayana,herb_benefits_rasayana
ashwagandharishta for balya,ashwagandharishta,ashwagandharishta is beneficial for balya,herb_benefits_balya
what is ashwagandharishta used for,ashwagandharishta,"Ayurvedic tonic used for debility, stress and nerve regeneration.",herb_benefits_ashwagandharishta
how to use ashwagandharishta,ashwagandharishta,"Ayurvedic tonic used for debility, stress and nerve regeneration.",herb_benefits_ashwagandharishta
ashwagandharishta medicinal properties,ashwagandharishta,"Ayurvedic tonic used for debility, stress and nerve regeneration.",herb_benefits_ashwagandharishta
ashwagandharishta health benefits,ashwagandharishta,"Ayurvedic tonic used for debility, stress and nerve regeneration.",herb_benefits_ashwagandharishta
therapeutic effects of ashwagandharishta,ashwagandharishta,"Ayurvedic tonic used for debility, stress and nerve regeneration.",herb_benefits_ashwagandharishta
benefits of dhataki,dhataki,"Flowers used in fermentation, female health and diarrhea treatment.",herb_benefits_dhataki
dhataki for yonishodhana,dhataki,dhataki is beneficial for yonishodhana,herb_benefits_yonishodhana
dhataki for grahi,dhataki,dhataki is beneficial for grahi,herb_benefits_grahi
what is dhataki used for,dhataki,"Flowers used in fermentation, female health and diarrhea treatment.",herb_benefits_dhataki
how to use dhataki,dhataki,"Flowers used in fermentation, female health and diarrhea treatment.",herb_benefits_dhataki
dhataki medicinal properties,dhataki,"Flowers used in fermentation, female health and diarrhea treatment.",herb_benefits_dhataki
dhataki health benefits,dhataki,"Flowers used in fermentation, female health and diarrhea treatment.",herb_benefits_dhataki
therapeutic effects of dhataki,dhataki,"Flowers used in fermentation, female health and diarrhea treatment.",herb_benefits_dhataki
benefits of agnikumarika,agnikumarika,Used in piles and anorectal disorders; balances agni and clears toxins.,herb_benefits_agnikumarika
agnikumarika for pachana,agnikumarika,agnikumarika is beneficial for pachana,herb_benefits_pachana
agnikumarika for rechana,agnikumarika,agnikumarika is beneficial for rechana,herb_benefits_rechana
what is agnikumarika used for,agnikumarika,Used in piles and anorectal disorders; balances agni and clears toxins.,herb_benefits_agnikumarika
how to use agnikumarika,agnikumarika,Used in piles and anorectal disorders; balances agni and clears toxins.,herb_benefits_agnikumarika
agnikumarika medicinal properties,agnikumarika,Used in piles and anorectal disorders; balances agni and clears toxins.,herb_benefits_agnikumarika
agnikumarika health benefits,agnikumarika,Used in piles and anorectal disorders; balances agni and clears toxins.,herb_benefits_agnikumarika
therapeutic effects of agnikumarika,agnikumarika,Used in piles and anorectal disorders; balances agni and clears toxins.,herb_benefits_agnikumarika
benefits of yava,yava,"Barley grain improves digestion, is diuretic and ideal in obesity.",herb_benefits_yava
yava for lekhana,yava,yava is beneficial for lekhana,herb_benefits_lekhana
yava for mutrala,yava,yava is beneficial for mutrala,herb_benefits_mutrala
what is yava used for,yava,"Barley grain improves digestion, is diuretic and ideal in obesity.",herb_benefits_yava
how to use yava,yava,"Barley grain improves digestion, is diuretic and ideal in obesity.",herb_benefits_yava
yava medicinal properties,yava,"Barley grain improves digestion, is diuretic and ideal in obesity.",herb_benefits_yava
yava health benefits,yava,"Barley grain improves digestion, is diuretic and ideal in obesity.",herb_benefits_yava
therapeutic effects of yava,yava,"Barley grain improves digestion, is diuretic and ideal in obesity.",herb_benefits_yava
benefits of masha,masha,"Black gram nourishes muscles, increases strength and semen.",herb_benefits_masha
masha for balya,masha,masha is beneficial for balya,herb_benefits_balya
masha for brimhaniya,masha,masha is beneficial for brimhaniya,herb_benefits_brimhaniya
what is masha used for,masha,"Black gram nourishes muscles, increases strength and semen.",herb_benefits_masha
how to use masha,masha,"Black gram nourishes muscles, increases strength and semen.",herb_benefits_masha
masha medicinal properties,masha,"Black gram nourishes muscles, increases strength and semen.",herb_benefits_masha
masha health benefits,masha,"Black gram nourishes muscles, increases strength and semen.",herb_benefits_masha
therapeutic effects of masha,masha,"Black gram nourishes muscles, increases strength and semen.",herb_benefits_masha
benefits of chana,chana,Bengal gram is nourishing and helps in muscle building.,herb_benefits_chana
chana for brimhana,chana,chana is beneficial for brimhana,herb_benefits_brimhana
chana for vrishya,chana,chana is beneficial for vrishya,herb_benefits_vrishya
what is chana used for,chana,Bengal gram is nourishing and helps in muscle building.,herb_benefits_chana
how to use chana,chana,Bengal gram is nourishing and helps in muscle building.,herb_benefits_chana
chana medicinal properties,chana,Bengal gram is nourishing and helps in muscle building.,herb_benefits_chana
chana health benefits,chana,Bengal gram is nourishing and helps in muscle building.,herb_benefits_chana
therapeutic effects of chana,chana,Bengal gram is nourishing and helps in muscle building.,herb_benefits_chana
benefits of matulunga,matulunga,"Citrus lemon balances vata, aids digestion and appetite.",herb_benefits_matulunga
matulunga for agnideepana,matulunga,matulunga is beneficial for agnideepana,herb_benefits_agnideepana
matulunga for vatanulomana,matulunga,matulunga is beneficial for vatanulomana,herb_benefits_vatanulomana
what is matulunga used for,matulunga,"Citrus lemon balances vata, aids digestion and appetite.",herb_benefits_matulunga
how to use matulunga,matulunga,"Citrus lemon balances vata, aids digestion and appetite.",herb_benefits_matulunga
matulunga medicinal properties,matulunga,"Citrus lemon balances vata, aids digestion and appetite.",herb_benefits_matulunga
matulunga health benefits,matulunga,"Citrus lemon balances vata, aids digestion and appetite.",herb_benefits_matulunga
therapeutic effects of matulunga,matulunga,"Citrus lemon balances vata, aids digestion and appetite.",herb_benefits_matulunga
benefits of dadima,dadima,Pomegranate enhances appetite and relieves burning sensation.,herb_benefits_dadima
dadima for raktaprasadana,dadima,dadima is beneficial for raktaprasadana,herb_benefits_raktaprasadana
dadima for agnivardhaka,dadima,dadima is beneficial for agnivardhaka,herb_benefits_agnivardhaka
what is dadima used for,dadima,Pomegranate enhances appetite and relieves burning sensation.,herb_benefits_dadima
how to use dadima,dadima,Pomegranate enhances appetite and relieves burning sensation.,herb_benefits_dadima
dadima medicinal properties,dadima,Pomegranate enhances appetite and relieves burning sensation.,herb_benefits_dadima
dadima health benefits,dadima,Pomegranate enhances appetite and relieves burning sensation.,herb_benefits_dadima
therapeutic effects of dadima,dadima,Pomegranate enhances appetite and relieves burning sensation.,herb_benefits_dadima
benefits of tinduka,tinduka,"Used in dysentery, ulcers, and excessive menstruation.",herb_benefits_tinduka
tinduka for grahi,tinduka,tinduka is beneficial for grahi,herb_benefits_grahi
tinduka for raktastambhaka,tinduka,tinduka is beneficial for raktastambhaka,herb_benefits_raktastambhaka
what is tinduka used for,tinduka,"Used in dysentery, ulcers, and excessive menstruation.",herb_benefits_tinduka
how to use tinduka,tinduka,"Used in dysentery, ulcers, and excessive menstruation.",herb_benefits_tinduka
tinduka medicinal properties,tinduka,"Used in dysentery, ulcers, and excessive menstruation.",herb_benefits_tinduka
tinduka health benefits,tinduka,"Used in dysentery, ulcers, and excessive menstruation.",herb_benefits_tinduka
therapeutic effects of tinduka,tinduka,"Used in dysentery, ulcers, and excessive menstruation.",herb_benefits_tinduka
benefits of draksha,draksha,"Grapes are nourishing and relieve thirst, fatigue, and constipation.",herb_benefits_draksha
draksha for rasayana,draksha,draksha is beneficial for rasayana,herb_benefits_rasayana
draksha for balya,draksha,draksha is beneficial for balya,herb_benefits_balya
what is draksha used for,draksha,"Grapes are nourishing and relieve thirst, fatigue, and constipation.",herb_benefits_draksha
how to use draksha,draksha,"Grapes are nourishing and relieve thirst, fatigue, and constipation.",herb_benefits_draksha
draksha medicinal properties,draksha,"Grapes are nourishing and relieve thirst, fatigue, and constipation.",herb_benefits_draksha
draksha health benefits,draksha,"Grapes are nourishing and relieve thirst, fatigue, and constipation.",herb_benefits_draksha
therapeutic effects of draksha,draksha,"Grapes are nourishing and relieve thirst, fatigue, and constipation.",herb_benefits_draksha
benefits of chakramarda,chakramarda,"Effective in skin disorders, ringworm, and constipation.",herb_benefits_chakramarda
chakramarda for kushtaghna,chakramarda,chakramarda is beneficial for kushtaghna,herb_benefits_kushtaghna
chakramarda for rechana,chakramarda,chakramarda is beneficial for rechana,herb_benefits_rechana
what is chakramarda used for,chakramarda,"Effective in skin disorders, ringworm, and constipation.",herb_benefits_chakramarda
how to use chakramarda,chakramarda,"Effective in skin disorders, ringworm, and constipation.",herb_benefits_chakramarda
chakramarda medicinal properties,chakramarda,"Effective in skin disorders, ringworm, and constipation.",herb_benefits_chakramarda
chakramarda health benefits,chakramarda,"Effective in skin disorders, ringworm, and constipation.",herb_benefits_chakramarda
therapeutic effects of chakramarda,chakramarda,"Effective in skin disorders, ringworm, and constipation.",herb_benefits_chakramarda
benefits of amalaki rasayana,amalaki rasayana,Formulation of Amla for rejuvenation and anti-aging.,herb_benefits_amalaki_rasayana
amalaki rasayana for rasayana,amalaki rasayana,amalaki rasayana is beneficial for rasayana,herb_benefits_rasayana
amalaki rasayana for varnya,amalaki rasayana,amalaki rasayana is beneficial for varnya,herb_benefits_varnya
amalaki rasayana for raktashodhak,amalaki rasayana,amalaki rasayana is beneficial for raktashodhak,herb_benefits_raktashodhak
what is amalaki rasayana used for,amalaki rasayana,Formulation of Amla for rejuvenation and anti-aging.,herb_benefits_amalaki_rasayana
how to use amalaki rasayana,amalaki rasayana,Formulation of Amla for rejuvenation and anti-aging.,herb_benefits_amalaki_rasayana
amalaki rasayana medicinal properties,amalaki rasayana,Formulation of Amla for rejuvenation and anti-aging.,herb_benefits_amalaki_rasayana
amalaki rasayana health benefits,amalaki rasayana,Formulation of Amla for rejuvenation and anti-aging.,herb_benefits_amalaki_rasayana
therapeutic effects of amalaki rasayana,amalaki rasayana,Formulation of Amla for rejuvenation and anti-aging.,herb_benefits_amalaki_rasayana
benefits of pashanabheda,pashanabheda,"Effective in kidney stones, urinary infections, and painful urination.",herb_benefits_pashanabheda
pashanabheda for ashmaribhedana,pashanabheda,pashanabheda is beneficial for ashmaribhedana,herb_benefits_ashmaribhedana
pashanabheda for mutrala,pashanabheda,pashanabheda is beneficial for mutrala,herb_benefits_mutrala
what is pashanabheda used for,pashanabheda,"Effective in kidney stones, urinary infections, and painful urination.",herb_benefits_pashanabheda
how to use pashanabheda,pashanabheda,"Effective in kidney stones, urinary infections, and painful urination.",herb_benefits_pashanabheda
pashanabheda medicinal properties,pashanabheda,"Effective in kidney stones, urinary infections, and painful urination.",herb_benefits_pashanabheda
pashanabheda health benefits,pashanabheda,"Effective in kidney stones, urinary infections, and painful urination.",herb_benefits_pashanabheda
therapeutic effects of pashanabheda,pashanabheda,"Effective in kidney stones, urinary infections, and painful urination.",herb_benefits_pashanabheda
benefits of lodhra,lodhra,"Beneficial in gynecological issues, acne, and bleeding disorders.",herb_benefits_lodhra
lodhra for raktaprasadana,lodhra,lodhra is beneficial for raktaprasadana,herb_benefits_raktaprasadana
lodhra for yonishodhana,lodhra,lodhra is beneficial for yonishodhana,herb_benefits_yonishodhana
what is lodhra used for,lodhra,"Beneficial in gynecological issues, acne, and bleeding disorders.",herb_benefits_lodhra
how to use lodhra,lodhra,"Beneficial in gynecological issues, acne, and bleeding disorders.",herb_benefits_lodhra
lodhra medicinal properties,lodhra,"Beneficial in gynecological issues, acne, and bleeding disorders.",herb_benefits_lodhra
lodhra health benefits,lodhra,"Beneficial in gynecological issues, acne, and bleeding disorders.",herb_benefits_lodhra
therapeutic effects of lodhra,lodhra,"Beneficial in gynecological issues, acne, and bleeding disorders.",herb_benefits_lodhra
benefits of jati,jati,"Useful for joint pain, inflammation and respiratory conditions.",herb_benefits_jati
jati for vedanasthapana,jati,jati is beneficial for vedanasthapana,herb_benefits_vedanasthapana
jati for kasahara,jati,jati is beneficial for kasahara,herb_benefits_kasahara
what is jati used for,jati,"Useful for joint pain, inflammation and respiratory conditions.",herb_benefits_jati
how to use jati,jati,"Useful for joint pain, inflammation and respiratory conditions.",herb_benefits_jati
jati medicinal properties,jati,"Useful for joint pain, inflammation and respiratory conditions.",herb_benefits_jati
jati health benefits,jati,"Useful for joint pain, inflammation and respiratory conditions.",herb_benefits_jati
therapeutic effects of jati,jati,"Useful for joint pain, inflammation and respiratory conditions.",herb_benefits_jati
benefits of shalparni,shalparni,"Part of Dashamoola, balances Vata, relieves fatigue and strengthens body.",herb_benefits_shalparni
shalparni for rasayana,shalparni,shalparni is beneficial for rasayana,herb_benefits_rasayana
shalparni for vatanulomana,shalparni,shalparni is beneficial for vatanulomana,herb_benefits_vatanulomana
what is shalparni used for,shalparni,"Part of Dashamoola, balances Vata, relieves fatigue and strengthens body.",herb_benefits_shalparni
how to use shalparni,shalparni,"Part of Dashamoola, balances Vata, relieves fatigue and strengthens body.",herb_benefits_shalparni
shalparni medicinal properties,shalparni,"Part of Dashamoola, balances Vata, relieves fatigue and strengthens body.",herb_benefits_shalparni
shalparni health benefits,shalparni,"Part of Dashamoola, balances Vata, relieves fatigue and strengthens body.",herb_benefits_shalparni
therapeutic effects of shalparni,shalparni,"Part of Dashamoola, balances Vata, relieves fatigue and strengthens body.",herb_benefits_shalparni
benefits of kantakari,kantakari,"Effective in asthma, cough, and respiratory diseases.",herb_benefits_kantakari
kantakari for shwasahara,kantakari,kantakari is beneficial for shwasahara,herb_benefits_shwasahara
kantakari for kasahara,kantakari,kantakari is beneficial for kasahara,herb_benefits_kasahara
what is kantakari used for,kantakari,"Effective in asthma, cough, and respiratory diseases.",herb_benefits_kantakari
how to use kantakari,kantakari,"Effective in asthma, cough, and respiratory diseases.",herb_benefits_kantakari
kantakari medicinal properties,kantakari,"Effective in asthma, cough, and respiratory diseases.",herb_benefits_kantakari
kantakari health benefits,kantakari,"Effective in asthma, cough, and respiratory diseases.",herb_benefits_kantakari
therapeutic effects of kantakari,kantakari,"Effective in asthma, cough, and respiratory diseases.",herb_benefits_kantakari
benefits of gambhari,gambhari,"Used in Dashamoola; helps with inflammation, pain, and Vata disorders.",herb_benefits_gambhari
gambhari for shothahara,gambhari,gambhari is beneficial for shothahara,herb_benefits_shothahara
gambhari for balya,gambhari,gambhari is beneficial for balya,herb_benefits_balya
what is gambhari used for,gambhari,"Used in Dashamoola; helps with inflammation, pain, and Vata disorders.",herb_benefits_gambhari
how to use gambhari,gambhari,"Used in Dashamoola; helps with inflammation, pain, and Vata disorders.",herb_benefits_gambhari
gambhari medicinal properties,gambhari,"Used in Dashamoola; helps with inflammation, pain, and Vata disorders.",herb_benefits_gambhari
gambhari health benefits,gambhari,"Used in Dashamoola; helps with inflammation, pain, and Vata disorders.",herb_benefits_gambhari
therapeutic effects of gambhari,gambhari,"Used in Dashamoola; helps with inflammation, pain, and Vata disorders.",herb_benefits_gambhari
benefits of gojihva,gojihva,"Cools the body, improves immunity and reduces burning sensation.",herb_benefits_gojihva
gojihva for trishnahara,gojihva,gojihva is beneficial for trishnahara,herb_benefits_trishnahara
gojihva for raktaprasadana,gojihva,gojihva is beneficial for raktaprasadana,herb_benefits_raktaprasadana
what is gojihva used for,gojihva,"Cools the body, improves immunity and reduces burning sensation.",herb_benefits_gojihva
how to use gojihva,gojihva,"Cools the body, improves immunity and reduces burning sensation.",herb_benefits_gojihva
gojihva medicinal properties,gojihva,"Cools the body, improves immunity and reduces burning sensation.",herb_benefits_gojihva
gojihva health benefits,gojihva,"Cools the body, improves immunity and reduces burning sensation.",herb_benefits_gojihva
therapeutic effects of gojihva,gojihva,"Cools the body, improves immunity and reduces burning sensation.",herb_benefits_gojihva
benefits of satavari ghrita,satavari ghrita,"Ghee formulation used in female fertility, burning sensation and fatigue.",herb_benefits_satavari_ghrita
satavari ghrita for stanyajanana,satavari ghrita,satavari ghrita is beneficial for stanyajanana,herb_benefits_stanyajanana
satavari ghrita for rasayana,satavari ghrita,satavari ghrita is beneficial for rasayana,herb_benefits_rasayana
what is satavari ghrita used for,satavari ghrita,"Ghee formulation used in female fertility, burning sensation and fatigue.",herb_benefits_satavari_ghrita
how to use satavari ghrita,satavari ghrita,"Ghee formulation used in female fertility, burning sensation and fatigue.",herb_benefits_satavari_ghrita
satavari ghrita medicinal properties,satavari ghrita,"Ghee formulation used in female fertility, burning sensation and fatigue.",herb_benefits_satavari_ghrita
satavari ghrita health benefits,satavari ghrita,"Ghee formulation used in female fertility, burning sensation and fatigue.",herb_benefits_satavari_ghrita
therapeutic effects of satavari ghrita,satavari ghrita,"Ghee formulation used in female fertility, burning sensation and fatigue.",herb_benefits_satavari_ghrita
benefits of aparajita,aparajita,"Used for skin diseases, swelling, and mental rejuvenation.",herb_benefits_aparajita
aparajita for medhya,aparajita,aparajita is beneficial for medhya,herb_benefits_medhya
aparajita for kushtaghna,aparajita,aparajita is beneficial for kushtaghna,herb_benefits_kushtaghna
what is aparajita used for,aparajita,"Used for skin diseases, swelling, and mental rejuvenation.",herb_benefits_aparajita
how to use aparajita,aparajita,"Used for skin diseases, swelling, and mental rejuvenation.",herb_benefits_aparajita
aparajita medicinal properties,aparajita,"Used for skin diseases, swelling, and mental rejuvenation.",herb_benefits_aparajita
aparajita health benefits,aparajita,"Used for skin diseases, swelling, and mental rejuvenation.",herb_benefits_aparajita
therapeutic effects of aparajita,aparajita,"Used for skin diseases, swelling, and mental rejuvenation.",herb_benefits_aparajita
benefits of meshashringi,meshashringi,Known for regulating blood sugar and metabolism.,herb_benefits_meshashringi
meshashringi for pramehaghna,meshashringi,meshashringi is beneficial for pramehaghna,herb_benefits_pramehaghna
meshashringi for medohara,meshashringi,meshashringi is beneficial for medohara,herb_benefits_medohara
what is meshashringi used for,meshashringi,Known for regulating blood sugar and metabolism.,herb_benefits_meshashringi
how to use meshashringi,meshashringi,Known for regulating blood sugar and metabolism.,herb_benefits_meshashringi
meshashringi medicinal properties,meshashringi,Known for regulating blood sugar and metabolism.,herb_benefits_meshashringi
meshashringi health benefits,meshashringi,Known for regulating blood sugar and metabolism.,herb_benefits_meshashringi
therapeutic effects of meshashringi,meshashringi,Known for regulating blood sugar and metabolism.,herb_benefits_meshashringi
benefits of ikshu,ikshu,"Sugarcane improves energy, acts as diuretic and cooling.",herb_benefits_ikshu
ikshu for trishnahara,ikshu,ikshu is beneficial for trishnahara,herb_benefits_trishnahara
ikshu for mutrala,ikshu,ikshu is beneficial for mutrala,herb_benefits_mutrala
what is ikshu used for,ikshu,"Sugarcane improves energy, acts as diuretic and cooling.",herb_benefits_ikshu
how to use ikshu,ikshu,"Sugarcane improves energy, acts as diuretic and cooling.",herb_benefits_ikshu
ikshu medicinal properties,ikshu,"Sugarcane improves energy, acts as diuretic and cooling.",herb_benefits_ikshu
ikshu health benefits,ikshu,"Sugarcane improves energy, acts as diuretic and cooling.",herb_benefits_ikshu
therapeutic effects of ikshu,ikshu,"Sugarcane improves energy, acts as diuretic and cooling.",herb_benefits_ikshu
benefits of amrita,amrita,"Divine herb for immunity, detox and chronic fevers.",herb_benefits_amrita
amrita for rasayana,amrita,amrita is beneficial for rasayana,herb_benefits_rasayana
amrita for jwaraghna,amrita,amrita is beneficial for jwaraghna,herb_benefits_jwaraghna
what is amrita used for,amrita,"Divine herb for immunity, detox and chronic fevers.",herb_benefits_amrita
how to use amrita,amrita,"Divine herb for immunity, detox and chronic fevers.",herb_benefits_amrita
amrita medicinal properties,amrita,"Divine herb for immunity, detox and chronic fevers.",herb_benefits_amrita
amrita health benefits,amrita,"Divine herb for immunity, detox and chronic fevers.",herb_benefits_amrita
therapeutic effects of amrita,amrita,"Divine herb for immunity, detox and chronic fevers.",herb_benefits_amrita
benefits of shigru patra,shigru patra,"Drumstick leaves improve nutrition, blood, and joint health.",herb_benefits_shigru_patra
shigru patra for balya,shigru patra,shigru patra is beneficial for balya,herb_benefits_balya
shigru patra for amapachana,shigru patra,shigru patra is beneficial for amapachana,herb_benefits_amapachana
what is shigru patra used for,shigru patra,"Drumstick leaves improve nutrition, blood, and joint health.",herb_benefits_shigru_patra
how to use shigru patra,shigru patra,"Drumstick leaves improve nutrition, blood, and joint health.",herb_benefits_shigru_patra
shigru patra medicinal properties,shigru patra,"Drumstick leaves improve nutrition, blood, and joint health.",herb_benefits_shigru_patra
shigru patra health benefits,shigru patra,"Drumstick leaves improve nutrition, blood, and joint health.",herb_benefits_shigru_patra
therapeutic effects of shigru patra,shigru patra,"Drumstick leaves improve nutrition, blood, and joint health.",herb_benefits_shigru_patra
benefits of haridra,haridra,Turmeric is powerful anti-inflammatory and detoxifying herb.,herb_benefits_haridra
haridra for kushtaghna,haridra,haridra is beneficial for kushtaghna,herb_benefits_kushtaghna
haridra for raktashodhak,haridra,haridra is beneficial for raktashodhak,herb_benefits_raktashodhak
what is haridra used for,haridra,Turmeric is powerful anti-inflammatory and detoxifying herb.,herb_benefits_haridra
how to use haridra,haridra,Turmeric is powerful anti-inflammatory and detoxifying herb.,herb_benefits_haridra
haridra medicinal properties,haridra,Turmeric is powerful anti-inflammatory and detoxifying herb.,herb_benefits_haridra
haridra health benefits,haridra,Turmeric is powerful anti-inflammatory and detoxifying herb.,herb_benefits_haridra
therapeutic effects of haridra,haridra,Turmeric is powerful anti-inflammatory and detoxifying herb.,herb_benefits_haridra
benefits of mandukparni,mandukparni,"Supports memory, intellect and improves mental function.",herb_benefits_mandukparni
mandukparni for medhya,mandukparni,mandukparni is beneficial for medhya,herb_benefits_medhya
mandukparni for rasayana,mandukparni,mandukparni is beneficial for rasayana,herb_benefits_rasayana
what is mandukparni used for,mandukparni,"Supports memory, intellect and improves mental function.",herb_benefits_mandukparni
how to use mandukparni,mandukparni,"Supports memory, intellect and improves mental function.",herb_benefits_mandukparni
mandukparni medicinal properties,mandukparni,"Supports memory, intellect and improves mental function.",herb_benefits_mandukparni
mandukparni health benefits,mandukparni,"Supports memory, intellect and improves mental function.",herb_benefits_mandukparni
therapeutic effects of mandukparni,mandukparni,"Supports memory, intellect and improves mental function.",herb_benefits_mandukparni
benefits of vatsanabha,vatsanabha,"Processed aconite, used in fevers, pain and digestion.",herb_benefits_vatsanabha
vatsanabha for vedanasthapana,vatsanabha,vatsanabha is beneficial for vedanasthapana,herb_benefits_vedanasthapana
vatsanabha for jwaraghna,vatsanabha,vatsanabha is beneficial for jwaraghna,herb_benefits_jwaraghna
what is vatsanabha used for,vatsanabha,"Processed aconite, used in fevers, pain and digestion.",herb_benefits_vatsanabha
how to use vatsanabha,vatsanabha,"Processed aconite, used in fevers, pain and digestion.",herb_benefits_vatsanabha
vatsanabha medicinal properties,vatsanabha,"Processed aconite, used in fevers, pain and digestion.",herb_benefits_vatsanabha
vatsanabha health benefits,vatsanabha,"Processed aconite, used in fevers, pain and digestion.",herb_benefits_vatsanabha
therapeutic effects of vatsanabha,vatsanabha,"Processed aconite, used in fevers, pain and digestion.",herb_benefits_vatsanabha
benefits of ushira,ushira,"Vetiver root is cooling, soothing and diuretic.",herb_benefits_ushira
ushira for trishnahara,ushira,ushira is beneficial for trishnahara,herb_benefits_trishnahara
ushira for dahashamana,ushira,ushira is beneficial for dahashamana,herb_benefits_dahashamana
what is ushira used for,ushira,"Vetiver root is cooling, soothing and diuretic.",herb_benefits_ushira
how to use ushira,ushira,"Vetiver root is cooling, soothing and diuretic.",herb_benefits_ushira
ushira medicinal properties,ushira,"Vetiver root is cooling, soothing and diuretic.",herb_benefits_ushira
ushira health benefits,ushira,"Vetiver root is cooling, soothing and diuretic.",herb_benefits_ushira
therapeutic effects of ushira,ushira,"Vetiver root is cooling, soothing and diuretic.",herb_benefits_ushira
benefits of kiratatikta,kiratatikta,"Bitter tonic used for fever, appetite, and digestion.",herb_benefits_kiratatikta
kiratatikta for jwaraghna,kiratatikta,kiratatikta is beneficial for jwaraghna,herb_benefits_jwaraghna
kiratatikta for agnideepana,kiratatikta,kiratatikta is beneficial for agnideepana,herb_benefits_agnideepana
what is kiratatikta used for,kiratatikta,"Bitter tonic used for fever, appetite, and digestion.",herb_benefits_kiratatikta
how to use kiratatikta,kiratatikta,"Bitter tonic used for fever, appetite, and digestion.",herb_benefits_kiratatikta
kiratatikta medicinal properties,kiratatikta,"Bitter tonic used for fever, appetite, and digestion.",herb_benefits_kiratatikta
kiratatikta health benefits,kiratatikta,"Bitter tonic used for fever, appetite, and digestion.",herb_benefits_kiratatikta
therapeutic effects of kiratatikta,kiratatikta,"Bitter tonic used for fever, appetite, and digestion.",herb_benefits_kiratatikta
benefits of shilajit,shilajit,Famous rejuvenator and energy booster for all ages.,herb_benefits_shilajit
shilajit for rasayana,shilajit,shilajit is beneficial for rasayana,herb_benefits_rasayana
shilajit for balya,shilajit,shilajit is beneficial for balya,herb_benefits_balya
what is shilajit used for,shilajit,Famous rejuvenator and energy booster for all ages.,herb_benefits_shilajit
how to use shilajit,shilajit,Famous rejuvenator and energy booster for all ages.,herb_benefits_shilajit
shilajit medicinal properties,shilajit,Famous rejuvenator and energy booster for all ages.,herb_benefits_shilajit
shilajit health benefits,shilajit,Famous rejuvenator and energy booster for all ages.,herb_benefits_shilajit
therapeutic effects of shilajit,shilajit,Famous rejuvenator and energy booster for all ages.,herb_benefits_shilajit
benefits of kachnar,kachnar,Reduces glandular swelling and improves thyroid function.,herb_benefits_kachnar
kachnar for galaganda,kachnar,kachnar is beneficial for galaganda,herb_benefits_galaganda
kachnar for shothahara,kachnar,kachnar is beneficial for shothahara,herb_benefits_shothahara
what is kachnar used for,kachnar,Reduces glandular swelling and improves thyroid function.,herb_benefits_kachnar
how to use kachnar,kachnar,Reduces glandular swelling and improves thyroid function.,herb_benefits_kachnar
kachnar medicinal properties,kachnar,Reduces glandular swelling and improves thyroid function.,herb_benefits_kachnar
kachnar health benefits,kachnar,Reduces glandular swelling and improves thyroid function.,herb_benefits_kachnar
therapeutic effects of kachnar,kachnar,Reduces glandular swelling and improves thyroid function.,herb_benefits_kachnar
benefits of kusha,kusha,Sacred grass used for purification and urinary issues.,herb_benefits_kusha
kusha for mutrala,kusha,kusha is beneficial for mutrala,herb_benefits_mutrala
kusha for tridoshahara,kusha,kusha is beneficial for tridoshahara,herb_benefits_tridoshahara
what is kusha used for,kusha,Sacred grass used for purification and urinary issues.,herb_benefits_kusha
how to use kusha,kusha,Sacred grass used for purification and urinary issues.,herb_benefits_kusha
kusha medicinal properties,kusha,Sacred grass used for purification and urinary issues.,herb_benefits_kusha
kusha health benefits,kusha,Sacred grass used for purification and urinary issues.,herb_benefits_kusha
therapeutic effects of kusha,kusha,Sacred grass used for purification and urinary issues.,herb_benefits_kusha
benefits of bimbi,bimbi,"Used in diabetes, obesity, and blood sugar regulation.",herb_benefits_bimbi
bimbi for pramehaghna,bimbi,bimbi is beneficial for pramehaghna,herb_benefits_pramehaghna
bimbi for medohara,bimbi,bimbi is beneficial for medohara,herb_benefits_medohara
what is bimbi used for,bimbi,"Used in diabetes, obesity, and blood sugar regulation.",herb_benefits_bimbi
how to use bimbi,bimbi,"Used in diabetes, obesity, and blood sugar regulation.",herb_benefits_bimbi
bimbi medicinal properties,bimbi,"Used in diabetes, obesity, and blood sugar regulation.",herb_benefits_bimbi
bimbi health benefits,bimbi,"Used in diabetes, obesity, and blood sugar regulation.",herb_benefits_bimbi
therapeutic effects of bimbi,bimbi,"Used in diabetes, obesity, and blood sugar regulation.",herb_benefits_bimbi
benefits of kumud,kumud,"Lotus flower, calming for heart and mind.",herb_benefits_kumud
kumud for hridya,kumud,kumud is beneficial for hridya,herb_benefits_hridya
kumud for raktaprasadana,kumud,kumud is beneficial for raktaprasadana,herb_benefits_raktaprasadana
what is kumud used for,kumud,"Lotus flower, calming for heart and mind.",herb_benefits_kumud
how to use kumud,kumud,"Lotus flower, calming for heart and mind.",herb_benefits_kumud
kumud medicinal properties,kumud,"Lotus flower, calming for heart and mind.",herb_benefits_kumud
kumud health benefits,kumud,"Lotus flower, calming for heart and mind.",herb_benefits_kumud
therapeutic effects of kumud,kumud,"Lotus flower, calming for heart and mind.",herb_benefits_kumud
benefits of bala mool,bala mool,Root used for strengthening nerves and muscles.,herb_benefits_bala_mool
bala mool for balya,bala mool,bala mool is beneficial for balya,herb_benefits_balya
bala mool for brimhaniya,bala mool,bala mool is beneficial for brimhaniya,herb_benefits_brimhaniya
what is bala mool used for,bala mool,Root used for strengthening nerves and muscles.,herb_benefits_bala_mool
how to use bala mool,bala mool,Root used for strengthening nerves and muscles.,herb_benefits_bala_mool
bala mool medicinal properties,bala mool,Root used for strengthening nerves and muscles.,herb_benefits_bala_mool
bala mool health benefits,bala mool,Root used for strengthening nerves and muscles.,herb_benefits_bala_mool
therapeutic effects of bala mool,bala mool,Root used for strengthening nerves and muscles.,herb_benefits_bala_mool
benefits of ananta mool,ananta mool,"Blood purifier, detoxifier and cooling herb.",herb_benefits_ananta_mool
ananta mool for raktaprasadana,ananta mool,ananta mool is beneficial for raktaprasadana,herb_benefits_raktaprasadana
ananta mool for rasayana,ananta mool,ananta mool is beneficial for rasayana,herb_benefits_rasayana
what is ananta mool used for,ananta mool,"Blood purifier, detoxifier and cooling herb.",herb_benefits_ananta_mool
how to use ananta mool,ananta mool,"Blood purifier, detoxifier and cooling herb.",herb_benefits_ananta_mool
ananta mool medicinal properties,ananta mool,"Blood purifier, detoxifier and cooling herb.",herb_benefits_ananta_mool
ananta mool health benefits,ananta mool,"Blood purifier, detoxifier and cooling herb.",herb_benefits_ananta_mool
therapeutic effects of ananta mool,ananta mool,"Blood purifier, detoxifier and cooling herb.",herb_benefits_ananta_mool
benefits of talisa,talisa,Bronchodilator and decongestant for respiratory health.,herb_benefits_talisa
talisa for shwasahara,talisa,talisa is beneficial for shwasahara,herb_benefits_shwasahara
talisa for kasahara,talisa,talisa is beneficial for kasahara,herb_benefits_kasahara
what is talisa used for,talisa,Bronchodilator and decongestant for respiratory health.,herb_benefits_talisa
how to use talisa,talisa,Bronchodilator and decongestant for respiratory health.,herb_benefits_talisa
talisa medicinal properties,talisa,Bronchodilator and decongestant for respiratory health.,herb_benefits_talisa
talisa health benefits,talisa,Bronchodilator and decongestant for respiratory health.,herb_benefits_talisa
therapeutic effects of talisa,talisa,Bronchodilator and decongestant for respiratory health.,herb_benefits_talisa
benefits of nirgundi,nirgundi,"Reduces pain, swelling, and Vata-related disorders.",herb_benefits_nirgundi
nirgundi for shothahara,nirgundi,nirgundi is beneficial for shothahara,herb_benefits_shothahara
nirgundi for vedanasthapana,nirgundi,nirgundi is beneficial for vedanasthapana,herb_benefits_vedanasthapana
what is nirgundi used for,nirgundi,"Reduces pain, swelling, and Vata-related disorders.",herb_benefits_nirgundi
how to use nirgundi,nirgundi,"Reduces pain, swelling, and Vata-related disorders.",herb_benefits_nirgundi
nirgundi medicinal properties,nirgundi,"Reduces pain, swelling, and Vata-related disorders.",herb_benefits_nirgundi
nirgundi health benefits,nirgundi,"Reduces pain, swelling, and Vata-related disorders.",herb_benefits_nirgundi
therapeutic effects of nirgundi,nirgundi,"Reduces pain, swelling, and Vata-related disorders.",herb_benefits_nirgundi
benefits of shuddha guggulu,shuddha guggulu,Potent anti-inflammatory used in arthritis and obesity.,herb_benefits_shuddha_guggulu
shuddha guggulu for medohara,shuddha guggulu,shuddha guggulu is beneficial for medohara,herb_benefits_medohara
shuddha guggulu for shothahara,shuddha guggulu,shuddha guggulu is beneficial for shothahara,herb_benefits_shothahara
what is shuddha guggulu used for,shuddha guggulu,Potent anti-inflammatory used in arthritis and obesity.,herb_benefits_shuddha_guggulu
how to use shuddha guggulu,shuddha guggulu,Potent anti-inflammatory used in arthritis and obesity.,herb_benefits_shuddha_guggulu
shuddha guggulu medicinal properties,shuddha guggulu,Potent anti-inflammatory used in arthritis and obesity.,herb_benefits_shuddha_guggulu
shuddha guggulu health benefits,shuddha guggulu,Potent anti-inflammatory used in arthritis and obesity.,herb_benefits_shuddha_guggulu
therapeutic effects of shuddha guggulu,shuddha guggulu,Potent anti-inflammatory used in arthritis and obesity.,herb_benefits_shuddha_guggulu
benefits of gokarna,gokarna,"Clitoria ternatea, known for enhancing memory and calmness.",herb_benefits_gokarna
gokarna for medhya,gokarna,gokarna is beneficial for medhya,herb_benefits_medhya
gokarna for nootropic,gokarna,gokarna is beneficial for nootropic,herb_benefits_nootropic
what is gokarna used for,gokarna,"Clitoria ternatea, known for enhancing memory and calmness.",herb_benefits_gokarna
how to use gokarna,gokarna,"Clitoria ternatea, known for enhancing memory and calmness.",herb_benefits_gokarna
gokarna medicinal properties,gokarna,"Clitoria ternatea, known for enhancing memory and calmness.",herb_benefits_gokarna
gokarna health benefits,gokarna,"Clitoria ternatea, known for enhancing memory and calmness.",herb_benefits_gokarna
therapeutic effects of gokarna,gokarna,"Clitoria ternatea, known for enhancing memory and calmness.",herb_benefits_gokarna
benefits of tagetes,tagetes,"Marigold used in skin, fever, and pitta disorders.",herb_benefits_tagetes
tagetes for raktashodhana,tagetes,tagetes is beneficial for raktashodhana,herb_benefits_raktashodhana
tagetes for kushtaghna,tagetes,tagetes is beneficial for kushtaghna,herb_benefits_kushtaghna
what is tagetes used for,tagetes,"Marigold used in skin, fever, and pitta disorders.",herb_benefits_tagetes
how to use tagetes,tagetes,"Marigold used in skin, fever, and pitta disorders.",herb_benefits_tagetes
tagetes medicinal properties,tagetes,"Marigold used in skin, fever, and pitta disorders.",herb_benefits_tagetes
tagetes health benefits,tagetes,"Marigold used in skin, fever, and pitta disorders.",herb_benefits_tagetes
therapeutic effects of tagetes,tagetes,"Marigold used in skin, fever, and pitta disorders.",herb_benefits_tagetes
benefits of kachura,kachura,Aromatic rhizome for respiratory and digestive issues.,herb_benefits_kachura
kachura for shwasahara,kachura,kachura is beneficial for shwasahara,herb_benefits_shwasahara
kachura for vatahara,kachura,kachura is beneficial for vatahara,herb_benefits_vatahara
what is kachura used for,kachura,Aromatic rhizome for respiratory and digestive issues.,herb_benefits_kachura
how to use kachura,kachura,Aromatic rhizome for respiratory and digestive issues.,herb_benefits_kachura
kachura medicinal properties,kachura,Aromatic rhizome for respiratory and digestive issues.,herb_benefits_kachura
kachura health benefits,kachura,Aromatic rhizome for respiratory and digestive issues.,herb_benefits_kachura
therapeutic effects of kachura,kachura,Aromatic rhizome for respiratory and digestive issues.,herb_benefits_kachura
benefits of shati,shati,Enhances respiratory strength and prevents infections.,herb_benefits_shati
shati for shwasahara,shati,shati is beneficial for shwasahara,herb_benefits_shwasahara
shati for amapachana,shati,shati is beneficial for amapachana,herb_benefits_amapachana
what is shati used for,shati,Enhances respiratory strength and prevents infections.,herb_benefits_shati
how to use shati,shati,Enhances respiratory strength and prevents infections.,herb_benefits_shati
shati medicinal properties,shati,Enhances respiratory strength and prevents infections.,herb_benefits_shati
shati health benefits,shati,Enhances respiratory strength and prevents infections.,herb_benefits_shati
therapeutic effects of shati,shati,Enhances respiratory strength and prevents infections.,herb_benefits_shati
benefits of bhanga,bhanga,"Cannabis leaf used in pain, digestion, and sleep disorders.",herb_benefits_bhanga
bhanga for vedanasthapana,bhanga,bhanga is beneficial for vedanasthapana,herb_benefits_vedanasthapana
bhanga for madakari,bhanga,bhanga is beneficial for madakari,herb_benefits_madakari
what is bhanga used for,bhanga,"Cannabis leaf used in pain, digestion, and sleep disorders.",herb_benefits_bhanga
how to use bhanga,bhanga,"Cannabis leaf used in pain, digestion, and sleep disorders.",herb_benefits_bhanga
bhanga medicinal properties,bhanga,"Cannabis leaf used in pain, digestion, and sleep disorders.",herb_benefits_bhanga
bhanga health benefits,bhanga,"Cannabis leaf used in pain, digestion, and sleep disorders.",herb_benefits_bhanga
therapeutic effects of bhanga,bhanga,"Cannabis leaf used in pain, digestion, and sleep disorders.",herb_benefits_bhanga
benefits of mochras,mochras,Cooling resin used in bleeding and Pitta disorders.,herb_benefits_mochras
mochras for stambhana,mochras,mochras is beneficial for stambhana,herb_benefits_stambhana
mochras for raktaprasadana,mochras,mochras is beneficial for raktaprasadana,herb_benefits_raktaprasadana
what is mochras used for,mochras,Cooling resin used in bleeding and Pitta disorders.,herb_benefits_mochras
how to use mochras,mochras,Cooling resin used in bleeding and Pitta disorders.,herb_benefits_mochras
mochras medicinal properties,mochras,Cooling resin used in bleeding and Pitta disorders.,herb_benefits_mochras
mochras health benefits,mochras,Cooling resin used in bleeding and Pitta disorders.,herb_benefits_mochras
therapeutic effects of mochras,mochras,Cooling resin used in bleeding and Pitta disorders.,herb_benefits_mochras
benefits of jivanti,jivanti,Nourishing herb for lactation and immunity.,herb_benefits_jivanti
jivanti for rasayana,jivanti,jivanti is beneficial for rasayana,herb_benefits_rasayana
jivanti for stanyajanana,jivanti,jivanti is beneficial for stanyajanana,herb_benefits_stanyajanana
what is jivanti used for,jivanti,Nourishing herb for lactation and immunity.,herb_benefits_jivanti
how to use jivanti,jivanti,Nourishing herb for lactation and immunity.,herb_benefits_jivanti
jivanti medicinal properties,jivanti,Nourishing herb for lactation and immunity.,herb_benefits_jivanti
jivanti health benefits,jivanti,Nourishing herb for lactation and immunity.,herb_benefits_jivanti
therapeutic effects of jivanti,jivanti,Nourishing herb for lactation and immunity.,herb_benefits_jivanti
benefits of swarnamakshika,swarnamakshika,"Mineral used in anemia, skin and liver disorders.",herb_benefits_swarnamakshika
swarnamakshika for pittahara,swarnamakshika,swarnamakshika is beneficial for pittahara,herb_benefits_pittahara
swarnamakshika for raktavardhaka,swarnamakshika,swarnamakshika is beneficial for raktavardhaka,herb_benefits_raktavardhaka
what is swarnamakshika used for,swarnamakshika,"Mineral used in anemia, skin and liver disorders.",herb_benefits_swarnamakshika
how to use swarnamakshika,swarnamakshika,"Mineral used in anemia, skin and liver disorders.",herb_benefits_swarnamakshika
swarnamakshika medicinal properties,swarnamakshika,"Mineral used in anemia, skin and liver disorders.",herb_benefits_swarnamakshika
swarnamakshika health benefits,swarnamakshika,"Mineral used in anemia, skin and liver disorders.",herb_benefits_swarnamakshika
therapeutic effects of swarnamakshika,swarnamakshika,"Mineral used in anemia, skin and liver disorders.",herb_benefits_swarnamakshika
benefits of tamra bhasma,tamra bhasma,"Copper ash for liver, spleen and obesity management.",herb_benefits_tamra_bhasma
tamra bhasma for yakritottejaka,tamra bhasma,tamra bhasma is beneficial for yakritottejaka,herb_benefits_yakritottejaka
tamra bhasma for medohara,tamra bhasma,tamra bhasma is beneficial for medohara,herb_benefits_medohara
what is tamra bhasma used for,tamra bhasma,"Copper ash for liver, spleen and obesity management.",herb_benefits_tamra_bhasma
how to use tamra bhasma,tamra bhasma,"Copper ash for liver, spleen and obesity management.",herb_benefits_tamra_bhasma
tamra bhasma medicinal properties,tamra bhasma,"Copper ash for liver, spleen and obesity management.",herb_benefits_tamra_bhasma
tamra bhasma health benefits,tamra bhasma,"Copper ash for liver, spleen and obesity management.",herb_benefits_tamra_bhasma
therapeutic effects of tamra bhasma,tamra bhasma,"Copper ash for liver, spleen and obesity management.",herb_benefits_tamra_bhasma
benefits of makoy,makoy,Solanum nigrum for liver and spleen disorders.,herb_benefits_makoy
makoy for yakritottejaka,makoy,makoy is beneficial for yakritottejaka,herb_benefits_yakritottejaka
makoy for vrishya,makoy,makoy is beneficial for vrishya,herb_benefits_vrishya
what is makoy used for,makoy,Solanum nigrum for liver and spleen disorders.,herb_benefits_makoy
how to use makoy,makoy,Solanum nigrum for liver and spleen disorders.,herb_benefits_makoy
makoy medicinal properties,makoy,Solanum nigrum for liver and spleen disorders.,herb_benefits_makoy
makoy health benefits,makoy,Solanum nigrum for liver and spleen disorders.,herb_benefits_makoy
therapeutic effects of makoy,makoy,Solanum nigrum for liver and spleen disorders.,herb_benefits_makoy
benefits of kampillaka,kampillaka,Used for skin problems and worm infestations.,herb_benefits_kampillaka
kampillaka for krimighna,kampillaka,kampillaka is beneficial for krimighna,herb_benefits_krimighna
kampillaka for kushtaghna,kampillaka,kampillaka is beneficial for kushtaghna,herb_benefits_kushtaghna
what is kampillaka used for,kampillaka,Used for skin problems and worm infestations.,herb_benefits_kampillaka
how to use kampillaka,kampillaka,Used for skin problems and worm infestations.,herb_benefits_kampillaka
kampillaka medicinal properties,kampillaka,Used for skin problems and worm infestations.,herb_benefits_kampillaka
kampillaka health benefits,kampillaka,Used for skin problems and worm infestations.,herb_benefits_kampillaka
therapeutic effects of kampillaka,kampillaka,Used for skin problems and worm infestations.,herb_benefits_kampillaka
benefits of bilwa patra,bilwa patra,Bael leaves for digestion and Vata disorders.,herb_benefits_bilwa_patra
bilwa patra for agnideepana,bilwa patra,bilwa patra is beneficial for agnideepana,herb_benefits_agnideepana
bilwa patra for shoolahara,bilwa patra,bilwa patra is beneficial for shoolahara,herb_benefits_shoolahara
what is bilwa patra used for,bilwa patra,Bael leaves for digestion and Vata disorders.,herb_benefits_bilwa_patra
how to use bilwa patra,bilwa patra,Bael leaves for digestion and Vata disorders.,herb_benefits_bilwa_patra
bilwa patra medicinal properties,bilwa patra,Bael leaves for digestion and Vata disorders.,herb_benefits_bilwa_patra
bilwa patra health benefits,bilwa patra,Bael leaves for digestion and Vata disorders.,herb_benefits_bilwa_patra
therapeutic effects of bilwa patra,bilwa patra,Bael leaves for digestion and Vata disorders.,herb_benefits_bilwa_patra
benefits of amlavetasa,amlavetasa,"Used in dyspepsia, obesity and to stimulate digestion.",herb_benefits_amlavetasa
amlavetasa for agnideepana,amlavetasa,amlavetasa is beneficial for agnideepana,herb_benefits_agnideepana
amlavetasa for lekhana,amlavetasa,amlavetasa is beneficial for lekhana,herb_benefits_lekhana
what is amlavetasa used for,amlavetasa,"Used in dyspepsia, obesity and to stimulate digestion.",herb_benefits_amlavetasa
how to use amlavetasa,amlavetasa,"Used in dyspepsia, obesity and to stimulate digestion.",herb_benefits_amlavetasa
amlavetasa medicinal properties,amlavetasa,"Used in dyspepsia, obesity and to stimulate digestion.",herb_benefits_amlavetasa
amlavetasa health benefits,amlavetasa,"Used in dyspepsia, obesity and to stimulate digestion.",herb_benefits_amlavetasa
therapeutic effects of amlavetasa,amlavetasa,"Used in dyspepsia, obesity and to stimulate digestion.",herb_benefits_amlavetasa
benefits of ardraka,ardraka,"Fresh ginger root used for digestion, nausea and cold.",herb_benefits_ardraka
ardraka for amapachana,ardraka,ardraka is beneficial for amapachana,herb_benefits_amapachana
ardraka for deepana,ardraka,ardraka is beneficial for deepana,herb_benefits_deepana
what is ardraka used for,ardraka,"Fresh ginger root used for digestion, nausea and cold.",herb_benefits_ardraka
how to use ardraka,ardraka,"Fresh ginger root used for digestion, nausea and cold.",herb_benefits_ardraka
ardraka medicinal properties,ardraka,"Fresh ginger root used for digestion, nausea and cold.",herb_benefits_ardraka
ardraka health benefits,ardraka,"Fresh ginger root used for digestion, nausea and cold.",herb_benefits_ardraka
therapeutic effects of ardraka,ardraka,"Fresh ginger root used for digestion, nausea and cold.",herb_benefits_ardraka
benefits of lasuna,lasuna,"Garlic used for cardiac care, digestion, and immunity.",herb_benefits_lasuna
lasuna for hridya,lasuna,lasuna is beneficial for hridya,herb_benefits_hridya
lasuna for shothahara,lasuna,lasuna is beneficial for shothahara,herb_benefits_shothahara
what is lasuna used for,lasuna,"Garlic used for cardiac care, digestion, and immunity.",herb_benefits_lasuna
how to use lasuna,lasuna,"Garlic used for cardiac care, digestion, and immunity.",herb_benefits_lasuna
lasuna medicinal properties,lasuna,"Garlic used for cardiac care, digestion, and immunity.",herb_benefits_lasuna
lasuna health benefits,lasuna,"Garlic used for cardiac care, digestion, and immunity.",herb_benefits_lasuna
therapeutic effects of lasuna,lasuna,"Garlic used for cardiac care, digestion, and immunity.",herb_benefits_lasuna
benefits of parijata,parijata,"Night jasmine, good for cough, fever and arthritis.",herb_benefits_parijata
parijata for jwarahara,parijata,parijata is beneficial for jwarahara,herb_benefits_jwarahara
parijata for vatahara,parijata,parijata is beneficial for vatahara,herb_benefits_vatahara
what is parijata used for,parijata,"Night jasmine, good for cough, fever and arthritis.",herb_benefits_parijata
how to use parijata,parijata,"Night jasmine, good for cough, fever and arthritis.",herb_benefits_parijata
parijata medicinal properties,parijata,"Night jasmine, good for cough, fever and arthritis.",herb_benefits_parijata
parijata health benefits,parijata,"Night jasmine, good for cough, fever and arthritis.",herb_benefits_parijata
therapeutic effects of parijata,parijata,"Night jasmine, good for cough, fever and arthritis.",herb_benefits_parijata
benefits of rajika,rajika,Mustard seeds help in digestion and pain relief.,herb_benefits_rajika
rajika for shothahara,rajika,rajika is beneficial for shothahara,herb_benefits_shothahara
rajika for shoolahara,rajika,rajika is beneficial for shoolahara,herb_benefits_shoolahara
what is rajika used for,rajika,Mustard seeds help in digestion and pain relief.,herb_benefits_rajika
how to use rajika,rajika,Mustard seeds help in digestion and pain relief.,herb_benefits_rajika
rajika medicinal properties,rajika,Mustard seeds help in digestion and pain relief.,herb_benefits_rajika
rajika health benefits,rajika,Mustard seeds help in digestion and pain relief.,herb_benefits_rajika
therapeutic effects of rajika,rajika,Mustard seeds help in digestion and pain relief.,herb_benefits_rajika
benefits of rakta chandana,rakta chandana,"Red sandalwood for skin, bleeding disorders and cooling.",herb_benefits_rakta_chandana
rakta chandana for raktaprasadana,rakta chandana,rakta chandana is beneficial for raktaprasadana,herb_benefits_raktaprasadana
rakta chandana for dahashamana,rakta chandana,rakta chandana is beneficial for dahashamana,herb_benefits_dahashamana
what is rakta chandana used for,rakta chandana,"Red sandalwood for skin, bleeding disorders and cooling.",herb_benefits_rakta_chandana
how to use rakta chandana,rakta chandana,"Red sandalwood for skin, bleeding disorders and cooling.",herb_benefits_rakta_chandana
rakta chandana medicinal properties,rakta chandana,"Red sandalwood for skin, bleeding disorders and cooling.",herb_benefits_rakta_chandana
rakta chandana health benefits,rakta chandana,"Red sandalwood for skin, bleeding disorders and cooling.",herb_benefits_rakta_chandana
therapeutic effects of rakta chandana,rakta chandana,"Red sandalwood for skin, bleeding disorders and cooling.",herb_benefits_rakta_chandana
benefits of rasona patra,rasona patra,Garlic leaves used in cough and indigestion.,herb_benefits_rasona_patra
rasona patra for amapachana,rasona patra,rasona patra is beneficial for amapachana,herb_benefits_amapachana
rasona patra for kaphahara,rasona patra,rasona patra is beneficial for kaphahara,herb_benefits_kaphahara
what is rasona patra used for,rasona patra,Garlic leaves used in cough and indigestion.,herb_benefits_rasona_patra
how to use rasona patra,rasona patra,Garlic leaves used in cough and indigestion.,herb_benefits_rasona_patra
rasona patra medicinal properties,rasona patra,Garlic leaves used in cough and indigestion.,herb_benefits_rasona_patra
rasona patra health benefits,rasona patra,Garlic leaves used in cough and indigestion.,herb_benefits_rasona_patra
therapeutic effects of rasona patra,rasona patra,Garlic leaves used in cough and indigestion.,herb_benefits_rasona_patra
benefits of simhamoola,simhamoola,Used in Vata disorders and swelling.,herb_benefits_simhamoola
simhamoola for vatanashaka,simhamoola,simhamoola is beneficial for vatanashaka,herb_benefits_vatanashaka
simhamoola for shothahara,simhamoola,simhamoola is beneficial for shothahara,herb_benefits_shothahara
what is simhamoola used for,simhamoola,Used in Vata disorders and swelling.,herb_benefits_simhamoola
how to use simhamoola,simhamoola,Used in Vata disorders and swelling.,herb_benefits_simhamoola
simhamoola medicinal properties,simhamoola,Used in Vata disorders and swelling.,herb_benefits_simhamoola
simhamoola health benefits,simhamoola,Used in Vata disorders and swelling.,herb_benefits_simhamoola
therapeutic effects of simhamoola,simhamoola,Used in Vata disorders and swelling.,herb_benefits_simhamoola
benefits of surana,surana,"Elephant foot yam used for piles, swelling and digestion.",herb_benefits_surana
surana for arshoghna,surana,surana is beneficial for arshoghna,herb_benefits_arshoghna
surana for agnideepana,surana,surana is beneficial for agnideepana,herb_benefits_agnideepana
what is surana used for,surana,"Elephant foot yam used for piles, swelling and digestion.",herb_benefits_surana
how to use surana,surana,"Elephant foot yam used for piles, swelling and digestion.",herb_benefits_surana
surana medicinal properties,surana,"Elephant foot yam used for piles, swelling and digestion.",herb_benefits_surana
surana health benefits,surana,"Elephant foot yam used for piles, swelling and digestion.",herb_benefits_surana
therapeutic effects of surana,surana,"Elephant foot yam used for piles, swelling and digestion.",herb_benefits_surana
benefits of vasa,vasa,"Adhatoda vasica for cough, bleeding and Pitta conditions.",herb_benefits_vasa
vasa for kaphahara,vasa,vasa is beneficial for kaphahara,herb_benefits_kaphahara
vasa for raktaprasadana,vasa,vasa is beneficial for raktaprasadana,herb_benefits_raktaprasadana
what is vasa used for,vasa,"Adhatoda vasica for cough, bleeding and Pitta conditions.",herb_benefits_vasa
how to use vasa,vasa,"Adhatoda vasica for cough, bleeding and Pitta conditions.",herb_benefits_vasa
vasa medicinal properties,vasa,"Adhatoda vasica for cough, bleeding and Pitta conditions.",herb_benefits_vasa
vasa health benefits,vasa,"Adhatoda vasica for cough, bleeding and Pitta conditions.",herb_benefits_vasa
therapeutic effects of vasa,vasa,"Adhatoda vasica for cough, bleeding and Pitta conditions.",herb_benefits_vasa
benefits of zingiber,zingiber,Dry ginger promotes digestion and balances Vata-Kapha.,herb_benefits_zingiber
zingiber for amapachana,zingiber,zingiber is beneficial for amapachana,herb_benefits_amapachana
zingiber for deepana,zingiber,zingiber is beneficial for deepana,herb_benefits_deepana
what is zingiber used for,zingiber,Dry ginger promotes digestion and balances Vata-Kapha.,herb_benefits_zingiber
how to use zingiber,zingiber,Dry ginger promotes digestion and balances Vata-Kapha.,herb_benefits_zingiber
zingiber medicinal properties,zingiber,Dry ginger promotes digestion and balances Vata-Kapha.,herb_benefits_zingiber
zingiber health benefits,zingiber,Dry ginger promotes digestion and balances Vata-Kapha.,herb_benefits_zingiber
therapeutic effects of zingiber,zingiber,Dry ginger promotes digestion and balances Vata-Kapha.,herb_benefits_zingiber
benefits of lajjalu,lajjalu,Touch-me-not plant for bleeding piles and wounds.,herb_benefits_lajjalu
lajjalu for stambhana,lajjalu,lajjalu is beneficial for stambhana,herb_benefits_stambhana
lajjalu for vranaropana,lajjalu,lajjalu is beneficial for vranaropana,herb_benefits_vranaropana
what is lajjalu used for,lajjalu,Touch-me-not plant for bleeding piles and wounds.,herb_benefits_lajjalu
how to use lajjalu,lajjalu,Touch-me-not plant for bleeding piles and wounds.,herb_benefits_lajjalu
lajjalu medicinal properties,lajjalu,Touch-me-not plant for bleeding piles and wounds.,herb_benefits_lajjalu
lajjalu health benefits,lajjalu,Touch-me-not plant for bleeding piles and wounds.,herb_benefits_lajjalu
therapeutic effects of lajjalu,lajjalu,Touch-me-not plant for bleeding piles and wounds.,herb_benefits_lajjalu
benefits of manjistha,manjistha,Powerful blood purifier for skin and liver.,herb_benefits_manjistha
manjistha for raktashodhana,manjistha,manjistha is beneficial for raktashodhana,herb_benefits_raktashodhana
manjistha for kushtaghna,manjistha,manjistha is beneficial for kushtaghna,herb_benefits_kushtaghna
what is manjistha used for,manjistha,Powerful blood purifier for skin and liver.,herb_benefits_manjistha
how to use manjistha,manjistha,Powerful blood purifier for skin and liver.,herb_benefits_manjistha
manjistha medicinal properties,manjistha,Powerful blood purifier for skin and liver.,herb_benefits_manjistha
manjistha health benefits,manjistha,Powerful blood purifier for skin and liver.,herb_benefits_manjistha
therapeutic effects of manjistha,manjistha,Powerful blood purifier for skin and liver.,herb_benefits_manjistha
benefits of agnikarna,agnikarna,Traditionally used in Ayurvedic minor surgical procedures and pain relief.,herb_benefits_agnikarna
agnikarna for vedanasthapana,agnikarna,agnikarna is beneficial for vedanasthapana,herb_benefits_vedanasthapana
agnikarna for shothahara,agnikarna,agnikarna is beneficial for shothahara,herb_benefits_shothahara
what is agnikarna used for,agnikarna,Traditionally used in Ayurvedic minor surgical procedures and pain relief.,herb_benefits_agnikarna
how to use agnikarna,agnikarna,Traditionally used in Ayurvedic minor surgical procedures and pain relief.,herb_benefits_agnikarna
agnikarna medicinal properties,agnikarna,Traditionally used in Ayurvedic minor surgical procedures and pain relief.,herb_benefits_agnikarna
agnikarna health benefits,agnikarna,Traditionally used in Ayurvedic minor surgical procedures and pain relief.,herb_benefits_agnikarna
therapeutic effects of agnikarna,agnikarna,Traditionally used in Ayurvedic minor surgical procedures and pain relief.,herb_benefits_agnikarna
benefits of atibala,atibala,"Used in urinary and nervous disorders, strengthens the body.",herb_benefits_atibala
atibala for balya,atibala,atibala is beneficial for balya,herb_benefits_balya
atibala for vatahara,atibala,atibala is beneficial for vatahara,herb_benefits_vatahara
what is atibala used for,atibala,"Used in urinary and nervous disorders, strengthens the body.",herb_benefits_atibala
how to use atibala,atibala,"Used in urinary and nervous disorders, strengthens the body.",herb_benefits_atibala
atibala medicinal properties,atibala,"Used in urinary and nervous disorders, strengthens the body.",herb_benefits_atibala
atibala health benefits,atibala,"Used in urinary and nervous disorders, strengthens the body.",herb_benefits_atibala
therapeutic effects of atibala,atibala,"Used in urinary and nervous disorders, strengthens the body.",herb_benefits_atibala
benefits of gandhaka,gandhaka,Purified sulfur for skin diseases and microbial conditions.,herb_benefits_gandhaka
gandhaka for kushtaghna,gandhaka,gandhaka is beneficial for kushtaghna,herb_benefits_kushtaghna
gandhaka for krimighna,gandhaka,gandhaka is beneficial for krimighna,herb_benefits_krimighna
what is gandhaka used for,gandhaka,Purified sulfur for skin diseases and microbial conditions.,herb_benefits_gandhaka
how to use gandhaka,gandhaka,Purified sulfur for skin diseases and microbial conditions.,herb_benefits_gandhaka
gandhaka medicinal properties,gandhaka,Purified sulfur for skin diseases and microbial conditions.,herb_benefits_gandhaka
gandhaka health benefits,gandhaka,Purified sulfur for skin diseases and microbial conditions.,herb_benefits_gandhaka
therapeutic effects of gandhaka,gandhaka,Purified sulfur for skin diseases and microbial conditions.,herb_benefits_gandhaka
benefits of karvellaka,karvellaka,Bitter gourd used in diabetes and liver disorders.,herb_benefits_karvellaka
karvellaka for madhunashini,karvellaka,karvellaka is beneficial for madhunashini,herb_benefits_madhunashini
karvellaka for yakritottejaka,karvellaka,karvellaka is beneficial for yakritottejaka,herb_benefits_yakritottejaka
what is karvellaka used for,karvellaka,Bitter gourd used in diabetes and liver disorders.,herb_benefits_karvellaka
how to use karvellaka,karvellaka,Bitter gourd used in diabetes and liver disorders.,herb_benefits_karvellaka
karvellaka medicinal properties,karvellaka,Bitter gourd used in diabetes and liver disorders.,herb_benefits_karvellaka
karvellaka health benefits,karvellaka,Bitter gourd used in diabetes and liver disorders.,herb_benefits_karvellaka
therapeutic effects of karvellaka,karvellaka,Bitter gourd used in diabetes and liver disorders.,herb_benefits_karvellaka
benefits of katuki,katuki,"Used in liver cleansing, detox, and skin conditions.",herb_benefits_katuki
katuki for pittaghna,katuki,katuki is beneficial for pittaghna,herb_benefits_pittaghna
katuki for yakritottejaka,katuki,katuki is beneficial for yakritottejaka,herb_benefits_yakritottejaka
what is katuki used for,katuki,"Used in liver cleansing, detox, and skin conditions.",herb_benefits_katuki
how to use katuki,katuki,"Used in liver cleansing, detox, and skin conditions.",herb_benefits_katuki
katuki medicinal properties,katuki,"Used in liver cleansing, detox, and skin conditions.",herb_benefits_katuki
katuki health benefits,katuki,"Used in liver cleansing, detox, and skin conditions.",herb_benefits_katuki
therapeutic effects of katuki,katuki,"Used in liver cleansing, detox, and skin conditions.",herb_benefits_katuki
benefits of madhuka,madhuka,"Licorice used for cough, acidity, and skin glow.",herb_benefits_madhuka
madhuka for kantya,madhuka,madhuka is beneficial for kantya,herb_benefits_kantya
madhuka for vishaghna,madhuka,madhuka is beneficial for vishaghna,herb_benefits_vishaghna
what is madhuka used for,madhuka,"Licorice used for cough, acidity, and skin glow.",herb_benefits_madhuka
how to use madhuka,madhuka,"Licorice used for cough, acidity, and skin glow.",herb_benefits_madhuka
madhuka medicinal properties,madhuka,"Licorice used for cough, acidity, and skin glow.",herb_benefits_madhuka
madhuka health benefits,madhuka,"Licorice used for cough, acidity, and skin glow.",herb_benefits_madhuka
therapeutic effects of madhuka,madhuka,"Licorice used for cough, acidity, and skin glow.",herb_benefits_madhuka
benefits of haritaki,haritaki,"A key component of Triphala, Haritaki is a powerful rejuvenator and detoxifier, especially for Vata dosha. It supports digestion and colon health.",herb_benefits_haritaki
haritaki for rasayan,haritaki,haritaki is beneficial for rasayan,herb_benefits_rasayan
haritaki for virechana,haritaki,haritaki is beneficial for virechana,herb_benefits_virechana
haritaki for chakshushya,haritaki,haritaki is beneficial for chakshushya,herb_benefits_chakshushya
haritaki for deepana,haritaki,haritaki is beneficial for deepana,herb_benefits_deepana
what is haritaki used for,haritaki,"A key component of Triphala, Haritaki is a powerful rejuvenator and detoxifier, especially for Vata dosha. It supports digestion and colon health.",herb_benefits_haritaki
how to use haritaki,haritaki,"A key component of Triphala, Haritaki is a powerful rejuvenator and detoxifier, especially for Vata dosha. It supports digestion and colon health.",herb_benefits_haritaki
haritaki medicinal properties,haritaki,"A key component of Triphala, Haritaki is a powerful rejuvenator and detoxifier, especially for Vata dosha. It supports digestion and colon health.",herb_benefits_haritaki
haritaki health benefits,haritaki,"A key component of Triphala, Haritaki is a powerful rejuvenator and detoxifier, especially for Vata dosha. It supports digestion and colon health.",herb_benefits_haritaki
therapeutic effects of haritaki,haritaki,"A key component of Triphala, Haritaki is a powerful rejuvenator and detoxifier, especially for Vata dosha. It supports digestion and colon health.",herb_benefits_haritaki
benefits of bibhitaki,bibhitaki,"The second fruit of Triphala, Bibhitaki is excellent for balancing Kapha dosha. It supports the respiratory system and purifies the blood.",herb_benefits_bibhitaki
bibhitaki for kasahara,bibhitaki,bibhitaki is beneficial for kasahara,herb_benefits_kasahara
bibhitaki for krimighna,bibhitaki,bibhitaki is beneficial for krimighna,herb_benefits_krimighna
bibhitaki for chakshushya,bibhitaki,bibhitaki is beneficial for chakshushya,herb_benefits_chakshushya
what is bibhitaki used for,bibhitaki,"The second fruit of Triphala, Bibhitaki is excellent for balancing Kapha dosha. It supports the respiratory system and purifies the blood.",herb_benefits_bibhitaki
how to use bibhitaki,bibhitaki,"The second fruit of Triphala, Bibhitaki is excellent for balancing Kapha dosha. It supports the respiratory system and purifies the blood.",herb_benefits_bibhitaki
bibhitaki medicinal properties,bibhitaki,"The second fruit of Triphala, Bibhitaki is excellent for balancing Kapha dosha. It supports the respiratory system and purifies the blood.",herb_benefits_bibhitaki
bibhitaki health benefits,bibhitaki,"The second fruit of Triphala, Bibhitaki is excellent for balancing Kapha dosha. It supports the respiratory system and purifies the blood.",herb_benefits_bibhitaki
therapeutic effects of bibhitaki,bibhitaki,"The second fruit of Triphala, Bibhitaki is excellent for balancing Kapha dosha. It supports the respiratory system and purifies the blood.",herb_benefits_bibhitaki
benefits of pippali,pippali,Long pepper is a powerful stimulant for the digestive and respiratory systems. It is a key ingredient in the Trikatu formula.,herb_benefits_pippali
pippali for rasayan,pippali,pippali is beneficial for rasayan,herb_benefits_rasayan
pippali for deepana,pippali,pippali is beneficial for deepana,herb_benefits_deepana
pippali for kasahara,pippali,pippali is beneficial for kasahara,herb_benefits_kasahara
pippali for vrishya,pippali,pippali is beneficial for vrishya,herb_benefits_vrishya
what is pippali used for,pippali,Long pepper is a powerful stimulant for the digestive and respiratory systems. It is a key ingredient in the Trikatu formula.,herb_benefits_pippali
how to use pippali,pippali,Long pepper is a powerful stimulant for the digestive and respiratory systems. It is a key ingredient in the Trikatu formula.,herb_benefits_pippali
pippali medicinal properties,pippali,Long pepper is a powerful stimulant for the digestive and respiratory systems. It is a key ingredient in the Trikatu formula.,herb_benefits_pippali
pippali health benefits,pippali,Long pepper is a powerful stimulant for the digestive and respiratory systems. It is a key ingredient in the Trikatu formula.,herb_benefits_pippali
therapeutic effects of pippali,pippali,Long pepper is a powerful stimulant for the digestive and respiratory systems. It is a key ingredient in the Trikatu formula.,herb_benefits_pippali
benefits of maricha,maricha,"Black pepper enhances digestion, stimulates metabolism, and helps clear congestion. It is a part of the Trikatu formula.",herb_benefits_maricha
maricha for deepana,maricha,maricha is beneficial for deepana,herb_benefits_deepana
maricha for krimighna,maricha,maricha is beneficial for krimighna,herb_benefits_krimighna
maricha for shwasahara,maricha,maricha is beneficial for shwasahara,herb_benefits_shwasahara
what is maricha used for,maricha,"Black pepper enhances digestion, stimulates metabolism, and helps clear congestion. It is a part of the Trikatu formula.",herb_benefits_maricha
how to use maricha,maricha,"Black pepper enhances digestion, stimulates metabolism, and helps clear congestion. It is a part of the Trikatu formula.",herb_benefits_maricha
maricha medicinal properties,maricha,"Black pepper enhances digestion, stimulates metabolism, and helps clear congestion. It is a part of the Trikatu formula.",herb_benefits_maricha
maricha health benefits,maricha,"Black pepper enhances digestion, stimulates metabolism, and helps clear congestion. It is a part of the Trikatu formula.",herb_benefits_maricha
therapeutic effects of maricha,maricha,"Black pepper enhances digestion, stimulates metabolism, and helps clear congestion. It is a part of the Trikatu formula.",herb_benefits_maricha
benefits of shunthi,shunthi,"Dry ginger is known as the 'universal medicine'. It aids digestion, reduces inflammation, and pacifies Vata and Kapha.",herb_benefits_shunthi
shunthi for deepana,shunthi,shunthi is beneficial for deepana,herb_benefits_deepana
shunthi for pachana,shunthi,shunthi is beneficial for pachana,herb_benefits_pachana
shunthi for rasayan,shunthi,shunthi is beneficial for rasayan,herb_benefits_rasayan
shunthi for hridaya,shunthi,shunthi is beneficial for hridaya,herb_benefits_hridaya
what is shunthi used for,shunthi,"Dry ginger is known as the 'universal medicine'. It aids digestion, reduces inflammation, and pacifies Vata and Kapha.",herb_benefits_shunthi
how to use shunthi,shunthi,"Dry ginger is known as the 'universal medicine'. It aids digestion, reduces inflammation, and pacifies Vata and Kapha.",herb_benefits_shunthi
shunthi medicinal properties,shunthi,"Dry ginger is known as the 'universal medicine'. It aids digestion, reduces inflammation, and pacifies Vata and Kapha.",herb_benefits_shunthi
shunthi health benefits,shunthi,"Dry ginger is known as the 'universal medicine'. It aids digestion, reduces inflammation, and pacifies Vata and Kapha.",herb_benefits_shunthi
therapeutic effects of shunthi,shunthi,"Dry ginger is known as the 'universal medicine'. It aids digestion, reduces inflammation, and pacifies Vata and Kapha.",herb_benefits_shunthi
benefits of brahmi,brahmi,"Brahmi (Bacopa monnieri) is a premier herb for the brain and nervous system, enhancing memory, concentration, and calming the mind.",herb_benefits_brahmi
brahmi for medhya,brahmi,brahmi is beneficial for medhya,herb_benefits_medhya
brahmi for rasayan,brahmi,brahmi is beneficial for rasayan,herb_benefits_rasayan
brahmi for jwaraghna,brahmi,brahmi is beneficial for jwaraghna,herb_benefits_jwaraghna
what is brahmi used for,brahmi,"Brahmi (Bacopa monnieri) is a premier herb for the brain and nervous system, enhancing memory, concentration, and calming the mind.",herb_benefits_brahmi
how to use brahmi,brahmi,"Brahmi (Bacopa monnieri) is a premier herb for the brain and nervous system, enhancing memory, concentration, and calming the mind.",herb_benefits_brahmi
brahmi medicinal properties,brahmi,"Brahmi (Bacopa monnieri) is a premier herb for the brain and nervous system, enhancing memory, concentration, and calming the mind.",herb_benefits_brahmi
brahmi health benefits,brahmi,"Brahmi (Bacopa monnieri) is a premier herb for the brain and nervous system, enhancing memory, concentration, and calming the mind.",herb_benefits_brahmi
therapeutic effects of brahmi,brahmi,"Brahmi (Bacopa monnieri) is a premier herb for the brain and nervous system, enhancing memory, concentration, and calming the mind.",herb_benefits_brahmi
benefits of musta,musta,"Nut grass is one of the best herbs for digestive issues, particularly for absorbing fluids and regulating menstruation.",herb_benefits_musta
musta for deepana,musta,musta is beneficial for deepana,herb_benefits_deepana
musta for pachana,musta,musta is beneficial for pachana,herb_benefits_pachana
musta for grahi,musta,musta is beneficial for grahi,herb_benefits_grahi
musta for jwaraghna,musta,musta is beneficial for jwaraghna,herb_benefits_jwaraghna
what is musta used for,musta,"Nut grass is one of the best herbs for digestive issues, particularly for absorbing fluids and regulating menstruation.",herb_benefits_musta
how to use musta,musta,"Nut grass is one of the best herbs for digestive issues, particularly for absorbing fluids and regulating menstruation.",herb_benefits_musta
musta medicinal properties,musta,"Nut grass is one of the best herbs for digestive issues, particularly for absorbing fluids and regulating menstruation.",herb_benefits_musta
musta health benefits,musta,"Nut grass is one of the best herbs for digestive issues, particularly for absorbing fluids and regulating menstruation.",herb_benefits_musta
therapeutic effects of musta,musta,"Nut grass is one of the best herbs for digestive issues, particularly for absorbing fluids and regulating menstruation.",herb_benefits_musta
benefits of vidanga,vidanga,False black pepper is the primary Ayurvedic herb for eliminating intestinal worms and parasites.,herb_benefits_vidanga
vidanga for krimighna,vidanga,vidanga is beneficial for krimighna,herb_benefits_krimighna
vidanga for lekhana,vidanga,vidanga is beneficial for lekhana,herb_benefits_lekhana
vidanga for deepana,vidanga,vidanga is beneficial for deepana,herb_benefits_deepana
what is vidanga used for,vidanga,False black pepper is the primary Ayurvedic herb for eliminating intestinal worms and parasites.,herb_benefits_vidanga
how to use vidanga,vidanga,False black pepper is the primary Ayurvedic herb for eliminating intestinal worms and parasites.,herb_benefits_vidanga
vidanga medicinal properties,vidanga,False black pepper is the primary Ayurvedic herb for eliminating intestinal worms and parasites.,herb_benefits_vidanga
vidanga health benefits,vidanga,False black pepper is the primary Ayurvedic herb for eliminating intestinal worms and parasites.,herb_benefits_vidanga
therapeutic effects of vidanga,vidanga,False black pepper is the primary Ayurvedic herb for eliminating intestinal worms and parasites.,herb_benefits_vidanga
benefits of arjuna,arjuna,"Arjuna is the foremost cardiotonic in Ayurveda, strengthening the heart muscle and supporting overall cardiovascular health.",herb_benefits_arjuna
arjuna for hridaya,arjuna,arjuna is beneficial for hridaya,herb_benefits_hridaya
arjuna for raktashodhak,arjuna,arjuna is beneficial for raktashodhak,herb_benefits_raktashodhak
arjuna for sandhanakaraka,arjuna,arjuna is beneficial for sandhanakaraka,herb_benefits_sandhanakaraka
what is arjuna used for,arjuna,"Arjuna is the foremost cardiotonic in Ayurveda, strengthening the heart muscle and supporting overall cardiovascular health.",herb_benefits_arjuna
how to use arjuna,arjuna,"Arjuna is the foremost cardiotonic in Ayurveda, strengthening the heart muscle and supporting overall cardiovascular health.",herb_benefits_arjuna
arjuna medicinal properties,arjuna,"Arjuna is the foremost cardiotonic in Ayurveda, strengthening the heart muscle and supporting overall cardiovascular health.",herb_benefits_arjuna
arjuna health benefits,arjuna,"Arjuna is the foremost cardiotonic in Ayurveda, strengthening the heart muscle and supporting overall cardiovascular health.",herb_benefits_arjuna
therapeutic effects of arjuna,arjuna,"Arjuna is the foremost cardiotonic in Ayurveda, strengthening the heart muscle and supporting overall cardiovascular health.",herb_benefits_arjuna
benefits of punarnava,punarnava,"Known for its diuretic and rejuvenating properties, Punarnava supports kidney and liver function and reduces swelling.",herb_benefits_punarnava
punarnava for mutrala,punarnava,punarnava is beneficial for mutrala,herb_benefits_mutrala
punarnava for shothahara,punarnava,punarnava is beneficial for shothahara,herb_benefits_shothahara
punarnava for rasayan,punarnava,punarnava is beneficial for rasayan,herb_benefits_rasayan
what is punarnava used for,punarnava,"Known for its diuretic and rejuvenating properties, Punarnava supports kidney and liver function and reduces swelling.",herb_benefits_punarnava
how to use punarnava,punarnava,"Known for its diuretic and rejuvenating properties, Punarnava supports kidney and liver function and reduces swelling.",herb_benefits_punarnava
punarnava medicinal properties,punarnava,"Known for its diuretic and rejuvenating properties, Punarnava supports kidney and liver function and reduces swelling.",herb_benefits_punarnava
punarnava health benefits,punarnava,"Known for its diuretic and rejuvenating properties, Punarnava supports kidney and liver function and reduces swelling.",herb_benefits_punarnava
therapeutic effects of punarnava,punarnava,"Known for its diuretic and rejuvenating properties, Punarnava supports kidney and liver function and reduces swelling.",herb_benefits_punarnava
benefits of vacha,vacha,"Sweet flag is a powerful herb for the mind, improving speech, intelligence, and clearing toxins from the nervous system.",herb_benefits_vacha
vacha for medhya,vacha,vacha is beneficial for medhya,herb_benefits_medhya
vacha for sanjnasthapana,vacha,vacha is beneficial for sanjnasthapana,herb_benefits_sanjnasthapana
vacha for krimighna,vacha,vacha is beneficial for krimighna,herb_benefits_krimighna
what is vacha used for,vacha,"Sweet flag is a powerful herb for the mind, improving speech, intelligence, and clearing toxins from the nervous system.",herb_benefits_vacha
how to use vacha,vacha,"Sweet flag is a powerful herb for the mind, improving speech, intelligence, and clearing toxins from the nervous system.",herb_benefits_vacha
vacha medicinal properties,vacha,"Sweet flag is a powerful herb for the mind, improving speech, intelligence, and clearing toxins from the nervous system.",herb_benefits_vacha
vacha health benefits,vacha,"Sweet flag is a powerful herb for the mind, improving speech, intelligence, and clearing toxins from the nervous system.",herb_benefits_vacha
therapeutic effects of vacha,vacha,"Sweet flag is a powerful herb for the mind, improving speech, intelligence, and clearing toxins from the nervous system.",herb_benefits_vacha
benefits of hingu,hingu,"Asafoetida is a potent digestive stimulant that alleviates gas, bloating, and abdominal pain. Excellent for Vata dosha.",herb_benefits_hingu
hingu for deepana,hingu,hingu is beneficial for deepana,herb_benefits_deepana
hingu for pachana,hingu,hingu is beneficial for pachana,herb_benefits_pachana
hingu for shoolaghna,hingu,hingu is beneficial for shoolaghna,herb_benefits_shoolaghna
hingu for vatanulomana,hingu,hingu is beneficial for vatanulomana,herb_benefits_vatanulomana
what is hingu used for,hingu,"Asafoetida is a potent digestive stimulant that alleviates gas, bloating, and abdominal pain. Excellent for Vata dosha.",herb_benefits_hingu
how to use hingu,hingu,"Asafoetida is a potent digestive stimulant that alleviates gas, bloating, and abdominal pain. Excellent for Vata dosha.",herb_benefits_hingu
hingu medicinal properties,hingu,"Asafoetida is a potent digestive stimulant that alleviates gas, bloating, and abdominal pain. Excellent for Vata dosha.",herb_benefits_hingu
hingu health benefits,hingu,"Asafoetida is a potent digestive stimulant that alleviates gas, bloating, and abdominal pain. Excellent for Vata dosha.",herb_benefits_hingu
therapeutic effects of hingu,hingu,"Asafoetida is a potent digestive stimulant that alleviates gas, bloating, and abdominal pain. Excellent for Vata dosha.",herb_benefits_hingu
benefits of jeeraka,jeeraka,"Cumin seeds are a superb digestive aid, improving absorption and relieving gas and cramps.",herb_benefits_jeeraka
jeeraka for deepana,jeeraka,jeeraka is beneficial for deepana,herb_benefits_deepana
jeeraka for pachana,jeeraka,jeeraka is beneficial for pachana,herb_benefits_pachana
jeeraka for grahi,jeeraka,jeeraka is beneficial for grahi,herb_benefits_grahi
what is jeeraka used for,jeeraka,"Cumin seeds are a superb digestive aid, improving absorption and relieving gas and cramps.",herb_benefits_jeeraka
how to use jeeraka,jeeraka,"Cumin seeds are a superb digestive aid, improving absorption and relieving gas and cramps.",herb_benefits_jeeraka
jeeraka medicinal properties,jeeraka,"Cumin seeds are a superb digestive aid, improving absorption and relieving gas and cramps.",herb_benefits_jeeraka
jeeraka health benefits,jeeraka,"Cumin seeds are a superb digestive aid, improving absorption and relieving gas and cramps.",herb_benefits_jeeraka
therapeutic effects of jeeraka,jeeraka,"Cumin seeds are a superb digestive aid, improving absorption and relieving gas and cramps.",herb_benefits_jeeraka
benefits of dhanyaka,dhanyaka,"Coriander is a cooling digestive herb that soothes an irritated gut, relieves thirst, and pacifies Pitta dosha.",herb_benefits_dhanyaka
dhanyaka for deepana,dhanyaka,dhanyaka is beneficial for deepana,herb_benefits_deepana
dhanyaka for pachana,dhanyaka,dhanyaka is beneficial for pachana,herb_benefits_pachana
dhanyaka for mutrala,dhanyaka,dhanyaka is beneficial for mutrala,herb_benefits_mutrala
dhanyaka for jwaraghna,dhanyaka,dhanyaka is beneficial for jwaraghna,herb_benefits_jwaraghna
what is dhanyaka used for,dhanyaka,"Coriander is a cooling digestive herb that soothes an irritated gut, relieves thirst, and pacifies Pitta dosha.",herb_benefits_dhanyaka
how to use dhanyaka,dhanyaka,"Coriander is a cooling digestive herb that soothes an irritated gut, relieves thirst, and pacifies Pitta dosha.",herb_benefits_dhanyaka
dhanyaka medicinal properties,dhanyaka,"Coriander is a cooling digestive herb that soothes an irritated gut, relieves thirst, and pacifies Pitta dosha.",herb_benefits_dhanyaka
dhanyaka health benefits,dhanyaka,"Coriander is a cooling digestive herb that soothes an irritated gut, relieves thirst, and pacifies Pitta dosha.",herb_benefits_dhanyaka
therapeutic effects of dhanyaka,dhanyaka,"Coriander is a cooling digestive herb that soothes an irritated gut, relieves thirst, and pacifies Pitta dosha.",herb_benefits_dhanyaka
benefits of methi,methi,"Fenugreek seeds are used to balance blood sugar, improve digestion, and support lactation.",herb_benefits_methi
methi for deepana,methi,methi is beneficial for deepana,herb_benefits_deepana
methi for vatanulomana,methi,methi is beneficial for vatanulomana,herb_benefits_vatanulomana
methi for balya,methi,methi is beneficial for balya,herb_benefits_balya
what is methi used for,methi,"Fenugreek seeds are used to balance blood sugar, improve digestion, and support lactation.",herb_benefits_methi
how to use methi,methi,"Fenugreek seeds are used to balance blood sugar, improve digestion, and support lactation.",herb_benefits_methi
methi medicinal properties,methi,"Fenugreek seeds are used to balance blood sugar, improve digestion, and support lactation.",herb_benefits_methi
methi health benefits,methi,"Fenugreek seeds are used to balance blood sugar, improve digestion, and support lactation.",herb_benefits_methi
therapeutic effects of methi,methi,"Fenugreek seeds are used to balance blood sugar, improve digestion, and support lactation.",herb_benefits_methi
benefits of shallaki,shallaki,Boswellia serrata is a powerful anti-inflammatory herb used to support joint health and relieve arthritic pain.,herb_benefits_shallaki
shallaki for shothahara,shallaki,shallaki is beneficial for shothahara,herb_benefits_shothahara
shallaki for grahi,shallaki,shallaki is beneficial for grahi,herb_benefits_grahi
shallaki for vedanasthapana,shallaki,shallaki is beneficial for vedanasthapana,herb_benefits_vedanasthapana
what is shallaki used for,shallaki,Boswellia serrata is a powerful anti-inflammatory herb used to support joint health and relieve arthritic pain.,herb_benefits_shallaki
how to use shallaki,shallaki,Boswellia serrata is a powerful anti-inflammatory herb used to support joint health and relieve arthritic pain.,herb_benefits_shallaki
shallaki medicinal properties,shallaki,Boswellia serrata is a powerful anti-inflammatory herb used to support joint health and relieve arthritic pain.,herb_benefits_shallaki
shallaki health benefits,shallaki,Boswellia serrata is a powerful anti-inflammatory herb used to support joint health and relieve arthritic pain.,herb_benefits_shallaki
therapeutic effects of shallaki,shallaki,Boswellia serrata is a powerful anti-inflammatory herb used to support joint health and relieve arthritic pain.,herb_benefits_shallaki
benefits of jyotishmati,jyotishmati,"Known as the 'intellect tree', its oil is used to sharpen memory and improve cognitive function.",herb_benefits_jyotishmati
jyotishmati for medhya,jyotishmati,jyotishmati is beneficial for medhya,herb_benefits_medhya
jyotishmati for virechana,jyotishmati,jyotishmati is beneficial for virechana,herb_benefits_virechana
jyotishmati for deepana,jyotishmati,jyotishmati is beneficial for deepana,herb_benefits_deepana
what is jyotishmati used for,jyotishmati,"Known as the 'intellect tree', its oil is used to sharpen memory and improve cognitive function.",herb_benefits_jyotishmati
how to use jyotishmati,jyotishmati,"Known as the 'intellect tree', its oil is used to sharpen memory and improve cognitive function.",herb_benefits_jyotishmati
jyotishmati medicinal properties,jyotishmati,"Known as the 'intellect tree', its oil is used to sharpen memory and improve cognitive function.",herb_benefits_jyotishmati
jyotishmati health benefits,jyotishmati,"Known as the 'intellect tree', its oil is used to sharpen memory and improve cognitive function.",herb_benefits_jyotishmati
therapeutic effects of jyotishmati,jyotishmati,"Known as the 'intellect tree', its oil is used to sharpen memory and improve cognitive function.",herb_benefits_jyotishmati
benefits of japa,japa,"Hibiscus flower is used to purify blood, support hair health, and cool the body, making it excellent for Pitta.",herb_benefits_japa
japa for keshya,japa,japa is beneficial for keshya,herb_benefits_keshya
japa for raktashodhak,japa,japa is beneficial for raktashodhak,herb_benefits_raktashodhak
japa for hridaya,japa,japa is beneficial for hridaya,herb_benefits_hridaya
what is japa used for,japa,"Hibiscus flower is used to purify blood, support hair health, and cool the body, making it excellent for Pitta.",herb_benefits_japa
how to use japa,japa,"Hibiscus flower is used to purify blood, support hair health, and cool the body, making it excellent for Pitta.",herb_benefits_japa
japa medicinal properties,japa,"Hibiscus flower is used to purify blood, support hair health, and cool the body, making it excellent for Pitta.",herb_benefits_japa
japa health benefits,japa,"Hibiscus flower is used to purify blood, support hair health, and cool the body, making it excellent for Pitta.",herb_benefits_japa
therapeutic effects of japa,japa,"Hibiscus flower is used to purify blood, support hair health, and cool the body, making it excellent for Pitta.",herb_benefits_japa
benefits of kamala,kamala,The sacred Lotus has cooling properties and is used in bleeding disorders and to calm the mind and heart.,herb_benefits_kamala
kamala for hridaya,kamala,kamala is beneficial for hridaya,herb_benefits_hridaya
kamala for varnya,kamala,kamala is beneficial for varnya,herb_benefits_varnya
kamala for grahi,kamala,kamala is beneficial for grahi,herb_benefits_grahi
what is kamala used for,kamala,The sacred Lotus has cooling properties and is used in bleeding disorders and to calm the mind and heart.,herb_benefits_kamala
how to use kamala,kamala,The sacred Lotus has cooling properties and is used in bleeding disorders and to calm the mind and heart.,herb_benefits_kamala
kamala medicinal properties,kamala,The sacred Lotus has cooling properties and is used in bleeding disorders and to calm the mind and heart.,herb_benefits_kamala
kamala health benefits,kamala,The sacred Lotus has cooling properties and is used in bleeding disorders and to calm the mind and heart.,herb_benefits_kamala
therapeutic effects of kamala,kamala,The sacred Lotus has cooling properties and is used in bleeding disorders and to calm the mind and heart.,herb_benefits_kamala
benefits of ketaki,ketaki,Kewra flower is used in Ayurveda for its aromatic properties and to support brain and nerve health.,herb_benefits_ketaki
ketaki for medhya,ketaki,ketaki is beneficial for medhya,herb_benefits_medhya
ketaki for chakshushya,ketaki,ketaki is beneficial for chakshushya,herb_benefits_chakshushya
what is ketaki used for,ketaki,Kewra flower is used in Ayurveda for its aromatic properties and to support brain and nerve health.,herb_benefits_ketaki
how to use ketaki,ketaki,Kewra flower is used in Ayurveda for its aromatic properties and to support brain and nerve health.,herb_benefits_ketaki
ketaki medicinal properties,ketaki,Kewra flower is used in Ayurveda for its aromatic properties and to support brain and nerve health.,herb_benefits_ketaki
ketaki health benefits,ketaki,Kewra flower is used in Ayurveda for its aromatic properties and to support brain and nerve health.,herb_benefits_ketaki
therapeutic effects of ketaki,ketaki,Kewra flower is used in Ayurveda for its aromatic properties and to support brain and nerve health.,herb_benefits_ketaki
benefits of atasi,atasi,"Flax seeds are a rich source of healthy fats, used to balance Vata, lubricate the intestines, and support skin health.",herb_benefits_atasi
atasi for balya,atasi,atasi is beneficial for balya,herb_benefits_balya
atasi for vatahara,atasi,atasi is beneficial for vatahara,herb_benefits_vatahara
atasi for varnya,atasi,atasi is beneficial for varnya,herb_benefits_varnya
what is atasi used for,atasi,"Flax seeds are a rich source of healthy fats, used to balance Vata, lubricate the intestines, and support skin health.",herb_benefits_atasi
how to use atasi,atasi,"Flax seeds are a rich source of healthy fats, used to balance Vata, lubricate the intestines, and support skin health.",herb_benefits_atasi
atasi medicinal properties,atasi,"Flax seeds are a rich source of healthy fats, used to balance Vata, lubricate the intestines, and support skin health.",herb_benefits_atasi
atasi health benefits,atasi,"Flax seeds are a rich source of healthy fats, used to balance Vata, lubricate the intestines, and support skin health.",herb_benefits_atasi
therapeutic effects of atasi,atasi,"Flax seeds are a rich source of healthy fats, used to balance Vata, lubricate the intestines, and support skin health.",herb_benefits_atasi
benefits of tila,tila,"Sesame seeds and their oil are profoundly nourishing, especially for Vata dosha, supporting bone, skin, and hair health.",herb_benefits_tila
tila for balya,tila,tila is beneficial for balya,herb_benefits_balya
tila for keshya,tila,tila is beneficial for keshya,herb_benefits_keshya
tila for vrishya,tila,tila is beneficial for vrishya,herb_benefits_vrishya
what is tila used for,tila,"Sesame seeds and their oil are profoundly nourishing, especially for Vata dosha, supporting bone, skin, and hair health.",herb_benefits_tila
how to use tila,tila,"Sesame seeds and their oil are profoundly nourishing, especially for Vata dosha, supporting bone, skin, and hair health.",herb_benefits_tila
tila medicinal properties,tila,"Sesame seeds and their oil are profoundly nourishing, especially for Vata dosha, supporting bone, skin, and hair health.",herb_benefits_tila
tila health benefits,tila,"Sesame seeds and their oil are profoundly nourishing, especially for Vata dosha, supporting bone, skin, and hair health.",herb_benefits_tila
therapeutic effects of tila,tila,"Sesame seeds and their oil are profoundly nourishing, especially for Vata dosha, supporting bone, skin, and hair health.",herb_benefits_tila
benefits of brihati,brihati,"A member of the Dashamoola, Brihati is used to support respiratory health and is effective in treating cough and cold.",herb_benefits_brihati
brihati for kasahara,brihati,brihati is beneficial for kasahara,herb_benefits_kasahara
brihati for shothahara,brihati,brihati is beneficial for shothahara,herb_benefits_shothahara
brihati for deepana,brihati,brihati is beneficial for deepana,herb_benefits_deepana
what is brihati used for,brihati,"A member of the Dashamoola, Brihati is used to support respiratory health and is effective in treating cough and cold.",herb_benefits_brihati
how to use brihati,brihati,"A member of the Dashamoola, Brihati is used to support respiratory health and is effective in treating cough and cold.",herb_benefits_brihati
brihati medicinal properties,brihati,"A member of the Dashamoola, Brihati is used to support respiratory health and is effective in treating cough and cold.",herb_benefits_brihati
brihati health benefits,brihati,"A member of the Dashamoola, Brihati is used to support respiratory health and is effective in treating cough and cold.",herb_benefits_brihati
therapeutic effects of brihati,brihati,"A member of the Dashamoola, Brihati is used to support respiratory health and is effective in treating cough and cold.",herb_benefits_brihati
benefits of gokshura,gokshura,"Tribulus terrestris is a renowned tonic for the urinary system, supporting kidney and bladder health, and acts as an aphrodisiac.",herb_benefits_gokshura
gokshura for mutrala,gokshura,gokshura is beneficial for mutrala,herb_benefits_mutrala
gokshura for vrishya,gokshura,gokshura is beneficial for vrishya,herb_benefits_vrishya
gokshura for rasayan,gokshura,gokshura is beneficial for rasayan,herb_benefits_rasayan
gokshura for shothahara,gokshura,gokshura is beneficial for shothahara,herb_benefits_shothahara
what is gokshura used for,gokshura,"Tribulus terrestris is a renowned tonic for the urinary system, supporting kidney and bladder health, and acts as an aphrodisiac.",herb_benefits_gokshura
how to use gokshura,gokshura,"Tribulus terrestris is a renowned tonic for the urinary system, supporting kidney and bladder health, and acts as an aphrodisiac.",herb_benefits_gokshura
gokshura medicinal properties,gokshura,"Tribulus terrestris is a renowned tonic for the urinary system, supporting kidney and bladder health, and acts as an aphrodisiac.",herb_benefits_gokshura
gokshura health benefits,gokshura,"Tribulus terrestris is a renowned tonic for the urinary system, supporting kidney and bladder health, and acts as an aphrodisiac.",herb_benefits_gokshura
therapeutic effects of gokshura,gokshura,"Tribulus terrestris is a renowned tonic for the urinary system, supporting kidney and bladder health, and acts as an aphrodisiac.",herb_benefits_gokshura
benefits of hamsapadi,hamsapadi,A lesser-known but potent herb used for blood purification and as a tonic for the nervous system.,herb_benefits_hamsapadi
hamsapadi for raktashodhak,hamsapadi,hamsapadi is beneficial for raktashodhak,herb_benefits_raktashodhak
hamsapadi for medhya,hamsapadi,hamsapadi is beneficial for medhya,herb_benefits_medhya
what is hamsapadi used for,hamsapadi,A lesser-known but potent herb used for blood purification and as a tonic for the nervous system.,herb_benefits_hamsapadi
how to use hamsapadi,hamsapadi,A lesser-known but potent herb used for blood purification and as a tonic for the nervous system.,herb_benefits_hamsapadi
hamsapadi medicinal properties,hamsapadi,A lesser-known but potent herb used for blood purification and as a tonic for the nervous system.,herb_benefits_hamsapadi
hamsapadi health benefits,hamsapadi,A lesser-known but potent herb used for blood purification and as a tonic for the nervous system.,herb_benefits_hamsapadi
therapeutic effects of hamsapadi,hamsapadi,A lesser-known but potent herb used for blood purification and as a tonic for the nervous system.,herb_benefits_hamsapadi
benefits of lavanga,lavanga,"Clove is a powerful aromatic herb that acts as a pain reliever, especially for toothaches, and stimulates digestion.",herb_benefits_lavanga
lavanga for deepana,lavanga,lavanga is beneficial for deepana,herb_benefits_deepana
lavanga for shoolaghna,lavanga,lavanga is beneficial for shoolaghna,herb_benefits_shoolaghna
lavanga for kasahara,lavanga,lavanga is beneficial for kasahara,herb_benefits_kasahara
what is lavanga used for,lavanga,"Clove is a powerful aromatic herb that acts as a pain reliever, especially for toothaches, and stimulates digestion.",herb_benefits_lavanga
how to use lavanga,lavanga,"Clove is a powerful aromatic herb that acts as a pain reliever, especially for toothaches, and stimulates digestion.",herb_benefits_lavanga
lavanga medicinal properties,lavanga,"Clove is a powerful aromatic herb that acts as a pain reliever, especially for toothaches, and stimulates digestion.",herb_benefits_lavanga
lavanga health benefits,lavanga,"Clove is a powerful aromatic herb that acts as a pain reliever, especially for toothaches, and stimulates digestion.",herb_benefits_lavanga
therapeutic effects of lavanga,lavanga,"Clove is a powerful aromatic herb that acts as a pain reliever, especially for toothaches, and stimulates digestion.",herb_benefits_lavanga
benefits of nagakesara,nagakesara,Used primarily in bleeding disorders due to its astringent and hemostatic properties. It is also good for the skin.,herb_benefits_nagakesara
nagakesara for raktastambhana,nagakesara,nagakesara is beneficial for raktastambhana,herb_benefits_raktastambhana
nagakesara for deepana,nagakesara,nagakesara is beneficial for deepana,herb_benefits_deepana
what is nagakesara used for,nagakesara,Used primarily in bleeding disorders due to its astringent and hemostatic properties. It is also good for the skin.,herb_benefits_nagakesara
how to use nagakesara,nagakesara,Used primarily in bleeding disorders due to its astringent and hemostatic properties. It is also good for the skin.,herb_benefits_nagakesara
nagakesara medicinal properties,nagakesara,Used primarily in bleeding disorders due to its astringent and hemostatic properties. It is also good for the skin.,herb_benefits_nagakesara
nagakesara health benefits,nagakesara,Used primarily in bleeding disorders due to its astringent and hemostatic properties. It is also good for the skin.,herb_benefits_nagakesara
therapeutic effects of nagakesara,nagakesara,Used primarily in bleeding disorders due to its astringent and hemostatic properties. It is also good for the skin.,herb_benefits_nagakesara
benefits of sarpagandha,sarpagandha,"Indian snakeroot is a powerful herb for managing high blood pressure and calming anxiety, but should be used with caution.",herb_benefits_sarpagandha
sarpagandha for nidrajanana,sarpagandha,sarpagandha is beneficial for nidrajanana,herb_benefits_nidrajanana
sarpagandha for raktachapashamaka,sarpagandha,sarpagandha is beneficial for raktachapashamaka,herb_benefits_raktachapashamaka
what is sarpagandha used for,sarpagandha,"Indian snakeroot is a powerful herb for managing high blood pressure and calming anxiety, but should be used with caution.",herb_benefits_sarpagandha
how to use sarpagandha,sarpagandha,"Indian snakeroot is a powerful herb for managing high blood pressure and calming anxiety, but should be used with caution.",herb_benefits_sarpagandha
sarpagandha medicinal properties,sarpagandha,"Indian snakeroot is a powerful herb for managing high blood pressure and calming anxiety, but should be used with caution.",herb_benefits_sarpagandha
sarpagandha health benefits,sarpagandha,"Indian snakeroot is a powerful herb for managing high blood pressure and calming anxiety, but should be used with caution.",herb_benefits_sarpagandha
therapeutic effects of sarpagandha,sarpagandha,"Indian snakeroot is a powerful herb for managing high blood pressure and calming anxiety, but should be used with caution.",herb_benefits_sarpagandha
benefits of tejapatra,tejapatra,"Indian bay leaf is an aromatic stimulant for digestion and metabolism, helping to balance Kapha dosha.",herb_benefits_tejapatra
tejapatra for deepana,tejapatra,tejapatra is beneficial for deepana,herb_benefits_deepana
tejapatra for mutrala,tejapatra,tejapatra is beneficial for mutrala,herb_benefits_mutrala
what is tejapatra used for,tejapatra,"Indian bay leaf is an aromatic stimulant for digestion and metabolism, helping to balance Kapha dosha.",herb_benefits_tejapatra
how to use tejapatra,tejapatra,"Indian bay leaf is an aromatic stimulant for digestion and metabolism, helping to balance Kapha dosha.",herb_benefits_tejapatra
tejapatra medicinal properties,tejapatra,"Indian bay leaf is an aromatic stimulant for digestion and metabolism, helping to balance Kapha dosha.",herb_benefits_tejapatra
tejapatra health benefits,tejapatra,"Indian bay leaf is an aromatic stimulant for digestion and metabolism, helping to balance Kapha dosha.",herb_benefits_tejapatra
therapeutic effects of tejapatra,tejapatra,"Indian bay leaf is an aromatic stimulant for digestion and metabolism, helping to balance Kapha dosha.",herb_benefits_tejapatra
benefits of varuna,varuna,"Varuna is a specific herb for urinary health, known for its ability to break down kidney stones and support prostate health.",herb_benefits_varuna
varuna for mutrala,varuna,varuna is beneficial for mutrala,herb_benefits_mutrala
varuna for ashmaribhedana,varuna,varuna is beneficial for ashmaribhedana,herb_benefits_ashmaribhedana
varuna for deepana,varuna,varuna is beneficial for deepana,herb_benefits_deepana
what is varuna used for,varuna,"Varuna is a specific herb for urinary health, known for its ability to break down kidney stones and support prostate health.",herb_benefits_varuna
how to use varuna,varuna,"Varuna is a specific herb for urinary health, known for its ability to break down kidney stones and support prostate health.",herb_benefits_varuna
varuna medicinal properties,varuna,"Varuna is a specific herb for urinary health, known for its ability to break down kidney stones and support prostate health.",herb_benefits_varuna
varuna health benefits,varuna,"Varuna is a specific herb for urinary health, known for its ability to break down kidney stones and support prostate health.",herb_benefits_varuna
therapeutic effects of varuna,varuna,"Varuna is a specific herb for urinary health, known for its ability to break down kidney stones and support prostate health.",herb_benefits_varuna
benefits of aragwadha,aragwadha,"Known as Cassia fistula, Aragwadha is a potent but gentle laxative, excellent for clearing Pitta and ama from the digestive tract.",herb_benefits_aragwadha
aragwadha for virechana,aragwadha,aragwadha is beneficial for virechana,herb_benefits_virechana
aragwadha for kushtaghna,aragwadha,aragwadha is beneficial for kushtaghna,herb_benefits_kushtaghna
aragwadha for jwaraghna,aragwadha,aragwadha is beneficial for jwaraghna,herb_benefits_jwaraghna
what is aragwadha used for,aragwadha,"Known as Cassia fistula, Aragwadha is a potent but gentle laxative, excellent for clearing Pitta and ama from the digestive tract.",herb_benefits_aragwadha
how to use aragwadha,aragwadha,"Known as Cassia fistula, Aragwadha is a potent but gentle laxative, excellent for clearing Pitta and ama from the digestive tract.",herb_benefits_aragwadha
aragwadha medicinal properties,aragwadha,"Known as Cassia fistula, Aragwadha is a potent but gentle laxative, excellent for clearing Pitta and ama from the digestive tract.",herb_benefits_aragwadha
aragwadha health benefits,aragwadha,"Known as Cassia fistula, Aragwadha is a potent but gentle laxative, excellent for clearing Pitta and ama from the digestive tract.",herb_benefits_aragwadha
therapeutic effects of aragwadha,aragwadha,"Known as Cassia fistula, Aragwadha is a potent but gentle laxative, excellent for clearing Pitta and ama from the digestive tract.",herb_benefits_aragwadha
benefits of apamarga,apamarga,"Prickly Chaff Flower is used for its cleansing properties, especially in panchakarma. It aids in digestion and detoxification.",herb_benefits_apamarga
apamarga for lekhana,apamarga,apamarga is beneficial for lekhana,herb_benefits_lekhana
apamarga for krimighna,apamarga,apamarga is beneficial for krimighna,herb_benefits_krimighna
apamarga for deepana,apamarga,apamarga is beneficial for deepana,herb_benefits_deepana
what is apamarga used for,apamarga,"Prickly Chaff Flower is used for its cleansing properties, especially in panchakarma. It aids in digestion and detoxification.",herb_benefits_apamarga
how to use apamarga,apamarga,"Prickly Chaff Flower is used for its cleansing properties, especially in panchakarma. It aids in digestion and detoxification.",herb_benefits_apamarga
apamarga medicinal properties,apamarga,"Prickly Chaff Flower is used for its cleansing properties, especially in panchakarma. It aids in digestion and detoxification.",herb_benefits_apamarga
apamarga health benefits,apamarga,"Prickly Chaff Flower is used for its cleansing properties, especially in panchakarma. It aids in digestion and detoxification.",herb_benefits_apamarga
therapeutic effects of apamarga,apamarga,"Prickly Chaff Flower is used for its cleansing properties, especially in panchakarma. It aids in digestion and detoxification.",herb_benefits_apamarga
benefits of kalmegh,kalmegh,"The 'King of Bitters' (Andrographis paniculata) is a powerful immune stimulant and liver protector, widely used for fevers and colds.",herb_benefits_kalmegh
kalmegh for jwaraghna,kalmegh,kalmegh is beneficial for jwaraghna,herb_benefits_jwaraghna
kalmegh for raktashodhak,kalmegh,kalmegh is beneficial for raktashodhak,herb_benefits_raktashodhak
kalmegh for yakrituttejaka,kalmegh,kalmegh is beneficial for yakrituttejaka,herb_benefits_yakrituttejaka
what is kalmegh used for,kalmegh,"The 'King of Bitters' (Andrographis paniculata) is a powerful immune stimulant and liver protector, widely used for fevers and colds.",herb_benefits_kalmegh
how to use kalmegh,kalmegh,"The 'King of Bitters' (Andrographis paniculata) is a powerful immune stimulant and liver protector, widely used for fevers and colds.",herb_benefits_kalmegh
kalmegh medicinal properties,kalmegh,"The 'King of Bitters' (Andrographis paniculata) is a powerful immune stimulant and liver protector, widely used for fevers and colds.",herb_benefits_kalmegh
kalmegh health benefits,kalmegh,"The 'King of Bitters' (Andrographis paniculata) is a powerful immune stimulant and liver protector, widely used for fevers and colds.",herb_benefits_kalmegh
therapeutic effects of kalmegh,kalmegh,"The 'King of Bitters' (Andrographis paniculata) is a powerful immune stimulant and liver protector, widely used for fevers and colds.",herb_benefits_kalmegh
benefits of vidari,vidari,"Pueraria tuberosa is a nourishing rejuvenative tonic that promotes strength, vitality, and supports lactation.",herb_benefits_vidari
vidari for balya,vidari,vidari is beneficial for balya,herb_benefits_balya
vidari for vrishya,vidari,vidari is beneficial for vrishya,herb_benefits_vrishya
vidari for rasayan,vidari,vidari is beneficial for rasayan,herb_benefits_rasayan
vidari for stanyajanana,vidari,vidari is beneficial for stanyajanana,herb_benefits_stanyajanana
what is vidari used for,vidari,"Pueraria tuberosa is a nourishing rejuvenative tonic that promotes strength, vitality, and supports lactation.",herb_benefits_vidari
how to use vidari,vidari,"Pueraria tuberosa is a nourishing rejuvenative tonic that promotes strength, vitality, and supports lactation.",herb_benefits_vidari
vidari medicinal properties,vidari,"Pueraria tuberosa is a nourishing rejuvenative tonic that promotes strength, vitality, and supports lactation.",herb_benefits_vidari
vidari health benefits,vidari,"Pueraria tuberosa is a nourishing rejuvenative tonic that promotes strength, vitality, and supports lactation.",herb_benefits_vidari
therapeutic effects of vidari,vidari,"Pueraria tuberosa is a nourishing rejuvenative tonic that promotes strength, vitality, and supports lactation.",herb_benefits_vidari
benefits of trivrit,trivrit,Operculina turpethum is a strong purgative herb used in Ayurveda for detoxification and relieving constipation.,herb_benefits_trivrit
trivrit for virechana,trivrit,trivrit is beneficial for virechana,herb_benefits_virechana
trivrit for jwaraghna,trivrit,trivrit is beneficial for jwaraghna,herb_benefits_jwaraghna
what is trivrit used for,trivrit,Operculina turpethum is a strong purgative herb used in Ayurveda for detoxification and relieving constipation.,herb_benefits_trivrit
how to use trivrit,trivrit,Operculina turpethum is a strong purgative herb used in Ayurveda for detoxification and relieving constipation.,herb_benefits_trivrit
trivrit medicinal properties,trivrit,Operculina turpethum is a strong purgative herb used in Ayurveda for detoxification and relieving constipation.,herb_benefits_trivrit
trivrit health benefits,trivrit,Operculina turpethum is a strong purgative herb used in Ayurveda for detoxification and relieving constipation.,herb_benefits_trivrit
therapeutic effects of trivrit,trivrit,Operculina turpethum is a strong purgative herb used in Ayurveda for detoxification and relieving constipation.,herb_benefits_trivrit
benefits of durva,durva,"Bermuda grass is a revered cooling herb that purifies the blood and stops bleeding, excellent for Pitta conditions.",herb_benefits_durva
durva for raktastambhana,durva,durva is beneficial for raktastambhana,herb_benefits_raktastambhana
durva for varnya,durva,durva is beneficial for varnya,herb_benefits_varnya
durva for dahashamana,durva,durva is beneficial for dahashamana,herb_benefits_dahashamana
what is durva used for,durva,"Bermuda grass is a revered cooling herb that purifies the blood and stops bleeding, excellent for Pitta conditions.",herb_benefits_durva
how to use durva,durva,"Bermuda grass is a revered cooling herb that purifies the blood and stops bleeding, excellent for Pitta conditions.",herb_benefits_durva
durva medicinal properties,durva,"Bermuda grass is a revered cooling herb that purifies the blood and stops bleeding, excellent for Pitta conditions.",herb_benefits_durva
durva health benefits,durva,"Bermuda grass is a revered cooling herb that purifies the blood and stops bleeding, excellent for Pitta conditions.",herb_benefits_durva
therapeutic effects of durva,durva,"Bermuda grass is a revered cooling herb that purifies the blood and stops bleeding, excellent for Pitta conditions.",herb_benefits_durva
benefits of jatiphala,jatiphala,"Nutmeg is an aromatic stimulant used for improving digestion, inducing sleep, and relieving pain.",herb_benefits_jatiphala
jatiphala for deepana,jatiphala,jatiphala is beneficial for deepana,herb_benefits_deepana
jatiphala for grahi,jatiphala,jatiphala is beneficial for grahi,herb_benefits_grahi
jatiphala for nidrajanana,jatiphala,jatiphala is beneficial for nidrajanana,herb_benefits_nidrajanana
what is jatiphala used for,jatiphala,"Nutmeg is an aromatic stimulant used for improving digestion, inducing sleep, and relieving pain.",herb_benefits_jatiphala
how to use jatiphala,jatiphala,"Nutmeg is an aromatic stimulant used for improving digestion, inducing sleep, and relieving pain.",herb_benefits_jatiphala
jatiphala medicinal properties,jatiphala,"Nutmeg is an aromatic stimulant used for improving digestion, inducing sleep, and relieving pain.",herb_benefits_jatiphala
jatiphala health benefits,jatiphala,"Nutmeg is an aromatic stimulant used for improving digestion, inducing sleep, and relieving pain.",herb_benefits_jatiphala
therapeutic effects of jatiphala,jatiphala,"Nutmeg is an aromatic stimulant used for improving digestion, inducing sleep, and relieving pain.",herb_benefits_jatiphala
benefits of kulattha,kulattha,"Horse gram is used for treating kidney stones, cough, and asthma. It has a heating and Kapha-reducing effect.",herb_benefits_kulattha
kulattha for ashmaribhedana,kulattha,kulattha is beneficial for ashmaribhedana,herb_benefits_ashmaribhedana
kulattha for lekhana,kulattha,kulattha is beneficial for lekhana,herb_benefits_lekhana
kulattha for kasahara,kulattha,kulattha is beneficial for kasahara,herb_benefits_kasahara
what is kulattha used for,kulattha,"Horse gram is used for treating kidney stones, cough, and asthma. It has a heating and Kapha-reducing effect.",herb_benefits_kulattha
how to use kulattha,kulattha,"Horse gram is used for treating kidney stones, cough, and asthma. It has a heating and Kapha-reducing effect.",herb_benefits_kulattha
kulattha medicinal properties,kulattha,"Horse gram is used for treating kidney stones, cough, and asthma. It has a heating and Kapha-reducing effect.",herb_benefits_kulattha
kulattha health benefits,kulattha,"Horse gram is used for treating kidney stones, cough, and asthma. It has a heating and Kapha-reducing effect.",herb_benefits_kulattha
therapeutic effects of kulattha,kulattha,"Horse gram is used for treating kidney stones, cough, and asthma. It has a heating and Kapha-reducing effect.",herb_benefits_kulattha
benefits of amra,amra,"Mango (ripe) is nourishing and strength-promoting, while the unripe fruit and seed are astringent and used for diarrhea.",herb_benefits_amra
amra for balya,amra,amra is beneficial for balya,herb_benefits_balya
amra for vrishya,amra,amra is beneficial for vrishya,herb_benefits_vrishya
amra for grahi,amra,amra is beneficial for grahi,herb_benefits_grahi
what is amra used for,amra,"Mango (ripe) is nourishing and strength-promoting, while the unripe fruit and seed are astringent and used for diarrhea.",herb_benefits_amra
how to use amra,amra,"Mango (ripe) is nourishing and strength-promoting, while the unripe fruit and seed are astringent and used for diarrhea.",herb_benefits_amra
amra medicinal properties,amra,"Mango (ripe) is nourishing and strength-promoting, while the unripe fruit and seed are astringent and used for diarrhea.",herb_benefits_amra
amra health benefits,amra,"Mango (ripe) is nourishing and strength-promoting, while the unripe fruit and seed are astringent and used for diarrhea.",herb_benefits_amra
therapeutic effects of amra,amra,"Mango (ripe) is nourishing and strength-promoting, while the unripe fruit and seed are astringent and used for diarrhea.",herb_benefits_amra
benefits of jambu,jambu,Jamun or Black Plum is used in managing diabetes and diarrhea due to its astringent and blood sugar-regulating properties.,herb_benefits_jambu
jambu for grahi,jambu,jambu is beneficial for grahi,herb_benefits_grahi
jambu for pramehaghna,jambu,jambu is beneficial for pramehaghna,herb_benefits_pramehaghna
what is jambu used for,jambu,Jamun or Black Plum is used in managing diabetes and diarrhea due to its astringent and blood sugar-regulating properties.,herb_benefits_jambu
how to use jambu,jambu,Jamun or Black Plum is used in managing diabetes and diarrhea due to its astringent and blood sugar-regulating properties.,herb_benefits_jambu
jambu medicinal properties,jambu,Jamun or Black Plum is used in managing diabetes and diarrhea due to its astringent and blood sugar-regulating properties.,herb_benefits_jambu
jambu health benefits,jambu,Jamun or Black Plum is used in managing diabetes and diarrhea due to its astringent and blood sugar-regulating properties.,herb_benefits_jambu
therapeutic effects of jambu,jambu,Jamun or Black Plum is used in managing diabetes and diarrhea due to its astringent and blood sugar-regulating properties.,herb_benefits_jambu
benefits of snuhi,snuhi,Euphorbia neriifolia is a very potent purgative herb used under expert guidance for severe constipation and skin diseases.,herb_benefits_snuhi
snuhi for virechana,snuhi,snuhi is beneficial for virechana,herb_benefits_virechana
snuhi for kushtaghna,snuhi,snuhi is beneficial for kushtaghna,herb_benefits_kushtaghna
what is snuhi used for,snuhi,Euphorbia neriifolia is a very potent purgative herb used under expert guidance for severe constipation and skin diseases.,herb_benefits_snuhi
how to use snuhi,snuhi,Euphorbia neriifolia is a very potent purgative herb used under expert guidance for severe constipation and skin diseases.,herb_benefits_snuhi
snuhi medicinal properties,snuhi,Euphorbia neriifolia is a very potent purgative herb used under expert guidance for severe constipation and skin diseases.,herb_benefits_snuhi
snuhi health benefits,snuhi,Euphorbia neriifolia is a very potent purgative herb used under expert guidance for severe constipation and skin diseases.,herb_benefits_snuhi
therapeutic effects of snuhi,snuhi,Euphorbia neriifolia is a very potent purgative herb used under expert guidance for severe constipation and skin diseases.,herb_benefits_snuhi
benefits of kasani,kasani,"Chicory is a well-known liver tonic that supports detoxification, digestion, and urinary health.",herb_benefits_kasani
kasani for yakrituttejaka,kasani,kasani is beneficial for yakrituttejaka,herb_benefits_yakrituttejaka
kasani for mutrala,kasani,kasani is beneficial for mutrala,herb_benefits_mutrala
what is kasani used for,kasani,"Chicory is a well-known liver tonic that supports detoxification, digestion, and urinary health.",herb_benefits_kasani
how to use kasani,kasani,"Chicory is a well-known liver tonic that supports detoxification, digestion, and urinary health.",herb_benefits_kasani
kasani medicinal properties,kasani,"Chicory is a well-known liver tonic that supports detoxification, digestion, and urinary health.",herb_benefits_kasani
kasani health benefits,kasani,"Chicory is a well-known liver tonic that supports detoxification, digestion, and urinary health.",herb_benefits_kasani
therapeutic effects of kasani,kasani,"Chicory is a well-known liver tonic that supports detoxification, digestion, and urinary health.",herb_benefits_kasani
benefits of sharapunkha,sharapunkha,Tephrosia purpurea is a renowned herb for liver and spleen disorders and also acts as a blood purifier.,herb_benefits_sharapunkha
sharapunkha for yakrituttejaka,sharapunkha,sharapunkha is beneficial for yakrituttejaka,herb_benefits_yakrituttejaka
sharapunkha for raktashodhak,sharapunkha,sharapunkha is beneficial for raktashodhak,herb_benefits_raktashodhak
what is sharapunkha used for,sharapunkha,Tephrosia purpurea is a renowned herb for liver and spleen disorders and also acts as a blood purifier.,herb_benefits_sharapunkha
how to use sharapunkha,sharapunkha,Tephrosia purpurea is a renowned herb for liver and spleen disorders and also acts as a blood purifier.,herb_benefits_sharapunkha
sharapunkha medicinal properties,sharapunkha,Tephrosia purpurea is a renowned herb for liver and spleen disorders and also acts as a blood purifier.,herb_benefits_sharapunkha
sharapunkha health benefits,sharapunkha,Tephrosia purpurea is a renowned herb for liver and spleen disorders and also acts as a blood purifier.,herb_benefits_sharapunkha
therapeutic effects of sharapunkha,sharapunkha,Tephrosia purpurea is a renowned herb for liver and spleen disorders and also acts as a blood purifier.,herb_benefits_sharapunkha
benefits of prishniparni,prishniparni,"A member of the Dashamoola group, Uraria picta is a tonic that balances all three doshas and supports fracture healing.",herb_benefits_prishniparni
prishniparni for balya,prishniparni,prishniparni is beneficial for balya,herb_benefits_balya
prishniparni for vrishya,prishniparni,prishniparni is beneficial for vrishya,herb_benefits_vrishya
prishniparni for sandhanakaraka,prishniparni,prishniparni is beneficial for sandhanakaraka,herb_benefits_sandhanakaraka
what is prishniparni used for,prishniparni,"A member of the Dashamoola group, Uraria picta is a tonic that balances all three doshas and supports fracture healing.",herb_benefits_prishniparni
how to use prishniparni,prishniparni,"A member of the Dashamoola group, Uraria picta is a tonic that balances all three doshas and supports fracture healing.",herb_benefits_prishniparni
prishniparni medicinal properties,prishniparni,"A member of the Dashamoola group, Uraria picta is a tonic that balances all three doshas and supports fracture healing.",herb_benefits_prishniparni
prishniparni health benefits,prishniparni,"A member of the Dashamoola group, Uraria picta is a tonic that balances all three doshas and supports fracture healing.",herb_benefits_prishniparni
therapeutic effects of prishniparni,prishniparni,"A member of the Dashamoola group, Uraria picta is a tonic that balances all three doshas and supports fracture healing.",herb_benefits_prishniparni
benefits of jayapala,jayapala,Croton tiglium is the most potent purgative in Ayurveda and must be used only after purification and in minute doses.,herb_benefits_jayapala
jayapala for virechana,jayapala,jayapala is beneficial for virechana,herb_benefits_virechana
what is jayapala used for,jayapala,Croton tiglium is the most potent purgative in Ayurveda and must be used only after purification and in minute doses.,herb_benefits_jayapala
how to use jayapala,jayapala,Croton tiglium is the most potent purgative in Ayurveda and must be used only after purification and in minute doses.,herb_benefits_jayapala
jayapala medicinal properties,jayapala,Croton tiglium is the most potent purgative in Ayurveda and must be used only after purification and in minute doses.,herb_benefits_jayapala
jayapala health benefits,jayapala,Croton tiglium is the most potent purgative in Ayurveda and must be used only after purification and in minute doses.,herb_benefits_jayapala
therapeutic effects of jayapala,jayapala,Croton tiglium is the most potent purgative in Ayurveda and must be used only after purification and in minute doses.,herb_benefits_jayapala
benefits of gunja,gunja,Abrus precatorius seeds are toxic but used after purification for skin diseases and as a nervine tonic.,herb_benefits_gunja
gunja for keshya,gunja,gunja is beneficial for keshya,herb_benefits_keshya
gunja for kushtaghna,gunja,gunja is beneficial for kushtaghna,herb_benefits_kushtaghna
what is gunja used for,gunja,Abrus precatorius seeds are toxic but used after purification for skin diseases and as a nervine tonic.,herb_benefits_gunja
how to use gunja,gunja,Abrus precatorius seeds are toxic but used after purification for skin diseases and as a nervine tonic.,herb_benefits_gunja
gunja medicinal properties,gunja,Abrus precatorius seeds are toxic but used after purification for skin diseases and as a nervine tonic.,herb_benefits_gunja
gunja health benefits,gunja,Abrus precatorius seeds are toxic but used after purification for skin diseases and as a nervine tonic.,herb_benefits_gunja
therapeutic effects of gunja,gunja,Abrus precatorius seeds are toxic but used after purification for skin diseases and as a nervine tonic.,herb_benefits_gunja
benefits of karavira,karavira,Oleander is a toxic plant used externally after processing for skin diseases and wound healing.,herb_benefits_karavira
karavira for kushtaghna,karavira,karavira is beneficial for kushtaghna,herb_benefits_kushtaghna
karavira for vranashodhak,karavira,karavira is beneficial for vranashodhak,herb_benefits_vranashodhak
what is karavira used for,karavira,Oleander is a toxic plant used externally after processing for skin diseases and wound healing.,herb_benefits_karavira
how to use karavira,karavira,Oleander is a toxic plant used externally after processing for skin diseases and wound healing.,herb_benefits_karavira
karavira medicinal properties,karavira,Oleander is a toxic plant used externally after processing for skin diseases and wound healing.,herb_benefits_karavira
karavira health benefits,karavira,Oleander is a toxic plant used externally after processing for skin diseases and wound healing.,herb_benefits_karavira
therapeutic effects of karavira,karavira,Oleander is a toxic plant used externally after processing for skin diseases and wound healing.,herb_benefits_karavira
benefits of kadamba,kadamba,"Neolamarckia cadamba is a cooling herb used to pacify Pitta, manage fever, and treat ulcers.",herb_benefits_kadamba
kadamba for jwaraghna,kadamba,kadamba is beneficial for jwaraghna,herb_benefits_jwaraghna
kadamba for vranaropana,kadamba,kadamba is beneficial for vranaropana,herb_benefits_vranaropana
what is kadamba used for,kadamba,"Neolamarckia cadamba is a cooling herb used to pacify Pitta, manage fever, and treat ulcers.",herb_benefits_kadamba
how to use kadamba,kadamba,"Neolamarckia cadamba is a cooling herb used to pacify Pitta, manage fever, and treat ulcers.",herb_benefits_kadamba
kadamba medicinal properties,kadamba,"Neolamarckia cadamba is a cooling herb used to pacify Pitta, manage fever, and treat ulcers.",herb_benefits_kadamba
kadamba health benefits,kadamba,"Neolamarckia cadamba is a cooling herb used to pacify Pitta, manage fever, and treat ulcers.",herb_benefits_kadamba
therapeutic effects of kadamba,kadamba,"Neolamarckia cadamba is a cooling herb used to pacify Pitta, manage fever, and treat ulcers.",herb_benefits_kadamba
benefits of badara,badara,"Jujube fruit (Ber) is nourishing and acts as a mild laxative, while its leaves are used for wound healing.",herb_benefits_badara
badara for balya,badara,badara is beneficial for balya,herb_benefits_balya
badara for grahi,badara,badara is beneficial for grahi,herb_benefits_grahi
what is badara used for,badara,"Jujube fruit (Ber) is nourishing and acts as a mild laxative, while its leaves are used for wound healing.",herb_benefits_badara
how to use badara,badara,"Jujube fruit (Ber) is nourishing and acts as a mild laxative, while its leaves are used for wound healing.",herb_benefits_badara
badara medicinal properties,badara,"Jujube fruit (Ber) is nourishing and acts as a mild laxative, while its leaves are used for wound healing.",herb_benefits_badara
badara health benefits,badara,"Jujube fruit (Ber) is nourishing and acts as a mild laxative, while its leaves are used for wound healing.",herb_benefits_badara
therapeutic effects of badara,badara,"Jujube fruit (Ber) is nourishing and acts as a mild laxative, while its leaves are used for wound healing.",herb_benefits_badara
benefits of kapittha,kapittha,Wood Apple is used to treat chronic diarrhea and dysentery; the unripe fruit is a powerful astringent.,herb_benefits_kapittha
kapittha for grahi,kapittha,kapittha is beneficial for grahi,herb_benefits_grahi
kapittha for deepana,kapittha,kapittha is beneficial for deepana,herb_benefits_deepana
what is kapittha used for,kapittha,Wood Apple is used to treat chronic diarrhea and dysentery; the unripe fruit is a powerful astringent.,herb_benefits_kapittha
how to use kapittha,kapittha,Wood Apple is used to treat chronic diarrhea and dysentery; the unripe fruit is a powerful astringent.,herb_benefits_kapittha
kapittha medicinal properties,kapittha,Wood Apple is used to treat chronic diarrhea and dysentery; the unripe fruit is a powerful astringent.,herb_benefits_kapittha
kapittha health benefits,kapittha,Wood Apple is used to treat chronic diarrhea and dysentery; the unripe fruit is a powerful astringent.,herb_benefits_kapittha
therapeutic effects of kapittha,kapittha,Wood Apple is used to treat chronic diarrhea and dysentery; the unripe fruit is a powerful astringent.,herb_benefits_kapittha
benefits of kharjura,kharjura,"Dates are highly nourishing, strength-promoting, and act as a natural aphrodisiac and tonic.",herb_benefits_kharjura
kharjura for balya,kharjura,kharjura is beneficial for balya,herb_benefits_balya
kharjura for vrishya,kharjura,kharjura is beneficial for vrishya,herb_benefits_vrishya
kharjura for brimhaniya,kharjura,kharjura is beneficial for brimhaniya,herb_benefits_brimhaniya
what is kharjura used for,kharjura,"Dates are highly nourishing, strength-promoting, and act as a natural aphrodisiac and tonic.",herb_benefits_kharjura
how to use kharjura,kharjura,"Dates are highly nourishing, strength-promoting, and act as a natural aphrodisiac and tonic.",herb_benefits_kharjura
kharjura medicinal properties,kharjura,"Dates are highly nourishing, strength-promoting, and act as a natural aphrodisiac and tonic.",herb_benefits_kharjura
kharjura health benefits,kharjura,"Dates are highly nourishing, strength-promoting, and act as a natural aphrodisiac and tonic.",herb_benefits_kharjura
therapeutic effects of kharjura,kharjura,"Dates are highly nourishing, strength-promoting, and act as a natural aphrodisiac and tonic.",herb_benefits_kharjura
benefits of langali,langali,"Gloriosa superba is a potent herb used for inducing labor and in treating skin diseases, but is toxic if not used correctly.",herb_benefits_langali
langali for kushtaghna,langali,langali is beneficial for kushtaghna,herb_benefits_kushtaghna
langali for garbhashaya sankochaka,langali,langali is beneficial for garbhashaya sankochaka,herb_benefits_garbhashaya_sankochaka
what is langali used for,langali,"Gloriosa superba is a potent herb used for inducing labor and in treating skin diseases, but is toxic if not used correctly.",herb_benefits_langali
how to use langali,langali,"Gloriosa superba is a potent herb used for inducing labor and in treating skin diseases, but is toxic if not used correctly.",herb_benefits_langali
langali medicinal properties,langali,"Gloriosa superba is a potent herb used for inducing labor and in treating skin diseases, but is toxic if not used correctly.",herb_benefits_langali
langali health benefits,langali,"Gloriosa superba is a potent herb used for inducing labor and in treating skin diseases, but is toxic if not used correctly.",herb_benefits_langali
therapeutic effects of langali,langali,"Gloriosa superba is a potent herb used for inducing labor and in treating skin diseases, but is toxic if not used correctly.",herb_benefits_langali
benefits of javitri,javitri,"Mace is the outer covering of nutmeg, used as an aromatic stimulant to improve appetite and digestion.",herb_benefits_javitri
javitri for deepana,javitri,javitri is beneficial for deepana,herb_benefits_deepana
javitri for varnya,javitri,javitri is beneficial for varnya,herb_benefits_varnya
what is javitri used for,javitri,"Mace is the outer covering of nutmeg, used as an aromatic stimulant to improve appetite and digestion.",herb_benefits_javitri
how to use javitri,javitri,"Mace is the outer covering of nutmeg, used as an aromatic stimulant to improve appetite and digestion.",herb_benefits_javitri
javitri medicinal properties,javitri,"Mace is the outer covering of nutmeg, used as an aromatic stimulant to improve appetite and digestion.",herb_benefits_javitri
javitri health benefits,javitri,"Mace is the outer covering of nutmeg, used as an aromatic stimulant to improve appetite and digestion.",herb_benefits_javitri
therapeutic effects of javitri,javitri,"Mace is the outer covering of nutmeg, used as an aromatic stimulant to improve appetite and digestion.",herb_benefits_javitri
benefits of kankola,kankola,"Cubeb pepper is a diuretic and antiseptic, useful in urinary tract infections and respiratory congestion.",herb_benefits_kankola
kankola for mutrala,kankola,kankola is beneficial for mutrala,herb_benefits_mutrala
kankola for deepana,kankola,kankola is beneficial for deepana,herb_benefits_deepana
kankola for hridaya,kankola,kankola is beneficial for hridaya,herb_benefits_hridaya
what is kankola used for,kankola,"Cubeb pepper is a diuretic and antiseptic, useful in urinary tract infections and respiratory congestion.",herb_benefits_kankola
how to use kankola,kankola,"Cubeb pepper is a diuretic and antiseptic, useful in urinary tract infections and respiratory congestion.",herb_benefits_kankola
kankola medicinal properties,kankola,"Cubeb pepper is a diuretic and antiseptic, useful in urinary tract infections and respiratory congestion.",herb_benefits_kankola
kankola health benefits,kankola,"Cubeb pepper is a diuretic and antiseptic, useful in urinary tract infections and respiratory congestion.",herb_benefits_kankola
therapeutic effects of kankola,kankola,"Cubeb pepper is a diuretic and antiseptic, useful in urinary tract infections and respiratory congestion.",herb_benefits_kankola
benefits of mudga,mudga,"Green Gram (Mung Bean) is considered the best among pulses. It is light, easy to digest, and balancing for all doshas.",herb_benefits_mudga
mudga for grahi,mudga,mudga is beneficial for grahi,herb_benefits_grahi
mudga for chakshushya,mudga,mudga is beneficial for chakshushya,herb_benefits_chakshushya
what is mudga used for,mudga,"Green Gram (Mung Bean) is considered the best among pulses. It is light, easy to digest, and balancing for all doshas.",herb_benefits_mudga
how to use mudga,mudga,"Green Gram (Mung Bean) is considered the best among pulses. It is light, easy to digest, and balancing for all doshas.",herb_benefits_mudga
mudga medicinal properties,mudga,"Green Gram (Mung Bean) is considered the best among pulses. It is light, easy to digest, and balancing for all doshas.",herb_benefits_mudga
mudga health benefits,mudga,"Green Gram (Mung Bean) is considered the best among pulses. It is light, easy to digest, and balancing for all doshas.",herb_benefits_mudga
therapeutic effects of mudga,mudga,"Green Gram (Mung Bean) is considered the best among pulses. It is light, easy to digest, and balancing for all doshas.",herb_benefits_mudga
benefits of masura,masura,"Lentil is astringent and light, useful in managing diarrhea and bleeding disorders.",herb_benefits_masura
masura for grahi,masura,masura is beneficial for grahi,herb_benefits_grahi
masura for balya,masura,masura is beneficial for balya,herb_benefits_balya
what is masura used for,masura,"Lentil is astringent and light, useful in managing diarrhea and bleeding disorders.",herb_benefits_masura
how to use masura,masura,"Lentil is astringent and light, useful in managing diarrhea and bleeding disorders.",herb_benefits_masura
masura medicinal properties,masura,"Lentil is astringent and light, useful in managing diarrhea and bleeding disorders.",herb_benefits_masura
masura health benefits,masura,"Lentil is astringent and light, useful in managing diarrhea and bleeding disorders.",herb_benefits_masura
therapeutic effects of masura,masura,"Lentil is astringent and light, useful in managing diarrhea and bleeding disorders.",herb_benefits_masura
benefits of ishwari,ishwari,"Aristolochia indica is a potent anti-venom and anti-inflammatory herb, used for snake bites and fevers.",herb_benefits_ishwari
ishwari for vishaghna,ishwari,ishwari is beneficial for vishaghna,herb_benefits_vishaghna
ishwari for jwaraghna,ishwari,ishwari is beneficial for jwaraghna,herb_benefits_jwaraghna
what is ishwari used for,ishwari,"Aristolochia indica is a potent anti-venom and anti-inflammatory herb, used for snake bites and fevers.",herb_benefits_ishwari
how to use ishwari,ishwari,"Aristolochia indica is a potent anti-venom and anti-inflammatory herb, used for snake bites and fevers.",herb_benefits_ishwari
ishwari medicinal properties,ishwari,"Aristolochia indica is a potent anti-venom and anti-inflammatory herb, used for snake bites and fevers.",herb_benefits_ishwari
ishwari health benefits,ishwari,"Aristolochia indica is a potent anti-venom and anti-inflammatory herb, used for snake bites and fevers.",herb_benefits_ishwari
therapeutic effects of ishwari,ishwari,"Aristolochia indica is a potent anti-venom and anti-inflammatory herb, used for snake bites and fevers.",herb_benefits_ishwari
benefits of bruhati,bruhati,"Solanum indicum, part of Dashamoola, is effective in respiratory conditions and as a cardiotonic.",herb_benefits_bruhati
bruhati for hridaya,bruhati,bruhati is beneficial for hridaya,herb_benefits_hridaya
bruhati for shwasahara,bruhati,bruhati is beneficial for shwasahara,herb_benefits_shwasahara
bruhati for shothahara,bruhati,bruhati is beneficial for shothahara,herb_benefits_shothahara
what is bruhati used for,bruhati,"Solanum indicum, part of Dashamoola, is effective in respiratory conditions and as a cardiotonic.",herb_benefits_bruhati
how to use bruhati,bruhati,"Solanum indicum, part of Dashamoola, is effective in respiratory conditions and as a cardiotonic.",herb_benefits_bruhati
bruhati medicinal properties,bruhati,"Solanum indicum, part of Dashamoola, is effective in respiratory conditions and as a cardiotonic.",herb_benefits_bruhati
bruhati health benefits,bruhati,"Solanum indicum, part of Dashamoola, is effective in respiratory conditions and as a cardiotonic.",herb_benefits_bruhati
therapeutic effects of bruhati,bruhati,"Solanum indicum, part of Dashamoola, is effective in respiratory conditions and as a cardiotonic.",herb_benefits_bruhati
benefits of priyangu,priyangu,"Callicarpa macrophylla is a cooling herb used for skin diseases, bleeding disorders, and headache.",herb_benefits_priyangu
priyangu for dahashamana,priyangu,priyangu is beneficial for dahashamana,herb_benefits_dahashamana
priyangu for varnya,priyangu,priyangu is beneficial for varnya,herb_benefits_varnya
what is priyangu used for,priyangu,"Callicarpa macrophylla is a cooling herb used for skin diseases, bleeding disorders, and headache.",herb_benefits_priyangu
how to use priyangu,priyangu,"Callicarpa macrophylla is a cooling herb used for skin diseases, bleeding disorders, and headache.",herb_benefits_priyangu
priyangu medicinal properties,priyangu,"Callicarpa macrophylla is a cooling herb used for skin diseases, bleeding disorders, and headache.",herb_benefits_priyangu
priyangu health benefits,priyangu,"Callicarpa macrophylla is a cooling herb used for skin diseases, bleeding disorders, and headache.",herb_benefits_priyangu
therapeutic effects of priyangu,priyangu,"Callicarpa macrophylla is a cooling herb used for skin diseases, bleeding disorders, and headache.",herb_benefits_priyangu
benefits of souvarchala lavana,souvarchala lavana,"Black salt, known as Kala Namak, aids digestion, relieves gas, and stimulates appetite.",herb_benefits_souvarchala_lavana
souvarchala lavana for deepana,souvarchala lavana,souvarchala lavana is beneficial for deepana,herb_benefits_deepana
souvarchala lavana for pachana,souvarchala lavana,souvarchala lavana is beneficial for pachana,herb_benefits_pachana
souvarchala lavana for hridaya,souvarchala lavana,souvarchala lavana is beneficial for hridaya,herb_benefits_hridaya
what is souvarchala lavana used for,souvarchala lavana,"Black salt, known as Kala Namak, aids digestion, relieves gas, and stimulates appetite.",herb_benefits_souvarchala_lavana
how to use souvarchala lavana,souvarchala lavana,"Black salt, known as Kala Namak, aids digestion, relieves gas, and stimulates appetite.",herb_benefits_souvarchala_lavana
souvarchala lavana medicinal properties,souvarchala lavana,"Black salt, known as Kala Namak, aids digestion, relieves gas, and stimulates appetite.",herb_benefits_souvarchala_lavana
souvarchala lavana health benefits,souvarchala lavana,"Black salt, known as Kala Namak, aids digestion, relieves gas, and stimulates appetite.",herb_benefits_souvarchala_lavana
therapeutic effects of souvarchala lavana,souvarchala lavana,"Black salt, known as Kala Namak, aids digestion, relieves gas, and stimulates appetite.",herb_benefits_souvarchala_lavana
benefits of saindhava lavana,saindhava lavana,Rock salt is considered the best among all salts. It is cooling and aids digestion without aggravating Pitta.,herb_benefits_saindhava_lavana
saindhava lavana for chakshushya,saindhava lavana,saindhava lavana is beneficial for chakshushya,herb_benefits_chakshushya
saindhava lavana for hridaya,saindhava lavana,saindhava lavana is beneficial for hridaya,herb_benefits_hridaya
saindhava lavana for vrishya,saindhava lavana,saindhava lavana is beneficial for vrishya,herb_benefits_vrishya
what is saindhava lavana used for,saindhava lavana,Rock salt is considered the best among all salts. It is cooling and aids digestion without aggravating Pitta.,herb_benefits_saindhava_lavana
how to use saindhava lavana,saindhava lavana,Rock salt is considered the best among all salts. It is cooling and aids digestion without aggravating Pitta.,herb_benefits_saindhava_lavana
saindhava lavana medicinal properties,saindhava lavana,Rock salt is considered the best among all salts. It is cooling and aids digestion without aggravating Pitta.,herb_benefits_saindhava_lavana
saindhava lavana health benefits,saindhava lavana,Rock salt is considered the best among all salts. It is cooling and aids digestion without aggravating Pitta.,herb_benefits_saindhava_lavana
therapeutic effects of saindhava lavana,saindhava lavana,Rock salt is considered the best among all salts. It is cooling and aids digestion without aggravating Pitta.,herb_benefits_saindhava_lavana
benefits of dhattura,dhattura,"A toxic plant (Jimsonweed) used in purified form for asthma, pain, and skin diseases.",herb_benefits_dhattura
dhattura for kasahara,dhattura,dhattura is beneficial for kasahara,herb_benefits_kasahara
dhattura for shwasahara,dhattura,dhattura is beneficial for shwasahara,herb_benefits_shwasahara
dhattura for vedanasthapana,dhattura,dhattura is beneficial for vedanasthapana,herb_benefits_vedanasthapana
what is dhattura used for,dhattura,"A toxic plant (Jimsonweed) used in purified form for asthma, pain, and skin diseases.",herb_benefits_dhattura
how to use dhattura,dhattura,"A toxic plant (Jimsonweed) used in purified form for asthma, pain, and skin diseases.",herb_benefits_dhattura
dhattura medicinal properties,dhattura,"A toxic plant (Jimsonweed) used in purified form for asthma, pain, and skin diseases.",herb_benefits_dhattura
dhattura health benefits,dhattura,"A toxic plant (Jimsonweed) used in purified form for asthma, pain, and skin diseases.",herb_benefits_dhattura
therapeutic effects of dhattura,dhattura,"A toxic plant (Jimsonweed) used in purified form for asthma, pain, and skin diseases.",herb_benefits_dhattura
benefits of ativisha,ativisha,"Aconitum heterophyllum is a key herb for fever, diarrhea, and cough, especially in children.",herb_benefits_ativisha
ativisha for deepana,ativisha,ativisha is beneficial for deepana,herb_benefits_deepana
ativisha for pachana,ativisha,ativisha is beneficial for pachana,herb_benefits_pachana
ativisha for jwaraghna,ativisha,ativisha is beneficial for jwaraghna,herb_benefits_jwaraghna
what is ativisha used for,ativisha,"Aconitum heterophyllum is a key herb for fever, diarrhea, and cough, especially in children.",herb_benefits_ativisha
how to use ativisha,ativisha,"Aconitum heterophyllum is a key herb for fever, diarrhea, and cough, especially in children.",herb_benefits_ativisha
ativisha medicinal properties,ativisha,"Aconitum heterophyllum is a key herb for fever, diarrhea, and cough, especially in children.",herb_benefits_ativisha
ativisha health benefits,ativisha,"Aconitum heterophyllum is a key herb for fever, diarrhea, and cough, especially in children.",herb_benefits_ativisha
therapeutic effects of ativisha,ativisha,"Aconitum heterophyllum is a key herb for fever, diarrhea, and cough, especially in children.",herb_benefits_ativisha
benefits of vamsha,vamsha,"Bamboo manna (Vanshlochan) is used as a tonic for the respiratory system, especially in cough and cold.",herb_benefits_vamsha
vamsha for balya,vamsha,vamsha is beneficial for balya,herb_benefits_balya
vamsha for vrishya,vamsha,vamsha is beneficial for vrishya,herb_benefits_vrishya
vamsha for kasahara,vamsha,vamsha is beneficial for kasahara,herb_benefits_kasahara
what is vamsha used for,vamsha,"Bamboo manna (Vanshlochan) is used as a tonic for the respiratory system, especially in cough and cold.",herb_benefits_vamsha
how to use vamsha,vamsha,"Bamboo manna (Vanshlochan) is used as a tonic for the respiratory system, especially in cough and cold.",herb_benefits_vamsha
vamsha medicinal properties,vamsha,"Bamboo manna (Vanshlochan) is used as a tonic for the respiratory system, especially in cough and cold.",herb_benefits_vamsha
vamsha health benefits,vamsha,"Bamboo manna (Vanshlochan) is used as a tonic for the respiratory system, especially in cough and cold.",herb_benefits_vamsha
therapeutic effects of vamsha,vamsha,"Bamboo manna (Vanshlochan) is used as a tonic for the respiratory system, especially in cough and cold.",herb_benefits_vamsha
benefits of tila taila,tila taila,"Sesame oil is the premier oil in Ayurveda for pacifying Vata, strengthening bones, and nourishing the skin.",herb_benefits_tila_taila
tila taila for balya,tila taila,tila taila is beneficial for balya,herb_benefits_balya
tila taila for vatahara,tila taila,tila taila is beneficial for vatahara,herb_benefits_vatahara
tila taila for keshya,tila taila,tila taila is beneficial for keshya,herb_benefits_keshya
what is tila taila used for,tila taila,"Sesame oil is the premier oil in Ayurveda for pacifying Vata, strengthening bones, and nourishing the skin.",herb_benefits_tila_taila
how to use tila taila,tila taila,"Sesame oil is the premier oil in Ayurveda for pacifying Vata, strengthening bones, and nourishing the skin.",herb_benefits_tila_taila
tila taila medicinal properties,tila taila,"Sesame oil is the premier oil in Ayurveda for pacifying Vata, strengthening bones, and nourishing the skin.",herb_benefits_tila_taila
tila taila health benefits,tila taila,"Sesame oil is the premier oil in Ayurveda for pacifying Vata, strengthening bones, and nourishing the skin.",herb_benefits_tila_taila
therapeutic effects of tila taila,tila taila,"Sesame oil is the premier oil in Ayurveda for pacifying Vata, strengthening bones, and nourishing the skin.",herb_benefits_tila_taila
benefits of eranda taila,eranda taila,"Castor oil is a strong laxative and is excellent for Vata disorders, joint pain, and detoxification.",herb_benefits_eranda_taila
eranda taila for virechana,eranda taila,eranda taila is beneficial for virechana,herb_benefits_virechana
eranda taila for vatahara,eranda taila,eranda taila is beneficial for vatahara,herb_benefits_vatahara
eranda taila for shoolaghna,eranda taila,eranda taila is beneficial for shoolaghna,herb_benefits_shoolaghna
what is eranda taila used for,eranda taila,"Castor oil is a strong laxative and is excellent for Vata disorders, joint pain, and detoxification.",herb_benefits_eranda_taila
how to use eranda taila,eranda taila,"Castor oil is a strong laxative and is excellent for Vata disorders, joint pain, and detoxification.",herb_benefits_eranda_taila
eranda taila medicinal properties,eranda taila,"Castor oil is a strong laxative and is excellent for Vata disorders, joint pain, and detoxification.",herb_benefits_eranda_taila
eranda taila health benefits,eranda taila,"Castor oil is a strong laxative and is excellent for Vata disorders, joint pain, and detoxification.",herb_benefits_eranda_taila
therapeutic effects of eranda taila,eranda taila,"Castor oil is a strong laxative and is excellent for Vata disorders, joint pain, and detoxification.",herb_benefits_eranda_taila
benefits of madhu,madhu,"Honey is used as a vehicle (anupana) for many medicines. It is scraping, healing, and pacifies Kapha.",herb_benefits_madhu
madhu for lekhana,madhu,madhu is beneficial for lekhana,herb_benefits_lekhana
madhu for sandhanakaraka,madhu,madhu is beneficial for sandhanakaraka,herb_benefits_sandhanakaraka
madhu for chakshushya,madhu,madhu is beneficial for chakshushya,herb_benefits_chakshushya
what is madhu used for,madhu,"Honey is used as a vehicle (anupana) for many medicines. It is scraping, healing, and pacifies Kapha.",herb_benefits_madhu
how to use madhu,madhu,"Honey is used as a vehicle (anupana) for many medicines. It is scraping, healing, and pacifies Kapha.",herb_benefits_madhu
madhu medicinal properties,madhu,"Honey is used as a vehicle (anupana) for many medicines. It is scraping, healing, and pacifies Kapha.",herb_benefits_madhu
madhu health benefits,madhu,"Honey is used as a vehicle (anupana) for many medicines. It is scraping, healing, and pacifies Kapha.",herb_benefits_madhu
therapeutic effects of madhu,madhu,"Honey is used as a vehicle (anupana) for many medicines. It is scraping, healing, and pacifies Kapha.",herb_benefits_madhu
benefits of ghrita,ghrita,"Ghee (clarified butter) is a premier rejuvenative, pacifying Vata and Pitta, enhancing memory and digestion.",herb_benefits_ghrita
ghrita for rasayan,ghrita,ghrita is beneficial for rasayan,herb_benefits_rasayan
ghrita for medhya,ghrita,ghrita is beneficial for medhya,herb_benefits_medhya
ghrita for chakshushya,ghrita,ghrita is beneficial for chakshushya,herb_benefits_chakshushya
what is ghrita used for,ghrita,"Ghee (clarified butter) is a premier rejuvenative, pacifying Vata and Pitta, enhancing memory and digestion.",herb_benefits_ghrita
how to use ghrita,ghrita,"Ghee (clarified butter) is a premier rejuvenative, pacifying Vata and Pitta, enhancing memory and digestion.",herb_benefits_ghrita
ghrita medicinal properties,ghrita,"Ghee (clarified butter) is a premier rejuvenative, pacifying Vata and Pitta, enhancing memory and digestion.",herb_benefits_ghrita
ghrita health benefits,ghrita,"Ghee (clarified butter) is a premier rejuvenative, pacifying Vata and Pitta, enhancing memory and digestion.",herb_benefits_ghrita
therapeutic effects of ghrita,ghrita,"Ghee (clarified butter) is a premier rejuvenative, pacifying Vata and Pitta, enhancing memory and digestion.",herb_benefits_ghrita
benefits of palandu,palandu,"Onion is a Vata-pacifying vegetable, acting as an aphrodisiac and nervine tonic, but can aggravate Pitta.",herb_benefits_palandu
palandu for vrishya,palandu,palandu is beneficial for vrishya,herb_benefits_vrishya
palandu for balya,palandu,palandu is beneficial for balya,herb_benefits_balya
what is palandu used for,palandu,"Onion is a Vata-pacifying vegetable, acting as an aphrodisiac and nervine tonic, but can aggravate Pitta.",herb_benefits_palandu
how to use palandu,palandu,"Onion is a Vata-pacifying vegetable, acting as an aphrodisiac and nervine tonic, but can aggravate Pitta.",herb_benefits_palandu
palandu medicinal properties,palandu,"Onion is a Vata-pacifying vegetable, acting as an aphrodisiac and nervine tonic, but can aggravate Pitta.",herb_benefits_palandu
palandu health benefits,palandu,"Onion is a Vata-pacifying vegetable, acting as an aphrodisiac and nervine tonic, but can aggravate Pitta.",herb_benefits_palandu
therapeutic effects of palandu,palandu,"Onion is a Vata-pacifying vegetable, acting as an aphrodisiac and nervine tonic, but can aggravate Pitta.",herb_benefits_palandu
benefits of trapusha,trapusha,"Cucumber is a cooling diuretic, excellent for pacifying Pitta, quenching thirst, and urinary health.",herb_benefits_trapusha
trapusha for mutrala,trapusha,trapusha is beneficial for mutrala,herb_benefits_mutrala
trapusha for dahashamana,trapusha,trapusha is beneficial for dahashamana,herb_benefits_dahashamana
what is trapusha used for,trapusha,"Cucumber is a cooling diuretic, excellent for pacifying Pitta, quenching thirst, and urinary health.",herb_benefits_trapusha
how to use trapusha,trapusha,"Cucumber is a cooling diuretic, excellent for pacifying Pitta, quenching thirst, and urinary health.",herb_benefits_trapusha
trapusha medicinal properties,trapusha,"Cucumber is a cooling diuretic, excellent for pacifying Pitta, quenching thirst, and urinary health.",herb_benefits_trapusha
trapusha health benefits,trapusha,"Cucumber is a cooling diuretic, excellent for pacifying Pitta, quenching thirst, and urinary health.",herb_benefits_trapusha
therapeutic effects of trapusha,trapusha,"Cucumber is a cooling diuretic, excellent for pacifying Pitta, quenching thirst, and urinary health.",herb_benefits_trapusha
benefits of hrivera,hrivera,"Also known as Valaka, this herb is used for fever, burning sensation, and digestive issues like diarrhea.",herb_benefits_hrivera
hrivera for jwaraghna,hrivera,hrivera is beneficial for jwaraghna,herb_benefits_jwaraghna
hrivera for grahi,hrivera,hrivera is beneficial for grahi,herb_benefits_grahi
hrivera for deepana,hrivera,hrivera is beneficial for deepana,herb_benefits_deepana
what is hrivera used for,hrivera,"Also known as Valaka, this herb is used for fever, burning sensation, and digestive issues like diarrhea.",herb_benefits_hrivera
how to use hrivera,hrivera,"Also known as Valaka, this herb is used for fever, burning sensation, and digestive issues like diarrhea.",herb_benefits_hrivera
hrivera medicinal properties,hrivera,"Also known as Valaka, this herb is used for fever, burning sensation, and digestive issues like diarrhea.",herb_benefits_hrivera
hrivera health benefits,hrivera,"Also known as Valaka, this herb is used for fever, burning sensation, and digestive issues like diarrhea.",herb_benefits_hrivera
therapeutic effects of hrivera,hrivera,"Also known as Valaka, this herb is used for fever, burning sensation, and digestive issues like diarrhea.",herb_benefits_hrivera
benefits of plaksha,plaksha,"A species of Fig tree, its bark is used for bleeding disorders, ulcers, and to pacify Pitta and Kapha.",herb_benefits_plaksha
plaksha for raktastambhana,plaksha,plaksha is beneficial for raktastambhana,herb_benefits_raktastambhana
plaksha for vranaropana,plaksha,plaksha is beneficial for vranaropana,herb_benefits_vranaropana
what is plaksha used for,plaksha,"A species of Fig tree, its bark is used for bleeding disorders, ulcers, and to pacify Pitta and Kapha.",herb_benefits_plaksha
how to use plaksha,plaksha,"A species of Fig tree, its bark is used for bleeding disorders, ulcers, and to pacify Pitta and Kapha.",herb_benefits_plaksha
plaksha medicinal properties,plaksha,"A species of Fig tree, its bark is used for bleeding disorders, ulcers, and to pacify Pitta and Kapha.",herb_benefits_plaksha
plaksha health benefits,plaksha,"A species of Fig tree, its bark is used for bleeding disorders, ulcers, and to pacify Pitta and Kapha.",herb_benefits_plaksha
therapeutic effects of plaksha,plaksha,"A species of Fig tree, its bark is used for bleeding disorders, ulcers, and to pacify Pitta and Kapha.",herb_benefits_plaksha
benefits of udumbara,udumbara,"Gular Fig is a cooling, astringent herb used in the treatment of bleeding disorders and diabetes.",herb_benefits_udumbara
udumbara for raktastambhana,udumbara,udumbara is beneficial for raktastambhana,herb_benefits_raktastambhana
udumbara for pramehaghna,udumbara,udumbara is beneficial for pramehaghna,herb_benefits_pramehaghna
what is udumbara used for,udumbara,"Gular Fig is a cooling, astringent herb used in the treatment of bleeding disorders and diabetes.",herb_benefits_udumbara
how to use udumbara,udumbara,"Gular Fig is a cooling, astringent herb used in the treatment of bleeding disorders and diabetes.",herb_benefits_udumbara
udumbara medicinal properties,udumbara,"Gular Fig is a cooling, astringent herb used in the treatment of bleeding disorders and diabetes.",herb_benefits_udumbara
udumbara health benefits,udumbara,"Gular Fig is a cooling, astringent herb used in the treatment of bleeding disorders and diabetes.",herb_benefits_udumbara
therapeutic effects of udumbara,udumbara,"Gular Fig is a cooling, astringent herb used in the treatment of bleeding disorders and diabetes.",herb_benefits_udumbara
benefits of ashwattha,ashwattha,"The sacred Peepal tree's bark is used for its cooling and astringent properties, healing wounds and purifying blood.",herb_benefits_ashwattha
ashwattha for varnya,ashwattha,ashwattha is beneficial for varnya,herb_benefits_varnya
ashwattha for vranaropana,ashwattha,ashwattha is beneficial for vranaropana,herb_benefits_vranaropana
what is ashwattha used for,ashwattha,"The sacred Peepal tree's bark is used for its cooling and astringent properties, healing wounds and purifying blood.",herb_benefits_ashwattha
how to use ashwattha,ashwattha,"The sacred Peepal tree's bark is used for its cooling and astringent properties, healing wounds and purifying blood.",herb_benefits_ashwattha
ashwattha medicinal properties,ashwattha,"The sacred Peepal tree's bark is used for its cooling and astringent properties, healing wounds and purifying blood.",herb_benefits_ashwattha
ashwattha health benefits,ashwattha,"The sacred Peepal tree's bark is used for its cooling and astringent properties, healing wounds and purifying blood.",herb_benefits_ashwattha
therapeutic effects of ashwattha,ashwattha,"The sacred Peepal tree's bark is used for its cooling and astringent properties, healing wounds and purifying blood.",herb_benefits_ashwattha
benefits of puga,puga,"Areca nut (Betel nut) is a stimulant and astringent, but is used cautiously in Ayurveda.",herb_benefits_puga
puga for deepana,puga,puga is beneficial for deepana,herb_benefits_deepana
what is puga used for,puga,"Areca nut (Betel nut) is a stimulant and astringent, but is used cautiously in Ayurveda.",herb_benefits_puga
how to use puga,puga,"Areca nut (Betel nut) is a stimulant and astringent, but is used cautiously in Ayurveda.",herb_benefits_puga
puga medicinal properties,puga,"Areca nut (Betel nut) is a stimulant and astringent, but is used cautiously in Ayurveda.",herb_benefits_puga
puga health benefits,puga,"Areca nut (Betel nut) is a stimulant and astringent, but is used cautiously in Ayurveda.",herb_benefits_puga
therapeutic effects of puga,puga,"Areca nut (Betel nut) is a stimulant and astringent, but is used cautiously in Ayurveda.",herb_benefits_puga
benefits of soubhagya shunthi,soubhagya shunthi,A special preparation of dry ginger used postpartum to improve digestion and restore strength.,herb_benefits_soubhagya_shunthi
soubhagya shunthi for deepana,soubhagya shunthi,soubhagya shunthi is beneficial for deepana,herb_benefits_deepana
soubhagya shunthi for pachana,soubhagya shunthi,soubhagya shunthi is beneficial for pachana,herb_benefits_pachana
soubhagya shunthi for garbhashaya shodhaka,soubhagya shunthi,soubhagya shunthi is beneficial for garbhashaya shodhaka,herb_benefits_garbhashaya_shodhaka
what is soubhagya shunthi used for,soubhagya shunthi,A special preparation of dry ginger used postpartum to improve digestion and restore strength.,herb_benefits_soubhagya_shunthi
how to use soubhagya shunthi,soubhagya shunthi,A special preparation of dry ginger used postpartum to improve digestion and restore strength.,herb_benefits_soubhagya_shunthi
soubhagya shunthi medicinal properties,soubhagya shunthi,A special preparation of dry ginger used postpartum to improve digestion and restore strength.,herb_benefits_soubhagya_shunthi
soubhagya shunthi health benefits,soubhagya shunthi,A special preparation of dry ginger used postpartum to improve digestion and restore strength.,herb_benefits_soubhagya_shunthi
therapeutic effects of soubhagya shunthi,soubhagya shunthi,A special preparation of dry ginger used postpartum to improve digestion and restore strength.,herb_benefits_soubhagya_shunthi
benefits of kakamachi,kakamachi,"Black nightshade is a tridoshic herb used for skin diseases, liver disorders, and as a rejuvenative.",herb_benefits_kakamachi
kakamachi for rasayan,kakamachi,kakamachi is beneficial for rasayan,herb_benefits_rasayan
kakamachi for hridaya,kakamachi,kakamachi is beneficial for hridaya,herb_benefits_hridaya
kakamachi for kushtaghna,kakamachi,kakamachi is beneficial for kushtaghna,herb_benefits_kushtaghna
what is kakamachi used for,kakamachi,"Black nightshade is a tridoshic herb used for skin diseases, liver disorders, and as a rejuvenative.",herb_benefits_kakamachi
how to use kakamachi,kakamachi,"Black nightshade is a tridoshic herb used for skin diseases, liver disorders, and as a rejuvenative.",herb_benefits_kakamachi
kakamachi medicinal properties,kakamachi,"Black nightshade is a tridoshic herb used for skin diseases, liver disorders, and as a rejuvenative.",herb_benefits_kakamachi
kakamachi health benefits,kakamachi,"Black nightshade is a tridoshic herb used for skin diseases, liver disorders, and as a rejuvenative.",herb_benefits_kakamachi
therapeutic effects of kakamachi,kakamachi,"Black nightshade is a tridoshic herb used for skin diseases, liver disorders, and as a rejuvenative.",herb_benefits_kakamachi
benefits of mishreya,mishreya,"Fennel seeds (Saunf) are excellent for digestion, relieving gas, and have a cooling effect on the body.",herb_benefits_mishreya
mishreya for deepana,mishreya,mishreya is beneficial for deepana,herb_benefits_deepana
mishreya for chakshushya,mishreya,mishreya is beneficial for chakshushya,herb_benefits_chakshushya
mishreya for balya,mishreya,mishreya is beneficial for balya,herb_benefits_balya
what is mishreya used for,mishreya,"Fennel seeds (Saunf) are excellent for digestion, relieving gas, and have a cooling effect on the body.",herb_benefits_mishreya
how to use mishreya,mishreya,"Fennel seeds (Saunf) are excellent for digestion, relieving gas, and have a cooling effect on the body.",herb_benefits_mishreya
mishreya medicinal properties,mishreya,"Fennel seeds (Saunf) are excellent for digestion, relieving gas, and have a cooling effect on the body.",herb_benefits_mishreya
mishreya health benefits,mishreya,"Fennel seeds (Saunf) are excellent for digestion, relieving gas, and have a cooling effect on the body.",herb_benefits_mishreya
therapeutic effects of mishreya,mishreya,"Fennel seeds (Saunf) are excellent for digestion, relieving gas, and have a cooling effect on the body.",herb_benefits_mishreya
benefits of shankhpushpi,shankhpushpi,"A premier brain tonic (Medhya rasayana), Shankhpushpi is renowned for enhancing memory, intellect, and calming the mind.",herb_benefits_shankhpushpi
shankhpushpi for medhya,shankhpushpi,shankhpushpi is beneficial for medhya,herb_benefits_medhya
shankhpushpi for nidrajanana,shankhpushpi,shankhpushpi is beneficial for nidrajanana,herb_benefits_nidrajanana
shankhpushpi for rasayan,shankhpushpi,shankhpushpi is beneficial for rasayan,herb_benefits_rasayan
what is shankhpushpi used for,shankhpushpi,"A premier brain tonic (Medhya rasayana), Shankhpushpi is renowned for enhancing memory, intellect, and calming the mind.",herb_benefits_shankhpushpi
how to use shankhpushpi,shankhpushpi,"A premier brain tonic (Medhya rasayana), Shankhpushpi is renowned for enhancing memory, intellect, and calming the mind.",herb_benefits_shankhpushpi
shankhpushpi medicinal properties,shankhpushpi,"A premier brain tonic (Medhya rasayana), Shankhpushpi is renowned for enhancing memory, intellect, and calming the mind.",herb_benefits_shankhpushpi
shankhpushpi health benefits,shankhpushpi,"A premier brain tonic (Medhya rasayana), Shankhpushpi is renowned for enhancing memory, intellect, and calming the mind.",herb_benefits_shankhpushpi
therapeutic effects of shankhpushpi,shankhpushpi,"A premier brain tonic (Medhya rasayana), Shankhpushpi is renowned for enhancing memory, intellect, and calming the mind.",herb_benefits_shankhpushpi
benefits of kushtha,kushtha,"Saussurea lappa is a strong Vata-pacifying herb, used for pain, respiratory ailments, and skin diseases.",herb_benefits_kushtha
kushtha for vatahara,kushtha,kushtha is beneficial for vatahara,herb_benefits_vatahara
kushtha for kushtaghna,kushtha,kushtha is beneficial for kushtaghna,herb_benefits_kushtaghna
kushtha for shukrala,kushtha,kushtha is beneficial for shukrala,herb_benefits_shukrala
what is kushtha used for,kushtha,"Saussurea lappa is a strong Vata-pacifying herb, used for pain, respiratory ailments, and skin diseases.",herb_benefits_kushtha
how to use kushtha,kushtha,"Saussurea lappa is a strong Vata-pacifying herb, used for pain, respiratory ailments, and skin diseases.",herb_benefits_kushtha
kushtha medicinal properties,kushtha,"Saussurea lappa is a strong Vata-pacifying herb, used for pain, respiratory ailments, and skin diseases.",herb_benefits_kushtha
kushtha health benefits,kushtha,"Saussurea lappa is a strong Vata-pacifying herb, used for pain, respiratory ailments, and skin diseases.",herb_benefits_kushtha
therapeutic effects of kushtha,kushtha,"Saussurea lappa is a strong Vata-pacifying herb, used for pain, respiratory ailments, and skin diseases.",herb_benefits_kushtha
benefits of madanaphala,madanaphala,"Known as Emetic Nut, it is the best herb for inducing therapeutic vomiting (Vamana) in Panchakarma.",herb_benefits_madanaphala
madanaphala for vamana,madanaphala,madanaphala is beneficial for vamana,herb_benefits_vamana
madanaphala for lekhana,madanaphala,madanaphala is beneficial for lekhana,herb_benefits_lekhana
what is madanaphala used for,madanaphala,"Known as Emetic Nut, it is the best herb for inducing therapeutic vomiting (Vamana) in Panchakarma.",herb_benefits_madanaphala
how to use madanaphala,madanaphala,"Known as Emetic Nut, it is the best herb for inducing therapeutic vomiting (Vamana) in Panchakarma.",herb_benefits_madanaphala
madanaphala medicinal properties,madanaphala,"Known as Emetic Nut, it is the best herb for inducing therapeutic vomiting (Vamana) in Panchakarma.",herb_benefits_madanaphala
madanaphala health benefits,madanaphala,"Known as Emetic Nut, it is the best herb for inducing therapeutic vomiting (Vamana) in Panchakarma.",herb_benefits_madanaphala
therapeutic effects of madanaphala,madanaphala,"Known as Emetic Nut, it is the best herb for inducing therapeutic vomiting (Vamana) in Panchakarma.",herb_benefits_madanaphala
benefits of patha,patha,"Cissampelos pareira is a potent herb for detoxification, treating fever, urinary disorders, and diarrhea.",herb_benefits_patha
patha for vishaghna,patha,patha is beneficial for vishaghna,herb_benefits_vishaghna
patha for grahi,patha,patha is beneficial for grahi,herb_benefits_grahi
patha for jwaraghna,patha,patha is beneficial for jwaraghna,herb_benefits_jwaraghna
what is patha used for,patha,"Cissampelos pareira is a potent herb for detoxification, treating fever, urinary disorders, and diarrhea.",herb_benefits_patha
how to use patha,patha,"Cissampelos pareira is a potent herb for detoxification, treating fever, urinary disorders, and diarrhea.",herb_benefits_patha
patha medicinal properties,patha,"Cissampelos pareira is a potent herb for detoxification, treating fever, urinary disorders, and diarrhea.",herb_benefits_patha
patha health benefits,patha,"Cissampelos pareira is a potent herb for detoxification, treating fever, urinary disorders, and diarrhea.",herb_benefits_patha
therapeutic effects of patha,patha,"Cissampelos pareira is a potent herb for detoxification, treating fever, urinary disorders, and diarrhea.",herb_benefits_patha
benefits of saptaparna,saptaparna,"Alstonia scholaris is a bitter tonic used primarily for skin diseases, intestinal worms, and malarial fever.",herb_benefits_saptaparna
saptaparna for kushtaghna,saptaparna,saptaparna is beneficial for kushtaghna,herb_benefits_kushtaghna
saptaparna for krimighna,saptaparna,saptaparna is beneficial for krimighna,herb_benefits_krimighna
saptaparna for jwaraghna,saptaparna,saptaparna is beneficial for jwaraghna,herb_benefits_jwaraghna
what is saptaparna used for,saptaparna,"Alstonia scholaris is a bitter tonic used primarily for skin diseases, intestinal worms, and malarial fever.",herb_benefits_saptaparna
how to use saptaparna,saptaparna,"Alstonia scholaris is a bitter tonic used primarily for skin diseases, intestinal worms, and malarial fever.",herb_benefits_saptaparna
saptaparna medicinal properties,saptaparna,"Alstonia scholaris is a bitter tonic used primarily for skin diseases, intestinal worms, and malarial fever.",herb_benefits_saptaparna
saptaparna health benefits,saptaparna,"Alstonia scholaris is a bitter tonic used primarily for skin diseases, intestinal worms, and malarial fever.",herb_benefits_saptaparna
therapeutic effects of saptaparna,saptaparna,"Alstonia scholaris is a bitter tonic used primarily for skin diseases, intestinal worms, and malarial fever.",herb_benefits_saptaparna
benefits of shalmali,shalmali,The Silk Cotton Tree's gum (Mocharas) is a cooling astringent used to stop bleeding and treat diarrhea.,herb_benefits_shalmali
shalmali for grahi,shalmali,shalmali is beneficial for grahi,herb_benefits_grahi
shalmali for raktastambhana,shalmali,shalmali is beneficial for raktastambhana,herb_benefits_raktastambhana
shalmali for rasayan,shalmali,shalmali is beneficial for rasayan,herb_benefits_rasayan
what is shalmali used for,shalmali,The Silk Cotton Tree's gum (Mocharas) is a cooling astringent used to stop bleeding and treat diarrhea.,herb_benefits_shalmali
how to use shalmali,shalmali,The Silk Cotton Tree's gum (Mocharas) is a cooling astringent used to stop bleeding and treat diarrhea.,herb_benefits_shalmali
shalmali medicinal properties,shalmali,The Silk Cotton Tree's gum (Mocharas) is a cooling astringent used to stop bleeding and treat diarrhea.,herb_benefits_shalmali
shalmali health benefits,shalmali,The Silk Cotton Tree's gum (Mocharas) is a cooling astringent used to stop bleeding and treat diarrhea.,herb_benefits_shalmali
therapeutic effects of shalmali,shalmali,The Silk Cotton Tree's gum (Mocharas) is a cooling astringent used to stop bleeding and treat diarrhea.,herb_benefits_shalmali
benefits of prasarini,prasarini,"Paederia foetida is a specific remedy for neurological disorders with pain, especially arthritis and sciatica.",herb_benefits_prasarini
prasarini for vatahara,prasarini,prasarini is beneficial for vatahara,herb_benefits_vatahara
prasarini for sandhanakaraka,prasarini,prasarini is beneficial for sandhanakaraka,herb_benefits_sandhanakaraka
what is prasarini used for,prasarini,"Paederia foetida is a specific remedy for neurological disorders with pain, especially arthritis and sciatica.",herb_benefits_prasarini
how to use prasarini,prasarini,"Paederia foetida is a specific remedy for neurological disorders with pain, especially arthritis and sciatica.",herb_benefits_prasarini
prasarini medicinal properties,prasarini,"Paederia foetida is a specific remedy for neurological disorders with pain, especially arthritis and sciatica.",herb_benefits_prasarini
prasarini health benefits,prasarini,"Paederia foetida is a specific remedy for neurological disorders with pain, especially arthritis and sciatica.",herb_benefits_prasarini
therapeutic effects of prasarini,prasarini,"Paederia foetida is a specific remedy for neurological disorders with pain, especially arthritis and sciatica.",herb_benefits_prasarini
benefits of asana,asana,Pterocarpus marsupium is a well-known anti-diabetic herb that also purifies the blood and helps with skin issues.,herb_benefits_asana
asana for pramehaghna,asana,asana is beneficial for pramehaghna,herb_benefits_pramehaghna
asana for kushtaghna,asana,asana is beneficial for kushtaghna,herb_benefits_kushtaghna
asana for raktashodhak,asana,asana is beneficial for raktashodhak,herb_benefits_raktashodhak
what is asana used for,asana,Pterocarpus marsupium is a well-known anti-diabetic herb that also purifies the blood and helps with skin issues.,herb_benefits_asana
how to use asana,asana,Pterocarpus marsupium is a well-known anti-diabetic herb that also purifies the blood and helps with skin issues.,herb_benefits_asana
asana medicinal properties,asana,Pterocarpus marsupium is a well-known anti-diabetic herb that also purifies the blood and helps with skin issues.,herb_benefits_asana
asana health benefits,asana,Pterocarpus marsupium is a well-known anti-diabetic herb that also purifies the blood and helps with skin issues.,herb_benefits_asana
therapeutic effects of asana,asana,Pterocarpus marsupium is a well-known anti-diabetic herb that also purifies the blood and helps with skin issues.,herb_benefits_asana
benefits of kushmanda,kushmanda,"Ash Gourd is a highly cooling and nourishing vegetable, acting as a diuretic and nervine tonic.",herb_benefits_kushmanda
kushmanda for medhya,kushmanda,kushmanda is beneficial for medhya,herb_benefits_medhya
kushmanda for mutrala,kushmanda,kushmanda is beneficial for mutrala,herb_benefits_mutrala
kushmanda for balya,kushmanda,kushmanda is beneficial for balya,herb_benefits_balya
what is kushmanda used for,kushmanda,"Ash Gourd is a highly cooling and nourishing vegetable, acting as a diuretic and nervine tonic.",herb_benefits_kushmanda
how to use kushmanda,kushmanda,"Ash Gourd is a highly cooling and nourishing vegetable, acting as a diuretic and nervine tonic.",herb_benefits_kushmanda
kushmanda medicinal properties,kushmanda,"Ash Gourd is a highly cooling and nourishing vegetable, acting as a diuretic and nervine tonic.",herb_benefits_kushmanda
kushmanda health benefits,kushmanda,"Ash Gourd is a highly cooling and nourishing vegetable, acting as a diuretic and nervine tonic.",herb_benefits_kushmanda
therapeutic effects of kushmanda,kushmanda,"Ash Gourd is a highly cooling and nourishing vegetable, acting as a diuretic and nervine tonic.",herb_benefits_kushmanda
benefits of vartaku,vartaku,Brinjal or Eggplant stimulates digestion and appetite but can aggravate Pitta if consumed in excess.,herb_benefits_vartaku
vartaku for deepana,vartaku,vartaku is beneficial for deepana,herb_benefits_deepana
vartaku for hridaya,vartaku,vartaku is beneficial for hridaya,herb_benefits_hridaya
what is vartaku used for,vartaku,Brinjal or Eggplant stimulates digestion and appetite but can aggravate Pitta if consumed in excess.,herb_benefits_vartaku
how to use vartaku,vartaku,Brinjal or Eggplant stimulates digestion and appetite but can aggravate Pitta if consumed in excess.,herb_benefits_vartaku
vartaku medicinal properties,vartaku,Brinjal or Eggplant stimulates digestion and appetite but can aggravate Pitta if consumed in excess.,herb_benefits_vartaku
vartaku health benefits,vartaku,Brinjal or Eggplant stimulates digestion and appetite but can aggravate Pitta if consumed in excess.,herb_benefits_vartaku
therapeutic effects of vartaku,vartaku,Brinjal or Eggplant stimulates digestion and appetite but can aggravate Pitta if consumed in excess.,herb_benefits_vartaku
benefits of dronapushpi,dronapushpi,"Leucas cephalotes is used for fever, jaundice, and inflammatory conditions, especially liver-related issues.",herb_benefits_dronapushpi
dronapushpi for jwaraghna,dronapushpi,dronapushpi is beneficial for jwaraghna,herb_benefits_jwaraghna
dronapushpi for yakrituttejaka,dronapushpi,dronapushpi is beneficial for yakrituttejaka,herb_benefits_yakrituttejaka
what is dronapushpi used for,dronapushpi,"Leucas cephalotes is used for fever, jaundice, and inflammatory conditions, especially liver-related issues.",herb_benefits_dronapushpi
how to use dronapushpi,dronapushpi,"Leucas cephalotes is used for fever, jaundice, and inflammatory conditions, especially liver-related issues.",herb_benefits_dronapushpi
dronapushpi medicinal properties,dronapushpi,"Leucas cephalotes is used for fever, jaundice, and inflammatory conditions, especially liver-related issues.",herb_benefits_dronapushpi
dronapushpi health benefits,dronapushpi,"Leucas cephalotes is used for fever, jaundice, and inflammatory conditions, especially liver-related issues.",herb_benefits_dronapushpi
therapeutic effects of dronapushpi,dronapushpi,"Leucas cephalotes is used for fever, jaundice, and inflammatory conditions, especially liver-related issues.",herb_benefits_dronapushpi
benefits of swarnapatri,swarnapatri,"Known as Senna, it is a strong stimulant laxative used for acute constipation.",herb_benefits_swarnapatri
swarnapatri for virechana,swarnapatri,swarnapatri is beneficial for virechana,herb_benefits_virechana
what is swarnapatri used for,swarnapatri,"Known as Senna, it is a strong stimulant laxative used for acute constipation.",herb_benefits_swarnapatri
how to use swarnapatri,swarnapatri,"Known as Senna, it is a strong stimulant laxative used for acute constipation.",herb_benefits_swarnapatri
swarnapatri medicinal properties,swarnapatri,"Known as Senna, it is a strong stimulant laxative used for acute constipation.",herb_benefits_swarnapatri
swarnapatri health benefits,swarnapatri,"Known as Senna, it is a strong stimulant laxative used for acute constipation.",herb_benefits_swarnapatri
therapeutic effects of swarnapatri,swarnapatri,"Known as Senna, it is a strong stimulant laxative used for acute constipation.",herb_benefits_swarnapatri
benefits of chandrashura,chandrashura,"Lepidium sativum seeds are highly nutritive, promoting strength and lactation after delivery.",herb_benefits_chandrashura
chandrashura for balya,chandrashura,chandrashura is beneficial for balya,herb_benefits_balya
chandrashura for stanyajanana,chandrashura,chandrashura is beneficial for stanyajanana,herb_benefits_stanyajanana
what is chandrashura used for,chandrashura,"Lepidium sativum seeds are highly nutritive, promoting strength and lactation after delivery.",herb_benefits_chandrashura
how to use chandrashura,chandrashura,"Lepidium sativum seeds are highly nutritive, promoting strength and lactation after delivery.",herb_benefits_chandrashura
chandrashura medicinal properties,chandrashura,"Lepidium sativum seeds are highly nutritive, promoting strength and lactation after delivery.",herb_benefits_chandrashura
chandrashura health benefits,chandrashura,"Lepidium sativum seeds are highly nutritive, promoting strength and lactation after delivery.",herb_benefits_chandrashura
therapeutic effects of chandrashura,chandrashura,"Lepidium sativum seeds are highly nutritive, promoting strength and lactation after delivery.",herb_benefits_chandrashura
benefits of chirabilva,chirabilva,Holoptelea integrifolia is used in digestive disorders and to treat edema and piles.,herb_benefits_chirabilva
chirabilva for lekhana,chirabilva,chirabilva is beneficial for lekhana,herb_benefits_lekhana
chirabilva for grahi,chirabilva,chirabilva is beneficial for grahi,herb_benefits_grahi
what is chirabilva used for,chirabilva,Holoptelea integrifolia is used in digestive disorders and to treat edema and piles.,herb_benefits_chirabilva
how to use chirabilva,chirabilva,Holoptelea integrifolia is used in digestive disorders and to treat edema and piles.,herb_benefits_chirabilva
chirabilva medicinal properties,chirabilva,Holoptelea integrifolia is used in digestive disorders and to treat edema and piles.,herb_benefits_chirabilva
chirabilva health benefits,chirabilva,Holoptelea integrifolia is used in digestive disorders and to treat edema and piles.,herb_benefits_chirabilva
therapeutic effects of chirabilva,chirabilva,Holoptelea integrifolia is used in digestive disorders and to treat edema and piles.,herb_benefits_chirabilva
benefits of himsra,himsra,"Capparis sepiaria is a well-known hepatoprotective herb, commonly found in liver-support formulas.",herb_benefits_himsra
himsra for yakrituttejaka,himsra,himsra is beneficial for yakrituttejaka,herb_benefits_yakrituttejaka
himsra for deepana,himsra,himsra is beneficial for deepana,herb_benefits_deepana
what is himsra used for,himsra,"Capparis sepiaria is a well-known hepatoprotective herb, commonly found in liver-support formulas.",herb_benefits_himsra
how to use himsra,himsra,"Capparis sepiaria is a well-known hepatoprotective herb, commonly found in liver-support formulas.",herb_benefits_himsra
himsra medicinal properties,himsra,"Capparis sepiaria is a well-known hepatoprotective herb, commonly found in liver-support formulas.",herb_benefits_himsra
himsra health benefits,himsra,"Capparis sepiaria is a well-known hepatoprotective herb, commonly found in liver-support formulas.",herb_benefits_himsra
therapeutic effects of himsra,himsra,"Capparis sepiaria is a well-known hepatoprotective herb, commonly found in liver-support formulas.",herb_benefits_himsra
benefits of karkatashringi,karkatashringi,"Pistacia integerrima galls are used in treating cough, asthma, and diarrhea, especially in children.",herb_benefits_karkatashringi
karkatashringi for kasahara,karkatashringi,karkatashringi is beneficial for kasahara,herb_benefits_kasahara
karkatashringi for shwasahara,karkatashringi,karkatashringi is beneficial for shwasahara,herb_benefits_shwasahara
karkatashringi for grahi,karkatashringi,karkatashringi is beneficial for grahi,herb_benefits_grahi
what is karkatashringi used for,karkatashringi,"Pistacia integerrima galls are used in treating cough, asthma, and diarrhea, especially in children.",herb_benefits_karkatashringi
how to use karkatashringi,karkatashringi,"Pistacia integerrima galls are used in treating cough, asthma, and diarrhea, especially in children.",herb_benefits_karkatashringi
karkatashringi medicinal properties,karkatashringi,"Pistacia integerrima galls are used in treating cough, asthma, and diarrhea, especially in children.",herb_benefits_karkatashringi
karkatashringi health benefits,karkatashringi,"Pistacia integerrima galls are used in treating cough, asthma, and diarrhea, especially in children.",herb_benefits_karkatashringi
therapeutic effects of karkatashringi,karkatashringi,"Pistacia integerrima galls are used in treating cough, asthma, and diarrhea, especially in children.",herb_benefits_karkatashringi
benefits of katphala,katphala,"Myrica esculenta bark is used for respiratory ailments like cough, cold, and fever.",herb_benefits_katphala
katphala for jwaraghna,katphala,katphala is beneficial for jwaraghna,herb_benefits_jwaraghna
katphala for kasahara,katphala,katphala is beneficial for kasahara,herb_benefits_kasahara
what is katphala used for,katphala,"Myrica esculenta bark is used for respiratory ailments like cough, cold, and fever.",herb_benefits_katphala
how to use katphala,katphala,"Myrica esculenta bark is used for respiratory ailments like cough, cold, and fever.",herb_benefits_katphala
katphala medicinal properties,katphala,"Myrica esculenta bark is used for respiratory ailments like cough, cold, and fever.",herb_benefits_katphala
katphala health benefits,katphala,"Myrica esculenta bark is used for respiratory ailments like cough, cold, and fever.",herb_benefits_katphala
therapeutic effects of katphala,katphala,"Myrica esculenta bark is used for respiratory ailments like cough, cold, and fever.",herb_benefits_katphala
benefits of krishna jeeraka,krishna jeeraka,"Black Cumin (Carum carvi) is a powerful digestive and carminative, stronger than regular cumin.",herb_benefits_krishna_jeeraka
krishna jeeraka for deepana,krishna jeeraka,krishna jeeraka is beneficial for deepana,herb_benefits_deepana
krishna jeeraka for chakshushya,krishna jeeraka,krishna jeeraka is beneficial for chakshushya,herb_benefits_chakshushya
what is krishna jeeraka used for,krishna jeeraka,"Black Cumin (Carum carvi) is a powerful digestive and carminative, stronger than regular cumin.",herb_benefits_krishna_jeeraka
how to use krishna jeeraka,krishna jeeraka,"Black Cumin (Carum carvi) is a powerful digestive and carminative, stronger than regular cumin.",herb_benefits_krishna_jeeraka
krishna jeeraka medicinal properties,krishna jeeraka,"Black Cumin (Carum carvi) is a powerful digestive and carminative, stronger than regular cumin.",herb_benefits_krishna_jeeraka
krishna jeeraka health benefits,krishna jeeraka,"Black Cumin (Carum carvi) is a powerful digestive and carminative, stronger than regular cumin.",herb_benefits_krishna_jeeraka
therapeutic effects of krishna jeeraka,krishna jeeraka,"Black Cumin (Carum carvi) is a powerful digestive and carminative, stronger than regular cumin.",herb_benefits_krishna_jeeraka
benefits of murva,murva,"Marsdenia tenacissima is a bitter tonic used for fever, skin diseases and purifying blood.",herb_benefits_murva
murva for raktashodhak,murva,murva is beneficial for raktashodhak,herb_benefits_raktashodhak
murva for jwaraghna,murva,murva is beneficial for jwaraghna,herb_benefits_jwaraghna
what is murva used for,murva,"Marsdenia tenacissima is a bitter tonic used for fever, skin diseases and purifying blood.",herb_benefits_murva
how to use murva,murva,"Marsdenia tenacissima is a bitter tonic used for fever, skin diseases and purifying blood.",herb_benefits_murva
murva medicinal properties,murva,"Marsdenia tenacissima is a bitter tonic used for fever, skin diseases and purifying blood.",herb_benefits_murva
murva health benefits,murva,"Marsdenia tenacissima is a bitter tonic used for fever, skin diseases and purifying blood.",herb_benefits_murva
therapeutic effects of murva,murva,"Marsdenia tenacissima is a bitter tonic used for fever, skin diseases and purifying blood.",herb_benefits_murva
benefits of paribhadra,paribhadra,"Erythrina variegata is used for its anti-inflammatory and nervine sedative properties, especially in Vata disorders.",herb_benefits_paribhadra
paribhadra for krimighna,paribhadra,paribhadra is beneficial for krimighna,herb_benefits_krimighna
paribhadra for vatahara,paribhadra,paribhadra is beneficial for vatahara,herb_benefits_vatahara
what is paribhadra used for,paribhadra,"Erythrina variegata is used for its anti-inflammatory and nervine sedative properties, especially in Vata disorders.",herb_benefits_paribhadra
how to use paribhadra,paribhadra,"Erythrina variegata is used for its anti-inflammatory and nervine sedative properties, especially in Vata disorders.",herb_benefits_paribhadra
paribhadra medicinal properties,paribhadra,"Erythrina variegata is used for its anti-inflammatory and nervine sedative properties, especially in Vata disorders.",herb_benefits_paribhadra
paribhadra health benefits,paribhadra,"Erythrina variegata is used for its anti-inflammatory and nervine sedative properties, especially in Vata disorders.",herb_benefits_paribhadra
therapeutic effects of paribhadra,paribhadra,"Erythrina variegata is used for its anti-inflammatory and nervine sedative properties, especially in Vata disorders.",herb_benefits_paribhadra
benefits of shyonaka,shyonaka,"A key ingredient of Dashamoola, Oroxylum indicum is an astringent and anti-inflammatory used in diarrhea and arthritis.",herb_benefits_shyonaka
shyonaka for grahi,shyonaka,shyonaka is beneficial for grahi,herb_benefits_grahi
shyonaka for deepana,shyonaka,shyonaka is beneficial for deepana,herb_benefits_deepana
shyonaka for shothahara,shyonaka,shyonaka is beneficial for shothahara,herb_benefits_shothahara
what is shyonaka used for,shyonaka,"A key ingredient of Dashamoola, Oroxylum indicum is an astringent and anti-inflammatory used in diarrhea and arthritis.",herb_benefits_shyonaka
how to use shyonaka,shyonaka,"A key ingredient of Dashamoola, Oroxylum indicum is an astringent and anti-inflammatory used in diarrhea and arthritis.",herb_benefits_shyonaka
shyonaka medicinal properties,shyonaka,"A key ingredient of Dashamoola, Oroxylum indicum is an astringent and anti-inflammatory used in diarrhea and arthritis.",herb_benefits_shyonaka
shyonaka health benefits,shyonaka,"A key ingredient of Dashamoola, Oroxylum indicum is an astringent and anti-inflammatory used in diarrhea and arthritis.",herb_benefits_shyonaka
therapeutic effects of shyonaka,shyonaka,"A key ingredient of Dashamoola, Oroxylum indicum is an astringent and anti-inflammatory used in diarrhea and arthritis.",herb_benefits_shyonaka
benefits of alabu,alabu,"Bottle Gourd is a cooling, calming vegetable that is very easy to digest, making it ideal for convalescence.",herb_benefits_alabu
alabu for hridaya,alabu,alabu is beneficial for hridaya,herb_benefits_hridaya
alabu for balya,alabu,alabu is beneficial for balya,herb_benefits_balya
what is alabu used for,alabu,"Bottle Gourd is a cooling, calming vegetable that is very easy to digest, making it ideal for convalescence.",herb_benefits_alabu
how to use alabu,alabu,"Bottle Gourd is a cooling, calming vegetable that is very easy to digest, making it ideal for convalescence.",herb_benefits_alabu
alabu medicinal properties,alabu,"Bottle Gourd is a cooling, calming vegetable that is very easy to digest, making it ideal for convalescence.",herb_benefits_alabu
alabu health benefits,alabu,"Bottle Gourd is a cooling, calming vegetable that is very easy to digest, making it ideal for convalescence.",herb_benefits_alabu
therapeutic effects of alabu,alabu,"Bottle Gourd is a cooling, calming vegetable that is very easy to digest, making it ideal for convalescence.",herb_benefits_alabu
benefits of vriddhadaru,vriddhadaru,"Argyreia nervosa is a potent rejuvenative and aphrodisiac, enhancing strength and vitality.",herb_benefits_vriddhadaru
vriddhadaru for rasayan,vriddhadaru,vriddhadaru is beneficial for rasayan,herb_benefits_rasayan
vriddhadaru for vrishya,vriddhadaru,vriddhadaru is beneficial for vrishya,herb_benefits_vrishya
vriddhadaru for medhya,vriddhadaru,vriddhadaru is beneficial for medhya,herb_benefits_medhya
what is vriddhadaru used for,vriddhadaru,"Argyreia nervosa is a potent rejuvenative and aphrodisiac, enhancing strength and vitality.",herb_benefits_vriddhadaru
how to use vriddhadaru,vriddhadaru,"Argyreia nervosa is a potent rejuvenative and aphrodisiac, enhancing strength and vitality.",herb_benefits_vriddhadaru
vriddhadaru medicinal properties,vriddhadaru,"Argyreia nervosa is a potent rejuvenative and aphrodisiac, enhancing strength and vitality.",herb_benefits_vriddhadaru
vriddhadaru health benefits,vriddhadaru,"Argyreia nervosa is a potent rejuvenative and aphrodisiac, enhancing strength and vitality.",herb_benefits_vriddhadaru
therapeutic effects of vriddhadaru,vriddhadaru,"Argyreia nervosa is a potent rejuvenative and aphrodisiac, enhancing strength and vitality.",herb_benefits_vriddhadaru
benefits of narikela,narikela,"Coconut is highly nourishing, cooling, and strength-promoting, pacifying Vata and Pitta.",herb_benefits_narikela
narikela for balya,narikela,narikela is beneficial for balya,herb_benefits_balya
narikela for brimhaniya,narikela,narikela is beneficial for brimhaniya,herb_benefits_brimhaniya
narikela for vrishya,narikela,narikela is beneficial for vrishya,herb_benefits_vrishya
what is narikela used for,narikela,"Coconut is highly nourishing, cooling, and strength-promoting, pacifying Vata and Pitta.",herb_benefits_narikela
how to use narikela,narikela,"Coconut is highly nourishing, cooling, and strength-promoting, pacifying Vata and Pitta.",herb_benefits_narikela
narikela medicinal properties,narikela,"Coconut is highly nourishing, cooling, and strength-promoting, pacifying Vata and Pitta.",herb_benefits_narikela
narikela health benefits,narikela,"Coconut is highly nourishing, cooling, and strength-promoting, pacifying Vata and Pitta.",herb_benefits_narikela
therapeutic effects of narikela,narikela,"Coconut is highly nourishing, cooling, and strength-promoting, pacifying Vata and Pitta.",herb_benefits_narikela
benefits of talamuli,talamuli,"Curculigo orchioides is an aphrodisiac and uterine tonic, similar in properties to Shatavari.",herb_benefits_talamuli
talamuli for vrishya,talamuli,talamuli is beneficial for vrishya,herb_benefits_vrishya
talamuli for balya,talamuli,talamuli is beneficial for balya,herb_benefits_balya
talamuli for rasayan,talamuli,talamuli is beneficial for rasayan,herb_benefits_rasayan
what is talamuli used for,talamuli,"Curculigo orchioides is an aphrodisiac and uterine tonic, similar in properties to Shatavari.",herb_benefits_talamuli
how to use talamuli,talamuli,"Curculigo orchioides is an aphrodisiac and uterine tonic, similar in properties to Shatavari.",herb_benefits_talamuli
talamuli medicinal properties,talamuli,"Curculigo orchioides is an aphrodisiac and uterine tonic, similar in properties to Shatavari.",herb_benefits_talamuli
talamuli health benefits,talamuli,"Curculigo orchioides is an aphrodisiac and uterine tonic, similar in properties to Shatavari.",herb_benefits_talamuli
therapeutic effects of talamuli,talamuli,"Curculigo orchioides is an aphrodisiac and uterine tonic, similar in properties to Shatavari.",herb_benefits_talamuli
benefits of saireyaka,saireyaka,"Barleria prionitis is used for skin diseases, swelling, and oral health issues like bleeding gums.",herb_benefits_saireyaka
saireyaka for kushtaghna,saireyaka,saireyaka is beneficial for kushtaghna,herb_benefits_kushtaghna
saireyaka for keshya,saireyaka,saireyaka is beneficial for keshya,herb_benefits_keshya
what is saireyaka used for,saireyaka,"Barleria prionitis is used for skin diseases, swelling, and oral health issues like bleeding gums.",herb_benefits_saireyaka
how to use saireyaka,saireyaka,"Barleria prionitis is used for skin diseases, swelling, and oral health issues like bleeding gums.",herb_benefits_saireyaka
saireyaka medicinal properties,saireyaka,"Barleria prionitis is used for skin diseases, swelling, and oral health issues like bleeding gums.",herb_benefits_saireyaka
saireyaka health benefits,saireyaka,"Barleria prionitis is used for skin diseases, swelling, and oral health issues like bleeding gums.",herb_benefits_saireyaka
therapeutic effects of saireyaka,saireyaka,"Barleria prionitis is used for skin diseases, swelling, and oral health issues like bleeding gums.",herb_benefits_saireyaka
benefits of yavakshara,yavakshara,"An alkaline preparation from Barley, used as a diuretic and to treat urinary calculi and abdominal bloating.",herb_benefits_yavakshara
yavakshara for mutrala,yavakshara,yavakshara is beneficial for mutrala,herb_benefits_mutrala
yavakshara for deepana,yavakshara,yavakshara is beneficial for deepana,herb_benefits_deepana
yavakshara for ashmaribhedana,yavakshara,yavakshara is beneficial for ashmaribhedana,herb_benefits_ashmaribhedana
what is yavakshara used for,yavakshara,"An alkaline preparation from Barley, used as a diuretic and to treat urinary calculi and abdominal bloating.",herb_benefits_yavakshara
how to use yavakshara,yavakshara,"An alkaline preparation from Barley, used as a diuretic and to treat urinary calculi and abdominal bloating.",herb_benefits_yavakshara
yavakshara medicinal properties,yavakshara,"An alkaline preparation from Barley, used as a diuretic and to treat urinary calculi and abdominal bloating.",herb_benefits_yavakshara
yavakshara health benefits,yavakshara,"An alkaline preparation from Barley, used as a diuretic and to treat urinary calculi and abdominal bloating.",herb_benefits_yavakshara
therapeutic effects of yavakshara,yavakshara,"An alkaline preparation from Barley, used as a diuretic and to treat urinary calculi and abdominal bloating.",herb_benefits_yavakshara
benefits of varahikanda,varahikanda,"Dioscorea bulbifera is a rejuvenative tonic (rasayana) that enhances strength, immunity, and acts as an aphrodisiac.",herb_benefits_varahikanda
varahikanda for rasayan,varahikanda,varahikanda is beneficial for rasayan,herb_benefits_rasayan
varahikanda for vrishya,varahikanda,varahikanda is beneficial for vrishya,herb_benefits_vrishya
varahikanda for balya,varahikanda,varahikanda is beneficial for balya,herb_benefits_balya
what is varahikanda used for,varahikanda,"Dioscorea bulbifera is a rejuvenative tonic (rasayana) that enhances strength, immunity, and acts as an aphrodisiac.",herb_benefits_varahikanda
how to use varahikanda,varahikanda,"Dioscorea bulbifera is a rejuvenative tonic (rasayana) that enhances strength, immunity, and acts as an aphrodisiac.",herb_benefits_varahikanda
varahikanda medicinal properties,varahikanda,"Dioscorea bulbifera is a rejuvenative tonic (rasayana) that enhances strength, immunity, and acts as an aphrodisiac.",herb_benefits_varahikanda
varahikanda health benefits,varahikanda,"Dioscorea bulbifera is a rejuvenative tonic (rasayana) that enhances strength, immunity, and acts as an aphrodisiac.",herb_benefits_varahikanda
therapeutic effects of varahikanda,varahikanda,"Dioscorea bulbifera is a rejuvenative tonic (rasayana) that enhances strength, immunity, and acts as an aphrodisiac.",herb_benefits_varahikanda
benefits of ankola,ankola,Alangium salviifolium is used in Ayurveda for its anti-venom properties and in treating skin diseases.,herb_benefits_ankola
ankola for vishaghna,ankola,ankola is beneficial for vishaghna,herb_benefits_vishaghna
ankola for krimighna,ankola,ankola is beneficial for krimighna,herb_benefits_krimighna
what is ankola used for,ankola,Alangium salviifolium is used in Ayurveda for its anti-venom properties and in treating skin diseases.,herb_benefits_ankola
how to use ankola,ankola,Alangium salviifolium is used in Ayurveda for its anti-venom properties and in treating skin diseases.,herb_benefits_ankola
ankola medicinal properties,ankola,Alangium salviifolium is used in Ayurveda for its anti-venom properties and in treating skin diseases.,herb_benefits_ankola
ankola health benefits,ankola,Alangium salviifolium is used in Ayurveda for its anti-venom properties and in treating skin diseases.,herb_benefits_ankola
therapeutic effects of ankola,ankola,Alangium salviifolium is used in Ayurveda for its anti-venom properties and in treating skin diseases.,herb_benefits_ankola
benefits of changeri,changeri,Indian Sorrel is used for digestive ailments like IBS and malabsorption due to its sour taste and digestive properties.,herb_benefits_changeri
changeri for grahi,changeri,changeri is beneficial for grahi,herb_benefits_grahi
changeri for deepana,changeri,changeri is beneficial for deepana,herb_benefits_deepana
what is changeri used for,changeri,Indian Sorrel is used for digestive ailments like IBS and malabsorption due to its sour taste and digestive properties.,herb_benefits_changeri
how to use changeri,changeri,Indian Sorrel is used for digestive ailments like IBS and malabsorption due to its sour taste and digestive properties.,herb_benefits_changeri
changeri medicinal properties,changeri,Indian Sorrel is used for digestive ailments like IBS and malabsorption due to its sour taste and digestive properties.,herb_benefits_changeri
changeri health benefits,changeri,Indian Sorrel is used for digestive ailments like IBS and malabsorption due to its sour taste and digestive properties.,herb_benefits_changeri
therapeutic effects of changeri,changeri,Indian Sorrel is used for digestive ailments like IBS and malabsorption due to its sour taste and digestive properties.,herb_benefits_changeri
benefits of koshataki,koshataki,Luffa is a bitter vegetable used to cleanse the liver and purify the blood.,herb_benefits_koshataki
koshataki for yakrituttejaka,koshataki,koshataki is beneficial for yakrituttejaka,herb_benefits_yakrituttejaka
koshataki for virechana,koshataki,koshataki is beneficial for virechana,herb_benefits_virechana
what is koshataki used for,koshataki,Luffa is a bitter vegetable used to cleanse the liver and purify the blood.,herb_benefits_koshataki
how to use koshataki,koshataki,Luffa is a bitter vegetable used to cleanse the liver and purify the blood.,herb_benefits_koshataki
koshataki medicinal properties,koshataki,Luffa is a bitter vegetable used to cleanse the liver and purify the blood.,herb_benefits_koshataki
koshataki health benefits,koshataki,Luffa is a bitter vegetable used to cleanse the liver and purify the blood.,herb_benefits_koshataki
therapeutic effects of koshataki,koshataki,Luffa is a bitter vegetable used to cleanse the liver and purify the blood.,herb_benefits_koshataki
benefits of tanduliyaka,tanduliyaka,"Amaranth is a cooling herb used to treat toxicity, bleeding disorders, and purify the blood.",herb_benefits_tanduliyaka
tanduliyaka for vishaghna,tanduliyaka,tanduliyaka is beneficial for vishaghna,herb_benefits_vishaghna
tanduliyaka for raktapittahara,tanduliyaka,tanduliyaka is beneficial for raktapittahara,herb_benefits_raktapittahara
what is tanduliyaka used for,tanduliyaka,"Amaranth is a cooling herb used to treat toxicity, bleeding disorders, and purify the blood.",herb_benefits_tanduliyaka
how to use tanduliyaka,tanduliyaka,"Amaranth is a cooling herb used to treat toxicity, bleeding disorders, and purify the blood.",herb_benefits_tanduliyaka
tanduliyaka medicinal properties,tanduliyaka,"Amaranth is a cooling herb used to treat toxicity, bleeding disorders, and purify the blood.",herb_benefits_tanduliyaka
tanduliyaka health benefits,tanduliyaka,"Amaranth is a cooling herb used to treat toxicity, bleeding disorders, and purify the blood.",herb_benefits_tanduliyaka
therapeutic effects of tanduliyaka,tanduliyaka,"Amaranth is a cooling herb used to treat toxicity, bleeding disorders, and purify the blood.",herb_benefits_tanduliyaka
benefits of ingudi,ingudi,"Balanites roxburghii is used for its anti-microbial and anti-inflammatory properties, especially in skin diseases.",herb_benefits_ingudi
ingudi for krimighna,ingudi,ingudi is beneficial for krimighna,herb_benefits_krimighna
ingudi for kushtaghna,ingudi,ingudi is beneficial for kushtaghna,herb_benefits_kushtaghna
what is ingudi used for,ingudi,"Balanites roxburghii is used for its anti-microbial and anti-inflammatory properties, especially in skin diseases.",herb_benefits_ingudi
how to use ingudi,ingudi,"Balanites roxburghii is used for its anti-microbial and anti-inflammatory properties, especially in skin diseases.",herb_benefits_ingudi
ingudi medicinal properties,ingudi,"Balanites roxburghii is used for its anti-microbial and anti-inflammatory properties, especially in skin diseases.",herb_benefits_ingudi
ingudi health benefits,ingudi,"Balanites roxburghii is used for its anti-microbial and anti-inflammatory properties, especially in skin diseases.",herb_benefits_ingudi
therapeutic effects of ingudi,ingudi,"Balanites roxburghii is used for its anti-microbial and anti-inflammatory properties, especially in skin diseases.",herb_benefits_ingudi
benefits of karanja taila,karanja taila,Oil prepared from Karanja seeds is a powerful antiseptic and is used topically for a wide range of skin diseases.,herb_benefits_karanja_taila
karanja taila for kushtaghna,karanja taila,karanja taila is beneficial for kushtaghna,herb_benefits_kushtaghna
karanja taila for vranaropana,karanja taila,karanja taila is beneficial for vranaropana,herb_benefits_vranaropana
what is karanja taila used for,karanja taila,Oil prepared from Karanja seeds is a powerful antiseptic and is used topically for a wide range of skin diseases.,herb_benefits_karanja_taila
how to use karanja taila,karanja taila,Oil prepared from Karanja seeds is a powerful antiseptic and is used topically for a wide range of skin diseases.,herb_benefits_karanja_taila
karanja taila medicinal properties,karanja taila,Oil prepared from Karanja seeds is a powerful antiseptic and is used topically for a wide range of skin diseases.,herb_benefits_karanja_taila
karanja taila health benefits,karanja taila,Oil prepared from Karanja seeds is a powerful antiseptic and is used topically for a wide range of skin diseases.,herb_benefits_karanja_taila
therapeutic effects of karanja taila,karanja taila,Oil prepared from Karanja seeds is a powerful antiseptic and is used topically for a wide range of skin diseases.,herb_benefits_karanja_taila
benefits of nimba taila,nimba taila,"Neem oil is a potent anti-fungal, anti-bacterial, and anti-septic oil used for skin infections and as an insecticide.",herb_benefits_nimba_taila
nimba taila for kushtaghna,nimba taila,nimba taila is beneficial for kushtaghna,herb_benefits_kushtaghna
nimba taila for krimighna,nimba taila,nimba taila is beneficial for krimighna,herb_benefits_krimighna
nimba taila for jwaraghna,nimba taila,nimba taila is beneficial for jwaraghna,herb_benefits_jwaraghna
what is nimba taila used for,nimba taila,"Neem oil is a potent anti-fungal, anti-bacterial, and anti-septic oil used for skin infections and as an insecticide.",herb_benefits_nimba_taila
how to use nimba taila,nimba taila,"Neem oil is a potent anti-fungal, anti-bacterial, and anti-septic oil used for skin infections and as an insecticide.",herb_benefits_nimba_taila
nimba taila medicinal properties,nimba taila,"Neem oil is a potent anti-fungal, anti-bacterial, and anti-septic oil used for skin infections and as an insecticide.",herb_benefits_nimba_taila
nimba taila health benefits,nimba taila,"Neem oil is a potent anti-fungal, anti-bacterial, and anti-septic oil used for skin infections and as an insecticide.",herb_benefits_nimba_taila
therapeutic effects of nimba taila,nimba taila,"Neem oil is a potent anti-fungal, anti-bacterial, and anti-septic oil used for skin infections and as an insecticide.",herb_benefits_nimba_taila
benefits of jivaka,jivaka,"One of the eight 'Ashtavarga' herbs, Jivaka is a vital rejuvenative tonic, often substituted with other herbs today.",herb_benefits_jivaka
jivaka for rasayan,jivaka,jivaka is beneficial for rasayan,herb_benefits_rasayan
jivaka for vrishya,jivaka,jivaka is beneficial for vrishya,herb_benefits_vrishya
jivaka for jivaniya,jivaka,jivaka is beneficial for jivaniya,herb_benefits_jivaniya
what is jivaka used for,jivaka,"One of the eight 'Ashtavarga' herbs, Jivaka is a vital rejuvenative tonic, often substituted with other herbs today.",herb_benefits_jivaka
how to use jivaka,jivaka,"One of the eight 'Ashtavarga' herbs, Jivaka is a vital rejuvenative tonic, often substituted with other herbs today.",herb_benefits_jivaka
jivaka medicinal properties,jivaka,"One of the eight 'Ashtavarga' herbs, Jivaka is a vital rejuvenative tonic, often substituted with other herbs today.",herb_benefits_jivaka
jivaka health benefits,jivaka,"One of the eight 'Ashtavarga' herbs, Jivaka is a vital rejuvenative tonic, often substituted with other herbs today.",herb_benefits_jivaka
therapeutic effects of jivaka,jivaka,"One of the eight 'Ashtavarga' herbs, Jivaka is a vital rejuvenative tonic, often substituted with other herbs today.",herb_benefits_jivaka
benefits of rishabhaka,rishabhaka,"Another Ashtavarga herb, Rishabhaka is a powerful tonic for building tissues and promoting vitality.",herb_benefits_rishabhaka
rishabhaka for rasayan,rishabhaka,rishabhaka is beneficial for rasayan,herb_benefits_rasayan
rishabhaka for vrishya,rishabhaka,rishabhaka is beneficial for vrishya,herb_benefits_vrishya
rishabhaka for brimhaniya,rishabhaka,rishabhaka is beneficial for brimhaniya,herb_benefits_brimhaniya
what is rishabhaka used for,rishabhaka,"Another Ashtavarga herb, Rishabhaka is a powerful tonic for building tissues and promoting vitality.",herb_benefits_rishabhaka
how to use rishabhaka,rishabhaka,"Another Ashtavarga herb, Rishabhaka is a powerful tonic for building tissues and promoting vitality.",herb_benefits_rishabhaka
rishabhaka medicinal properties,rishabhaka,"Another Ashtavarga herb, Rishabhaka is a powerful tonic for building tissues and promoting vitality.",herb_benefits_rishabhaka
rishabhaka health benefits,rishabhaka,"Another Ashtavarga herb, Rishabhaka is a powerful tonic for building tissues and promoting vitality.",herb_benefits_rishabhaka
therapeutic effects of rishabhaka,rishabhaka,"Another Ashtavarga herb, Rishabhaka is a powerful tonic for building tissues and promoting vitality.",herb_benefits_rishabhaka
benefits of meda,meda,An Ashtavarga herb that nourishes the fatty tissues (Meda Dhatu) and acts as a general tonic.,herb_benefits_meda
meda for rasayan,meda,meda is beneficial for rasayan,herb_benefits_rasayan
meda for brimhaniya,meda,meda is beneficial for brimhaniya,herb_benefits_brimhaniya
what is meda used for,meda,An Ashtavarga herb that nourishes the fatty tissues (Meda Dhatu) and acts as a general tonic.,herb_benefits_meda
how to use meda,meda,An Ashtavarga herb that nourishes the fatty tissues (Meda Dhatu) and acts as a general tonic.,herb_benefits_meda
meda medicinal properties,meda,An Ashtavarga herb that nourishes the fatty tissues (Meda Dhatu) and acts as a general tonic.,herb_benefits_meda
meda health benefits,meda,An Ashtavarga herb that nourishes the fatty tissues (Meda Dhatu) and acts as a general tonic.,herb_benefits_meda
therapeutic effects of meda,meda,An Ashtavarga herb that nourishes the fatty tissues (Meda Dhatu) and acts as a general tonic.,herb_benefits_meda
benefits of kakoli,kakoli,"From the Ashtavarga group, Kakoli is a cooling, nourishing tonic used in rejuvenative and aphrodisiac formulas.",herb_benefits_kakoli
kakoli for rasayan,kakoli,kakoli is beneficial for rasayan,herb_benefits_rasayan
kakoli for vrishya,kakoli,kakoli is beneficial for vrishya,herb_benefits_vrishya
kakoli for jivaniya,kakoli,kakoli is beneficial for jivaniya,herb_benefits_jivaniya
what is kakoli used for,kakoli,"From the Ashtavarga group, Kakoli is a cooling, nourishing tonic used in rejuvenative and aphrodisiac formulas.",herb_benefits_kakoli
how to use kakoli,kakoli,"From the Ashtavarga group, Kakoli is a cooling, nourishing tonic used in rejuvenative and aphrodisiac formulas.",herb_benefits_kakoli
kakoli medicinal properties,kakoli,"From the Ashtavarga group, Kakoli is a cooling, nourishing tonic used in rejuvenative and aphrodisiac formulas.",herb_benefits_kakoli
kakoli health benefits,kakoli,"From the Ashtavarga group, Kakoli is a cooling, nourishing tonic used in rejuvenative and aphrodisiac formulas.",herb_benefits_kakoli
therapeutic effects of kakoli,kakoli,"From the Ashtavarga group, Kakoli is a cooling, nourishing tonic used in rejuvenative and aphrodisiac formulas.",herb_benefits_kakoli
benefits of dhamasa,dhamasa,"Fagonia cretica is a bitter, cooling herb used to purify blood and treat skin disorders and fevers.",herb_benefits_dhamasa
dhamasa for raktashodhak,dhamasa,dhamasa is beneficial for raktashodhak,herb_benefits_raktashodhak
dhamasa for kushtaghna,dhamasa,dhamasa is beneficial for kushtaghna,herb_benefits_kushtaghna
what is dhamasa used for,dhamasa,"Fagonia cretica is a bitter, cooling herb used to purify blood and treat skin disorders and fevers.",herb_benefits_dhamasa
how to use dhamasa,dhamasa,"Fagonia cretica is a bitter, cooling herb used to purify blood and treat skin disorders and fevers.",herb_benefits_dhamasa
dhamasa medicinal properties,dhamasa,"Fagonia cretica is a bitter, cooling herb used to purify blood and treat skin disorders and fevers.",herb_benefits_dhamasa
dhamasa health benefits,dhamasa,"Fagonia cretica is a bitter, cooling herb used to purify blood and treat skin disorders and fevers.",herb_benefits_dhamasa
therapeutic effects of dhamasa,dhamasa,"Fagonia cretica is a bitter, cooling herb used to purify blood and treat skin disorders and fevers.",herb_benefits_dhamasa
benefits of rohisha,rohisha,"A type of lemongrass (Cymbopogon martinii), its oil is used for joint pain, fever, and as an insect repellent.",herb_benefits_rohisha
rohisha for jwaraghna,rohisha,rohisha is beneficial for jwaraghna,herb_benefits_jwaraghna
rohisha for shoolaghna,rohisha,rohisha is beneficial for shoolaghna,herb_benefits_shoolaghna
what is rohisha used for,rohisha,"A type of lemongrass (Cymbopogon martinii), its oil is used for joint pain, fever, and as an insect repellent.",herb_benefits_rohisha
how to use rohisha,rohisha,"A type of lemongrass (Cymbopogon martinii), its oil is used for joint pain, fever, and as an insect repellent.",herb_benefits_rohisha
rohisha medicinal properties,rohisha,"A type of lemongrass (Cymbopogon martinii), its oil is used for joint pain, fever, and as an insect repellent.",herb_benefits_rohisha
rohisha health benefits,rohisha,"A type of lemongrass (Cymbopogon martinii), its oil is used for joint pain, fever, and as an insect repellent.",herb_benefits_rohisha
therapeutic effects of rohisha,rohisha,"A type of lemongrass (Cymbopogon martinii), its oil is used for joint pain, fever, and as an insect repellent.",herb_benefits_rohisha
benefits of suryavarta,suryavarta,"Gynandropsis gynandra is used for earaches, headaches, and digestive issues.",herb_benefits_suryavarta
suryavarta for shoolaghna,suryavarta,suryavarta is beneficial for shoolaghna,herb_benefits_shoolaghna
suryavarta for deepana,suryavarta,suryavarta is beneficial for deepana,herb_benefits_deepana
what is suryavarta used for,suryavarta,"Gynandropsis gynandra is used for earaches, headaches, and digestive issues.",herb_benefits_suryavarta
how to use suryavarta,suryavarta,"Gynandropsis gynandra is used for earaches, headaches, and digestive issues.",herb_benefits_suryavarta
suryavarta medicinal properties,suryavarta,"Gynandropsis gynandra is used for earaches, headaches, and digestive issues.",herb_benefits_suryavarta
suryavarta health benefits,suryavarta,"Gynandropsis gynandra is used for earaches, headaches, and digestive issues.",herb_benefits_suryavarta
therapeutic effects of suryavarta,suryavarta,"Gynandropsis gynandra is used for earaches, headaches, and digestive issues.",herb_benefits_suryavarta
benefits of gangeruki,gangeruki,"Grewia tenax is a cooling and strengthening herb, used to relieve burning sensation and thirst.",herb_benefits_gangeruki
gangeruki for balya,gangeruki,gangeruki is beneficial for balya,herb_benefits_balya
gangeruki for dahashamana,gangeruki,gangeruki is beneficial for dahashamana,herb_benefits_dahashamana
what is gangeruki used for,gangeruki,"Grewia tenax is a cooling and strengthening herb, used to relieve burning sensation and thirst.",herb_benefits_gangeruki
how to use gangeruki,gangeruki,"Grewia tenax is a cooling and strengthening herb, used to relieve burning sensation and thirst.",herb_benefits_gangeruki
gangeruki medicinal properties,gangeruki,"Grewia tenax is a cooling and strengthening herb, used to relieve burning sensation and thirst.",herb_benefits_gangeruki
gangeruki health benefits,gangeruki,"Grewia tenax is a cooling and strengthening herb, used to relieve burning sensation and thirst.",herb_benefits_gangeruki
therapeutic effects of gangeruki,gangeruki,"Grewia tenax is a cooling and strengthening herb, used to relieve burning sensation and thirst.",herb_benefits_gangeruki
benefits of kumbhika,kumbhika,Pistia stratiotes is an aquatic plant used externally for skin diseases and swelling.,herb_benefits_kumbhika
kumbhika for shothahara,kumbhika,kumbhika is beneficial for shothahara,herb_benefits_shothahara
kumbhika for kushtaghna,kumbhika,kumbhika is beneficial for kushtaghna,herb_benefits_kushtaghna
what is kumbhika used for,kumbhika,Pistia stratiotes is an aquatic plant used externally for skin diseases and swelling.,herb_benefits_kumbhika
how to use kumbhika,kumbhika,Pistia stratiotes is an aquatic plant used externally for skin diseases and swelling.,herb_benefits_kumbhika
kumbhika medicinal properties,kumbhika,Pistia stratiotes is an aquatic plant used externally for skin diseases and swelling.,herb_benefits_kumbhika
kumbhika health benefits,kumbhika,Pistia stratiotes is an aquatic plant used externally for skin diseases and swelling.,herb_benefits_kumbhika
therapeutic effects of kumbhika,kumbhika,Pistia stratiotes is an aquatic plant used externally for skin diseases and swelling.,herb_benefits_kumbhika
benefits of sthuneyaka,sthuneyaka,Taxus baccata (Yew) is used in respiratory conditions like cough and asthma.,herb_benefits_sthuneyaka
sthuneyaka for kasahara,sthuneyaka,sthuneyaka is beneficial for kasahara,herb_benefits_kasahara
sthuneyaka for shwasahara,sthuneyaka,sthuneyaka is beneficial for shwasahara,herb_benefits_shwasahara
what is sthuneyaka used for,sthuneyaka,Taxus baccata (Yew) is used in respiratory conditions like cough and asthma.,herb_benefits_sthuneyaka
how to use sthuneyaka,sthuneyaka,Taxus baccata (Yew) is used in respiratory conditions like cough and asthma.,herb_benefits_sthuneyaka
sthuneyaka medicinal properties,sthuneyaka,Taxus baccata (Yew) is used in respiratory conditions like cough and asthma.,herb_benefits_sthuneyaka
sthuneyaka health benefits,sthuneyaka,Taxus baccata (Yew) is used in respiratory conditions like cough and asthma.,herb_benefits_sthuneyaka
therapeutic effects of sthuneyaka,sthuneyaka,Taxus baccata (Yew) is used in respiratory conditions like cough and asthma.,herb_benefits_sthuneyaka
benefits of utingana,utingana,Blepharis edulis seeds are a potent aphrodisiac and rejuvenative tonic.,herb_benefits_utingana
utingana for vrishya,utingana,utingana is beneficial for vrishya,herb_benefits_vrishya
utingana for balya,utingana,utingana is beneficial for balya,herb_benefits_balya
what is utingana used for,utingana,Blepharis edulis seeds are a potent aphrodisiac and rejuvenative tonic.,herb_benefits_utingana
how to use utingana,utingana,Blepharis edulis seeds are a potent aphrodisiac and rejuvenative tonic.,herb_benefits_utingana
utingana medicinal properties,utingana,Blepharis edulis seeds are a potent aphrodisiac and rejuvenative tonic.,herb_benefits_utingana
utingana health benefits,utingana,Blepharis edulis seeds are a potent aphrodisiac and rejuvenative tonic.,herb_benefits_utingana
therapeutic effects of utingana,utingana,Blepharis edulis seeds are a potent aphrodisiac and rejuvenative tonic.,herb_benefits_utingana
benefits of vrikshamla phala,vrikshamla phala,Garcinia indica (Kokum) fruit is a souring agent that improves appetite and digestion without aggravating Pitta.,herb_benefits_vrikshamla_phala
vrikshamla phala for deepana,vrikshamla phala,vrikshamla phala is beneficial for deepana,herb_benefits_deepana
vrikshamla phala for hridaya,vrikshamla phala,vrikshamla phala is beneficial for hridaya,herb_benefits_hridaya
what is vrikshamla phala used for,vrikshamla phala,Garcinia indica (Kokum) fruit is a souring agent that improves appetite and digestion without aggravating Pitta.,herb_benefits_vrikshamla_phala
how to use vrikshamla phala,vrikshamla phala,Garcinia indica (Kokum) fruit is a souring agent that improves appetite and digestion without aggravating Pitta.,herb_benefits_vrikshamla_phala
vrikshamla phala medicinal properties,vrikshamla phala,Garcinia indica (Kokum) fruit is a souring agent that improves appetite and digestion without aggravating Pitta.,herb_benefits_vrikshamla_phala
vrikshamla phala health benefits,vrikshamla phala,Garcinia indica (Kokum) fruit is a souring agent that improves appetite and digestion without aggravating Pitta.,herb_benefits_vrikshamla_phala
therapeutic effects of vrikshamla phala,vrikshamla phala,Garcinia indica (Kokum) fruit is a souring agent that improves appetite and digestion without aggravating Pitta.,herb_benefits_vrikshamla_phala
benefits of nirgundi taila,nirgundi taila,"Medicated oil of Nirgundi is excellent for topical application on painful joints, wounds, and grey hair.",herb_benefits_nirgundi_taila
nirgundi taila for vedanasthapana,nirgundi taila,nirgundi taila is beneficial for vedanasthapana,herb_benefits_vedanasthapana
nirgundi taila for keshya,nirgundi taila,nirgundi taila is beneficial for keshya,herb_benefits_keshya
what is nirgundi taila used for,nirgundi taila,"Medicated oil of Nirgundi is excellent for topical application on painful joints, wounds, and grey hair.",herb_benefits_nirgundi_taila
how to use nirgundi taila,nirgundi taila,"Medicated oil of Nirgundi is excellent for topical application on painful joints, wounds, and grey hair.",herb_benefits_nirgundi_taila
nirgundi taila medicinal properties,nirgundi taila,"Medicated oil of Nirgundi is excellent for topical application on painful joints, wounds, and grey hair.",herb_benefits_nirgundi_taila
nirgundi taila health benefits,nirgundi taila,"Medicated oil of Nirgundi is excellent for topical application on painful joints, wounds, and grey hair.",herb_benefits_nirgundi_taila
therapeutic effects of nirgundi taila,nirgundi taila,"Medicated oil of Nirgundi is excellent for topical application on painful joints, wounds, and grey hair.",herb_benefits_nirgundi_taila
benefits of vacha taila,vacha taila,Oil of Sweet Flag is used for massage to improve mental clarity and in nasal administration (Nasya) for clearing the sinuses.,herb_benefits_vacha_taila
vacha taila for medhya,vacha taila,vacha taila is beneficial for medhya,herb_benefits_medhya
vacha taila for sanjnasthapana,vacha taila,vacha taila is beneficial for sanjnasthapana,herb_benefits_sanjnasthapana
what is vacha taila used for,vacha taila,Oil of Sweet Flag is used for massage to improve mental clarity and in nasal administration (Nasya) for clearing the sinuses.,herb_benefits_vacha_taila
how to use vacha taila,vacha taila,Oil of Sweet Flag is used for massage to improve mental clarity and in nasal administration (Nasya) for clearing the sinuses.,herb_benefits_vacha_taila
vacha taila medicinal properties,vacha taila,Oil of Sweet Flag is used for massage to improve mental clarity and in nasal administration (Nasya) for clearing the sinuses.,herb_benefits_vacha_taila
vacha taila health benefits,vacha taila,Oil of Sweet Flag is used for massage to improve mental clarity and in nasal administration (Nasya) for clearing the sinuses.,herb_benefits_vacha_taila
therapeutic effects of vacha taila,vacha taila,Oil of Sweet Flag is used for massage to improve mental clarity and in nasal administration (Nasya) for clearing the sinuses.,herb_benefits_vacha_taila
benefits of kumari,kumari,"Known as Aloe Vera, Kumari is a premier herb for skin, liver detoxification, and regulating menstruation.",herb_benefits_kumari
kumari for yakrituttejaka,kumari,kumari is beneficial for yakrituttejaka,herb_benefits_yakrituttejaka
kumari for virechana,kumari,kumari is beneficial for virechana,herb_benefits_virechana
kumari for varnya,kumari,kumari is beneficial for varnya,herb_benefits_varnya
what is kumari used for,kumari,"Known as Aloe Vera, Kumari is a premier herb for skin, liver detoxification, and regulating menstruation.",herb_benefits_kumari
how to use kumari,kumari,"Known as Aloe Vera, Kumari is a premier herb for skin, liver detoxification, and regulating menstruation.",herb_benefits_kumari
kumari medicinal properties,kumari,"Known as Aloe Vera, Kumari is a premier herb for skin, liver detoxification, and regulating menstruation.",herb_benefits_kumari
kumari health benefits,kumari,"Known as Aloe Vera, Kumari is a premier herb for skin, liver detoxification, and regulating menstruation.",herb_benefits_kumari
therapeutic effects of kumari,kumari,"Known as Aloe Vera, Kumari is a premier herb for skin, liver detoxification, and regulating menstruation.",herb_benefits_kumari
benefits of asthishrinkhala,asthishrinkhala,"Also called Hadjod (Cissus quadrangularis), it is the primary Ayurvedic herb for healing bone fractures and strengthening joints.",herb_benefits_asthishrinkhala
asthishrinkhala for sandhanakaraka,asthishrinkhala,asthishrinkhala is beneficial for sandhanakaraka,herb_benefits_sandhanakaraka
asthishrinkhala for balya,asthishrinkhala,asthishrinkhala is beneficial for balya,herb_benefits_balya
what is asthishrinkhala used for,asthishrinkhala,"Also called Hadjod (Cissus quadrangularis), it is the primary Ayurvedic herb for healing bone fractures and strengthening joints.",herb_benefits_asthishrinkhala
how to use asthishrinkhala,asthishrinkhala,"Also called Hadjod (Cissus quadrangularis), it is the primary Ayurvedic herb for healing bone fractures and strengthening joints.",herb_benefits_asthishrinkhala
asthishrinkhala medicinal properties,asthishrinkhala,"Also called Hadjod (Cissus quadrangularis), it is the primary Ayurvedic herb for healing bone fractures and strengthening joints.",herb_benefits_asthishrinkhala
asthishrinkhala health benefits,asthishrinkhala,"Also called Hadjod (Cissus quadrangularis), it is the primary Ayurvedic herb for healing bone fractures and strengthening joints.",herb_benefits_asthishrinkhala
therapeutic effects of asthishrinkhala,asthishrinkhala,"Also called Hadjod (Cissus quadrangularis), it is the primary Ayurvedic herb for healing bone fractures and strengthening joints.",herb_benefits_asthishrinkhala
benefits of bharangi,bharangi,"Clerodendrum serratum is a specific herb for respiratory disorders like asthma, chronic cough, and rhinitis.",herb_benefits_bharangi
bharangi for shwasahara,bharangi,bharangi is beneficial for shwasahara,herb_benefits_shwasahara
bharangi for kasahara,bharangi,bharangi is beneficial for kasahara,herb_benefits_kasahara
what is bharangi used for,bharangi,"Clerodendrum serratum is a specific herb for respiratory disorders like asthma, chronic cough, and rhinitis.",herb_benefits_bharangi
how to use bharangi,bharangi,"Clerodendrum serratum is a specific herb for respiratory disorders like asthma, chronic cough, and rhinitis.",herb_benefits_bharangi
bharangi medicinal properties,bharangi,"Clerodendrum serratum is a specific herb for respiratory disorders like asthma, chronic cough, and rhinitis.",herb_benefits_bharangi
bharangi health benefits,bharangi,"Clerodendrum serratum is a specific herb for respiratory disorders like asthma, chronic cough, and rhinitis.",herb_benefits_bharangi
therapeutic effects of bharangi,bharangi,"Clerodendrum serratum is a specific herb for respiratory disorders like asthma, chronic cough, and rhinitis.",herb_benefits_bharangi
benefits of loha bhasma,loha bhasma,"Purified and processed iron ash used to treat anemia, jaundice, and support liver function. It is a powerful rejuvenator.",herb_benefits_loha_bhasma
loha bhasma for rasayan,loha bhasma,loha bhasma is beneficial for rasayan,herb_benefits_rasayan
loha bhasma for raktavardhak,loha bhasma,loha bhasma is beneficial for raktavardhak,herb_benefits_raktavardhak
loha bhasma for chakshushya,loha bhasma,loha bhasma is beneficial for chakshushya,herb_benefits_chakshushya
what is loha bhasma used for,loha bhasma,"Purified and processed iron ash used to treat anemia, jaundice, and support liver function. It is a powerful rejuvenator.",herb_benefits_loha_bhasma
how to use loha bhasma,loha bhasma,"Purified and processed iron ash used to treat anemia, jaundice, and support liver function. It is a powerful rejuvenator.",herb_benefits_loha_bhasma
loha bhasma medicinal properties,loha bhasma,"Purified and processed iron ash used to treat anemia, jaundice, and support liver function. It is a powerful rejuvenator.",herb_benefits_loha_bhasma
loha bhasma health benefits,loha bhasma,"Purified and processed iron ash used to treat anemia, jaundice, and support liver function. It is a powerful rejuvenator.",herb_benefits_loha_bhasma
therapeutic effects of loha bhasma,loha bhasma,"Purified and processed iron ash used to treat anemia, jaundice, and support liver function. It is a powerful rejuvenator.",herb_benefits_loha_bhasma
benefits of shankha bhasma,shankha bhasma,"Ash of conch shell is a rich source of calcium, used for acid peptic disorders, indigestion, and calcium deficiency.",herb_benefits_shankha_bhasma
shankha bhasma for amlapittahara,shankha bhasma,shankha bhasma is beneficial for amlapittahara,herb_benefits_amlapittahara
shankha bhasma for deepana,shankha bhasma,shankha bhasma is beneficial for deepana,herb_benefits_deepana
shankha bhasma for pachana,shankha bhasma,shankha bhasma is beneficial for pachana,herb_benefits_pachana
what is shankha bhasma used for,shankha bhasma,"Ash of conch shell is a rich source of calcium, used for acid peptic disorders, indigestion, and calcium deficiency.",herb_benefits_shankha_bhasma
how to use shankha bhasma,shankha bhasma,"Ash of conch shell is a rich source of calcium, used for acid peptic disorders, indigestion, and calcium deficiency.",herb_benefits_shankha_bhasma
shankha bhasma medicinal properties,shankha bhasma,"Ash of conch shell is a rich source of calcium, used for acid peptic disorders, indigestion, and calcium deficiency.",herb_benefits_shankha_bhasma
shankha bhasma health benefits,shankha bhasma,"Ash of conch shell is a rich source of calcium, used for acid peptic disorders, indigestion, and calcium deficiency.",herb_benefits_shankha_bhasma
therapeutic effects of shankha bhasma,shankha bhasma,"Ash of conch shell is a rich source of calcium, used for acid peptic disorders, indigestion, and calcium deficiency.",herb_benefits_shankha_bhasma
benefits of pravala pishti,pravala pishti,"Processed coral is a cooling Pitta-pacifying supplement used for calcium deficiency, fever, and bleeding disorders.",herb_benefits_pravala_pishti
pravala pishti for amlapittahara,pravala pishti,pravala pishti is beneficial for amlapittahara,herb_benefits_amlapittahara
pravala pishti for raktastambhana,pravala pishti,pravala pishti is beneficial for raktastambhana,herb_benefits_raktastambhana
pravala pishti for jwaraghna,pravala pishti,pravala pishti is beneficial for jwaraghna,herb_benefits_jwaraghna
what is pravala pishti used for,pravala pishti,"Processed coral is a cooling Pitta-pacifying supplement used for calcium deficiency, fever, and bleeding disorders.",herb_benefits_pravala_pishti
how to use pravala pishti,pravala pishti,"Processed coral is a cooling Pitta-pacifying supplement used for calcium deficiency, fever, and bleeding disorders.",herb_benefits_pravala_pishti
pravala pishti medicinal properties,pravala pishti,"Processed coral is a cooling Pitta-pacifying supplement used for calcium deficiency, fever, and bleeding disorders.",herb_benefits_pravala_pishti
pravala pishti health benefits,pravala pishti,"Processed coral is a cooling Pitta-pacifying supplement used for calcium deficiency, fever, and bleeding disorders.",herb_benefits_pravala_pishti
therapeutic effects of pravala pishti,pravala pishti,"Processed coral is a cooling Pitta-pacifying supplement used for calcium deficiency, fever, and bleeding disorders.",herb_benefits_pravala_pishti
benefits of abhraka bhasma,abhraka bhasma,"Processed mica ash is a potent rejuvenative (rasayana) used for respiratory diseases, debility, and as a powerful tonic.",herb_benefits_abhraka_bhasma
abhraka bhasma for rasayan,abhraka bhasma,abhraka bhasma is beneficial for rasayan,herb_benefits_rasayan
abhraka bhasma for vrishya,abhraka bhasma,abhraka bhasma is beneficial for vrishya,herb_benefits_vrishya
abhraka bhasma for medhya,abhraka bhasma,abhraka bhasma is beneficial for medhya,herb_benefits_medhya
what is abhraka bhasma used for,abhraka bhasma,"Processed mica ash is a potent rejuvenative (rasayana) used for respiratory diseases, debility, and as a powerful tonic.",herb_benefits_abhraka_bhasma
how to use abhraka bhasma,abhraka bhasma,"Processed mica ash is a potent rejuvenative (rasayana) used for respiratory diseases, debility, and as a powerful tonic.",herb_benefits_abhraka_bhasma
abhraka bhasma medicinal properties,abhraka bhasma,"Processed mica ash is a potent rejuvenative (rasayana) used for respiratory diseases, debility, and as a powerful tonic.",herb_benefits_abhraka_bhasma
abhraka bhasma health benefits,abhraka bhasma,"Processed mica ash is a potent rejuvenative (rasayana) used for respiratory diseases, debility, and as a powerful tonic.",herb_benefits_abhraka_bhasma
therapeutic effects of abhraka bhasma,abhraka bhasma,"Processed mica ash is a potent rejuvenative (rasayana) used for respiratory diseases, debility, and as a powerful tonic.",herb_benefits_abhraka_bhasma
benefits of vanga bhasma,vanga bhasma,"Processed tin ash is used in Ayurveda for urinary tract disorders, diabetes, and as an aphrodisiac.",herb_benefits_vanga_bhasma
vanga bhasma for pramehaghna,vanga bhasma,vanga bhasma is beneficial for pramehaghna,herb_benefits_pramehaghna
vanga bhasma for vrishya,vanga bhasma,vanga bhasma is beneficial for vrishya,herb_benefits_vrishya
what is vanga bhasma used for,vanga bhasma,"Processed tin ash is used in Ayurveda for urinary tract disorders, diabetes, and as an aphrodisiac.",herb_benefits_vanga_bhasma
how to use vanga bhasma,vanga bhasma,"Processed tin ash is used in Ayurveda for urinary tract disorders, diabetes, and as an aphrodisiac.",herb_benefits_vanga_bhasma
vanga bhasma medicinal properties,vanga bhasma,"Processed tin ash is used in Ayurveda for urinary tract disorders, diabetes, and as an aphrodisiac.",herb_benefits_vanga_bhasma
vanga bhasma health benefits,vanga bhasma,"Processed tin ash is used in Ayurveda for urinary tract disorders, diabetes, and as an aphrodisiac.",herb_benefits_vanga_bhasma
therapeutic effects of vanga bhasma,vanga bhasma,"Processed tin ash is used in Ayurveda for urinary tract disorders, diabetes, and as an aphrodisiac.",herb_benefits_vanga_bhasma
benefits of yashada bhasma,yashada bhasma,"Processed zinc ash is used for eye diseases, diabetes, and as an immune booster.",herb_benefits_yashada_bhasma
yashada bhasma for chakshushya,yashada bhasma,yashada bhasma is beneficial for chakshushya,herb_benefits_chakshushya
yashada bhasma for pramehaghna,yashada bhasma,yashada bhasma is beneficial for pramehaghna,herb_benefits_pramehaghna
what is yashada bhasma used for,yashada bhasma,"Processed zinc ash is used for eye diseases, diabetes, and as an immune booster.",herb_benefits_yashada_bhasma
how to use yashada bhasma,yashada bhasma,"Processed zinc ash is used for eye diseases, diabetes, and as an immune booster.",herb_benefits_yashada_bhasma
yashada bhasma medicinal properties,yashada bhasma,"Processed zinc ash is used for eye diseases, diabetes, and as an immune booster.",herb_benefits_yashada_bhasma
yashada bhasma health benefits,yashada bhasma,"Processed zinc ash is used for eye diseases, diabetes, and as an immune booster.",herb_benefits_yashada_bhasma
therapeutic effects of yashada bhasma,yashada bhasma,"Processed zinc ash is used for eye diseases, diabetes, and as an immune booster.",herb_benefits_yashada_bhasma
benefits of mukta pishti,mukta pishti,"Processed pearl powder is a highly cooling and calming substance used for anxiety, insomnia, and burning sensations.",herb_benefits_mukta_pishti
mukta pishti for hridaya,mukta pishti,mukta pishti is beneficial for hridaya,herb_benefits_hridaya
mukta pishti for medhya,mukta pishti,mukta pishti is beneficial for medhya,herb_benefits_medhya
mukta pishti for dahashamana,mukta pishti,mukta pishti is beneficial for dahashamana,herb_benefits_dahashamana
what is mukta pishti used for,mukta pishti,"Processed pearl powder is a highly cooling and calming substance used for anxiety, insomnia, and burning sensations.",herb_benefits_mukta_pishti
how to use mukta pishti,mukta pishti,"Processed pearl powder is a highly cooling and calming substance used for anxiety, insomnia, and burning sensations.",herb_benefits_mukta_pishti
mukta pishti medicinal properties,mukta pishti,"Processed pearl powder is a highly cooling and calming substance used for anxiety, insomnia, and burning sensations.",herb_benefits_mukta_pishti
mukta pishti health benefits,mukta pishti,"Processed pearl powder is a highly cooling and calming substance used for anxiety, insomnia, and burning sensations.",herb_benefits_mukta_pishti
therapeutic effects of mukta pishti,mukta pishti,"Processed pearl powder is a highly cooling and calming substance used for anxiety, insomnia, and burning sensations.",herb_benefits_mukta_pishti
benefits of arka,arka,"Calotropis gigantea is a toxic plant, but its purified latex and leaves are used for skin diseases and as a purgative.",herb_benefits_arka
arka for virechana,arka,arka is beneficial for virechana,herb_benefits_virechana
arka for kushtaghna,arka,arka is beneficial for kushtaghna,herb_benefits_kushtaghna
what is arka used for,arka,"Calotropis gigantea is a toxic plant, but its purified latex and leaves are used for skin diseases and as a purgative.",herb_benefits_arka
how to use arka,arka,"Calotropis gigantea is a toxic plant, but its purified latex and leaves are used for skin diseases and as a purgative.",herb_benefits_arka
arka medicinal properties,arka,"Calotropis gigantea is a toxic plant, but its purified latex and leaves are used for skin diseases and as a purgative.",herb_benefits_arka
arka health benefits,arka,"Calotropis gigantea is a toxic plant, but its purified latex and leaves are used for skin diseases and as a purgative.",herb_benefits_arka
therapeutic effects of arka,arka,"Calotropis gigantea is a toxic plant, but its purified latex and leaves are used for skin diseases and as a purgative.",herb_benefits_arka
benefits of indravaruni,indravaruni,"Citrullus colocynthis is a very strong purgative, used for severe constipation, ascites, and joint pain.",herb_benefits_indravaruni
indravaruni for virechana,indravaruni,indravaruni is beneficial for virechana,herb_benefits_virechana
indravaruni for krimighna,indravaruni,indravaruni is beneficial for krimighna,herb_benefits_krimighna
what is indravaruni used for,indravaruni,"Citrullus colocynthis is a very strong purgative, used for severe constipation, ascites, and joint pain.",herb_benefits_indravaruni
how to use indravaruni,indravaruni,"Citrullus colocynthis is a very strong purgative, used for severe constipation, ascites, and joint pain.",herb_benefits_indravaruni
indravaruni medicinal properties,indravaruni,"Citrullus colocynthis is a very strong purgative, used for severe constipation, ascites, and joint pain.",herb_benefits_indravaruni
indravaruni health benefits,indravaruni,"Citrullus colocynthis is a very strong purgative, used for severe constipation, ascites, and joint pain.",herb_benefits_indravaruni
therapeutic effects of indravaruni,indravaruni,"Citrullus colocynthis is a very strong purgative, used for severe constipation, ascites, and joint pain.",herb_benefits_indravaruni
benefits of kadali,kadali,"The plantain or banana plant's stem and flower are used for their cooling and astringent properties, especially in digestive health.",herb_benefits_kadali
kadali for grahi,kadali,kadali is beneficial for grahi,herb_benefits_grahi
kadali for balya,kadali,kadali is beneficial for balya,herb_benefits_balya
what is kadali used for,kadali,"The plantain or banana plant's stem and flower are used for their cooling and astringent properties, especially in digestive health.",herb_benefits_kadali
how to use kadali,kadali,"The plantain or banana plant's stem and flower are used for their cooling and astringent properties, especially in digestive health.",herb_benefits_kadali
kadali medicinal properties,kadali,"The plantain or banana plant's stem and flower are used for their cooling and astringent properties, especially in digestive health.",herb_benefits_kadali
kadali health benefits,kadali,"The plantain or banana plant's stem and flower are used for their cooling and astringent properties, especially in digestive health.",herb_benefits_kadali
therapeutic effects of kadali,kadali,"The plantain or banana plant's stem and flower are used for their cooling and astringent properties, especially in digestive health.",herb_benefits_kadali
benefits of tintidika,tintidika,"Tamarind is a sour fruit used to stimulate appetite and digestion, but can aggravate Pitta and Kapha.",herb_benefits_tintidika
tintidika for deepana,tintidika,tintidika is beneficial for deepana,herb_benefits_deepana
tintidika for pachana,tintidika,tintidika is beneficial for pachana,herb_benefits_pachana
what is tintidika used for,tintidika,"Tamarind is a sour fruit used to stimulate appetite and digestion, but can aggravate Pitta and Kapha.",herb_benefits_tintidika
how to use tintidika,tintidika,"Tamarind is a sour fruit used to stimulate appetite and digestion, but can aggravate Pitta and Kapha.",herb_benefits_tintidika
tintidika medicinal properties,tintidika,"Tamarind is a sour fruit used to stimulate appetite and digestion, but can aggravate Pitta and Kapha.",herb_benefits_tintidika
tintidika health benefits,tintidika,"Tamarind is a sour fruit used to stimulate appetite and digestion, but can aggravate Pitta and Kapha.",herb_benefits_tintidika
therapeutic effects of tintidika,tintidika,"Tamarind is a sour fruit used to stimulate appetite and digestion, but can aggravate Pitta and Kapha.",herb_benefits_tintidika
benefits of rudraksha,rudraksha,"Elaeocarpus ganitrus seeds are used to calm the mind, control high blood pressure, and for spiritual practices.",herb_benefits_rudraksha
rudraksha for hridaya,rudraksha,rudraksha is beneficial for hridaya,herb_benefits_hridaya
rudraksha for medhya,rudraksha,rudraksha is beneficial for medhya,herb_benefits_medhya
what is rudraksha used for,rudraksha,"Elaeocarpus ganitrus seeds are used to calm the mind, control high blood pressure, and for spiritual practices.",herb_benefits_rudraksha
how to use rudraksha,rudraksha,"Elaeocarpus ganitrus seeds are used to calm the mind, control high blood pressure, and for spiritual practices.",herb_benefits_rudraksha
rudraksha medicinal properties,rudraksha,"Elaeocarpus ganitrus seeds are used to calm the mind, control high blood pressure, and for spiritual practices.",herb_benefits_rudraksha
rudraksha health benefits,rudraksha,"Elaeocarpus ganitrus seeds are used to calm the mind, control high blood pressure, and for spiritual practices.",herb_benefits_rudraksha
therapeutic effects of rudraksha,rudraksha,"Elaeocarpus ganitrus seeds are used to calm the mind, control high blood pressure, and for spiritual practices.",herb_benefits_rudraksha
benefits of putranjivaka,putranjivaka,Putranjiva roxburghii is renowned for its use in supporting female fertility and protecting pregnancy.,herb_benefits_putranjivaka
putranjivaka for garbhasthapana,putranjivaka,putranjivaka is beneficial for garbhasthapana,herb_benefits_garbhasthapana
putranjivaka for vrishya,putranjivaka,putranjivaka is beneficial for vrishya,herb_benefits_vrishya
what is putranjivaka used for,putranjivaka,Putranjiva roxburghii is renowned for its use in supporting female fertility and protecting pregnancy.,herb_benefits_putranjivaka
how to use putranjivaka,putranjivaka,Putranjiva roxburghii is renowned for its use in supporting female fertility and protecting pregnancy.,herb_benefits_putranjivaka
putranjivaka medicinal properties,putranjivaka,Putranjiva roxburghii is renowned for its use in supporting female fertility and protecting pregnancy.,herb_benefits_putranjivaka
putranjivaka health benefits,putranjivaka,Putranjiva roxburghii is renowned for its use in supporting female fertility and protecting pregnancy.,herb_benefits_putranjivaka
therapeutic effects of putranjivaka,putranjivaka,Putranjiva roxburghii is renowned for its use in supporting female fertility and protecting pregnancy.,herb_benefits_putranjivaka
benefits of padmaka,padmaka,"Prunus cerasoides is a cooling herb used for skin diseases, burning sensations, and to stop bleeding.",herb_benefits_padmaka
padmaka for varnya,padmaka,padmaka is beneficial for varnya,herb_benefits_varnya
padmaka for raktastambhana,padmaka,padmaka is beneficial for raktastambhana,herb_benefits_raktastambhana
what is padmaka used for,padmaka,"Prunus cerasoides is a cooling herb used for skin diseases, burning sensations, and to stop bleeding.",herb_benefits_padmaka
how to use padmaka,padmaka,"Prunus cerasoides is a cooling herb used for skin diseases, burning sensations, and to stop bleeding.",herb_benefits_padmaka
padmaka medicinal properties,padmaka,"Prunus cerasoides is a cooling herb used for skin diseases, burning sensations, and to stop bleeding.",herb_benefits_padmaka
padmaka health benefits,padmaka,"Prunus cerasoides is a cooling herb used for skin diseases, burning sensations, and to stop bleeding.",herb_benefits_padmaka
therapeutic effects of padmaka,padmaka,"Prunus cerasoides is a cooling herb used for skin diseases, burning sensations, and to stop bleeding.",herb_benefits_padmaka
benefits of pilu,pilu,"The toothbrush tree (Salvadora persica) is used for oral hygiene, improving digestion, and reducing swelling.",herb_benefits_pilu
pilu for deepana,pilu,pilu is beneficial for deepana,herb_benefits_deepana
pilu for shothahara,pilu,pilu is beneficial for shothahara,herb_benefits_shothahara
what is pilu used for,pilu,"The toothbrush tree (Salvadora persica) is used for oral hygiene, improving digestion, and reducing swelling.",herb_benefits_pilu
how to use pilu,pilu,"The toothbrush tree (Salvadora persica) is used for oral hygiene, improving digestion, and reducing swelling.",herb_benefits_pilu
pilu medicinal properties,pilu,"The toothbrush tree (Salvadora persica) is used for oral hygiene, improving digestion, and reducing swelling.",herb_benefits_pilu
pilu health benefits,pilu,"The toothbrush tree (Salvadora persica) is used for oral hygiene, improving digestion, and reducing swelling.",herb_benefits_pilu
therapeutic effects of pilu,pilu,"The toothbrush tree (Salvadora persica) is used for oral hygiene, improving digestion, and reducing swelling.",herb_benefits_pilu
benefits of simsapa,simsapa,"Dalbergia sissoo (Indian Rosewood) is used for skin diseases, obesity, and as a blood purifier.",herb_benefits_simsapa
simsapa for kushtaghna,simsapa,simsapa is beneficial for kushtaghna,herb_benefits_kushtaghna
simsapa for medohara,simsapa,simsapa is beneficial for medohara,herb_benefits_medohara
what is simsapa used for,simsapa,"Dalbergia sissoo (Indian Rosewood) is used for skin diseases, obesity, and as a blood purifier.",herb_benefits_simsapa
how to use simsapa,simsapa,"Dalbergia sissoo (Indian Rosewood) is used for skin diseases, obesity, and as a blood purifier.",herb_benefits_simsapa
simsapa medicinal properties,simsapa,"Dalbergia sissoo (Indian Rosewood) is used for skin diseases, obesity, and as a blood purifier.",herb_benefits_simsapa
simsapa health benefits,simsapa,"Dalbergia sissoo (Indian Rosewood) is used for skin diseases, obesity, and as a blood purifier.",herb_benefits_simsapa
therapeutic effects of simsapa,simsapa,"Dalbergia sissoo (Indian Rosewood) is used for skin diseases, obesity, and as a blood purifier.",herb_benefits_simsapa
benefits of arishtaka,arishtaka,"Soapnut is used as a natural cleanser for hair and skin, and internally to induce vomiting.",herb_benefits_arishtaka
arishtaka for vamana,arishtaka,arishtaka is beneficial for vamana,herb_benefits_vamana
arishtaka for lekhana,arishtaka,arishtaka is beneficial for lekhana,herb_benefits_lekhana
what is arishtaka used for,arishtaka,"Soapnut is used as a natural cleanser for hair and skin, and internally to induce vomiting.",herb_benefits_arishtaka
how to use arishtaka,arishtaka,"Soapnut is used as a natural cleanser for hair and skin, and internally to induce vomiting.",herb_benefits_arishtaka
arishtaka medicinal properties,arishtaka,"Soapnut is used as a natural cleanser for hair and skin, and internally to induce vomiting.",herb_benefits_arishtaka
arishtaka health benefits,arishtaka,"Soapnut is used as a natural cleanser for hair and skin, and internally to induce vomiting.",herb_benefits_arishtaka
therapeutic effects of arishtaka,arishtaka,"Soapnut is used as a natural cleanser for hair and skin, and internally to induce vomiting.",herb_benefits_arishtaka
benefits of visha tinduka,visha tinduka,"Strychnos nux-vomica (Nux vomica) is a highly toxic herb used in purified, minute doses to stimulate the nervous system and digestion.",herb_benefits_visha_tinduka
visha tinduka for vatahara,visha tinduka,visha tinduka is beneficial for vatahara,herb_benefits_vatahara
visha tinduka for deepana,visha tinduka,visha tinduka is beneficial for deepana,herb_benefits_deepana
what is visha tinduka used for,visha tinduka,"Strychnos nux-vomica (Nux vomica) is a highly toxic herb used in purified, minute doses to stimulate the nervous system and digestion.",herb_benefits_visha_tinduka
how to use visha tinduka,visha tinduka,"Strychnos nux-vomica (Nux vomica) is a highly toxic herb used in purified, minute doses to stimulate the nervous system and digestion.",herb_benefits_visha_tinduka
visha tinduka medicinal properties,visha tinduka,"Strychnos nux-vomica (Nux vomica) is a highly toxic herb used in purified, minute doses to stimulate the nervous system and digestion.",herb_benefits_visha_tinduka
visha tinduka health benefits,visha tinduka,"Strychnos nux-vomica (Nux vomica) is a highly toxic herb used in purified, minute doses to stimulate the nervous system and digestion.",herb_benefits_visha_tinduka
therapeutic effects of visha tinduka,visha tinduka,"Strychnos nux-vomica (Nux vomica) is a highly toxic herb used in purified, minute doses to stimulate the nervous system and digestion.",herb_benefits_visha_tinduka
benefits of devadali,devadali,Luffa echinata is used to induce therapeutic nasal cleansing (Nasya) and vomiting (Vamana).,herb_benefits_devadali
devadali for vamana,devadali,devadali is beneficial for vamana,herb_benefits_vamana
devadali for krimighna,devadali,devadali is beneficial for krimighna,herb_benefits_krimighna
what is devadali used for,devadali,Luffa echinata is used to induce therapeutic nasal cleansing (Nasya) and vomiting (Vamana).,herb_benefits_devadali
how to use devadali,devadali,Luffa echinata is used to induce therapeutic nasal cleansing (Nasya) and vomiting (Vamana).,herb_benefits_devadali
devadali medicinal properties,devadali,Luffa echinata is used to induce therapeutic nasal cleansing (Nasya) and vomiting (Vamana).,herb_benefits_devadali
devadali health benefits,devadali,Luffa echinata is used to induce therapeutic nasal cleansing (Nasya) and vomiting (Vamana).,herb_benefits_devadali
therapeutic effects of devadali,devadali,Luffa echinata is used to induce therapeutic nasal cleansing (Nasya) and vomiting (Vamana).,herb_benefits_devadali
benefits of dhava,dhava,"Anogeissus latifolia is an astringent herb used for wound healing, diarrhea, and bleeding disorders.",herb_benefits_dhava
dhava for grahi,dhava,dhava is beneficial for grahi,herb_benefits_grahi
dhava for raktastambhana,dhava,dhava is beneficial for raktastambhana,herb_benefits_raktastambhana
what is dhava used for,dhava,"Anogeissus latifolia is an astringent herb used for wound healing, diarrhea, and bleeding disorders.",herb_benefits_dhava
how to use dhava,dhava,"Anogeissus latifolia is an astringent herb used for wound healing, diarrhea, and bleeding disorders.",herb_benefits_dhava
dhava medicinal properties,dhava,"Anogeissus latifolia is an astringent herb used for wound healing, diarrhea, and bleeding disorders.",herb_benefits_dhava
dhava health benefits,dhava,"Anogeissus latifolia is an astringent herb used for wound healing, diarrhea, and bleeding disorders.",herb_benefits_dhava
therapeutic effects of dhava,dhava,"Anogeissus latifolia is an astringent herb used for wound healing, diarrhea, and bleeding disorders.",herb_benefits_dhava
benefits of gajapippali,gajapippali,"Scindapsus officinalis is a larger variety of pepper, used for respiratory and digestive issues.",herb_benefits_gajapippali
gajapippali for kasahara,gajapippali,gajapippali is beneficial for kasahara,herb_benefits_kasahara
gajapippali for deepana,gajapippali,gajapippali is beneficial for deepana,herb_benefits_deepana
what is gajapippali used for,gajapippali,"Scindapsus officinalis is a larger variety of pepper, used for respiratory and digestive issues.",herb_benefits_gajapippali
how to use gajapippali,gajapippali,"Scindapsus officinalis is a larger variety of pepper, used for respiratory and digestive issues.",herb_benefits_gajapippali
gajapippali medicinal properties,gajapippali,"Scindapsus officinalis is a larger variety of pepper, used for respiratory and digestive issues.",herb_benefits_gajapippali
gajapippali health benefits,gajapippali,"Scindapsus officinalis is a larger variety of pepper, used for respiratory and digestive issues.",herb_benefits_gajapippali
therapeutic effects of gajapippali,gajapippali,"Scindapsus officinalis is a larger variety of pepper, used for respiratory and digestive issues.",herb_benefits_gajapippali
benefits of granthiparni,granthiparni,"Angelica glauca is an aromatic herb used for digestive, respiratory, and nervous system disorders.",herb_benefits_granthiparni
granthiparni for deepana,granthiparni,granthiparni is beneficial for deepana,herb_benefits_deepana
granthiparni for shwasahara,granthiparni,granthiparni is beneficial for shwasahara,herb_benefits_shwasahara
what is granthiparni used for,granthiparni,"Angelica glauca is an aromatic herb used for digestive, respiratory, and nervous system disorders.",herb_benefits_granthiparni
how to use granthiparni,granthiparni,"Angelica glauca is an aromatic herb used for digestive, respiratory, and nervous system disorders.",herb_benefits_granthiparni
granthiparni medicinal properties,granthiparni,"Angelica glauca is an aromatic herb used for digestive, respiratory, and nervous system disorders.",herb_benefits_granthiparni
granthiparni health benefits,granthiparni,"Angelica glauca is an aromatic herb used for digestive, respiratory, and nervous system disorders.",herb_benefits_granthiparni
therapeutic effects of granthiparni,granthiparni,"Angelica glauca is an aromatic herb used for digestive, respiratory, and nervous system disorders.",herb_benefits_granthiparni
benefits of hapusa,hapusa,Juniper berries are a diuretic and antiseptic used for urinary tract infections and joint pain.,herb_benefits_hapusa
hapusa for mutrala,hapusa,hapusa is beneficial for mutrala,herb_benefits_mutrala
hapusa for deepana,hapusa,hapusa is beneficial for deepana,herb_benefits_deepana
what is hapusa used for,hapusa,Juniper berries are a diuretic and antiseptic used for urinary tract infections and joint pain.,herb_benefits_hapusa
how to use hapusa,hapusa,Juniper berries are a diuretic and antiseptic used for urinary tract infections and joint pain.,herb_benefits_hapusa
hapusa medicinal properties,hapusa,Juniper berries are a diuretic and antiseptic used for urinary tract infections and joint pain.,herb_benefits_hapusa
hapusa health benefits,hapusa,Juniper berries are a diuretic and antiseptic used for urinary tract infections and joint pain.,herb_benefits_hapusa
therapeutic effects of hapusa,hapusa,Juniper berries are a diuretic and antiseptic used for urinary tract infections and joint pain.,herb_benefits_hapusa
benefits of kakajangha,kakajangha,Peristrophe paniculata is used for its anti-inflammatory properties and in treating fever.,herb_benefits_kakajangha
kakajangha for jwaraghna,kakajangha,kakajangha is beneficial for jwaraghna,herb_benefits_jwaraghna
kakajangha for shothahara,kakajangha,kakajangha is beneficial for shothahara,herb_benefits_shothahara
what is kakajangha used for,kakajangha,Peristrophe paniculata is used for its anti-inflammatory properties and in treating fever.,herb_benefits_kakajangha
how to use kakajangha,kakajangha,Peristrophe paniculata is used for its anti-inflammatory properties and in treating fever.,herb_benefits_kakajangha
kakajangha medicinal properties,kakajangha,Peristrophe paniculata is used for its anti-inflammatory properties and in treating fever.,herb_benefits_kakajangha
kakajangha health benefits,kakajangha,Peristrophe paniculata is used for its anti-inflammatory properties and in treating fever.,herb_benefits_kakajangha
therapeutic effects of kakajangha,kakajangha,Peristrophe paniculata is used for its anti-inflammatory properties and in treating fever.,herb_benefits_kakajangha
benefits of kamalakanda,kamalakanda,"Lotus stem is a cooling, nourishing vegetable that pacifies Pitta and helps in bleeding disorders.",herb_benefits_kamalakanda
kamalakanda for raktastambhana,kamalakanda,kamalakanda is beneficial for raktastambhana,herb_benefits_raktastambhana
kamalakanda for balya,kamalakanda,kamalakanda is beneficial for balya,herb_benefits_balya
what is kamalakanda used for,kamalakanda,"Lotus stem is a cooling, nourishing vegetable that pacifies Pitta and helps in bleeding disorders.",herb_benefits_kamalakanda
how to use kamalakanda,kamalakanda,"Lotus stem is a cooling, nourishing vegetable that pacifies Pitta and helps in bleeding disorders.",herb_benefits_kamalakanda
kamalakanda medicinal properties,kamalakanda,"Lotus stem is a cooling, nourishing vegetable that pacifies Pitta and helps in bleeding disorders.",herb_benefits_kamalakanda
kamalakanda health benefits,kamalakanda,"Lotus stem is a cooling, nourishing vegetable that pacifies Pitta and helps in bleeding disorders.",herb_benefits_kamalakanda
therapeutic effects of kamalakanda,kamalakanda,"Lotus stem is a cooling, nourishing vegetable that pacifies Pitta and helps in bleeding disorders.",herb_benefits_kamalakanda
benefits of karmaranga,karmaranga,Star fruit is a sour fruit used to stimulate digestion and act as a mild laxative.,herb_benefits_karmaranga
karmaranga for deepana,karmaranga,karmaranga is beneficial for deepana,herb_benefits_deepana
karmaranga for virechana,karmaranga,karmaranga is beneficial for virechana,herb_benefits_virechana
what is karmaranga used for,karmaranga,Star fruit is a sour fruit used to stimulate digestion and act as a mild laxative.,herb_benefits_karmaranga
how to use karmaranga,karmaranga,Star fruit is a sour fruit used to stimulate digestion and act as a mild laxative.,herb_benefits_karmaranga
karmaranga medicinal properties,karmaranga,Star fruit is a sour fruit used to stimulate digestion and act as a mild laxative.,herb_benefits_karmaranga
karmaranga health benefits,karmaranga,Star fruit is a sour fruit used to stimulate digestion and act as a mild laxative.,herb_benefits_karmaranga
therapeutic effects of karmaranga,karmaranga,Star fruit is a sour fruit used to stimulate digestion and act as a mild laxative.,herb_benefits_karmaranga
benefits of kasheruka,kasheruka,"Scirpus grossus is a cooling, diuretic, and aphrodisiac herb.",herb_benefits_kasheruka
kasheruka for vrishya,kasheruka,kasheruka is beneficial for vrishya,herb_benefits_vrishya
kasheruka for mutrala,kasheruka,kasheruka is beneficial for mutrala,herb_benefits_mutrala
what is kasheruka used for,kasheruka,"Scirpus grossus is a cooling, diuretic, and aphrodisiac herb.",herb_benefits_kasheruka
how to use kasheruka,kasheruka,"Scirpus grossus is a cooling, diuretic, and aphrodisiac herb.",herb_benefits_kasheruka
kasheruka medicinal properties,kasheruka,"Scirpus grossus is a cooling, diuretic, and aphrodisiac herb.",herb_benefits_kasheruka
kasheruka health benefits,kasheruka,"Scirpus grossus is a cooling, diuretic, and aphrodisiac herb.",herb_benefits_kasheruka
therapeutic effects of kasheruka,kasheruka,"Scirpus grossus is a cooling, diuretic, and aphrodisiac herb.",herb_benefits_kasheruka
benefits of kembuka,kembuka,"Costus speciosus is used to treat respiratory conditions, skin diseases, and to purify the blood.",herb_benefits_kembuka
kembuka for kushtaghna,kembuka,kembuka is beneficial for kushtaghna,herb_benefits_kushtaghna
kembuka for kasahara,kembuka,kembuka is beneficial for kasahara,herb_benefits_kasahara
what is kembuka used for,kembuka,"Costus speciosus is used to treat respiratory conditions, skin diseases, and to purify the blood.",herb_benefits_kembuka
how to use kembuka,kembuka,"Costus speciosus is used to treat respiratory conditions, skin diseases, and to purify the blood.",herb_benefits_kembuka
kembuka medicinal properties,kembuka,"Costus speciosus is used to treat respiratory conditions, skin diseases, and to purify the blood.",herb_benefits_kembuka
kembuka health benefits,kembuka,"Costus speciosus is used to treat respiratory conditions, skin diseases, and to purify the blood.",herb_benefits_kembuka
therapeutic effects of kembuka,kembuka,"Costus speciosus is used to treat respiratory conditions, skin diseases, and to purify the blood.",herb_benefits_kembuka
benefits of koshamra,koshamra,Schleichera oleosa is used in traditional medicine for skin diseases and promoting hair growth.,herb_benefits_koshamra
koshamra for kushtaghna,koshamra,koshamra is beneficial for kushtaghna,herb_benefits_kushtaghna
koshamra for keshya,koshamra,koshamra is beneficial for keshya,herb_benefits_keshya
what is koshamra used for,koshamra,Schleichera oleosa is used in traditional medicine for skin diseases and promoting hair growth.,herb_benefits_koshamra
how to use koshamra,koshamra,Schleichera oleosa is used in traditional medicine for skin diseases and promoting hair growth.,herb_benefits_koshamra
koshamra medicinal properties,koshamra,Schleichera oleosa is used in traditional medicine for skin diseases and promoting hair growth.,herb_benefits_koshamra
koshamra health benefits,koshamra,Schleichera oleosa is used in traditional medicine for skin diseases and promoting hair growth.,herb_benefits_koshamra
therapeutic effects of koshamra,koshamra,Schleichera oleosa is used in traditional medicine for skin diseases and promoting hair growth.,herb_benefits_koshamra
benefits of latakaranja,latakaranja,"Caesalpinia crista is a bitter tonic used for fever, malaria, and intestinal worms.",herb_benefits_latakaranja
latakaranja for jwaraghna,latakaranja,latakaranja is beneficial for jwaraghna,herb_benefits_jwaraghna
latakaranja for krimighna,latakaranja,latakaranja is beneficial for krimighna,herb_benefits_krimighna
what is latakaranja used for,latakaranja,"Caesalpinia crista is a bitter tonic used for fever, malaria, and intestinal worms.",herb_benefits_latakaranja
how to use latakaranja,latakaranja,"Caesalpinia crista is a bitter tonic used for fever, malaria, and intestinal worms.",herb_benefits_latakaranja
latakaranja medicinal properties,latakaranja,"Caesalpinia crista is a bitter tonic used for fever, malaria, and intestinal worms.",herb_benefits_latakaranja
latakaranja health benefits,latakaranja,"Caesalpinia crista is a bitter tonic used for fever, malaria, and intestinal worms.",herb_benefits_latakaranja
therapeutic effects of latakaranja,latakaranja,"Caesalpinia crista is a bitter tonic used for fever, malaria, and intestinal worms.",herb_benefits_latakaranja
benefits of lavali,lavali,Cicca acida is a sour fruit that aids digestion and has a laxative effect.,herb_benefits_lavali
lavali for deepana,lavali,lavali is beneficial for deepana,herb_benefits_deepana
lavali for virechana,lavali,lavali is beneficial for virechana,herb_benefits_virechana
what is lavali used for,lavali,Cicca acida is a sour fruit that aids digestion and has a laxative effect.,herb_benefits_lavali
how to use lavali,lavali,Cicca acida is a sour fruit that aids digestion and has a laxative effect.,herb_benefits_lavali
lavali medicinal properties,lavali,Cicca acida is a sour fruit that aids digestion and has a laxative effect.,herb_benefits_lavali
lavali health benefits,lavali,Cicca acida is a sour fruit that aids digestion and has a laxative effect.,herb_benefits_lavali
therapeutic effects of lavali,lavali,Cicca acida is a sour fruit that aids digestion and has a laxative effect.,herb_benefits_lavali
benefits of mahanimba,mahanimba,"Melia azedarach is a potent anti-microbial and blood purifier, similar to but stronger than Neem.",herb_benefits_mahanimba
mahanimba for kushtaghna,mahanimba,mahanimba is beneficial for kushtaghna,herb_benefits_kushtaghna
mahanimba for krimighna,mahanimba,mahanimba is beneficial for krimighna,herb_benefits_krimighna
mahanimba for raktashodhak,mahanimba,mahanimba is beneficial for raktashodhak,herb_benefits_raktashodhak
what is mahanimba used for,mahanimba,"Melia azedarach is a potent anti-microbial and blood purifier, similar to but stronger than Neem.",herb_benefits_mahanimba
how to use mahanimba,mahanimba,"Melia azedarach is a potent anti-microbial and blood purifier, similar to but stronger than Neem.",herb_benefits_mahanimba
mahanimba medicinal properties,mahanimba,"Melia azedarach is a potent anti-microbial and blood purifier, similar to but stronger than Neem.",herb_benefits_mahanimba
mahanimba health benefits,mahanimba,"Melia azedarach is a potent anti-microbial and blood purifier, similar to but stronger than Neem.",herb_benefits_mahanimba
therapeutic effects of mahanimba,mahanimba,"Melia azedarach is a potent anti-microbial and blood purifier, similar to but stronger than Neem.",herb_benefits_mahanimba
benefits of nagabala,nagabala,Grewia hirsuta is a powerful tonic (rasayana) that enhances strength and calms the nervous system.,herb_benefits_nagabala
nagabala for balya,nagabala,nagabala is beneficial for balya,herb_benefits_balya
nagabala for rasayan,nagabala,nagabala is beneficial for rasayan,herb_benefits_rasayan
what is nagabala used for,nagabala,Grewia hirsuta is a powerful tonic (rasayana) that enhances strength and calms the nervous system.,herb_benefits_nagabala
how to use nagabala,nagabala,Grewia hirsuta is a powerful tonic (rasayana) that enhances strength and calms the nervous system.,herb_benefits_nagabala
nagabala medicinal properties,nagabala,Grewia hirsuta is a powerful tonic (rasayana) that enhances strength and calms the nervous system.,herb_benefits_nagabala
nagabala health benefits,nagabala,Grewia hirsuta is a powerful tonic (rasayana) that enhances strength and calms the nervous system.,herb_benefits_nagabala
therapeutic effects of nagabala,nagabala,Grewia hirsuta is a powerful tonic (rasayana) that enhances strength and calms the nervous system.,herb_benefits_nagabala
benefits of narikela lavana,narikela lavana,"A special preparation of Coconut and Rock Salt, used for hyperacidity and digestive issues.",herb_benefits_narikela_lavana
narikela lavana for amlapittahara,narikela lavana,narikela lavana is beneficial for amlapittahara,herb_benefits_amlapittahara
narikela lavana for deepana,narikela lavana,narikela lavana is beneficial for deepana,herb_benefits_deepana
what is narikela lavana used for,narikela lavana,"A special preparation of Coconut and Rock Salt, used for hyperacidity and digestive issues.",herb_benefits_narikela_lavana
how to use narikela lavana,narikela lavana,"A special preparation of Coconut and Rock Salt, used for hyperacidity and digestive issues.",herb_benefits_narikela_lavana
narikela lavana medicinal properties,narikela lavana,"A special preparation of Coconut and Rock Salt, used for hyperacidity and digestive issues.",herb_benefits_narikela_lavana
narikela lavana health benefits,narikela lavana,"A special preparation of Coconut and Rock Salt, used for hyperacidity and digestive issues.",herb_benefits_narikela_lavana
therapeutic effects of narikela lavana,narikela lavana,"A special preparation of Coconut and Rock Salt, used for hyperacidity and digestive issues.",herb_benefits_narikela_lavana
benefits of pattanga,pattanga,Caesalpinia sappan (Sappanwood) is an astringent used to stop bleeding and heal wounds.,herb_benefits_pattanga
pattanga for raktastambhana,pattanga,pattanga is beneficial for raktastambhana,herb_benefits_raktastambhana
pattanga for vranaropana,pattanga,pattanga is beneficial for vranaropana,herb_benefits_vranaropana
what is pattanga used for,pattanga,Caesalpinia sappan (Sappanwood) is an astringent used to stop bleeding and heal wounds.,herb_benefits_pattanga
how to use pattanga,pattanga,Caesalpinia sappan (Sappanwood) is an astringent used to stop bleeding and heal wounds.,herb_benefits_pattanga
pattanga medicinal properties,pattanga,Caesalpinia sappan (Sappanwood) is an astringent used to stop bleeding and heal wounds.,herb_benefits_pattanga
pattanga health benefits,pattanga,Caesalpinia sappan (Sappanwood) is an astringent used to stop bleeding and heal wounds.,herb_benefits_pattanga
therapeutic effects of pattanga,pattanga,Caesalpinia sappan (Sappanwood) is an astringent used to stop bleeding and heal wounds.,herb_benefits_pattanga
benefits of sarja,sarja,"The resin of Vateria indica is used as an antiseptic, anti-inflammatory and for wound healing.",herb_benefits_sarja
sarja for vranaropana,sarja,sarja is beneficial for vranaropana,herb_benefits_vranaropana
sarja for vishaghna,sarja,sarja is beneficial for vishaghna,herb_benefits_vishaghna
what is sarja used for,sarja,"The resin of Vateria indica is used as an antiseptic, anti-inflammatory and for wound healing.",herb_benefits_sarja
how to use sarja,sarja,"The resin of Vateria indica is used as an antiseptic, anti-inflammatory and for wound healing.",herb_benefits_sarja
sarja medicinal properties,sarja,"The resin of Vateria indica is used as an antiseptic, anti-inflammatory and for wound healing.",herb_benefits_sarja
sarja health benefits,sarja,"The resin of Vateria indica is used as an antiseptic, anti-inflammatory and for wound healing.",herb_benefits_sarja
therapeutic effects of sarja,sarja,"The resin of Vateria indica is used as an antiseptic, anti-inflammatory and for wound healing.",herb_benefits_sarja
benefits of somavalli,somavalli,"The legendary Soma plant, often identified as Sarcostemma acidum, is a rejuvenative and vitality booster.",herb_benefits_somavalli
somavalli for rasayan,somavalli,somavalli is beneficial for rasayan,herb_benefits_rasayan
somavalli for balya,somavalli,somavalli is beneficial for balya,herb_benefits_balya
what is somavalli used for,somavalli,"The legendary Soma plant, often identified as Sarcostemma acidum, is a rejuvenative and vitality booster.",herb_benefits_somavalli
how to use somavalli,somavalli,"The legendary Soma plant, often identified as Sarcostemma acidum, is a rejuvenative and vitality booster.",herb_benefits_somavalli
somavalli medicinal properties,somavalli,"The legendary Soma plant, often identified as Sarcostemma acidum, is a rejuvenative and vitality booster.",herb_benefits_somavalli
somavalli health benefits,somavalli,"The legendary Soma plant, often identified as Sarcostemma acidum, is a rejuvenative and vitality booster.",herb_benefits_somavalli
therapeutic effects of somavalli,somavalli,"The legendary Soma plant, often identified as Sarcostemma acidum, is a rejuvenative and vitality booster.",herb_benefits_somavalli
benefits of vyaghranakhi,vyaghranakhi,Capparis zeylanica is used for its anti-inflammatory properties in conditions like edema and joint pain.,herb_benefits_vyaghranakhi
vyaghranakhi for shothahara,vyaghranakhi,vyaghranakhi is beneficial for shothahara,herb_benefits_shothahara
vyaghranakhi for vatahara,vyaghranakhi,vyaghranakhi is beneficial for vatahara,herb_benefits_vatahara
what is vyaghranakhi used for,vyaghranakhi,Capparis zeylanica is used for its anti-inflammatory properties in conditions like edema and joint pain.,herb_benefits_vyaghranakhi
how to use vyaghranakhi,vyaghranakhi,Capparis zeylanica is used for its anti-inflammatory properties in conditions like edema and joint pain.,herb_benefits_vyaghranakhi
vyaghranakhi medicinal properties,vyaghranakhi,Capparis zeylanica is used for its anti-inflammatory properties in conditions like edema and joint pain.,herb_benefits_vyaghranakhi
vyaghranakhi health benefits,vyaghranakhi,Capparis zeylanica is used for its anti-inflammatory properties in conditions like edema and joint pain.,herb_benefits_vyaghranakhi
therapeutic effects of vyaghranakhi,vyaghranakhi,Capparis zeylanica is used for its anti-inflammatory properties in conditions like edema and joint pain.,herb_benefits_vyaghranakhi
benefits of manikya pishti,manikya pishti,Processed Ruby gem is used as a powerful cardiotonic and rejuvenator to enhance vitality and strength.,herb_benefits_manikya_pishti
manikya pishti for hridaya,manikya pishti,manikya pishti is beneficial for hridaya,herb_benefits_hridaya
manikya pishti for rasayan,manikya pishti,manikya pishti is beneficial for rasayan,herb_benefits_rasayan
manikya pishti for vrishya,manikya pishti,manikya pishti is beneficial for vrishya,herb_benefits_vrishya
what is manikya pishti used for,manikya pishti,Processed Ruby gem is used as a powerful cardiotonic and rejuvenator to enhance vitality and strength.,herb_benefits_manikya_pishti
how to use manikya pishti,manikya pishti,Processed Ruby gem is used as a powerful cardiotonic and rejuvenator to enhance vitality and strength.,herb_benefits_manikya_pishti
manikya pishti medicinal properties,manikya pishti,Processed Ruby gem is used as a powerful cardiotonic and rejuvenator to enhance vitality and strength.,herb_benefits_manikya_pishti
manikya pishti health benefits,manikya pishti,Processed Ruby gem is used as a powerful cardiotonic and rejuvenator to enhance vitality and strength.,herb_benefits_manikya_pishti
therapeutic effects of manikya pishti,manikya pishti,Processed Ruby gem is used as a powerful cardiotonic and rejuvenator to enhance vitality and strength.,herb_benefits_manikya_pishti
benefits of akshotaka,akshotaka,Walnut is a nourishing brain tonic that pacifies Vata dosha and enhances strength and vitality.,herb_benefits_akshotaka
akshotaka for medhya,akshotaka,akshotaka is beneficial for medhya,herb_benefits_medhya
akshotaka for balya,akshotaka,akshotaka is beneficial for balya,herb_benefits_balya
akshotaka for brimhaniya,akshotaka,akshotaka is beneficial for brimhaniya,herb_benefits_brimhaniya
what is akshotaka used for,akshotaka,Walnut is a nourishing brain tonic that pacifies Vata dosha and enhances strength and vitality.,herb_benefits_akshotaka
how to use akshotaka,akshotaka,Walnut is a nourishing brain tonic that pacifies Vata dosha and enhances strength and vitality.,herb_benefits_akshotaka
akshotaka medicinal properties,akshotaka,Walnut is a nourishing brain tonic that pacifies Vata dosha and enhances strength and vitality.,herb_benefits_akshotaka
akshotaka health benefits,akshotaka,Walnut is a nourishing brain tonic that pacifies Vata dosha and enhances strength and vitality.,herb_benefits_akshotaka
therapeutic effects of akshotaka,akshotaka,Walnut is a nourishing brain tonic that pacifies Vata dosha and enhances strength and vitality.,herb_benefits_akshotaka
benefits of chakshushya,chakshushya,"As its name suggests, Cassia absus is a specific herb for improving eyesight and treating eye disorders.",herb_benefits_chakshushya
chakshushya for chakshushya,chakshushya,chakshushya is beneficial for chakshushya,herb_benefits_chakshushya
chakshushya for grahi,chakshushya,chakshushya is beneficial for grahi,herb_benefits_grahi
what is chakshushya used for,chakshushya,"As its name suggests, Cassia absus is a specific herb for improving eyesight and treating eye disorders.",herb_benefits_chakshushya
how to use chakshushya,chakshushya,"As its name suggests, Cassia absus is a specific herb for improving eyesight and treating eye disorders.",herb_benefits_chakshushya
chakshushya medicinal properties,chakshushya,"As its name suggests, Cassia absus is a specific herb for improving eyesight and treating eye disorders.",herb_benefits_chakshushya
chakshushya health benefits,chakshushya,"As its name suggests, Cassia absus is a specific herb for improving eyesight and treating eye disorders.",herb_benefits_chakshushya
therapeutic effects of chakshushya,chakshushya,"As its name suggests, Cassia absus is a specific herb for improving eyesight and treating eye disorders.",herb_benefits_chakshushya
benefits of dadrughna,dadrughna,"Cassia alata is a potent anti-fungal herb used topically for skin diseases, especially ringworm.",herb_benefits_dadrughna
dadrughna for kushtaghna,dadrughna,dadrughna is beneficial for kushtaghna,herb_benefits_kushtaghna
dadrughna for kandughna,dadrughna,dadrughna is beneficial for kandughna,herb_benefits_kandughna
what is dadrughna used for,dadrughna,"Cassia alata is a potent anti-fungal herb used topically for skin diseases, especially ringworm.",herb_benefits_dadrughna
how to use dadrughna,dadrughna,"Cassia alata is a potent anti-fungal herb used topically for skin diseases, especially ringworm.",herb_benefits_dadrughna
dadrughna medicinal properties,dadrughna,"Cassia alata is a potent anti-fungal herb used topically for skin diseases, especially ringworm.",herb_benefits_dadrughna
dadrughna health benefits,dadrughna,"Cassia alata is a potent anti-fungal herb used topically for skin diseases, especially ringworm.",herb_benefits_dadrughna
therapeutic effects of dadrughna,dadrughna,"Cassia alata is a potent anti-fungal herb used topically for skin diseases, especially ringworm.",herb_benefits_dadrughna
benefits of bandhuka,bandhuka,Pentapetes phoenicea flower is used for its cooling and soothing properties in Pitta conditions.,herb_benefits_bandhuka
bandhuka for dahashamana,bandhuka,bandhuka is beneficial for dahashamana,herb_benefits_dahashamana
bandhuka for hridaya,bandhuka,bandhuka is beneficial for hridaya,herb_benefits_hridaya
what is bandhuka used for,bandhuka,Pentapetes phoenicea flower is used for its cooling and soothing properties in Pitta conditions.,herb_benefits_bandhuka
how to use bandhuka,bandhuka,Pentapetes phoenicea flower is used for its cooling and soothing properties in Pitta conditions.,herb_benefits_bandhuka
bandhuka medicinal properties,bandhuka,Pentapetes phoenicea flower is used for its cooling and soothing properties in Pitta conditions.,herb_benefits_bandhuka
bandhuka health benefits,bandhuka,Pentapetes phoenicea flower is used for its cooling and soothing properties in Pitta conditions.,herb_benefits_bandhuka
therapeutic effects of bandhuka,bandhuka,Pentapetes phoenicea flower is used for its cooling and soothing properties in Pitta conditions.,herb_benefits_bandhuka
benefits of bhutakeshi,bhutakeshi,Selinum wallichianum is a nervine tonic used to calm the mind and treat neurological conditions.,herb_benefits_bhutakeshi
bhutakeshi for medhya,bhutakeshi,bhutakeshi is beneficial for medhya,herb_benefits_medhya
bhutakeshi for vatahara,bhutakeshi,bhutakeshi is beneficial for vatahara,herb_benefits_vatahara
what is bhutakeshi used for,bhutakeshi,Selinum wallichianum is a nervine tonic used to calm the mind and treat neurological conditions.,herb_benefits_bhutakeshi
how to use bhutakeshi,bhutakeshi,Selinum wallichianum is a nervine tonic used to calm the mind and treat neurological conditions.,herb_benefits_bhutakeshi
bhutakeshi medicinal properties,bhutakeshi,Selinum wallichianum is a nervine tonic used to calm the mind and treat neurological conditions.,herb_benefits_bhutakeshi
bhutakeshi health benefits,bhutakeshi,Selinum wallichianum is a nervine tonic used to calm the mind and treat neurological conditions.,herb_benefits_bhutakeshi
therapeutic effects of bhutakeshi,bhutakeshi,Selinum wallichianum is a nervine tonic used to calm the mind and treat neurological conditions.,herb_benefits_bhutakeshi
benefits of riddhi,riddhi,"An Ashtavarga herb, Riddhi is a general tonic used to promote strength, longevity, and tissue nourishment.",herb_benefits_riddhi
riddhi for rasayan,riddhi,riddhi is beneficial for rasayan,herb_benefits_rasayan
riddhi for brimhaniya,riddhi,riddhi is beneficial for brimhaniya,herb_benefits_brimhaniya
what is riddhi used for,riddhi,"An Ashtavarga herb, Riddhi is a general tonic used to promote strength, longevity, and tissue nourishment.",herb_benefits_riddhi
how to use riddhi,riddhi,"An Ashtavarga herb, Riddhi is a general tonic used to promote strength, longevity, and tissue nourishment.",herb_benefits_riddhi
riddhi medicinal properties,riddhi,"An Ashtavarga herb, Riddhi is a general tonic used to promote strength, longevity, and tissue nourishment.",herb_benefits_riddhi
riddhi health benefits,riddhi,"An Ashtavarga herb, Riddhi is a general tonic used to promote strength, longevity, and tissue nourishment.",herb_benefits_riddhi
therapeutic effects of riddhi,riddhi,"An Ashtavarga herb, Riddhi is a general tonic used to promote strength, longevity, and tissue nourishment.",herb_benefits_riddhi
benefits of vriddhi,vriddhi,"Paired with Riddhi in the Ashtavarga group, Vriddhi also enhances vitality and nourishes the body's tissues.",herb_benefits_vriddhi
vriddhi for rasayan,vriddhi,vriddhi is beneficial for rasayan,herb_benefits_rasayan
vriddhi for brimhaniya,vriddhi,vriddhi is beneficial for brimhaniya,herb_benefits_brimhaniya
what is vriddhi used for,vriddhi,"Paired with Riddhi in the Ashtavarga group, Vriddhi also enhances vitality and nourishes the body's tissues.",herb_benefits_vriddhi
how to use vriddhi,vriddhi,"Paired with Riddhi in the Ashtavarga group, Vriddhi also enhances vitality and nourishes the body's tissues.",herb_benefits_vriddhi
vriddhi medicinal properties,vriddhi,"Paired with Riddhi in the Ashtavarga group, Vriddhi also enhances vitality and nourishes the body's tissues.",herb_benefits_vriddhi
vriddhi health benefits,vriddhi,"Paired with Riddhi in the Ashtavarga group, Vriddhi also enhances vitality and nourishes the body's tissues.",herb_benefits_vriddhi
therapeutic effects of vriddhi,vriddhi,"Paired with Riddhi in the Ashtavarga group, Vriddhi also enhances vitality and nourishes the body's tissues.",herb_benefits_vriddhi
benefits of daruharidra,daruharidra,"Indian Barberry, a potent alternative to Turmeric, used for skin, liver, and blood sugar control.",herb_benefits_daruharidra
daruharidra for kushtaghna,daruharidra,daruharidra is beneficial for kushtaghna,herb_benefits_kushtaghna
daruharidra for pramehaghna,daruharidra,daruharidra is beneficial for pramehaghna,herb_benefits_pramehaghna
daruharidra for yakrituttejaka,daruharidra,daruharidra is beneficial for yakrituttejaka,herb_benefits_yakrituttejaka
what is daruharidra used for,daruharidra,"Indian Barberry, a potent alternative to Turmeric, used for skin, liver, and blood sugar control.",herb_benefits_daruharidra
how to use daruharidra,daruharidra,"Indian Barberry, a potent alternative to Turmeric, used for skin, liver, and blood sugar control.",herb_benefits_daruharidra
daruharidra medicinal properties,daruharidra,"Indian Barberry, a potent alternative to Turmeric, used for skin, liver, and blood sugar control.",herb_benefits_daruharidra
daruharidra health benefits,daruharidra,"Indian Barberry, a potent alternative to Turmeric, used for skin, liver, and blood sugar control.",herb_benefits_daruharidra
therapeutic effects of daruharidra,daruharidra,"Indian Barberry, a potent alternative to Turmeric, used for skin, liver, and blood sugar control.",herb_benefits_daruharidra
benefits of akarakarabha,akarakarabha,"Anacyclus pyrethrum is a powerful aphrodisiac and nervine stimulant, known to enhance vitality.",herb_benefits_akarakarabha
akarakarabha for vrishya,akarakarabha,akarakarabha is beneficial for vrishya,herb_benefits_vrishya
akarakarabha for vatahara,akarakarabha,akarakarabha is beneficial for vatahara,herb_benefits_vatahara
what is akarakarabha used for,akarakarabha,"Anacyclus pyrethrum is a powerful aphrodisiac and nervine stimulant, known to enhance vitality.",herb_benefits_akarakarabha
how to use akarakarabha,akarakarabha,"Anacyclus pyrethrum is a powerful aphrodisiac and nervine stimulant, known to enhance vitality.",herb_benefits_akarakarabha
akarakarabha medicinal properties,akarakarabha,"Anacyclus pyrethrum is a powerful aphrodisiac and nervine stimulant, known to enhance vitality.",herb_benefits_akarakarabha
akarakarabha health benefits,akarakarabha,"Anacyclus pyrethrum is a powerful aphrodisiac and nervine stimulant, known to enhance vitality.",herb_benefits_akarakarabha
therapeutic effects of akarakarabha,akarakarabha,"Anacyclus pyrethrum is a powerful aphrodisiac and nervine stimulant, known to enhance vitality.",herb_benefits_akarakarabha
benefits of mahabala,mahabala,"Sida rhombifolia, a variety of Bala, is a superior tonic for building strength and calming the nervous system.",herb_benefits_mahabala
mahabala for balya,mahabala,mahabala is beneficial for balya,herb_benefits_balya
mahabala for hridaya,mahabala,mahabala is beneficial for hridaya,herb_benefits_hridaya
mahabala for rasayan,mahabala,mahabala is beneficial for rasayan,herb_benefits_rasayan
what is mahabala used for,mahabala,"Sida rhombifolia, a variety of Bala, is a superior tonic for building strength and calming the nervous system.",herb_benefits_mahabala
how to use mahabala,mahabala,"Sida rhombifolia, a variety of Bala, is a superior tonic for building strength and calming the nervous system.",herb_benefits_mahabala
mahabala medicinal properties,mahabala,"Sida rhombifolia, a variety of Bala, is a superior tonic for building strength and calming the nervous system.",herb_benefits_mahabala
mahabala health benefits,mahabala,"Sida rhombifolia, a variety of Bala, is a superior tonic for building strength and calming the nervous system.",herb_benefits_mahabala
therapeutic effects of mahabala,mahabala,"Sida rhombifolia, a variety of Bala, is a superior tonic for building strength and calming the nervous system.",herb_benefits_mahabala
benefits of godanti bhasma,godanti bhasma,"Processed Gypsum is a cooling remedy for fever, headache, and Pitta-related burning sensations.",herb_benefits_godanti_bhasma
godanti bhasma for jwaraghna,godanti bhasma,godanti bhasma is beneficial for jwaraghna,herb_benefits_jwaraghna
godanti bhasma for shoolaghna,godanti bhasma,godanti bhasma is beneficial for shoolaghna,herb_benefits_shoolaghna
what is godanti bhasma used for,godanti bhasma,"Processed Gypsum is a cooling remedy for fever, headache, and Pitta-related burning sensations.",herb_benefits_godanti_bhasma
how to use godanti bhasma,godanti bhasma,"Processed Gypsum is a cooling remedy for fever, headache, and Pitta-related burning sensations.",herb_benefits_godanti_bhasma
godanti bhasma medicinal properties,godanti bhasma,"Processed Gypsum is a cooling remedy for fever, headache, and Pitta-related burning sensations.",herb_benefits_godanti_bhasma
godanti bhasma health benefits,godanti bhasma,"Processed Gypsum is a cooling remedy for fever, headache, and Pitta-related burning sensations.",herb_benefits_godanti_bhasma
therapeutic effects of godanti bhasma,godanti bhasma,"Processed Gypsum is a cooling remedy for fever, headache, and Pitta-related burning sensations.",herb_benefits_godanti_bhasma
benefits of kukkutanda twak bhasma,kukkutanda twak bhasma,"Hen's eggshell ash is a rich source of natural calcium, used for osteoporosis and as an aphrodisiac.",herb_benefits_kukkutanda_twak_bhasma
kukkutanda twak bhasma for vrishya,kukkutanda twak bhasma,kukkutanda twak bhasma is beneficial for vrishya,herb_benefits_vrishya
kukkutanda twak bhasma for balya,kukkutanda twak bhasma,kukkutanda twak bhasma is beneficial for balya,herb_benefits_balya
what is kukkutanda twak bhasma used for,kukkutanda twak bhasma,"Hen's eggshell ash is a rich source of natural calcium, used for osteoporosis and as an aphrodisiac.",herb_benefits_kukkutanda_twak_bhasma
how to use kukkutanda twak bhasma,kukkutanda twak bhasma,"Hen's eggshell ash is a rich source of natural calcium, used for osteoporosis and as an aphrodisiac.",herb_benefits_kukkutanda_twak_bhasma
kukkutanda twak bhasma medicinal properties,kukkutanda twak bhasma,"Hen's eggshell ash is a rich source of natural calcium, used for osteoporosis and as an aphrodisiac.",herb_benefits_kukkutanda_twak_bhasma
kukkutanda twak bhasma health benefits,kukkutanda twak bhasma,"Hen's eggshell ash is a rich source of natural calcium, used for osteoporosis and as an aphrodisiac.",herb_benefits_kukkutanda_twak_bhasma
therapeutic effects of kukkutanda twak bhasma,kukkutanda twak bhasma,"Hen's eggshell ash is a rich source of natural calcium, used for osteoporosis and as an aphrodisiac.",herb_benefits_kukkutanda_twak_bhasma
benefits of samudra phena,samudra phena,Cuttlefish bone is used externally for skin diseases and internally for ear and eye ailments.,herb_benefits_samudra_phena
samudra phena for lekhana,samudra phena,samudra phena is beneficial for lekhana,herb_benefits_lekhana
samudra phena for kushtaghna,samudra phena,samudra phena is beneficial for kushtaghna,herb_benefits_kushtaghna
what is samudra phena used for,samudra phena,Cuttlefish bone is used externally for skin diseases and internally for ear and eye ailments.,herb_benefits_samudra_phena
how to use samudra phena,samudra phena,Cuttlefish bone is used externally for skin diseases and internally for ear and eye ailments.,herb_benefits_samudra_phena
samudra phena medicinal properties,samudra phena,Cuttlefish bone is used externally for skin diseases and internally for ear and eye ailments.,herb_benefits_samudra_phena
samudra phena health benefits,samudra phena,Cuttlefish bone is used externally for skin diseases and internally for ear and eye ailments.,herb_benefits_samudra_phena
therapeutic effects of samudra phena,samudra phena,Cuttlefish bone is used externally for skin diseases and internally for ear and eye ailments.,herb_benefits_samudra_phena
benefits of chirayata,chirayata,"Swertia chirata is an extremely bitter herb used for chronic fevers, liver disorders, and skin diseases.",herb_benefits_chirayata
chirayata for jwaraghna,chirayata,chirayata is beneficial for jwaraghna,herb_benefits_jwaraghna
chirayata for yakrituttejaka,chirayata,chirayata is beneficial for yakrituttejaka,herb_benefits_yakrituttejaka
chirayata for krimighna,chirayata,chirayata is beneficial for krimighna,herb_benefits_krimighna
what is chirayata used for,chirayata,"Swertia chirata is an extremely bitter herb used for chronic fevers, liver disorders, and skin diseases.",herb_benefits_chirayata
how to use chirayata,chirayata,"Swertia chirata is an extremely bitter herb used for chronic fevers, liver disorders, and skin diseases.",herb_benefits_chirayata
chirayata medicinal properties,chirayata,"Swertia chirata is an extremely bitter herb used for chronic fevers, liver disorders, and skin diseases.",herb_benefits_chirayata
chirayata health benefits,chirayata,"Swertia chirata is an extremely bitter herb used for chronic fevers, liver disorders, and skin diseases.",herb_benefits_chirayata
therapeutic effects of chirayata,chirayata,"Swertia chirata is an extremely bitter herb used for chronic fevers, liver disorders, and skin diseases.",herb_benefits_chirayata
benefits of jalapippali,jalapippali,Phyla nodiflora is a cooling herb used for its diuretic and anti-inflammatory properties.,herb_benefits_jalapippali
jalapippali for mutrala,jalapippali,jalapippali is beneficial for mutrala,herb_benefits_mutrala
jalapippali for jwaraghna,jalapippali,jalapippali is beneficial for jwaraghna,herb_benefits_jwaraghna
what is jalapippali used for,jalapippali,Phyla nodiflora is a cooling herb used for its diuretic and anti-inflammatory properties.,herb_benefits_jalapippali
how to use jalapippali,jalapippali,Phyla nodiflora is a cooling herb used for its diuretic and anti-inflammatory properties.,herb_benefits_jalapippali
jalapippali medicinal properties,jalapippali,Phyla nodiflora is a cooling herb used for its diuretic and anti-inflammatory properties.,herb_benefits_jalapippali
jalapippali health benefits,jalapippali,Phyla nodiflora is a cooling herb used for its diuretic and anti-inflammatory properties.,herb_benefits_jalapippali
therapeutic effects of jalapippali,jalapippali,Phyla nodiflora is a cooling herb used for its diuretic and anti-inflammatory properties.,herb_benefits_jalapippali
benefits of kamala kesara,kamala kesara,Lotus stamen is a cooling astringent used to stop bleeding and relieve burning sensations.,herb_benefits_kamala_kesara
kamala kesara for raktastambhana,kamala kesara,kamala kesara is beneficial for raktastambhana,herb_benefits_raktastambhana
kamala kesara for grahi,kamala kesara,kamala kesara is beneficial for grahi,herb_benefits_grahi
what is kamala kesara used for,kamala kesara,Lotus stamen is a cooling astringent used to stop bleeding and relieve burning sensations.,herb_benefits_kamala_kesara
how to use kamala kesara,kamala kesara,Lotus stamen is a cooling astringent used to stop bleeding and relieve burning sensations.,herb_benefits_kamala_kesara
kamala kesara medicinal properties,kamala kesara,Lotus stamen is a cooling astringent used to stop bleeding and relieve burning sensations.,herb_benefits_kamala_kesara
kamala kesara health benefits,kamala kesara,Lotus stamen is a cooling astringent used to stop bleeding and relieve burning sensations.,herb_benefits_kamala_kesara
therapeutic effects of kamala kesara,kamala kesara,Lotus stamen is a cooling astringent used to stop bleeding and relieve burning sensations.,herb_benefits_kamala_kesara
benefits of kasamarda,kasamarda,"Cassia occidentalis is used to treat cough, skin diseases, and to purify the blood.",herb_benefits_kasamarda
kasamarda for kasahara,kasamarda,kasamarda is beneficial for kasahara,herb_benefits_kasahara
kasamarda for kushtaghna,kasamarda,kasamarda is beneficial for kushtaghna,herb_benefits_kushtaghna
what is kasamarda used for,kasamarda,"Cassia occidentalis is used to treat cough, skin diseases, and to purify the blood.",herb_benefits_kasamarda
how to use kasamarda,kasamarda,"Cassia occidentalis is used to treat cough, skin diseases, and to purify the blood.",herb_benefits_kasamarda
kasamarda medicinal properties,kasamarda,"Cassia occidentalis is used to treat cough, skin diseases, and to purify the blood.",herb_benefits_kasamarda
kasamarda health benefits,kasamarda,"Cassia occidentalis is used to treat cough, skin diseases, and to purify the blood.",herb_benefits_kasamarda
therapeutic effects of kasamarda,kasamarda,"Cassia occidentalis is used to treat cough, skin diseases, and to purify the blood.",herb_benefits_kasamarda
benefits of bhumyamalaki,bhumyamalaki,"Phyllanthus niruri is a famous herb for liver and kidney health, especially in treating jaundice and stones.",herb_benefits_bhumyamalaki
bhumyamalaki for yakrituttejaka,bhumyamalaki,bhumyamalaki is beneficial for yakrituttejaka,herb_benefits_yakrituttejaka
bhumyamalaki for kasahara,bhumyamalaki,bhumyamalaki is beneficial for kasahara,herb_benefits_kasahara
bhumyamalaki for mutrala,bhumyamalaki,bhumyamalaki is beneficial for mutrala,herb_benefits_mutrala
what is bhumyamalaki used for,bhumyamalaki,"Phyllanthus niruri is a famous herb for liver and kidney health, especially in treating jaundice and stones.",herb_benefits_bhumyamalaki
how to use bhumyamalaki,bhumyamalaki,"Phyllanthus niruri is a famous herb for liver and kidney health, especially in treating jaundice and stones.",herb_benefits_bhumyamalaki
bhumyamalaki medicinal properties,bhumyamalaki,"Phyllanthus niruri is a famous herb for liver and kidney health, especially in treating jaundice and stones.",herb_benefits_bhumyamalaki
bhumyamalaki health benefits,bhumyamalaki,"Phyllanthus niruri is a famous herb for liver and kidney health, especially in treating jaundice and stones.",herb_benefits_bhumyamalaki
therapeutic effects of bhumyamalaki,bhumyamalaki,"Phyllanthus niruri is a famous herb for liver and kidney health, especially in treating jaundice and stones.",herb_benefits_bhumyamalaki
benefits of dugdhika,dugdhika,"Euphorbia hirta is used to treat respiratory ailments like asthma and bronchitis, and also for intestinal worms.",herb_benefits_dugdhika
dugdhika for shwasahara,dugdhika,dugdhika is beneficial for shwasahara,herb_benefits_shwasahara
dugdhika for krimighna,dugdhika,dugdhika is beneficial for krimighna,herb_benefits_krimighna
what is dugdhika used for,dugdhika,"Euphorbia hirta is used to treat respiratory ailments like asthma and bronchitis, and also for intestinal worms.",herb_benefits_dugdhika
how to use dugdhika,dugdhika,"Euphorbia hirta is used to treat respiratory ailments like asthma and bronchitis, and also for intestinal worms.",herb_benefits_dugdhika
dugdhika medicinal properties,dugdhika,"Euphorbia hirta is used to treat respiratory ailments like asthma and bronchitis, and also for intestinal worms.",herb_benefits_dugdhika
dugdhika health benefits,dugdhika,"Euphorbia hirta is used to treat respiratory ailments like asthma and bronchitis, and also for intestinal worms.",herb_benefits_dugdhika
therapeutic effects of dugdhika,dugdhika,"Euphorbia hirta is used to treat respiratory ailments like asthma and bronchitis, and also for intestinal worms.",herb_benefits_dugdhika
benefits of gairika,gairika,"Red Ochre is a cooling mineral used to treat bleeding disorders, skin issues, and hiccups.",herb_benefits_gairika
gairika for raktastambhana,gairika,gairika is beneficial for raktastambhana,herb_benefits_raktastambhana
gairika for chakshushya,gairika,gairika is beneficial for chakshushya,herb_benefits_chakshushya
what is gairika used for,gairika,"Red Ochre is a cooling mineral used to treat bleeding disorders, skin issues, and hiccups.",herb_benefits_gairika
how to use gairika,gairika,"Red Ochre is a cooling mineral used to treat bleeding disorders, skin issues, and hiccups.",herb_benefits_gairika
gairika medicinal properties,gairika,"Red Ochre is a cooling mineral used to treat bleeding disorders, skin issues, and hiccups.",herb_benefits_gairika
gairika health benefits,gairika,"Red Ochre is a cooling mineral used to treat bleeding disorders, skin issues, and hiccups.",herb_benefits_gairika
therapeutic effects of gairika,gairika,"Red Ochre is a cooling mineral used to treat bleeding disorders, skin issues, and hiccups.",herb_benefits_gairika
benefits of grinjana,grinjana,"Carrot is a nutritious vegetable that improves eyesight, purifies blood, and pacifies Vata.",herb_benefits_grinjana
grinjana for chakshushya,grinjana,grinjana is beneficial for chakshushya,herb_benefits_chakshushya
grinjana for grahi,grinjana,grinjana is beneficial for grahi,herb_benefits_grahi
grinjana for raktashodhak,grinjana,grinjana is beneficial for raktashodhak,herb_benefits_raktashodhak
what is grinjana used for,grinjana,"Carrot is a nutritious vegetable that improves eyesight, purifies blood, and pacifies Vata.",herb_benefits_grinjana
how to use grinjana,grinjana,"Carrot is a nutritious vegetable that improves eyesight, purifies blood, and pacifies Vata.",herb_benefits_grinjana
grinjana medicinal properties,grinjana,"Carrot is a nutritious vegetable that improves eyesight, purifies blood, and pacifies Vata.",herb_benefits_grinjana
grinjana health benefits,grinjana,"Carrot is a nutritious vegetable that improves eyesight, purifies blood, and pacifies Vata.",herb_benefits_grinjana
therapeutic effects of grinjana,grinjana,"Carrot is a nutritious vegetable that improves eyesight, purifies blood, and pacifies Vata.",herb_benefits_grinjana
benefits of ishabgula,ishabgula,Psyllium Husk is a bulk-forming laxative used to relieve constipation and soothe the digestive tract.,herb_benefits_ishabgula
ishabgula for virechana,ishabgula,ishabgula is beneficial for virechana,herb_benefits_virechana
ishabgula for grahi,ishabgula,ishabgula is beneficial for grahi,herb_benefits_grahi
what is ishabgula used for,ishabgula,Psyllium Husk is a bulk-forming laxative used to relieve constipation and soothe the digestive tract.,herb_benefits_ishabgula
how to use ishabgula,ishabgula,Psyllium Husk is a bulk-forming laxative used to relieve constipation and soothe the digestive tract.,herb_benefits_ishabgula
ishabgula medicinal properties,ishabgula,Psyllium Husk is a bulk-forming laxative used to relieve constipation and soothe the digestive tract.,herb_benefits_ishabgula
ishabgula health benefits,ishabgula,Psyllium Husk is a bulk-forming laxative used to relieve constipation and soothe the digestive tract.,herb_benefits_ishabgula
therapeutic effects of ishabgula,ishabgula,Psyllium Husk is a bulk-forming laxative used to relieve constipation and soothe the digestive tract.,herb_benefits_ishabgula
benefits of kalajaji,kalajaji,"Nigella sativa (Kalonji) is a potent stimulant for digestion and respiration, used to pacify vata and Kapha.",herb_benefits_kalajaji
kalajaji for deepana,kalajaji,kalajaji is beneficial for deepana,herb_benefits_deepana
kalajaji for garbhashaya shodhaka,kalajaji,kalajaji is beneficial for garbhashaya shodhaka,herb_benefits_garbhashaya_shodhaka
what is kalajaji used for,kalajaji,"Nigella sativa (Kalonji) is a potent stimulant for digestion and respiration, used to pacify vata and Kapha.",herb_benefits_kalajaji
how to use kalajaji,kalajaji,"Nigella sativa (Kalonji) is a potent stimulant for digestion and respiration, used to pacify vata and Kapha.",herb_benefits_kalajaji
kalajaji medicinal properties,kalajaji,"Nigella sativa (Kalonji) is a potent stimulant for digestion and respiration, used to pacify vata and Kapha.",herb_benefits_kalajaji
kalajaji health benefits,kalajaji,"Nigella sativa (Kalonji) is a potent stimulant for digestion and respiration, used to pacify vata and Kapha.",herb_benefits_kalajaji
therapeutic effects of kalajaji,kalajaji,"Nigella sativa (Kalonji) is a potent stimulant for digestion and respiration, used to pacify vata and Kapha.",herb_benefits_kalajaji
benefits of kankshi,kankshi,"Alum is a powerful astringent used topically to stop bleeding and purify water, and internally in purified form.",herb_benefits_kankshi
kankshi for raktastambhana,kankshi,kankshi is beneficial for raktastambhana,herb_benefits_raktastambhana
kankshi for keshya,kankshi,kankshi is beneficial for keshya,herb_benefits_keshya
what is kankshi used for,kankshi,"Alum is a powerful astringent used topically to stop bleeding and purify water, and internally in purified form.",herb_benefits_kankshi
how to use kankshi,kankshi,"Alum is a powerful astringent used topically to stop bleeding and purify water, and internally in purified form.",herb_benefits_kankshi
kankshi medicinal properties,kankshi,"Alum is a powerful astringent used topically to stop bleeding and purify water, and internally in purified form.",herb_benefits_kankshi
kankshi health benefits,kankshi,"Alum is a powerful astringent used topically to stop bleeding and purify water, and internally in purified form.",herb_benefits_kankshi
therapeutic effects of kankshi,kankshi,"Alum is a powerful astringent used topically to stop bleeding and purify water, and internally in purified form.",herb_benefits_kankshi
benefits of karira,karira,Capparis decidua is used as a digestive stimulant and for joint pain.,herb_benefits_karira
karira for deepana,karira,karira is beneficial for deepana,herb_benefits_deepana
karira for vatahara,karira,karira is beneficial for vatahara,herb_benefits_vatahara
what is karira used for,karira,Capparis decidua is used as a digestive stimulant and for joint pain.,herb_benefits_karira
how to use karira,karira,Capparis decidua is used as a digestive stimulant and for joint pain.,herb_benefits_karira
karira medicinal properties,karira,Capparis decidua is used as a digestive stimulant and for joint pain.,herb_benefits_karira
karira health benefits,karira,Capparis decidua is used as a digestive stimulant and for joint pain.,herb_benefits_karira
therapeutic effects of karira,karira,Capparis decidua is used as a digestive stimulant and for joint pain.,herb_benefits_karira
benefits of karpasa,karpasa,The Cotton plant's seeds and roots are used as a nervine tonic and to promote lactation.,herb_benefits_karpasa
karpasa for balya,karpasa,karpasa is beneficial for balya,herb_benefits_balya
karpasa for stanyajanana,karpasa,karpasa is beneficial for stanyajanana,herb_benefits_stanyajanana
what is karpasa used for,karpasa,The Cotton plant's seeds and roots are used as a nervine tonic and to promote lactation.,herb_benefits_karpasa
how to use karpasa,karpasa,The Cotton plant's seeds and roots are used as a nervine tonic and to promote lactation.,herb_benefits_karpasa
karpasa medicinal properties,karpasa,The Cotton plant's seeds and roots are used as a nervine tonic and to promote lactation.,herb_benefits_karpasa
karpasa health benefits,karpasa,The Cotton plant's seeds and roots are used as a nervine tonic and to promote lactation.,herb_benefits_karpasa
therapeutic effects of karpasa,karpasa,The Cotton plant's seeds and roots are used as a nervine tonic and to promote lactation.,herb_benefits_karpasa
benefits of kataka,kataka,Strychnos potatorum (Clearing Nut) is used for eye diseases and to purify water.,herb_benefits_kataka
kataka for chakshushya,kataka,kataka is beneficial for chakshushya,herb_benefits_chakshushya
kataka for vishaghna,kataka,kataka is beneficial for vishaghna,herb_benefits_vishaghna
what is kataka used for,kataka,Strychnos potatorum (Clearing Nut) is used for eye diseases and to purify water.,herb_benefits_kataka
how to use kataka,kataka,Strychnos potatorum (Clearing Nut) is used for eye diseases and to purify water.,herb_benefits_kataka
kataka medicinal properties,kataka,Strychnos potatorum (Clearing Nut) is used for eye diseases and to purify water.,herb_benefits_kataka
kataka health benefits,kataka,Strychnos potatorum (Clearing Nut) is used for eye diseases and to purify water.,herb_benefits_kataka
therapeutic effects of kataka,kataka,Strychnos potatorum (Clearing Nut) is used for eye diseases and to purify water.,herb_benefits_kataka
benefits of kovidara,kovidara,"Bauhinia variegata, related to Kanchanar, is used for its astringent and anti-inflammatory properties.",herb_benefits_kovidara
kovidara for grahi,kovidara,kovidara is beneficial for grahi,herb_benefits_grahi
kovidara for kushtaghna,kovidara,kovidara is beneficial for kushtaghna,herb_benefits_kushtaghna
what is kovidara used for,kovidara,"Bauhinia variegata, related to Kanchanar, is used for its astringent and anti-inflammatory properties.",herb_benefits_kovidara
how to use kovidara,kovidara,"Bauhinia variegata, related to Kanchanar, is used for its astringent and anti-inflammatory properties.",herb_benefits_kovidara
kovidara medicinal properties,kovidara,"Bauhinia variegata, related to Kanchanar, is used for its astringent and anti-inflammatory properties.",herb_benefits_kovidara
kovidara health benefits,kovidara,"Bauhinia variegata, related to Kanchanar, is used for its astringent and anti-inflammatory properties.",herb_benefits_kovidara
therapeutic effects of kovidara,kovidara,"Bauhinia variegata, related to Kanchanar, is used for its astringent and anti-inflammatory properties.",herb_benefits_kovidara
benefits of madayantika,madayantika,Henna (Lawsonia inermis) is a cooling herb used externally for skin diseases and burning sensations.,herb_benefits_madayantika
madayantika for kushtaghna,madayantika,madayantika is beneficial for kushtaghna,herb_benefits_kushtaghna
madayantika for dahashamana,madayantika,madayantika is beneficial for dahashamana,herb_benefits_dahashamana
what is madayantika used for,madayantika,Henna (Lawsonia inermis) is a cooling herb used externally for skin diseases and burning sensations.,herb_benefits_madayantika
how to use madayantika,madayantika,Henna (Lawsonia inermis) is a cooling herb used externally for skin diseases and burning sensations.,herb_benefits_madayantika
madayantika medicinal properties,madayantika,Henna (Lawsonia inermis) is a cooling herb used externally for skin diseases and burning sensations.,herb_benefits_madayantika
madayantika health benefits,madayantika,Henna (Lawsonia inermis) is a cooling herb used externally for skin diseases and burning sensations.,herb_benefits_madayantika
therapeutic effects of madayantika,madayantika,Henna (Lawsonia inermis) is a cooling herb used externally for skin diseases and burning sensations.,herb_benefits_madayantika
benefits of madhukarkati,madhukarkati,Pomelo (Citrus maxima) is a refreshing fruit that aids digestion and acts as a cardiotonic.,herb_benefits_madhukarkati
madhukarkati for hridaya,madhukarkati,madhukarkati is beneficial for hridaya,herb_benefits_hridaya
madhukarkati for deepana,madhukarkati,madhukarkati is beneficial for deepana,herb_benefits_deepana
what is madhukarkati used for,madhukarkati,Pomelo (Citrus maxima) is a refreshing fruit that aids digestion and acts as a cardiotonic.,herb_benefits_madhukarkati
how to use madhukarkati,madhukarkati,Pomelo (Citrus maxima) is a refreshing fruit that aids digestion and acts as a cardiotonic.,herb_benefits_madhukarkati
madhukarkati medicinal properties,madhukarkati,Pomelo (Citrus maxima) is a refreshing fruit that aids digestion and acts as a cardiotonic.,herb_benefits_madhukarkati
madhukarkati health benefits,madhukarkati,Pomelo (Citrus maxima) is a refreshing fruit that aids digestion and acts as a cardiotonic.,herb_benefits_madhukarkati
therapeutic effects of madhukarkati,madhukarkati,Pomelo (Citrus maxima) is a refreshing fruit that aids digestion and acts as a cardiotonic.,herb_benefits_madhukarkati
benefits of mulaka,mulaka,"Radish is a pungent vegetable that is light and heating, helping to clear sinuses and stimulate digestion.",herb_benefits_mulaka
mulaka for deepana,mulaka,mulaka is beneficial for deepana,herb_benefits_deepana
mulaka for hridaya,mulaka,mulaka is beneficial for hridaya,herb_benefits_hridaya
what is mulaka used for,mulaka,"Radish is a pungent vegetable that is light and heating, helping to clear sinuses and stimulate digestion.",herb_benefits_mulaka
how to use mulaka,mulaka,"Radish is a pungent vegetable that is light and heating, helping to clear sinuses and stimulate digestion.",herb_benefits_mulaka
mulaka medicinal properties,mulaka,"Radish is a pungent vegetable that is light and heating, helping to clear sinuses and stimulate digestion.",herb_benefits_mulaka
mulaka health benefits,mulaka,"Radish is a pungent vegetable that is light and heating, helping to clear sinuses and stimulate digestion.",herb_benefits_mulaka
therapeutic effects of mulaka,mulaka,"Radish is a pungent vegetable that is light and heating, helping to clear sinuses and stimulate digestion.",herb_benefits_mulaka
benefits of nimbu,nimbu,"Lemon is a sour fruit that stimulates digestion, cleanses the system, and pacifies Vata dosha.",herb_benefits_nimbu
nimbu for deepana,nimbu,nimbu is beneficial for deepana,herb_benefits_deepana
nimbu for pachana,nimbu,nimbu is beneficial for pachana,herb_benefits_pachana
nimbu for krimighna,nimbu,nimbu is beneficial for krimighna,herb_benefits_krimighna
what is nimbu used for,nimbu,"Lemon is a sour fruit that stimulates digestion, cleanses the system, and pacifies Vata dosha.",herb_benefits_nimbu
how to use nimbu,nimbu,"Lemon is a sour fruit that stimulates digestion, cleanses the system, and pacifies Vata dosha.",herb_benefits_nimbu
nimbu medicinal properties,nimbu,"Lemon is a sour fruit that stimulates digestion, cleanses the system, and pacifies Vata dosha.",herb_benefits_nimbu
nimbu health benefits,nimbu,"Lemon is a sour fruit that stimulates digestion, cleanses the system, and pacifies Vata dosha.",herb_benefits_nimbu
therapeutic effects of nimbu,nimbu,"Lemon is a sour fruit that stimulates digestion, cleanses the system, and pacifies Vata dosha.",herb_benefits_nimbu
benefits of palankya,palankya,"Spinach is an iron-rich leafy vegetable, but its heavy and cold nature can aggravate vata and Kapha if not cooked properly.",herb_benefits_palankya
palankya for grahi,palankya,palankya is beneficial for grahi,herb_benefits_grahi
palankya for raktavardhak,palankya,palankya is beneficial for raktavardhak,herb_benefits_raktavardhak
what is palankya used for,palankya,"Spinach is an iron-rich leafy vegetable, but its heavy and cold nature can aggravate vata and Kapha if not cooked properly.",herb_benefits_palankya
how to use palankya,palankya,"Spinach is an iron-rich leafy vegetable, but its heavy and cold nature can aggravate vata and Kapha if not cooked properly.",herb_benefits_palankya
palankya medicinal properties,palankya,"Spinach is an iron-rich leafy vegetable, but its heavy and cold nature can aggravate vata and Kapha if not cooked properly.",herb_benefits_palankya
palankya health benefits,palankya,"Spinach is an iron-rich leafy vegetable, but its heavy and cold nature can aggravate vata and Kapha if not cooked properly.",herb_benefits_palankya
therapeutic effects of palankya,palankya,"Spinach is an iron-rich leafy vegetable, but its heavy and cold nature can aggravate vata and Kapha if not cooked properly.",herb_benefits_palankya
benefits of panasa,panasa,"Jackfruit is a nourishing, strength-promoting fruit that is heavy to digest and pacifies Vata and Pitta.",herb_benefits_panasa
panasa for balya,panasa,panasa is beneficial for balya,herb_benefits_balya
panasa for brimhaniya,panasa,panasa is beneficial for brimhaniya,herb_benefits_brimhaniya
panasa for vrishya,panasa,panasa is beneficial for vrishya,herb_benefits_vrishya
what is panasa used for,panasa,"Jackfruit is a nourishing, strength-promoting fruit that is heavy to digest and pacifies Vata and Pitta.",herb_benefits_panasa
how to use panasa,panasa,"Jackfruit is a nourishing, strength-promoting fruit that is heavy to digest and pacifies Vata and Pitta.",herb_benefits_panasa
panasa medicinal properties,panasa,"Jackfruit is a nourishing, strength-promoting fruit that is heavy to digest and pacifies Vata and Pitta.",herb_benefits_panasa
panasa health benefits,panasa,"Jackfruit is a nourishing, strength-promoting fruit that is heavy to digest and pacifies Vata and Pitta.",herb_benefits_panasa
therapeutic effects of panasa,panasa,"Jackfruit is a nourishing, strength-promoting fruit that is heavy to digest and pacifies Vata and Pitta.",herb_benefits_panasa
benefits of parnayavani,parnayavani,"Coleus amboinicus (Indian Borage) is an aromatic herb used for cough, cold, and digestive issues.",herb_benefits_parnayavani
parnayavani for deepana,parnayavani,parnayavani is beneficial for deepana,herb_benefits_deepana
parnayavani for pachana,parnayavani,parnayavani is beneficial for pachana,herb_benefits_pachana
parnayavani for kasahara,parnayavani,parnayavani is beneficial for kasahara,herb_benefits_kasahara
what is parnayavani used for,parnayavani,"Coleus amboinicus (Indian Borage) is an aromatic herb used for cough, cold, and digestive issues.",herb_benefits_parnayavani
how to use parnayavani,parnayavani,"Coleus amboinicus (Indian Borage) is an aromatic herb used for cough, cold, and digestive issues.",herb_benefits_parnayavani
parnayavani medicinal properties,parnayavani,"Coleus amboinicus (Indian Borage) is an aromatic herb used for cough, cold, and digestive issues.",herb_benefits_parnayavani
parnayavani health benefits,parnayavani,"Coleus amboinicus (Indian Borage) is an aromatic herb used for cough, cold, and digestive issues.",herb_benefits_parnayavani
therapeutic effects of parnayavani,parnayavani,"Coleus amboinicus (Indian Borage) is an aromatic herb used for cough, cold, and digestive issues.",herb_benefits_parnayavani
benefits of priyala,priyala,"Buchanania lanzan (Chironji) nuts are aphrodisiac and highly nourishing, pacifying Vata and Pitta.",herb_benefits_priyala
priyala for vrishya,priyala,priyala is beneficial for vrishya,herb_benefits_vrishya
priyala for brimhaniya,priyala,priyala is beneficial for brimhaniya,herb_benefits_brimhaniya
what is priyala used for,priyala,"Buchanania lanzan (Chironji) nuts are aphrodisiac and highly nourishing, pacifying Vata and Pitta.",herb_benefits_priyala
how to use priyala,priyala,"Buchanania lanzan (Chironji) nuts are aphrodisiac and highly nourishing, pacifying Vata and Pitta.",herb_benefits_priyala
priyala medicinal properties,priyala,"Buchanania lanzan (Chironji) nuts are aphrodisiac and highly nourishing, pacifying Vata and Pitta.",herb_benefits_priyala
priyala health benefits,priyala,"Buchanania lanzan (Chironji) nuts are aphrodisiac and highly nourishing, pacifying Vata and Pitta.",herb_benefits_priyala
therapeutic effects of priyala,priyala,"Buchanania lanzan (Chironji) nuts are aphrodisiac and highly nourishing, pacifying Vata and Pitta.",herb_benefits_priyala
benefits of rasna,rasna,"Pluchea lanceolata is one of the best herbs for pacifying Vata dosha, especially in treating arthritis and joint pain.",herb_benefits_rasna
rasna for vatahara,rasna,rasna is beneficial for vatahara,herb_benefits_vatahara
rasna for shothahara,rasna,rasna is beneficial for shothahara,herb_benefits_shothahara
what is rasna used for,rasna,"Pluchea lanceolata is one of the best herbs for pacifying Vata dosha, especially in treating arthritis and joint pain.",herb_benefits_rasna
how to use rasna,rasna,"Pluchea lanceolata is one of the best herbs for pacifying Vata dosha, especially in treating arthritis and joint pain.",herb_benefits_rasna
rasna medicinal properties,rasna,"Pluchea lanceolata is one of the best herbs for pacifying Vata dosha, especially in treating arthritis and joint pain.",herb_benefits_rasna
rasna health benefits,rasna,"Pluchea lanceolata is one of the best herbs for pacifying Vata dosha, especially in treating arthritis and joint pain.",herb_benefits_rasna
therapeutic effects of rasna,rasna,"Pluchea lanceolata is one of the best herbs for pacifying Vata dosha, especially in treating arthritis and joint pain.",herb_benefits_rasna
benefits of sala,sala,Shorea robusta resin is an astringent and anti-microbial used for healing wounds and treating diarrhea.,herb_benefits_sala
sala for grahi,sala,sala is beneficial for grahi,herb_benefits_grahi
sala for vranaropana,sala,sala is beneficial for vranaropana,herb_benefits_vranaropana
what is sala used for,sala,Shorea robusta resin is an astringent and anti-microbial used for healing wounds and treating diarrhea.,herb_benefits_sala
how to use sala,sala,Shorea robusta resin is an astringent and anti-microbial used for healing wounds and treating diarrhea.,herb_benefits_sala
sala medicinal properties,sala,Shorea robusta resin is an astringent and anti-microbial used for healing wounds and treating diarrhea.,herb_benefits_sala
sala health benefits,sala,Shorea robusta resin is an astringent and anti-microbial used for healing wounds and treating diarrhea.,herb_benefits_sala
therapeutic effects of sala,sala,Shorea robusta resin is an astringent and anti-microbial used for healing wounds and treating diarrhea.,herb_benefits_sala
benefits of sarshapa taila,sarshapa taila,Mustard oil is a heating oil excellent for pacifying Kapha and Vata. It is used in cooking and for external massage.,herb_benefits_sarshapa_taila
sarshapa taila for lekhana,sarshapa taila,sarshapa taila is beneficial for lekhana,herb_benefits_lekhana
sarshapa taila for deepana,sarshapa taila,sarshapa taila is beneficial for deepana,herb_benefits_deepana
what is sarshapa taila used for,sarshapa taila,Mustard oil is a heating oil excellent for pacifying Kapha and Vata. It is used in cooking and for external massage.,herb_benefits_sarshapa_taila
how to use sarshapa taila,sarshapa taila,Mustard oil is a heating oil excellent for pacifying Kapha and Vata. It is used in cooking and for external massage.,herb_benefits_sarshapa_taila
sarshapa taila medicinal properties,sarshapa taila,Mustard oil is a heating oil excellent for pacifying Kapha and Vata. It is used in cooking and for external massage.,herb_benefits_sarshapa_taila
sarshapa taila health benefits,sarshapa taila,Mustard oil is a heating oil excellent for pacifying Kapha and Vata. It is used in cooking and for external massage.,herb_benefits_sarshapa_taila
therapeutic effects of sarshapa taila,sarshapa taila,Mustard oil is a heating oil excellent for pacifying Kapha and Vata. It is used in cooking and for external massage.,herb_benefits_sarshapa_taila
benefits of satyanashi,satyanashi,Argemone mexicana is a purgative and detoxifying herb used for skin diseases and constipation.,herb_benefits_satyanashi
satyanashi for virechana,satyanashi,satyanashi is beneficial for virechana,herb_benefits_virechana
satyanashi for kushtaghna,satyanashi,satyanashi is beneficial for kushtaghna,herb_benefits_kushtaghna
what is satyanashi used for,satyanashi,Argemone mexicana is a purgative and detoxifying herb used for skin diseases and constipation.,herb_benefits_satyanashi
how to use satyanashi,satyanashi,Argemone mexicana is a purgative and detoxifying herb used for skin diseases and constipation.,herb_benefits_satyanashi
satyanashi medicinal properties,satyanashi,Argemone mexicana is a purgative and detoxifying herb used for skin diseases and constipation.,herb_benefits_satyanashi
satyanashi health benefits,satyanashi,Argemone mexicana is a purgative and detoxifying herb used for skin diseases and constipation.,herb_benefits_satyanashi
therapeutic effects of satyanashi,satyanashi,Argemone mexicana is a purgative and detoxifying herb used for skin diseases and constipation.,herb_benefits_satyanashi
benefits of shvet musli,shvet musli,"Chlorophytum borivilianum is a celebrated aphrodisiac and rejuvenative herb, often called 'White Gold'.",herb_benefits_shvet_musli
shvet musli for vrishya,shvet musli,shvet musli is beneficial for vrishya,herb_benefits_vrishya
shvet musli for balya,shvet musli,shvet musli is beneficial for balya,herb_benefits_balya
shvet musli for brimhaniya,shvet musli,shvet musli is beneficial for brimhaniya,herb_benefits_brimhaniya
what is shvet musli used for,shvet musli,"Chlorophytum borivilianum is a celebrated aphrodisiac and rejuvenative herb, often called 'White Gold'.",herb_benefits_shvet_musli
how to use shvet musli,shvet musli,"Chlorophytum borivilianum is a celebrated aphrodisiac and rejuvenative herb, often called 'White Gold'.",herb_benefits_shvet_musli
shvet musli medicinal properties,shvet musli,"Chlorophytum borivilianum is a celebrated aphrodisiac and rejuvenative herb, often called 'White Gold'.",herb_benefits_shvet_musli
shvet musli health benefits,shvet musli,"Chlorophytum borivilianum is a celebrated aphrodisiac and rejuvenative herb, often called 'White Gold'.",herb_benefits_shvet_musli
therapeutic effects of shvet musli,shvet musli,"Chlorophytum borivilianum is a celebrated aphrodisiac and rejuvenative herb, often called 'White Gold'.",herb_benefits_shvet_musli
benefits of tankana bhasma,tankana bhasma,"Purified borax ash is used in small doses to treat cough, cold, and respiratory congestion.",herb_benefits_tankana_bhasma
tankana bhasma for kasahara,tankana bhasma,tankana bhasma is beneficial for kasahara,herb_benefits_kasahara
tankana bhasma for lekhana,tankana bhasma,tankana bhasma is beneficial for lekhana,herb_benefits_lekhana
what is tankana bhasma used for,tankana bhasma,"Purified borax ash is used in small doses to treat cough, cold, and respiratory congestion.",herb_benefits_tankana_bhasma
how to use tankana bhasma,tankana bhasma,"Purified borax ash is used in small doses to treat cough, cold, and respiratory congestion.",herb_benefits_tankana_bhasma
tankana bhasma medicinal properties,tankana bhasma,"Purified borax ash is used in small doses to treat cough, cold, and respiratory congestion.",herb_benefits_tankana_bhasma
tankana bhasma health benefits,tankana bhasma,"Purified borax ash is used in small doses to treat cough, cold, and respiratory congestion.",herb_benefits_tankana_bhasma
therapeutic effects of tankana bhasma,tankana bhasma,"Purified borax ash is used in small doses to treat cough, cold, and respiratory congestion.",herb_benefits_tankana_bhasma
benefits of taruni,taruni,"Rose (Rosa centifolia) is a cooling and calming herb, excellent for pacifying Pitta, soothing the heart, and for skin health.",herb_benefits_taruni
taruni for hridaya,taruni,taruni is beneficial for hridaya,herb_benefits_hridaya
taruni for varnya,taruni,taruni is beneficial for varnya,herb_benefits_varnya
taruni for chakshushya,taruni,taruni is beneficial for chakshushya,herb_benefits_chakshushya
what is taruni used for,taruni,"Rose (Rosa centifolia) is a cooling and calming herb, excellent for pacifying Pitta, soothing the heart, and for skin health.",herb_benefits_taruni
how to use taruni,taruni,"Rose (Rosa centifolia) is a cooling and calming herb, excellent for pacifying Pitta, soothing the heart, and for skin health.",herb_benefits_taruni
taruni medicinal properties,taruni,"Rose (Rosa centifolia) is a cooling and calming herb, excellent for pacifying Pitta, soothing the heart, and for skin health.",herb_benefits_taruni
taruni health benefits,taruni,"Rose (Rosa centifolia) is a cooling and calming herb, excellent for pacifying Pitta, soothing the heart, and for skin health.",herb_benefits_taruni
therapeutic effects of taruni,taruni,"Rose (Rosa centifolia) is a cooling and calming herb, excellent for pacifying Pitta, soothing the heart, and for skin health.",herb_benefits_taruni
benefits of vanapsa,vanapsa,"Viola odorata (Sweet Violet) is used for cough, sore throat, and fevers.",herb_benefits_vanapsa
vanapsa for kasahara,vanapsa,vanapsa is beneficial for kasahara,herb_benefits_kasahara
vanapsa for jwaraghna,vanapsa,vanapsa is beneficial for jwaraghna,herb_benefits_jwaraghna
what is vanapsa used for,vanapsa,"Viola odorata (Sweet Violet) is used for cough, sore throat, and fevers.",herb_benefits_vanapsa
how to use vanapsa,vanapsa,"Viola odorata (Sweet Violet) is used for cough, sore throat, and fevers.",herb_benefits_vanapsa
vanapsa medicinal properties,vanapsa,"Viola odorata (Sweet Violet) is used for cough, sore throat, and fevers.",herb_benefits_vanapsa
vanapsa health benefits,vanapsa,"Viola odorata (Sweet Violet) is used for cough, sore throat, and fevers.",herb_benefits_vanapsa
therapeutic effects of vanapsa,vanapsa,"Viola odorata (Sweet Violet) is used for cough, sore throat, and fevers.",herb_benefits_vanapsa
benefits of vathada,vathada,"Almond is a highly nourishing nut that pacifies Vata, builds tissues, and supports brain health.",herb_benefits_vathada
vathada for balya,vathada,vathada is beneficial for balya,herb_benefits_balya
vathada for medhya,vathada,vathada is beneficial for medhya,herb_benefits_medhya
vathada for vrishya,vathada,vathada is beneficial for vrishya,herb_benefits_vrishya
what is vathada used for,vathada,"Almond is a highly nourishing nut that pacifies Vata, builds tissues, and supports brain health.",herb_benefits_vathada
how to use vathada,vathada,"Almond is a highly nourishing nut that pacifies Vata, builds tissues, and supports brain health.",herb_benefits_vathada
vathada medicinal properties,vathada,"Almond is a highly nourishing nut that pacifies Vata, builds tissues, and supports brain health.",herb_benefits_vathada
vathada health benefits,vathada,"Almond is a highly nourishing nut that pacifies Vata, builds tissues, and supports brain health.",herb_benefits_vathada
therapeutic effects of vathada,vathada,"Almond is a highly nourishing nut that pacifies Vata, builds tissues, and supports brain health.",herb_benefits_vathada
benefits of vetasa,vetasa,"Salix caprea is an anti-inflammatory and analgesic herb, used in treating pain and burning sensations.",herb_benefits_vetasa
vetasa for shothahara,vetasa,vetasa is beneficial for shothahara,herb_benefits_shothahara
vetasa for dahashamana,vetasa,vetasa is beneficial for dahashamana,herb_benefits_dahashamana
what is vetasa used for,vetasa,"Salix caprea is an anti-inflammatory and analgesic herb, used in treating pain and burning sensations.",herb_benefits_vetasa
how to use vetasa,vetasa,"Salix caprea is an anti-inflammatory and analgesic herb, used in treating pain and burning sensations.",herb_benefits_vetasa
vetasa medicinal properties,vetasa,"Salix caprea is an anti-inflammatory and analgesic herb, used in treating pain and burning sensations.",herb_benefits_vetasa
vetasa health benefits,vetasa,"Salix caprea is an anti-inflammatory and analgesic herb, used in treating pain and burning sensations.",herb_benefits_vetasa
therapeutic effects of vetasa,vetasa,"Salix caprea is an anti-inflammatory and analgesic herb, used in treating pain and burning sensations.",herb_benefits_vetasa
benefits of yuthika,yuthika,"A species of Jasmine, Yuthika is a cooling herb used for skin diseases and pacifying Pitta.",herb_benefits_yuthika
yuthika for hridaya,yuthika,yuthika is beneficial for hridaya,herb_benefits_hridaya
yuthika for kushtaghna,yuthika,yuthika is beneficial for kushtaghna,herb_benefits_kushtaghna
what is yuthika used for,yuthika,"A species of Jasmine, Yuthika is a cooling herb used for skin diseases and pacifying Pitta.",herb_benefits_yuthika
how to use yuthika,yuthika,"A species of Jasmine, Yuthika is a cooling herb used for skin diseases and pacifying Pitta.",herb_benefits_yuthika
yuthika medicinal properties,yuthika,"A species of Jasmine, Yuthika is a cooling herb used for skin diseases and pacifying Pitta.",herb_benefits_yuthika
yuthika health benefits,yuthika,"A species of Jasmine, Yuthika is a cooling herb used for skin diseases and pacifying Pitta.",herb_benefits_yuthika
therapeutic effects of yuthika,yuthika,"A species of Jasmine, Yuthika is a cooling herb used for skin diseases and pacifying Pitta.",herb_benefits_yuthika
benefits of trivanga bhasma,trivanga bhasma,"A classical formulation of tin, lead, and zinc, used for diabetes and diseases of the urinary tract.",herb_benefits_trivanga_bhasma
trivanga bhasma for pramehaghna,trivanga bhasma,trivanga bhasma is beneficial for pramehaghna,herb_benefits_pramehaghna
trivanga bhasma for vrishya,trivanga bhasma,trivanga bhasma is beneficial for vrishya,herb_benefits_vrishya
what is trivanga bhasma used for,trivanga bhasma,"A classical formulation of tin, lead, and zinc, used for diabetes and diseases of the urinary tract.",herb_benefits_trivanga_bhasma
how to use trivanga bhasma,trivanga bhasma,"A classical formulation of tin, lead, and zinc, used for diabetes and diseases of the urinary tract.",herb_benefits_trivanga_bhasma
trivanga bhasma medicinal properties,trivanga bhasma,"A classical formulation of tin, lead, and zinc, used for diabetes and diseases of the urinary tract.",herb_benefits_trivanga_bhasma
trivanga bhasma health benefits,trivanga bhasma,"A classical formulation of tin, lead, and zinc, used for diabetes and diseases of the urinary tract.",herb_benefits_trivanga_bhasma
therapeutic effects of trivanga bhasma,trivanga bhasma,"A classical formulation of tin, lead, and zinc, used for diabetes and diseases of the urinary tract.",herb_benefits_trivanga_bhasma
benefits of nag bhasma,nag bhasma,"Purified lead ash used in minute doses for diabetes, skin diseases, and digestive issues.",herb_benefits_nag_bhasma
nag bhasma for pramehaghna,nag bhasma,nag bhasma is beneficial for pramehaghna,herb_benefits_pramehaghna
nag bhasma for grahi,nag bhasma,nag bhasma is beneficial for grahi,herb_benefits_grahi
what is nag bhasma used for,nag bhasma,"Purified lead ash used in minute doses for diabetes, skin diseases, and digestive issues.",herb_benefits_nag_bhasma
how to use nag bhasma,nag bhasma,"Purified lead ash used in minute doses for diabetes, skin diseases, and digestive issues.",herb_benefits_nag_bhasma
nag bhasma medicinal properties,nag bhasma,"Purified lead ash used in minute doses for diabetes, skin diseases, and digestive issues.",herb_benefits_nag_bhasma
nag bhasma health benefits,nag bhasma,"Purified lead ash used in minute doses for diabetes, skin diseases, and digestive issues.",herb_benefits_nag_bhasma
therapeutic effects of nag bhasma,nag bhasma,"Purified lead ash used in minute doses for diabetes, skin diseases, and digestive issues.",herb_benefits_nag_bhasma
benefits of mrigashringa bhasma,mrigashringa bhasma,"Ash from deer horn is specifically used for respiratory conditions like pneumonia, pleurisy, and chest pain.",herb_benefits_mrigashringa_bhasma
mrigashringa bhasma for hridaya,mrigashringa bhasma,mrigashringa bhasma is beneficial for hridaya,herb_benefits_hridaya
mrigashringa bhasma for kasahara,mrigashringa bhasma,mrigashringa bhasma is beneficial for kasahara,herb_benefits_kasahara
what is mrigashringa bhasma used for,mrigashringa bhasma,"Ash from deer horn is specifically used for respiratory conditions like pneumonia, pleurisy, and chest pain.",herb_benefits_mrigashringa_bhasma
how to use mrigashringa bhasma,mrigashringa bhasma,"Ash from deer horn is specifically used for respiratory conditions like pneumonia, pleurisy, and chest pain.",herb_benefits_mrigashringa_bhasma
mrigashringa bhasma medicinal properties,mrigashringa bhasma,"Ash from deer horn is specifically used for respiratory conditions like pneumonia, pleurisy, and chest pain.",herb_benefits_mrigashringa_bhasma
mrigashringa bhasma health benefits,mrigashringa bhasma,"Ash from deer horn is specifically used for respiratory conditions like pneumonia, pleurisy, and chest pain.",herb_benefits_mrigashringa_bhasma
therapeutic effects of mrigashringa bhasma,mrigashringa bhasma,"Ash from deer horn is specifically used for respiratory conditions like pneumonia, pleurisy, and chest pain.",herb_benefits_mrigashringa_bhasma
benefits of haratala bhasma,haratala bhasma,"Purified arsenic trisulphide is a potent medicine for skin diseases, cough, and fever, used with extreme caution.",herb_benefits_haratala_bhasma
haratala bhasma for kushtaghna,haratala bhasma,haratala bhasma is beneficial for kushtaghna,herb_benefits_kushtaghna
haratala bhasma for jwaraghna,haratala bhasma,haratala bhasma is beneficial for jwaraghna,herb_benefits_jwaraghna
what is haratala bhasma used for,haratala bhasma,"Purified arsenic trisulphide is a potent medicine for skin diseases, cough, and fever, used with extreme caution.",herb_benefits_haratala_bhasma
how to use haratala bhasma,haratala bhasma,"Purified arsenic trisulphide is a potent medicine for skin diseases, cough, and fever, used with extreme caution.",herb_benefits_haratala_bhasma
haratala bhasma medicinal properties,haratala bhasma,"Purified arsenic trisulphide is a potent medicine for skin diseases, cough, and fever, used with extreme caution.",herb_benefits_haratala_bhasma
haratala bhasma health benefits,haratala bhasma,"Purified arsenic trisulphide is a potent medicine for skin diseases, cough, and fever, used with extreme caution.",herb_benefits_haratala_bhasma
therapeutic effects of haratala bhasma,haratala bhasma,"Purified arsenic trisulphide is a potent medicine for skin diseases, cough, and fever, used with extreme caution.",herb_benefits_haratala_bhasma
benefits of manashila,manashila,"Purified arsenic disulphide, used for respiratory diseases, skin conditions, and as a rejuvenator.",herb_benefits_manashila
manashila for rasayan,manashila,manashila is beneficial for rasayan,herb_benefits_rasayan
manashila for kasahara,manashila,manashila is beneficial for kasahara,herb_benefits_kasahara
manashila for lekhana,manashila,manashila is beneficial for lekhana,herb_benefits_lekhana
what is manashila used for,manashila,"Purified arsenic disulphide, used for respiratory diseases, skin conditions, and as a rejuvenator.",herb_benefits_manashila
how to use manashila,manashila,"Purified arsenic disulphide, used for respiratory diseases, skin conditions, and as a rejuvenator.",herb_benefits_manashila
manashila medicinal properties,manashila,"Purified arsenic disulphide, used for respiratory diseases, skin conditions, and as a rejuvenator.",herb_benefits_manashila
manashila health benefits,manashila,"Purified arsenic disulphide, used for respiratory diseases, skin conditions, and as a rejuvenator.",herb_benefits_manashila
therapeutic effects of manashila,manashila,"Purified arsenic disulphide, used for respiratory diseases, skin conditions, and as a rejuvenator.",herb_benefits_manashila
benefits of tuttha,tuttha,Purified copper sulphate is used in minute doses as an emetic and for skin diseases.,herb_benefits_tuttha
tuttha for vamana,tuttha,tuttha is beneficial for vamana,herb_benefits_vamana
tuttha for lekhana,tuttha,tuttha is beneficial for lekhana,herb_benefits_lekhana
tuttha for kushtaghna,tuttha,tuttha is beneficial for kushtaghna,herb_benefits_kushtaghna
what is tuttha used for,tuttha,Purified copper sulphate is used in minute doses as an emetic and for skin diseases.,herb_benefits_tuttha
how to use tuttha,tuttha,Purified copper sulphate is used in minute doses as an emetic and for skin diseases.,herb_benefits_tuttha
tuttha medicinal properties,tuttha,Purified copper sulphate is used in minute doses as an emetic and for skin diseases.,herb_benefits_tuttha
tuttha health benefits,tuttha,Purified copper sulphate is used in minute doses as an emetic and for skin diseases.,herb_benefits_tuttha
therapeutic effects of tuttha,tuttha,Purified copper sulphate is used in minute doses as an emetic and for skin diseases.,herb_benefits_tuttha
benefits of agastya,agastya,Sesbania grandiflora flowers and leaves are used for their cooling properties and in treating night blindness.,herb_benefits_agastya
agastya for jwaraghna,agastya,agastya is beneficial for jwaraghna,herb_benefits_jwaraghna
agastya for chakshushya,agastya,agastya is beneficial for chakshushya,herb_benefits_chakshushya
what is agastya used for,agastya,Sesbania grandiflora flowers and leaves are used for their cooling properties and in treating night blindness.,herb_benefits_agastya
how to use agastya,agastya,Sesbania grandiflora flowers and leaves are used for their cooling properties and in treating night blindness.,herb_benefits_agastya
agastya medicinal properties,agastya,Sesbania grandiflora flowers and leaves are used for their cooling properties and in treating night blindness.,herb_benefits_agastya
agastya health benefits,agastya,Sesbania grandiflora flowers and leaves are used for their cooling properties and in treating night blindness.,herb_benefits_agastya
therapeutic effects of agastya,agastya,Sesbania grandiflora flowers and leaves are used for their cooling properties and in treating night blindness.,herb_benefits_agastya
benefits of amra haridra,amra haridra,Mango Ginger (Curcuma amada) looks like ginger but smells like raw mango. It is a carminative and appetizer.,herb_benefits_amra_haridra
amra haridra for deepana,amra haridra,amra haridra is beneficial for deepana,herb_benefits_deepana
amra haridra for pachana,amra haridra,amra haridra is beneficial for pachana,herb_benefits_pachana
what is amra haridra used for,amra haridra,Mango Ginger (Curcuma amada) looks like ginger but smells like raw mango. It is a carminative and appetizer.,herb_benefits_amra_haridra
how to use amra haridra,amra haridra,Mango Ginger (Curcuma amada) looks like ginger but smells like raw mango. It is a carminative and appetizer.,herb_benefits_amra_haridra
amra haridra medicinal properties,amra haridra,Mango Ginger (Curcuma amada) looks like ginger but smells like raw mango. It is a carminative and appetizer.,herb_benefits_amra_haridra
amra haridra health benefits,amra haridra,Mango Ginger (Curcuma amada) looks like ginger but smells like raw mango. It is a carminative and appetizer.,herb_benefits_amra_haridra
therapeutic effects of amra haridra,amra haridra,Mango Ginger (Curcuma amada) looks like ginger but smells like raw mango. It is a carminative and appetizer.,herb_benefits_amra_haridra
benefits of chavika,chavika,"Piper chaba, a relative of Pippali, is a potent digestive stimulant used to treat indigestion and abdominal pain.",herb_benefits_chavika
chavika for deepana,chavika,chavika is beneficial for deepana,herb_benefits_deepana
chavika for pachana,chavika,chavika is beneficial for pachana,herb_benefits_pachana
chavika for shoolaghna,chavika,chavika is beneficial for shoolaghna,herb_benefits_shoolaghna
what is chavika used for,chavika,"Piper chaba, a relative of Pippali, is a potent digestive stimulant used to treat indigestion and abdominal pain.",herb_benefits_chavika
how to use chavika,chavika,"Piper chaba, a relative of Pippali, is a potent digestive stimulant used to treat indigestion and abdominal pain.",herb_benefits_chavika
chavika medicinal properties,chavika,"Piper chaba, a relative of Pippali, is a potent digestive stimulant used to treat indigestion and abdominal pain.",herb_benefits_chavika
chavika health benefits,chavika,"Piper chaba, a relative of Pippali, is a potent digestive stimulant used to treat indigestion and abdominal pain.",herb_benefits_chavika
therapeutic effects of chavika,chavika,"Piper chaba, a relative of Pippali, is a potent digestive stimulant used to treat indigestion and abdominal pain.",herb_benefits_chavika
benefits of raktamoola,raktamoola,The red variety of Chitrak (Plumbago rosea) is a more potent digestive and metabolic stimulant.,herb_benefits_raktamoola
raktamoola for deepana,raktamoola,raktamoola is beneficial for deepana,herb_benefits_deepana
raktamoola for pachana,raktamoola,raktamoola is beneficial for pachana,herb_benefits_pachana
raktamoola for lekhana,raktamoola,raktamoola is beneficial for lekhana,herb_benefits_lekhana
what is raktamoola used for,raktamoola,The red variety of Chitrak (Plumbago rosea) is a more potent digestive and metabolic stimulant.,herb_benefits_raktamoola
how to use raktamoola,raktamoola,The red variety of Chitrak (Plumbago rosea) is a more potent digestive and metabolic stimulant.,herb_benefits_raktamoola
raktamoola medicinal properties,raktamoola,The red variety of Chitrak (Plumbago rosea) is a more potent digestive and metabolic stimulant.,herb_benefits_raktamoola
raktamoola health benefits,raktamoola,The red variety of Chitrak (Plumbago rosea) is a more potent digestive and metabolic stimulant.,herb_benefits_raktamoola
therapeutic effects of raktamoola,raktamoola,The red variety of Chitrak (Plumbago rosea) is a more potent digestive and metabolic stimulant.,herb_benefits_raktamoola
benefits of swarna bhasma,swarna bhasma,"The legendary ash of purified Gold, considered the ultimate rejuvenator (rasayana) for promoting longevity, immunity, and intellect.",herb_benefits_swarna_bhasma
swarna bhasma for rasayan,swarna bhasma,swarna bhasma is beneficial for rasayan,herb_benefits_rasayan
swarna bhasma for medhya,swarna bhasma,swarna bhasma is beneficial for medhya,herb_benefits_medhya
swarna bhasma for hridaya,swarna bhasma,swarna bhasma is beneficial for hridaya,herb_benefits_hridaya
swarna bhasma for vrishya,swarna bhasma,swarna bhasma is beneficial for vrishya,herb_benefits_vrishya
what is swarna bhasma used for,swarna bhasma,"The legendary ash of purified Gold, considered the ultimate rejuvenator (rasayana) for promoting longevity, immunity, and intellect.",herb_benefits_swarna_bhasma
how to use swarna bhasma,swarna bhasma,"The legendary ash of purified Gold, considered the ultimate rejuvenator (rasayana) for promoting longevity, immunity, and intellect.",herb_benefits_swarna_bhasma
swarna bhasma medicinal properties,swarna bhasma,"The legendary ash of purified Gold, considered the ultimate rejuvenator (rasayana) for promoting longevity, immunity, and intellect.",herb_benefits_swarna_bhasma
swarna bhasma health benefits,swarna bhasma,"The legendary ash of purified Gold, considered the ultimate rejuvenator (rasayana) for promoting longevity, immunity, and intellect.",herb_benefits_swarna_bhasma
therapeutic effects of swarna bhasma,swarna bhasma,"The legendary ash of purified Gold, considered the ultimate rejuvenator (rasayana) for promoting longevity, immunity, and intellect.",herb_benefits_swarna_bhasma
benefits of raupya bhasma,raupya bhasma,"Purified Silver ash is a powerful nervine tonic and cooling agent, used for neurological and Pitta-related disorders.",herb_benefits_raupya_bhasma
raupya bhasma for medhya,raupya bhasma,raupya bhasma is beneficial for medhya,herb_benefits_medhya
raupya bhasma for rasayan,raupya bhasma,raupya bhasma is beneficial for rasayan,herb_benefits_rasayan
raupya bhasma for balya,raupya bhasma,raupya bhasma is beneficial for balya,herb_benefits_balya
what is raupya bhasma used for,raupya bhasma,"Purified Silver ash is a powerful nervine tonic and cooling agent, used for neurological and Pitta-related disorders.",herb_benefits_raupya_bhasma
how to use raupya bhasma,raupya bhasma,"Purified Silver ash is a powerful nervine tonic and cooling agent, used for neurological and Pitta-related disorders.",herb_benefits_raupya_bhasma
raupya bhasma medicinal properties,raupya bhasma,"Purified Silver ash is a powerful nervine tonic and cooling agent, used for neurological and Pitta-related disorders.",herb_benefits_raupya_bhasma
raupya bhasma health benefits,raupya bhasma,"Purified Silver ash is a powerful nervine tonic and cooling agent, used for neurological and Pitta-related disorders.",herb_benefits_raupya_bhasma
therapeutic effects of raupya bhasma,raupya bhasma,"Purified Silver ash is a powerful nervine tonic and cooling agent, used for neurological and Pitta-related disorders.",herb_benefits_raupya_bhasma
benefits of kasis bhasma,kasis bhasma,"Purified Ferrous Sulfate ash is a potent hematinic, used to treat anemia and support liver and spleen health.",herb_benefits_kasis_bhasma
kasis bhasma for raktavardhak,kasis bhasma,kasis bhasma is beneficial for raktavardhak,herb_benefits_raktavardhak
kasis bhasma for yakrituttejaka,kasis bhasma,kasis bhasma is beneficial for yakrituttejaka,herb_benefits_yakrituttejaka
what is kasis bhasma used for,kasis bhasma,"Purified Ferrous Sulfate ash is a potent hematinic, used to treat anemia and support liver and spleen health.",herb_benefits_kasis_bhasma
how to use kasis bhasma,kasis bhasma,"Purified Ferrous Sulfate ash is a potent hematinic, used to treat anemia and support liver and spleen health.",herb_benefits_kasis_bhasma
kasis bhasma medicinal properties,kasis bhasma,"Purified Ferrous Sulfate ash is a potent hematinic, used to treat anemia and support liver and spleen health.",herb_benefits_kasis_bhasma
kasis bhasma health benefits,kasis bhasma,"Purified Ferrous Sulfate ash is a potent hematinic, used to treat anemia and support liver and spleen health.",herb_benefits_kasis_bhasma
therapeutic effects of kasis bhasma,kasis bhasma,"Purified Ferrous Sulfate ash is a potent hematinic, used to treat anemia and support liver and spleen health.",herb_benefits_kasis_bhasma
benefits of giloy satva,giloy satva,"A starch extract of Giloy, it is a highly concentrated immunomodulator and febrifuge, gentle on the stomach.",herb_benefits_giloy_satva
giloy satva for jwaraghna,giloy satva,giloy satva is beneficial for jwaraghna,herb_benefits_jwaraghna
giloy satva for rasayan,giloy satva,giloy satva is beneficial for rasayan,herb_benefits_rasayan
giloy satva for deepana,giloy satva,giloy satva is beneficial for deepana,herb_benefits_deepana
what is giloy satva used for,giloy satva,"A starch extract of Giloy, it is a highly concentrated immunomodulator and febrifuge, gentle on the stomach.",herb_benefits_giloy_satva
how to use giloy satva,giloy satva,"A starch extract of Giloy, it is a highly concentrated immunomodulator and febrifuge, gentle on the stomach.",herb_benefits_giloy_satva
giloy satva medicinal properties,giloy satva,"A starch extract of Giloy, it is a highly concentrated immunomodulator and febrifuge, gentle on the stomach.",herb_benefits_giloy_satva
giloy satva health benefits,giloy satva,"A starch extract of Giloy, it is a highly concentrated immunomodulator and febrifuge, gentle on the stomach.",herb_benefits_giloy_satva
therapeutic effects of giloy satva,giloy satva,"A starch extract of Giloy, it is a highly concentrated immunomodulator and febrifuge, gentle on the stomach.",herb_benefits_giloy_satva
benefits of amra beeja,amra beeja,"Mango seed is a powerful astringent, used to control diarrhea, dysentery, and bleeding disorders.",herb_benefits_amra_beeja
amra beeja for grahi,amra beeja,amra beeja is beneficial for grahi,herb_benefits_grahi
amra beeja for raktastambhana,amra beeja,amra beeja is beneficial for raktastambhana,herb_benefits_raktastambhana
what is amra beeja used for,amra beeja,"Mango seed is a powerful astringent, used to control diarrhea, dysentery, and bleeding disorders.",herb_benefits_amra_beeja
how to use amra beeja,amra beeja,"Mango seed is a powerful astringent, used to control diarrhea, dysentery, and bleeding disorders.",herb_benefits_amra_beeja
amra beeja medicinal properties,amra beeja,"Mango seed is a powerful astringent, used to control diarrhea, dysentery, and bleeding disorders.",herb_benefits_amra_beeja
amra beeja health benefits,amra beeja,"Mango seed is a powerful astringent, used to control diarrhea, dysentery, and bleeding disorders.",herb_benefits_amra_beeja
therapeutic effects of amra beeja,amra beeja,"Mango seed is a powerful astringent, used to control diarrhea, dysentery, and bleeding disorders.",herb_benefits_amra_beeja
benefits of jambu beeja,jambu beeja,The seed of Jamun fruit is a specific remedy for managing diabetes and has strong astringent properties.,herb_benefits_jambu_beeja
jambu beeja for pramehaghna,jambu beeja,jambu beeja is beneficial for pramehaghna,herb_benefits_pramehaghna
jambu beeja for grahi,jambu beeja,jambu beeja is beneficial for grahi,herb_benefits_grahi
what is jambu beeja used for,jambu beeja,The seed of Jamun fruit is a specific remedy for managing diabetes and has strong astringent properties.,herb_benefits_jambu_beeja
how to use jambu beeja,jambu beeja,The seed of Jamun fruit is a specific remedy for managing diabetes and has strong astringent properties.,herb_benefits_jambu_beeja
jambu beeja medicinal properties,jambu beeja,The seed of Jamun fruit is a specific remedy for managing diabetes and has strong astringent properties.,herb_benefits_jambu_beeja
jambu beeja health benefits,jambu beeja,The seed of Jamun fruit is a specific remedy for managing diabetes and has strong astringent properties.,herb_benefits_jambu_beeja
therapeutic effects of jambu beeja,jambu beeja,The seed of Jamun fruit is a specific remedy for managing diabetes and has strong astringent properties.,herb_benefits_jambu_beeja
benefits of dadima twak,dadima twak,"Pomegranate rind is a potent astringent used for treating diarrhea, dysentery, and intestinal parasites.",herb_benefits_dadima_twak
dadima twak for grahi,dadima twak,dadima twak is beneficial for grahi,herb_benefits_grahi
dadima twak for krimighna,dadima twak,dadima twak is beneficial for krimighna,herb_benefits_krimighna
what is dadima twak used for,dadima twak,"Pomegranate rind is a potent astringent used for treating diarrhea, dysentery, and intestinal parasites.",herb_benefits_dadima_twak
how to use dadima twak,dadima twak,"Pomegranate rind is a potent astringent used for treating diarrhea, dysentery, and intestinal parasites.",herb_benefits_dadima_twak
dadima twak medicinal properties,dadima twak,"Pomegranate rind is a potent astringent used for treating diarrhea, dysentery, and intestinal parasites.",herb_benefits_dadima_twak
dadima twak health benefits,dadima twak,"Pomegranate rind is a potent astringent used for treating diarrhea, dysentery, and intestinal parasites.",herb_benefits_dadima_twak
therapeutic effects of dadima twak,dadima twak,"Pomegranate rind is a potent astringent used for treating diarrhea, dysentery, and intestinal parasites.",herb_benefits_dadima_twak
benefits of nimba patra,nimba patra,"Neem leaf is a premier blood purifier and anti-bacterial herb, used for skin diseases, fever, and dental health.",herb_benefits_nimba_patra
nimba patra for kushtaghna,nimba patra,nimba patra is beneficial for kushtaghna,herb_benefits_kushtaghna
nimba patra for jwaraghna,nimba patra,nimba patra is beneficial for jwaraghna,herb_benefits_jwaraghna
nimba patra for raktashodhak,nimba patra,nimba patra is beneficial for raktashodhak,herb_benefits_raktashodhak
what is nimba patra used for,nimba patra,"Neem leaf is a premier blood purifier and anti-bacterial herb, used for skin diseases, fever, and dental health.",herb_benefits_nimba_patra
how to use nimba patra,nimba patra,"Neem leaf is a premier blood purifier and anti-bacterial herb, used for skin diseases, fever, and dental health.",herb_benefits_nimba_patra
nimba patra medicinal properties,nimba patra,"Neem leaf is a premier blood purifier and anti-bacterial herb, used for skin diseases, fever, and dental health.",herb_benefits_nimba_patra
nimba patra health benefits,nimba patra,"Neem leaf is a premier blood purifier and anti-bacterial herb, used for skin diseases, fever, and dental health.",herb_benefits_nimba_patra
therapeutic effects of nimba patra,nimba patra,"Neem leaf is a premier blood purifier and anti-bacterial herb, used for skin diseases, fever, and dental health.",herb_benefits_nimba_patra
benefits of bilva majja,bilva majja,"The pulp of unripe Bael fruit is a powerful astringent for chronic diarrhea, while ripe fruit pulp is a laxative.",herb_benefits_bilva_majja
bilva majja for grahi,bilva majja,bilva majja is beneficial for grahi,herb_benefits_grahi
bilva majja for deepana,bilva majja,bilva majja is beneficial for deepana,herb_benefits_deepana
bilva majja for pachana,bilva majja,bilva majja is beneficial for pachana,herb_benefits_pachana
what is bilva majja used for,bilva majja,"The pulp of unripe Bael fruit is a powerful astringent for chronic diarrhea, while ripe fruit pulp is a laxative.",herb_benefits_bilva_majja
how to use bilva majja,bilva majja,"The pulp of unripe Bael fruit is a powerful astringent for chronic diarrhea, while ripe fruit pulp is a laxative.",herb_benefits_bilva_majja
bilva majja medicinal properties,bilva majja,"The pulp of unripe Bael fruit is a powerful astringent for chronic diarrhea, while ripe fruit pulp is a laxative.",herb_benefits_bilva_majja
bilva majja health benefits,bilva majja,"The pulp of unripe Bael fruit is a powerful astringent for chronic diarrhea, while ripe fruit pulp is a laxative.",herb_benefits_bilva_majja
therapeutic effects of bilva majja,bilva majja,"The pulp of unripe Bael fruit is a powerful astringent for chronic diarrhea, while ripe fruit pulp is a laxative.",herb_benefits_bilva_majja
benefits of mudgaparni,mudgaparni,"Vigna trilobata is a cooling, strengthening herb, considered a rejuvenative (rasayana) and aphrodisiac.",herb_benefits_mudgaparni
mudgaparni for jivaniya,mudgaparni,mudgaparni is beneficial for jivaniya,herb_benefits_jivaniya
mudgaparni for vrishya,mudgaparni,mudgaparni is beneficial for vrishya,herb_benefits_vrishya
mudgaparni for chakshushya,mudgaparni,mudgaparni is beneficial for chakshushya,herb_benefits_chakshushya
what is mudgaparni used for,mudgaparni,"Vigna trilobata is a cooling, strengthening herb, considered a rejuvenative (rasayana) and aphrodisiac.",herb_benefits_mudgaparni
how to use mudgaparni,mudgaparni,"Vigna trilobata is a cooling, strengthening herb, considered a rejuvenative (rasayana) and aphrodisiac.",herb_benefits_mudgaparni
mudgaparni medicinal properties,mudgaparni,"Vigna trilobata is a cooling, strengthening herb, considered a rejuvenative (rasayana) and aphrodisiac.",herb_benefits_mudgaparni
mudgaparni health benefits,mudgaparni,"Vigna trilobata is a cooling, strengthening herb, considered a rejuvenative (rasayana) and aphrodisiac.",herb_benefits_mudgaparni
therapeutic effects of mudgaparni,mudgaparni,"Vigna trilobata is a cooling, strengthening herb, considered a rejuvenative (rasayana) and aphrodisiac.",herb_benefits_mudgaparni
benefits of mashaparni,mashaparni,"Teramnus labialis is a nutritive tonic used for building tissues, improving strength, and calming the nerves.",herb_benefits_mashaparni
mashaparni for brimhaniya,mashaparni,mashaparni is beneficial for brimhaniya,herb_benefits_brimhaniya
mashaparni for balya,mashaparni,mashaparni is beneficial for balya,herb_benefits_balya
mashaparni for shukrala,mashaparni,mashaparni is beneficial for shukrala,herb_benefits_shukrala
what is mashaparni used for,mashaparni,"Teramnus labialis is a nutritive tonic used for building tissues, improving strength, and calming the nerves.",herb_benefits_mashaparni
how to use mashaparni,mashaparni,"Teramnus labialis is a nutritive tonic used for building tissues, improving strength, and calming the nerves.",herb_benefits_mashaparni
mashaparni medicinal properties,mashaparni,"Teramnus labialis is a nutritive tonic used for building tissues, improving strength, and calming the nerves.",herb_benefits_mashaparni
mashaparni health benefits,mashaparni,"Teramnus labialis is a nutritive tonic used for building tissues, improving strength, and calming the nerves.",herb_benefits_mashaparni
therapeutic effects of mashaparni,mashaparni,"Teramnus labialis is a nutritive tonic used for building tissues, improving strength, and calming the nerves.",herb_benefits_mashaparni
benefits of nili,nili,"Indigofera tinctoria (Indigo) is used for promoting hair growth, treating liver disorders, and as an anti-toxic.",herb_benefits_nili
nili for keshya,nili,nili is beneficial for keshya,herb_benefits_keshya
nili for vishaghna,nili,nili is beneficial for vishaghna,herb_benefits_vishaghna
nili for yakrituttejaka,nili,nili is beneficial for yakrituttejaka,herb_benefits_yakrituttejaka
what is nili used for,nili,"Indigofera tinctoria (Indigo) is used for promoting hair growth, treating liver disorders, and as an anti-toxic.",herb_benefits_nili
how to use nili,nili,"Indigofera tinctoria (Indigo) is used for promoting hair growth, treating liver disorders, and as an anti-toxic.",herb_benefits_nili
nili medicinal properties,nili,"Indigofera tinctoria (Indigo) is used for promoting hair growth, treating liver disorders, and as an anti-toxic.",herb_benefits_nili
nili health benefits,nili,"Indigofera tinctoria (Indigo) is used for promoting hair growth, treating liver disorders, and as an anti-toxic.",herb_benefits_nili
therapeutic effects of nili,nili,"Indigofera tinctoria (Indigo) is used for promoting hair growth, treating liver disorders, and as an anti-toxic.",herb_benefits_nili
benefits of vrihi,vrihi,"Rice is considered nourishing, strength-promoting, and easy to digest, forming the staple of an Ayurvedic diet.",herb_benefits_vrihi
vrihi for brimhaniya,vrihi,vrihi is beneficial for brimhaniya,herb_benefits_brimhaniya
vrihi for balya,vrihi,vrihi is beneficial for balya,herb_benefits_balya
vrihi for mutrala,vrihi,vrihi is beneficial for mutrala,herb_benefits_mutrala
what is vrihi used for,vrihi,"Rice is considered nourishing, strength-promoting, and easy to digest, forming the staple of an Ayurvedic diet.",herb_benefits_vrihi
how to use vrihi,vrihi,"Rice is considered nourishing, strength-promoting, and easy to digest, forming the staple of an Ayurvedic diet.",herb_benefits_vrihi
vrihi medicinal properties,vrihi,"Rice is considered nourishing, strength-promoting, and easy to digest, forming the staple of an Ayurvedic diet.",herb_benefits_vrihi
vrihi health benefits,vrihi,"Rice is considered nourishing, strength-promoting, and easy to digest, forming the staple of an Ayurvedic diet.",herb_benefits_vrihi
therapeutic effects of vrihi,vrihi,"Rice is considered nourishing, strength-promoting, and easy to digest, forming the staple of an Ayurvedic diet.",herb_benefits_vrihi
benefits of yavasa,yavasa,"Alhagi camelorum is a cooling, astringent herb used for bleeding disorders and pacifying Pitta.",herb_benefits_yavasa
yavasa for raktastambhana,yavasa,yavasa is beneficial for raktastambhana,herb_benefits_raktastambhana
yavasa for dahashamana,yavasa,yavasa is beneficial for dahashamana,herb_benefits_dahashamana
what is yavasa used for,yavasa,"Alhagi camelorum is a cooling, astringent herb used for bleeding disorders and pacifying Pitta.",herb_benefits_yavasa
how to use yavasa,yavasa,"Alhagi camelorum is a cooling, astringent herb used for bleeding disorders and pacifying Pitta.",herb_benefits_yavasa
yavasa medicinal properties,yavasa,"Alhagi camelorum is a cooling, astringent herb used for bleeding disorders and pacifying Pitta.",herb_benefits_yavasa
yavasa health benefits,yavasa,"Alhagi camelorum is a cooling, astringent herb used for bleeding disorders and pacifying Pitta.",herb_benefits_yavasa
therapeutic effects of yavasa,yavasa,"Alhagi camelorum is a cooling, astringent herb used for bleeding disorders and pacifying Pitta.",herb_benefits_yavasa
benefits of utpala,utpala,"The Blue Lotus (Nymphaea nouchali) is a cooling, calming herb for the heart and mind, used to relieve burning sensations.",herb_benefits_utpala
utpala for hridaya,utpala,utpala is beneficial for hridaya,herb_benefits_hridaya
utpala for dahashamana,utpala,utpala is beneficial for dahashamana,herb_benefits_dahashamana
utpala for rasayan,utpala,utpala is beneficial for rasayan,herb_benefits_rasayan
what is utpala used for,utpala,"The Blue Lotus (Nymphaea nouchali) is a cooling, calming herb for the heart and mind, used to relieve burning sensations.",herb_benefits_utpala
how to use utpala,utpala,"The Blue Lotus (Nymphaea nouchali) is a cooling, calming herb for the heart and mind, used to relieve burning sensations.",herb_benefits_utpala
utpala medicinal properties,utpala,"The Blue Lotus (Nymphaea nouchali) is a cooling, calming herb for the heart and mind, used to relieve burning sensations.",herb_benefits_utpala
utpala health benefits,utpala,"The Blue Lotus (Nymphaea nouchali) is a cooling, calming herb for the heart and mind, used to relieve burning sensations.",herb_benefits_utpala
therapeutic effects of utpala,utpala,"The Blue Lotus (Nymphaea nouchali) is a cooling, calming herb for the heart and mind, used to relieve burning sensations.",herb_benefits_utpala
benefits of shara,shara,"Saccharum munja is a cooling diuretic, used in urinary tract disorders and to quench excessive thirst.",herb_benefits_shara
shara for mutrala,shara,shara is beneficial for mutrala,herb_benefits_mutrala
shara for raktapittahara,shara,shara is beneficial for raktapittahara,herb_benefits_raktapittahara
what is shara used for,shara,"Saccharum munja is a cooling diuretic, used in urinary tract disorders and to quench excessive thirst.",herb_benefits_shara
how to use shara,shara,"Saccharum munja is a cooling diuretic, used in urinary tract disorders and to quench excessive thirst.",herb_benefits_shara
shara medicinal properties,shara,"Saccharum munja is a cooling diuretic, used in urinary tract disorders and to quench excessive thirst.",herb_benefits_shara
shara health benefits,shara,"Saccharum munja is a cooling diuretic, used in urinary tract disorders and to quench excessive thirst.",herb_benefits_shara
therapeutic effects of shara,shara,"Saccharum munja is a cooling diuretic, used in urinary tract disorders and to quench excessive thirst.",herb_benefits_shara
benefits of shankhini,shankhini,"Canscora decussata is a nervine tonic similar to Shankhpushpi, used for improving memory and intellect.",herb_benefits_shankhini
shankhini for medhya,shankhini,shankhini is beneficial for medhya,herb_benefits_medhya
shankhini for virechana,shankhini,shankhini is beneficial for virechana,herb_benefits_virechana
what is shankhini used for,shankhini,"Canscora decussata is a nervine tonic similar to Shankhpushpi, used for improving memory and intellect.",herb_benefits_shankhini
how to use shankhini,shankhini,"Canscora decussata is a nervine tonic similar to Shankhpushpi, used for improving memory and intellect.",herb_benefits_shankhini
shankhini medicinal properties,shankhini,"Canscora decussata is a nervine tonic similar to Shankhpushpi, used for improving memory and intellect.",herb_benefits_shankhini
shankhini health benefits,shankhini,"Canscora decussata is a nervine tonic similar to Shankhpushpi, used for improving memory and intellect.",herb_benefits_shankhini
therapeutic effects of shankhini,shankhini,"Canscora decussata is a nervine tonic similar to Shankhpushpi, used for improving memory and intellect.",herb_benefits_shankhini
benefits of shana,shana,Crotalaria juncea is used in Ayurveda for its astringent properties to manage bleeding disorders.,herb_benefits_shana
shana for raktastambhana,shana,shana is beneficial for raktastambhana,herb_benefits_raktastambhana
what is shana used for,shana,Crotalaria juncea is used in Ayurveda for its astringent properties to manage bleeding disorders.,herb_benefits_shana
how to use shana,shana,Crotalaria juncea is used in Ayurveda for its astringent properties to manage bleeding disorders.,herb_benefits_shana
shana medicinal properties,shana,Crotalaria juncea is used in Ayurveda for its astringent properties to manage bleeding disorders.,herb_benefits_shana
shana health benefits,shana,Crotalaria juncea is used in Ayurveda for its astringent properties to manage bleeding disorders.,herb_benefits_shana
therapeutic effects of shana,shana,Crotalaria juncea is used in Ayurveda for its astringent properties to manage bleeding disorders.,herb_benefits_shana
benefits of shaka,shaka,"Teak (Tectona grandis) wood is used for its cooling and astringent properties, helpful in skin and bleeding disorders.",herb_benefits_shaka
shaka for grahi,shaka,shaka is beneficial for grahi,herb_benefits_grahi
shaka for kushtaghna,shaka,shaka is beneficial for kushtaghna,herb_benefits_kushtaghna
what is shaka used for,shaka,"Teak (Tectona grandis) wood is used for its cooling and astringent properties, helpful in skin and bleeding disorders.",herb_benefits_shaka
how to use shaka,shaka,"Teak (Tectona grandis) wood is used for its cooling and astringent properties, helpful in skin and bleeding disorders.",herb_benefits_shaka
shaka medicinal properties,shaka,"Teak (Tectona grandis) wood is used for its cooling and astringent properties, helpful in skin and bleeding disorders.",herb_benefits_shaka
shaka health benefits,shaka,"Teak (Tectona grandis) wood is used for its cooling and astringent properties, helpful in skin and bleeding disorders.",herb_benefits_shaka
therapeutic effects of shaka,shaka,"Teak (Tectona grandis) wood is used for its cooling and astringent properties, helpful in skin and bleeding disorders.",herb_benefits_shaka
benefits of renuka,renuka,"Vitex agnus-castus is renowned for its effect on female hormones, helping to regulate menstruation.",herb_benefits_renuka
renuka for deepana,renuka,renuka is beneficial for deepana,herb_benefits_deepana
renuka for vatahara,renuka,renuka is beneficial for vatahara,herb_benefits_vatahara
what is renuka used for,renuka,"Vitex agnus-castus is renowned for its effect on female hormones, helping to regulate menstruation.",herb_benefits_renuka
how to use renuka,renuka,"Vitex agnus-castus is renowned for its effect on female hormones, helping to regulate menstruation.",herb_benefits_renuka
renuka medicinal properties,renuka,"Vitex agnus-castus is renowned for its effect on female hormones, helping to regulate menstruation.",herb_benefits_renuka
renuka health benefits,renuka,"Vitex agnus-castus is renowned for its effect on female hormones, helping to regulate menstruation.",herb_benefits_renuka
therapeutic effects of renuka,renuka,"Vitex agnus-castus is renowned for its effect on female hormones, helping to regulate menstruation.",herb_benefits_renuka
benefits of prativisha,prativisha,"Aconitum palmatum is a non-toxic variety of Aconite, used as an alternative to Ativisha for fever and digestion.",herb_benefits_prativisha
prativisha for deepana,prativisha,prativisha is beneficial for deepana,herb_benefits_deepana
prativisha for jwaraghna,prativisha,prativisha is beneficial for jwaraghna,herb_benefits_jwaraghna
what is prativisha used for,prativisha,"Aconitum palmatum is a non-toxic variety of Aconite, used as an alternative to Ativisha for fever and digestion.",herb_benefits_prativisha
how to use prativisha,prativisha,"Aconitum palmatum is a non-toxic variety of Aconite, used as an alternative to Ativisha for fever and digestion.",herb_benefits_prativisha
prativisha medicinal properties,prativisha,"Aconitum palmatum is a non-toxic variety of Aconite, used as an alternative to Ativisha for fever and digestion.",herb_benefits_prativisha
prativisha health benefits,prativisha,"Aconitum palmatum is a non-toxic variety of Aconite, used as an alternative to Ativisha for fever and digestion.",herb_benefits_prativisha
therapeutic effects of prativisha,prativisha,"Aconitum palmatum is a non-toxic variety of Aconite, used as an alternative to Ativisha for fever and digestion.",herb_benefits_prativisha
benefits of prapunnada,prapunnada,"Cassia tora (Chakramarda) is a potent herb for treating skin diseases, especially fungal infections like ringworm.",herb_benefits_prapunnada
prapunnada for kushtaghna,prapunnada,prapunnada is beneficial for kushtaghna,herb_benefits_kushtaghna
prapunnada for krimighna,prapunnada,prapunnada is beneficial for krimighna,herb_benefits_krimighna
what is prapunnada used for,prapunnada,"Cassia tora (Chakramarda) is a potent herb for treating skin diseases, especially fungal infections like ringworm.",herb_benefits_prapunnada
how to use prapunnada,prapunnada,"Cassia tora (Chakramarda) is a potent herb for treating skin diseases, especially fungal infections like ringworm.",herb_benefits_prapunnada
prapunnada medicinal properties,prapunnada,"Cassia tora (Chakramarda) is a potent herb for treating skin diseases, especially fungal infections like ringworm.",herb_benefits_prapunnada
prapunnada health benefits,prapunnada,"Cassia tora (Chakramarda) is a potent herb for treating skin diseases, especially fungal infections like ringworm.",herb_benefits_prapunnada
therapeutic effects of prapunnada,prapunnada,"Cassia tora (Chakramarda) is a potent herb for treating skin diseases, especially fungal infections like ringworm.",herb_benefits_prapunnada
benefits of nadi hingu,nadi hingu,"Gardenia gummifera resin is used as an antispasmodic and for digestive complaints, similar to Hingu.",herb_benefits_nadi_hingu
nadi hingu for shoolaghna,nadi hingu,nadi hingu is beneficial for shoolaghna,herb_benefits_shoolaghna
nadi hingu for deepana,nadi hingu,nadi hingu is beneficial for deepana,herb_benefits_deepana
what is nadi hingu used for,nadi hingu,"Gardenia gummifera resin is used as an antispasmodic and for digestive complaints, similar to Hingu.",herb_benefits_nadi_hingu
how to use nadi hingu,nadi hingu,"Gardenia gummifera resin is used as an antispasmodic and for digestive complaints, similar to Hingu.",herb_benefits_nadi_hingu
nadi hingu medicinal properties,nadi hingu,"Gardenia gummifera resin is used as an antispasmodic and for digestive complaints, similar to Hingu.",herb_benefits_nadi_hingu
nadi hingu health benefits,nadi hingu,"Gardenia gummifera resin is used as an antispasmodic and for digestive complaints, similar to Hingu.",herb_benefits_nadi_hingu
therapeutic effects of nadi hingu,nadi hingu,"Gardenia gummifera resin is used as an antispasmodic and for digestive complaints, similar to Hingu.",herb_benefits_nadi_hingu
benefits of lata kasturi,lata kasturi,Abelmoschus moschatus seeds are an aphrodisiac and are used as a tonic for the urinary system.,herb_benefits_lata_kasturi
lata kasturi for vrishya,lata kasturi,lata kasturi is beneficial for vrishya,herb_benefits_vrishya
lata kasturi for mutrala,lata kasturi,lata kasturi is beneficial for mutrala,herb_benefits_mutrala
what is lata kasturi used for,lata kasturi,Abelmoschus moschatus seeds are an aphrodisiac and are used as a tonic for the urinary system.,herb_benefits_lata_kasturi
how to use lata kasturi,lata kasturi,Abelmoschus moschatus seeds are an aphrodisiac and are used as a tonic for the urinary system.,herb_benefits_lata_kasturi
lata kasturi medicinal properties,lata kasturi,Abelmoschus moschatus seeds are an aphrodisiac and are used as a tonic for the urinary system.,herb_benefits_lata_kasturi
lata kasturi health benefits,lata kasturi,Abelmoschus moschatus seeds are an aphrodisiac and are used as a tonic for the urinary system.,herb_benefits_lata_kasturi
therapeutic effects of lata kasturi,lata kasturi,Abelmoschus moschatus seeds are an aphrodisiac and are used as a tonic for the urinary system.,herb_benefits_lata_kasturi
benefits of lakuca,lakuca,Artocarpus lakoocha is an astringent fruit used to improve digestion and act as a liver tonic.,herb_benefits_lakuca
lakuca for deepana,lakuca,lakuca is beneficial for deepana,herb_benefits_deepana
lakuca for yakrituttejaka,lakuca,lakuca is beneficial for yakrituttejaka,herb_benefits_yakrituttejaka
what is lakuca used for,lakuca,Artocarpus lakoocha is an astringent fruit used to improve digestion and act as a liver tonic.,herb_benefits_lakuca
how to use lakuca,lakuca,Artocarpus lakoocha is an astringent fruit used to improve digestion and act as a liver tonic.,herb_benefits_lakuca
lakuca medicinal properties,lakuca,Artocarpus lakoocha is an astringent fruit used to improve digestion and act as a liver tonic.,herb_benefits_lakuca
lakuca health benefits,lakuca,Artocarpus lakoocha is an astringent fruit used to improve digestion and act as a liver tonic.,herb_benefits_lakuca
therapeutic effects of lakuca,lakuca,Artocarpus lakoocha is an astringent fruit used to improve digestion and act as a liver tonic.,herb_benefits_lakuca
benefits of karnikara,karnikara,Pterospermum acerifolium is used for its anti-inflammatory and wound-healing properties.,herb_benefits_karnikara
karnikara for shothahara,karnikara,karnikara is beneficial for shothahara,herb_benefits_shothahara
karnikara for vranaropana,karnikara,karnikara is beneficial for vranaropana,herb_benefits_vranaropana
what is karnikara used for,karnikara,Pterospermum acerifolium is used for its anti-inflammatory and wound-healing properties.,herb_benefits_karnikara
how to use karnikara,karnikara,Pterospermum acerifolium is used for its anti-inflammatory and wound-healing properties.,herb_benefits_karnikara
karnikara medicinal properties,karnikara,Pterospermum acerifolium is used for its anti-inflammatory and wound-healing properties.,herb_benefits_karnikara
karnikara health benefits,karnikara,Pterospermum acerifolium is used for its anti-inflammatory and wound-healing properties.,herb_benefits_karnikara
therapeutic effects of karnikara,karnikara,Pterospermum acerifolium is used for its anti-inflammatory and wound-healing properties.,herb_benefits_karnikara
benefits of kankataka,kankataka,Flacourtia indica is used as a digestive stimulant and for treating cough and respiratory ailments.,herb_benefits_kankataka
kankataka for deepana,kankataka,kankataka is beneficial for deepana,herb_benefits_deepana
kankataka for kasahara,kankataka,kankataka is beneficial for kasahara,herb_benefits_kasahara
what is kankataka used for,kankataka,Flacourtia indica is used as a digestive stimulant and for treating cough and respiratory ailments.,herb_benefits_kankataka
how to use kankataka,kankataka,Flacourtia indica is used as a digestive stimulant and for treating cough and respiratory ailments.,herb_benefits_kankataka
kankataka medicinal properties,kankataka,Flacourtia indica is used as a digestive stimulant and for treating cough and respiratory ailments.,herb_benefits_kankataka
kankataka health benefits,kankataka,Flacourtia indica is used as a digestive stimulant and for treating cough and respiratory ailments.,herb_benefits_kankataka
therapeutic effects of kankataka,kankataka,Flacourtia indica is used as a digestive stimulant and for treating cough and respiratory ailments.,herb_benefits_kankataka
benefits of kalamba,kalamba,Ipomoea reptans is a leafy green that promotes lactation and acts as a general tonic.,herb_benefits_kalamba
kalamba for stanyajanana,kalamba,kalamba is beneficial for stanyajanana,herb_benefits_stanyajanana
kalamba for balya,kalamba,kalamba is beneficial for balya,herb_benefits_balya
what is kalamba used for,kalamba,Ipomoea reptans is a leafy green that promotes lactation and acts as a general tonic.,herb_benefits_kalamba
how to use kalamba,kalamba,Ipomoea reptans is a leafy green that promotes lactation and acts as a general tonic.,herb_benefits_kalamba
kalamba medicinal properties,kalamba,Ipomoea reptans is a leafy green that promotes lactation and acts as a general tonic.,herb_benefits_kalamba
kalamba health benefits,kalamba,Ipomoea reptans is a leafy green that promotes lactation and acts as a general tonic.,herb_benefits_kalamba
therapeutic effects of kalamba,kalamba,Ipomoea reptans is a leafy green that promotes lactation and acts as a general tonic.,herb_benefits_kalamba
benefits of kakatikta,kakatikta,"Luffa amara, a wild variety of Luffa, is a potent liver stimulant and purgative.",herb_benefits_kakatikta
kakatikta for yakrituttejaka,kakatikta,kakatikta is beneficial for yakrituttejaka,herb_benefits_yakrituttejaka
kakatikta for virechana,kakatikta,kakatikta is beneficial for virechana,herb_benefits_virechana
what is kakatikta used for,kakatikta,"Luffa amara, a wild variety of Luffa, is a potent liver stimulant and purgative.",herb_benefits_kakatikta
how to use kakatikta,kakatikta,"Luffa amara, a wild variety of Luffa, is a potent liver stimulant and purgative.",herb_benefits_kakatikta
kakatikta medicinal properties,kakatikta,"Luffa amara, a wild variety of Luffa, is a potent liver stimulant and purgative.",herb_benefits_kakatikta
kakatikta health benefits,kakatikta,"Luffa amara, a wild variety of Luffa, is a potent liver stimulant and purgative.",herb_benefits_kakatikta
therapeutic effects of kakatikta,kakatikta,"Luffa amara, a wild variety of Luffa, is a potent liver stimulant and purgative.",herb_benefits_kakatikta
benefits of kadara,kadara,"Acacia suma, a variety of Khadira, is used for its potent effects on skin diseases.",herb_benefits_kadara
kadara for kushtaghna,kadara,kadara is beneficial for kushtaghna,herb_benefits_kushtaghna
kadara for raktashodhak,kadara,kadara is beneficial for raktashodhak,herb_benefits_raktashodhak
what is kadara used for,kadara,"Acacia suma, a variety of Khadira, is used for its potent effects on skin diseases.",herb_benefits_kadara
how to use kadara,kadara,"Acacia suma, a variety of Khadira, is used for its potent effects on skin diseases.",herb_benefits_kadara
kadara medicinal properties,kadara,"Acacia suma, a variety of Khadira, is used for its potent effects on skin diseases.",herb_benefits_kadara
kadara health benefits,kadara,"Acacia suma, a variety of Khadira, is used for its potent effects on skin diseases.",herb_benefits_kadara
therapeutic effects of kadara,kadara,"Acacia suma, a variety of Khadira, is used for its potent effects on skin diseases.",herb_benefits_kadara
benefits of jalavetasa,jalavetasa,Salix tetrasperma is an anti-inflammatory and analgesic herb used for pain and swelling.,herb_benefits_jalavetasa
jalavetasa for shothahara,jalavetasa,jalavetasa is beneficial for shothahara,herb_benefits_shothahara
jalavetasa for vedanasthapana,jalavetasa,jalavetasa is beneficial for vedanasthapana,herb_benefits_vedanasthapana
what is jalavetasa used for,jalavetasa,Salix tetrasperma is an anti-inflammatory and analgesic herb used for pain and swelling.,herb_benefits_jalavetasa
how to use jalavetasa,jalavetasa,Salix tetrasperma is an anti-inflammatory and analgesic herb used for pain and swelling.,herb_benefits_jalavetasa
jalavetasa medicinal properties,jalavetasa,Salix tetrasperma is an anti-inflammatory and analgesic herb used for pain and swelling.,herb_benefits_jalavetasa
jalavetasa health benefits,jalavetasa,Salix tetrasperma is an anti-inflammatory and analgesic herb used for pain and swelling.,herb_benefits_jalavetasa
therapeutic effects of jalavetasa,jalavetasa,Salix tetrasperma is an anti-inflammatory and analgesic herb used for pain and swelling.,herb_benefits_jalavetasa
benefits of hijal,hijal,Barringtonia acutangula is an astringent used for treating diarrhea and bleeding disorders.,herb_benefits_hijal
hijal for grahi,hijal,hijal is beneficial for grahi,herb_benefits_grahi
hijal for raktastambhana,hijal,hijal is beneficial for raktastambhana,herb_benefits_raktastambhana
what is hijal used for,hijal,Barringtonia acutangula is an astringent used for treating diarrhea and bleeding disorders.,herb_benefits_hijal
how to use hijal,hijal,Barringtonia acutangula is an astringent used for treating diarrhea and bleeding disorders.,herb_benefits_hijal
hijal medicinal properties,hijal,Barringtonia acutangula is an astringent used for treating diarrhea and bleeding disorders.,herb_benefits_hijal
hijal health benefits,hijal,Barringtonia acutangula is an astringent used for treating diarrhea and bleeding disorders.,herb_benefits_hijal
therapeutic effects of hijal,hijal,Barringtonia acutangula is an astringent used for treating diarrhea and bleeding disorders.,herb_benefits_hijal
benefits of hastikarna palasha,hastikarna palasha,"Leea macrophylla is used for its anti-inflammatory and diuretic properties, especially in filariasis.",herb_benefits_hastikarna_palasha
hastikarna palasha for shothahara,hastikarna palasha,hastikarna palasha is beneficial for shothahara,herb_benefits_shothahara
hastikarna palasha for krimighna,hastikarna palasha,hastikarna palasha is beneficial for krimighna,herb_benefits_krimighna
what is hastikarna palasha used for,hastikarna palasha,"Leea macrophylla is used for its anti-inflammatory and diuretic properties, especially in filariasis.",herb_benefits_hastikarna_palasha
how to use hastikarna palasha,hastikarna palasha,"Leea macrophylla is used for its anti-inflammatory and diuretic properties, especially in filariasis.",herb_benefits_hastikarna_palasha
hastikarna palasha medicinal properties,hastikarna palasha,"Leea macrophylla is used for its anti-inflammatory and diuretic properties, especially in filariasis.",herb_benefits_hastikarna_palasha
hastikarna palasha health benefits,hastikarna palasha,"Leea macrophylla is used for its anti-inflammatory and diuretic properties, especially in filariasis.",herb_benefits_hastikarna_palasha
therapeutic effects of hastikarna palasha,hastikarna palasha,"Leea macrophylla is used for its anti-inflammatory and diuretic properties, especially in filariasis.",herb_benefits_hastikarna_palasha
benefits of dhanyamla,dhanyamla,"A fermented liquid prepared from grains, used in a specialized therapy (Dhanyamla Dhara) for Vata disorders and inflammation.",herb_benefits_dhanyamla
dhanyamla for vatahara,dhanyamla,dhanyamla is beneficial for vatahara,herb_benefits_vatahara
dhanyamla for shothahara,dhanyamla,dhanyamla is beneficial for shothahara,herb_benefits_shothahara
dhanyamla for deepana,dhanyamla,dhanyamla is beneficial for deepana,herb_benefits_deepana
what is dhanyamla used for,dhanyamla,"A fermented liquid prepared from grains, used in a specialized therapy (Dhanyamla Dhara) for Vata disorders and inflammation.",herb_benefits_dhanyamla
how to use dhanyamla,dhanyamla,"A fermented liquid prepared from grains, used in a specialized therapy (Dhanyamla Dhara) for Vata disorders and inflammation.",herb_benefits_dhanyamla
dhanyamla medicinal properties,dhanyamla,"A fermented liquid prepared from grains, used in a specialized therapy (Dhanyamla Dhara) for Vata disorders and inflammation.",herb_benefits_dhanyamla
dhanyamla health benefits,dhanyamla,"A fermented liquid prepared from grains, used in a specialized therapy (Dhanyamla Dhara) for Vata disorders and inflammation.",herb_benefits_dhanyamla
therapeutic effects of dhanyamla,dhanyamla,"A fermented liquid prepared from grains, used in a specialized therapy (Dhanyamla Dhara) for Vata disorders and inflammation.",herb_benefits_dhanyamla
benefits of dhattura beeja,dhattura beeja,"The seeds of Dhattura are more potent than the leaves, used after purification for severe asthma and pain.",herb_benefits_dhattura_beeja
dhattura beeja for shwasahara,dhattura beeja,dhattura beeja is beneficial for shwasahara,herb_benefits_shwasahara
dhattura beeja for vedanasthapana,dhattura beeja,dhattura beeja is beneficial for vedanasthapana,herb_benefits_vedanasthapana
what is dhattura beeja used for,dhattura beeja,"The seeds of Dhattura are more potent than the leaves, used after purification for severe asthma and pain.",herb_benefits_dhattura_beeja
how to use dhattura beeja,dhattura beeja,"The seeds of Dhattura are more potent than the leaves, used after purification for severe asthma and pain.",herb_benefits_dhattura_beeja
dhattura beeja medicinal properties,dhattura beeja,"The seeds of Dhattura are more potent than the leaves, used after purification for severe asthma and pain.",herb_benefits_dhattura_beeja
dhattura beeja health benefits,dhattura beeja,"The seeds of Dhattura are more potent than the leaves, used after purification for severe asthma and pain.",herb_benefits_dhattura_beeja
therapeutic effects of dhattura beeja,dhattura beeja,"The seeds of Dhattura are more potent than the leaves, used after purification for severe asthma and pain.",herb_benefits_dhattura_beeja
benefits of chitraka moola,chitraka moola,"The root of Chitrak is the most potent part, a powerful digestive stimulant that must be used with care.",herb_benefits_chitraka_moola
chitraka moola for deepana,chitraka moola,chitraka moola is beneficial for deepana,herb_benefits_deepana
chitraka moola for pachana,chitraka moola,chitraka moola is beneficial for pachana,herb_benefits_pachana
chitraka moola for arshoghna,chitraka moola,chitraka moola is beneficial for arshoghna,herb_benefits_arshoghna
what is chitraka moola used for,chitraka moola,"The root of Chitrak is the most potent part, a powerful digestive stimulant that must be used with care.",herb_benefits_chitraka_moola
how to use chitraka moola,chitraka moola,"The root of Chitrak is the most potent part, a powerful digestive stimulant that must be used with care.",herb_benefits_chitraka_moola
chitraka moola medicinal properties,chitraka moola,"The root of Chitrak is the most potent part, a powerful digestive stimulant that must be used with care.",herb_benefits_chitraka_moola
chitraka moola health benefits,chitraka moola,"The root of Chitrak is the most potent part, a powerful digestive stimulant that must be used with care.",herb_benefits_chitraka_moola
therapeutic effects of chitraka moola,chitraka moola,"The root of Chitrak is the most potent part, a powerful digestive stimulant that must be used with care.",herb_benefits_chitraka_moola
benefits of changeri ghrita,changeri ghrita,"Medicated ghee of Changeri is a specific remedy for digestive disorders like IBS, bloating, and prolapse.",herb_benefits_changeri_ghrita
changeri ghrita for grahi,changeri ghrita,changeri ghrita is beneficial for grahi,herb_benefits_grahi
changeri ghrita for deepana,changeri ghrita,changeri ghrita is beneficial for deepana,herb_benefits_deepana
what is changeri ghrita used for,changeri ghrita,"Medicated ghee of Changeri is a specific remedy for digestive disorders like IBS, bloating, and prolapse.",herb_benefits_changeri_ghrita
how to use changeri ghrita,changeri ghrita,"Medicated ghee of Changeri is a specific remedy for digestive disorders like IBS, bloating, and prolapse.",herb_benefits_changeri_ghrita
changeri ghrita medicinal properties,changeri ghrita,"Medicated ghee of Changeri is a specific remedy for digestive disorders like IBS, bloating, and prolapse.",herb_benefits_changeri_ghrita
changeri ghrita health benefits,changeri ghrita,"Medicated ghee of Changeri is a specific remedy for digestive disorders like IBS, bloating, and prolapse.",herb_benefits_changeri_ghrita
therapeutic effects of changeri ghrita,changeri ghrita,"Medicated ghee of Changeri is a specific remedy for digestive disorders like IBS, bloating, and prolapse.",herb_benefits_changeri_ghrita
benefits of bhringaraja svarasa,bhringaraja svarasa,The fresh juice of Bhringraj is a potent liver tonic and is used in Nasya therapy for hair and sensory organ health.,herb_benefits_bhringaraja_svarasa
bhringaraja svarasa for yakrituttejaka,bhringaraja svarasa,bhringaraja svarasa is beneficial for yakrituttejaka,herb_benefits_yakrituttejaka
bhringaraja svarasa for keshya,bhringaraja svarasa,bhringaraja svarasa is beneficial for keshya,herb_benefits_keshya
what is bhringaraja svarasa used for,bhringaraja svarasa,The fresh juice of Bhringraj is a potent liver tonic and is used in Nasya therapy for hair and sensory organ health.,herb_benefits_bhringaraja_svarasa
how to use bhringaraja svarasa,bhringaraja svarasa,The fresh juice of Bhringraj is a potent liver tonic and is used in Nasya therapy for hair and sensory organ health.,herb_benefits_bhringaraja_svarasa
bhringaraja svarasa medicinal properties,bhringaraja svarasa,The fresh juice of Bhringraj is a potent liver tonic and is used in Nasya therapy for hair and sensory organ health.,herb_benefits_bhringaraja_svarasa
bhringaraja svarasa health benefits,bhringaraja svarasa,The fresh juice of Bhringraj is a potent liver tonic and is used in Nasya therapy for hair and sensory organ health.,herb_benefits_bhringaraja_svarasa
therapeutic effects of bhringaraja svarasa,bhringaraja svarasa,The fresh juice of Bhringraj is a potent liver tonic and is used in Nasya therapy for hair and sensory organ health.,herb_benefits_bhringaraja_svarasa
benefits of bhallataka taila,bhallataka taila,Oil of purified Bhallataka is used externally for Vata disorders like arthritis and sciatica.,herb_benefits_bhallataka_taila
bhallataka taila for vatahara,bhallataka taila,bhallataka taila is beneficial for vatahara,herb_benefits_vatahara
bhallataka taila for shothahara,bhallataka taila,bhallataka taila is beneficial for shothahara,herb_benefits_shothahara
what is bhallataka taila used for,bhallataka taila,Oil of purified Bhallataka is used externally for Vata disorders like arthritis and sciatica.,herb_benefits_bhallataka_taila
how to use bhallataka taila,bhallataka taila,Oil of purified Bhallataka is used externally for Vata disorders like arthritis and sciatica.,herb_benefits_bhallataka_taila
bhallataka taila medicinal properties,bhallataka taila,Oil of purified Bhallataka is used externally for Vata disorders like arthritis and sciatica.,herb_benefits_bhallataka_taila
bhallataka taila health benefits,bhallataka taila,Oil of purified Bhallataka is used externally for Vata disorders like arthritis and sciatica.,herb_benefits_bhallataka_taila
therapeutic effects of bhallataka taila,bhallataka taila,Oil of purified Bhallataka is used externally for Vata disorders like arthritis and sciatica.,herb_benefits_bhallataka_taila
benefits of arka pushpa,arka pushpa,"The flower of Arka is used for its digestive and respiratory benefits, considered less potent than the latex.",herb_benefits_arka_pushpa
arka pushpa for deepana,arka pushpa,arka pushpa is beneficial for deepana,herb_benefits_deepana
arka pushpa for kasahara,arka pushpa,arka pushpa is beneficial for kasahara,herb_benefits_kasahara
what is arka pushpa used for,arka pushpa,"The flower of Arka is used for its digestive and respiratory benefits, considered less potent than the latex.",herb_benefits_arka_pushpa
how to use arka pushpa,arka pushpa,"The flower of Arka is used for its digestive and respiratory benefits, considered less potent than the latex.",herb_benefits_arka_pushpa
arka pushpa medicinal properties,arka pushpa,"The flower of Arka is used for its digestive and respiratory benefits, considered less potent than the latex.",herb_benefits_arka_pushpa
arka pushpa health benefits,arka pushpa,"The flower of Arka is used for its digestive and respiratory benefits, considered less potent than the latex.",herb_benefits_arka_pushpa
therapeutic effects of arka pushpa,arka pushpa,"The flower of Arka is used for its digestive and respiratory benefits, considered less potent than the latex.",herb_benefits_arka_pushpa
benefits of ambasthaki,ambasthaki,Hibiscus sabdariffa is used as a cooling diuretic and a heart-healthy tonic.,herb_benefits_ambasthaki
ambasthaki for hridaya,ambasthaki,ambasthaki is beneficial for hridaya,herb_benefits_hridaya
ambasthaki for mutrala,ambasthaki,ambasthaki is beneficial for mutrala,herb_benefits_mutrala
what is ambasthaki used for,ambasthaki,Hibiscus sabdariffa is used as a cooling diuretic and a heart-healthy tonic.,herb_benefits_ambasthaki
how to use ambasthaki,ambasthaki,Hibiscus sabdariffa is used as a cooling diuretic and a heart-healthy tonic.,herb_benefits_ambasthaki
ambasthaki medicinal properties,ambasthaki,Hibiscus sabdariffa is used as a cooling diuretic and a heart-healthy tonic.,herb_benefits_ambasthaki
ambasthaki health benefits,ambasthaki,Hibiscus sabdariffa is used as a cooling diuretic and a heart-healthy tonic.,herb_benefits_ambasthaki
therapeutic effects of ambasthaki,ambasthaki,Hibiscus sabdariffa is used as a cooling diuretic and a heart-healthy tonic.,herb_benefits_ambasthaki
benefits of agnijara,agnijara,Salvia plebeia is a diuretic and anti-inflammatory herb used in urinary and digestive complaints.,herb_benefits_agnijara
agnijara for mutrala,agnijara,agnijara is beneficial for mutrala,herb_benefits_mutrala
agnijara for deepana,agnijara,agnijara is beneficial for deepana,herb_benefits_deepana
what is agnijara used for,agnijara,Salvia plebeia is a diuretic and anti-inflammatory herb used in urinary and digestive complaints.,herb_benefits_agnijara
how to use agnijara,agnijara,Salvia plebeia is a diuretic and anti-inflammatory herb used in urinary and digestive complaints.,herb_benefits_agnijara
agnijara medicinal properties,agnijara,Salvia plebeia is a diuretic and anti-inflammatory herb used in urinary and digestive complaints.,herb_benefits_agnijara
agnijara health benefits,agnijara,Salvia plebeia is a diuretic and anti-inflammatory herb used in urinary and digestive complaints.,herb_benefits_agnijara
therapeutic effects of agnijara,agnijara,Salvia plebeia is a diuretic and anti-inflammatory herb used in urinary and digestive complaints.,herb_benefits_agnijara
benefits of kharbhuja,kharbhuja,"Musk melon is a cooling, diuretic fruit that effectively pacifies Pitta and relieves fatigue.",herb_benefits_kharbhuja
kharbhuja for mutrala,kharbhuja,kharbhuja is beneficial for mutrala,herb_benefits_mutrala
kharbhuja for balya,kharbhuja,kharbhuja is beneficial for balya,herb_benefits_balya
what is kharbhuja used for,kharbhuja,"Musk melon is a cooling, diuretic fruit that effectively pacifies Pitta and relieves fatigue.",herb_benefits_kharbhuja
how to use kharbhuja,kharbhuja,"Musk melon is a cooling, diuretic fruit that effectively pacifies Pitta and relieves fatigue.",herb_benefits_kharbhuja
kharbhuja medicinal properties,kharbhuja,"Musk melon is a cooling, diuretic fruit that effectively pacifies Pitta and relieves fatigue.",herb_benefits_kharbhuja
kharbhuja health benefits,kharbhuja,"Musk melon is a cooling, diuretic fruit that effectively pacifies Pitta and relieves fatigue.",herb_benefits_kharbhuja
therapeutic effects of kharbhuja,kharbhuja,"Musk melon is a cooling, diuretic fruit that effectively pacifies Pitta and relieves fatigue.",herb_benefits_kharbhuja
benefits of shrigataka,shrigataka,"Water Chestnut (Singhara) is a nourishing, cooling, and aphrodisiac food, useful in bleeding disorders.",herb_benefits_shrigataka
shrigataka for vrishya,shrigataka,shrigataka is beneficial for vrishya,herb_benefits_vrishya
shrigataka for grahi,shrigataka,shrigataka is beneficial for grahi,herb_benefits_grahi
shrigataka for raktapittahara,shrigataka,shrigataka is beneficial for raktapittahara,herb_benefits_raktapittahara
what is shrigataka used for,shrigataka,"Water Chestnut (Singhara) is a nourishing, cooling, and aphrodisiac food, useful in bleeding disorders.",herb_benefits_shrigataka
how to use shrigataka,shrigataka,"Water Chestnut (Singhara) is a nourishing, cooling, and aphrodisiac food, useful in bleeding disorders.",herb_benefits_shrigataka
shrigataka medicinal properties,shrigataka,"Water Chestnut (Singhara) is a nourishing, cooling, and aphrodisiac food, useful in bleeding disorders.",herb_benefits_shrigataka
shrigataka health benefits,shrigataka,"Water Chestnut (Singhara) is a nourishing, cooling, and aphrodisiac food, useful in bleeding disorders.",herb_benefits_shrigataka
therapeutic effects of shrigataka,shrigataka,"Water Chestnut (Singhara) is a nourishing, cooling, and aphrodisiac food, useful in bleeding disorders.",herb_benefits_shrigataka
benefits of tala,tala,"The Palmyra Palm fruit is a cooling, nourishing tonic that pacifies Pitta and enhances strength.",herb_benefits_tala
tala for balya,tala,tala is beneficial for balya,herb_benefits_balya
tala for brimhaniya,tala,tala is beneficial for brimhaniya,herb_benefits_brimhaniya
what is tala used for,tala,"The Palmyra Palm fruit is a cooling, nourishing tonic that pacifies Pitta and enhances strength.",herb_benefits_tala
how to use tala,tala,"The Palmyra Palm fruit is a cooling, nourishing tonic that pacifies Pitta and enhances strength.",herb_benefits_tala
tala medicinal properties,tala,"The Palmyra Palm fruit is a cooling, nourishing tonic that pacifies Pitta and enhances strength.",herb_benefits_tala
tala health benefits,tala,"The Palmyra Palm fruit is a cooling, nourishing tonic that pacifies Pitta and enhances strength.",herb_benefits_tala
therapeutic effects of tala,tala,"The Palmyra Palm fruit is a cooling, nourishing tonic that pacifies Pitta and enhances strength.",herb_benefits_tala
benefits of tilaparni,tilaparni,Gynandropsis pentaphylla is a stimulating herb used for digestive issues and to relieve pain.,herb_benefits_tilaparni
tilaparni for deepana,tilaparni,tilaparni is beneficial for deepana,herb_benefits_deepana
tilaparni for shoolaghna,tilaparni,tilaparni is beneficial for shoolaghna,herb_benefits_shoolaghna
what is tilaparni used for,tilaparni,Gynandropsis pentaphylla is a stimulating herb used for digestive issues and to relieve pain.,herb_benefits_tilaparni
how to use tilaparni,tilaparni,Gynandropsis pentaphylla is a stimulating herb used for digestive issues and to relieve pain.,herb_benefits_tilaparni
tilaparni medicinal properties,tilaparni,Gynandropsis pentaphylla is a stimulating herb used for digestive issues and to relieve pain.,herb_benefits_tilaparni
tilaparni health benefits,tilaparni,Gynandropsis pentaphylla is a stimulating herb used for digestive issues and to relieve pain.,herb_benefits_tilaparni
therapeutic effects of tilaparni,tilaparni,Gynandropsis pentaphylla is a stimulating herb used for digestive issues and to relieve pain.,herb_benefits_tilaparni
benefits of varshabhu,varshabhu,"Trianthema portulacastrum, a variety of Punarnava, is a potent diuretic and anti-inflammatory.",herb_benefits_varshabhu
varshabhu for mutrala,varshabhu,varshabhu is beneficial for mutrala,herb_benefits_mutrala
varshabhu for shothahara,varshabhu,varshabhu is beneficial for shothahara,herb_benefits_shothahara
what is varshabhu used for,varshabhu,"Trianthema portulacastrum, a variety of Punarnava, is a potent diuretic and anti-inflammatory.",herb_benefits_varshabhu
how to use varshabhu,varshabhu,"Trianthema portulacastrum, a variety of Punarnava, is a potent diuretic and anti-inflammatory.",herb_benefits_varshabhu
varshabhu medicinal properties,varshabhu,"Trianthema portulacastrum, a variety of Punarnava, is a potent diuretic and anti-inflammatory.",herb_benefits_varshabhu
varshabhu health benefits,varshabhu,"Trianthema portulacastrum, a variety of Punarnava, is a potent diuretic and anti-inflammatory.",herb_benefits_varshabhu
therapeutic effects of varshabhu,varshabhu,"Trianthema portulacastrum, a variety of Punarnava, is a potent diuretic and anti-inflammatory.",herb_benefits_varshabhu
benefits of jahar mohra pishti,jahar mohra pishti,"Processed Serpentine stone is a cooling, Pitta-pacifying remedy used for digestive issues and as an anti-toxic.",herb_benefits_jahar_mohra_pishti
jahar mohra pishti for amlapittahara,jahar mohra pishti,jahar mohra pishti is beneficial for amlapittahara,herb_benefits_amlapittahara
jahar mohra pishti for vishaghna,jahar mohra pishti,jahar mohra pishti is beneficial for vishaghna,herb_benefits_vishaghna
jahar mohra pishti for hridaya,jahar mohra pishti,jahar mohra pishti is beneficial for hridaya,herb_benefits_hridaya
what is jahar mohra pishti used for,jahar mohra pishti,"Processed Serpentine stone is a cooling, Pitta-pacifying remedy used for digestive issues and as an anti-toxic.",herb_benefits_jahar_mohra_pishti
how to use jahar mohra pishti,jahar mohra pishti,"Processed Serpentine stone is a cooling, Pitta-pacifying remedy used for digestive issues and as an anti-toxic.",herb_benefits_jahar_mohra_pishti
jahar mohra pishti medicinal properties,jahar mohra pishti,"Processed Serpentine stone is a cooling, Pitta-pacifying remedy used for digestive issues and as an anti-toxic.",herb_benefits_jahar_mohra_pishti
jahar mohra pishti health benefits,jahar mohra pishti,"Processed Serpentine stone is a cooling, Pitta-pacifying remedy used for digestive issues and as an anti-toxic.",herb_benefits_jahar_mohra_pishti
therapeutic effects of jahar mohra pishti,jahar mohra pishti,"Processed Serpentine stone is a cooling, Pitta-pacifying remedy used for digestive issues and as an anti-toxic.",herb_benefits_jahar_mohra_pishti
benefits of akika pishti,akika pishti,"Processed Agate gem is a potent cardiotonic and Pitta pacifier, used for heart health and bleeding disorders.",herb_benefits_akika_pishti
akika pishti for hridaya,akika pishti,akika pishti is beneficial for hridaya,herb_benefits_hridaya
akika pishti for raktastambhana,akika pishti,akika pishti is beneficial for raktastambhana,herb_benefits_raktastambhana
what is akika pishti used for,akika pishti,"Processed Agate gem is a potent cardiotonic and Pitta pacifier, used for heart health and bleeding disorders.",herb_benefits_akika_pishti
how to use akika pishti,akika pishti,"Processed Agate gem is a potent cardiotonic and Pitta pacifier, used for heart health and bleeding disorders.",herb_benefits_akika_pishti
akika pishti medicinal properties,akika pishti,"Processed Agate gem is a potent cardiotonic and Pitta pacifier, used for heart health and bleeding disorders.",herb_benefits_akika_pishti
akika pishti health benefits,akika pishti,"Processed Agate gem is a potent cardiotonic and Pitta pacifier, used for heart health and bleeding disorders.",herb_benefits_akika_pishti
therapeutic effects of akika pishti,akika pishti,"Processed Agate gem is a potent cardiotonic and Pitta pacifier, used for heart health and bleeding disorders.",herb_benefits_akika_pishti
benefits of triphala churna,triphala churna,"The classic blend of Amla, Haritaki, & Bibhitaki. A tridoshic rasayana that cleanses the colon and supports overall health.",herb_benefits_triphala_churna
triphala churna for rasayan,triphala churna,triphala churna is beneficial for rasayan,herb_benefits_rasayan
triphala churna for chakshushya,triphala churna,triphala churna is beneficial for chakshushya,herb_benefits_chakshushya
triphala churna for virechana,triphala churna,triphala churna is beneficial for virechana,herb_benefits_virechana
what is triphala churna used for,triphala churna,"The classic blend of Amla, Haritaki, & Bibhitaki. A tridoshic rasayana that cleanses the colon and supports overall health.",herb_benefits_triphala_churna
how to use triphala churna,triphala churna,"The classic blend of Amla, Haritaki, & Bibhitaki. A tridoshic rasayana that cleanses the colon and supports overall health.",herb_benefits_triphala_churna
triphala churna medicinal properties,triphala churna,"The classic blend of Amla, Haritaki, & Bibhitaki. A tridoshic rasayana that cleanses the colon and supports overall health.",herb_benefits_triphala_churna
triphala churna health benefits,triphala churna,"The classic blend of Amla, Haritaki, & Bibhitaki. A tridoshic rasayana that cleanses the colon and supports overall health.",herb_benefits_triphala_churna
therapeutic effects of triphala churna,triphala churna,"The classic blend of Amla, Haritaki, & Bibhitaki. A tridoshic rasayana that cleanses the colon and supports overall health.",herb_benefits_triphala_churna
benefits of trikatu churna,trikatu churna,"A blend of Shunthi, Pippali, and Maricha. A powerful digestive stimulant that burns ama and pacifies Kapha.",herb_benefits_trikatu_churna
trikatu churna for deepana,trikatu churna,trikatu churna is beneficial for deepana,herb_benefits_deepana
trikatu churna for pachana,trikatu churna,trikatu churna is beneficial for pachana,herb_benefits_pachana
trikatu churna for lekhana,trikatu churna,trikatu churna is beneficial for lekhana,herb_benefits_lekhana
what is trikatu churna used for,trikatu churna,"A blend of Shunthi, Pippali, and Maricha. A powerful digestive stimulant that burns ama and pacifies Kapha.",herb_benefits_trikatu_churna
how to use trikatu churna,trikatu churna,"A blend of Shunthi, Pippali, and Maricha. A powerful digestive stimulant that burns ama and pacifies Kapha.",herb_benefits_trikatu_churna
trikatu churna medicinal properties,trikatu churna,"A blend of Shunthi, Pippali, and Maricha. A powerful digestive stimulant that burns ama and pacifies Kapha.",herb_benefits_trikatu_churna
trikatu churna health benefits,trikatu churna,"A blend of Shunthi, Pippali, and Maricha. A powerful digestive stimulant that burns ama and pacifies Kapha.",herb_benefits_trikatu_churna
therapeutic effects of trikatu churna,trikatu churna,"A blend of Shunthi, Pippali, and Maricha. A powerful digestive stimulant that burns ama and pacifies Kapha.",herb_benefits_trikatu_churna
benefits of sitopaladi churna,sitopaladi churna,"A famous formulation for respiratory issues, especially cough and cold, with a cooling and expectorant action.",herb_benefits_sitopaladi_churna
sitopaladi churna for kasahara,sitopaladi churna,sitopaladi churna is beneficial for kasahara,herb_benefits_kasahara
sitopaladi churna for shwasahara,sitopaladi churna,sitopaladi churna is beneficial for shwasahara,herb_benefits_shwasahara
what is sitopaladi churna used for,sitopaladi churna,"A famous formulation for respiratory issues, especially cough and cold, with a cooling and expectorant action.",herb_benefits_sitopaladi_churna
how to use sitopaladi churna,sitopaladi churna,"A famous formulation for respiratory issues, especially cough and cold, with a cooling and expectorant action.",herb_benefits_sitopaladi_churna
sitopaladi churna medicinal properties,sitopaladi churna,"A famous formulation for respiratory issues, especially cough and cold, with a cooling and expectorant action.",herb_benefits_sitopaladi_churna
sitopaladi churna health benefits,sitopaladi churna,"A famous formulation for respiratory issues, especially cough and cold, with a cooling and expectorant action.",herb_benefits_sitopaladi_churna
therapeutic effects of sitopaladi churna,sitopaladi churna,"A famous formulation for respiratory issues, especially cough and cold, with a cooling and expectorant action.",herb_benefits_sitopaladi_churna
benefits of avipattikar churna,avipattikar churna,"A classical remedy for hyperacidity, heartburn, and other Pitta-related digestive issues.",herb_benefits_avipattikar_churna
avipattikar churna for amlapittahara,avipattikar churna,avipattikar churna is beneficial for amlapittahara,herb_benefits_amlapittahara
avipattikar churna for virechana,avipattikar churna,avipattikar churna is beneficial for virechana,herb_benefits_virechana
what is avipattikar churna used for,avipattikar churna,"A classical remedy for hyperacidity, heartburn, and other Pitta-related digestive issues.",herb_benefits_avipattikar_churna
how to use avipattikar churna,avipattikar churna,"A classical remedy for hyperacidity, heartburn, and other Pitta-related digestive issues.",herb_benefits_avipattikar_churna
avipattikar churna medicinal properties,avipattikar churna,"A classical remedy for hyperacidity, heartburn, and other Pitta-related digestive issues.",herb_benefits_avipattikar_churna
avipattikar churna health benefits,avipattikar churna,"A classical remedy for hyperacidity, heartburn, and other Pitta-related digestive issues.",herb_benefits_avipattikar_churna
therapeutic effects of avipattikar churna,avipattikar churna,"A classical remedy for hyperacidity, heartburn, and other Pitta-related digestive issues.",herb_benefits_avipattikar_churna
benefits of hingvashtak churna,hingvashtak churna,"A premier carminative formula for Vata digestive issues like gas, bloating, and abdominal pain.",herb_benefits_hingvashtak_churna
hingvashtak churna for deepana,hingvashtak churna,hingvashtak churna is beneficial for deepana,herb_benefits_deepana
hingvashtak churna for pachana,hingvashtak churna,hingvashtak churna is beneficial for pachana,herb_benefits_pachana
hingvashtak churna for vatanulomana,hingvashtak churna,hingvashtak churna is beneficial for vatanulomana,herb_benefits_vatanulomana
what is hingvashtak churna used for,hingvashtak churna,"A premier carminative formula for Vata digestive issues like gas, bloating, and abdominal pain.",herb_benefits_hingvashtak_churna
how to use hingvashtak churna,hingvashtak churna,"A premier carminative formula for Vata digestive issues like gas, bloating, and abdominal pain.",herb_benefits_hingvashtak_churna
hingvashtak churna medicinal properties,hingvashtak churna,"A premier carminative formula for Vata digestive issues like gas, bloating, and abdominal pain.",herb_benefits_hingvashtak_churna
hingvashtak churna health benefits,hingvashtak churna,"A premier carminative formula for Vata digestive issues like gas, bloating, and abdominal pain.",herb_benefits_hingvashtak_churna
therapeutic effects of hingvashtak churna,hingvashtak churna,"A premier carminative formula for Vata digestive issues like gas, bloating, and abdominal pain.",herb_benefits_hingvashtak_churna
benefits of lavan bhaskar churna,lavan bhaskar churna,"A salt-based digestive stimulant used for loss of appetite, indigestion, and constipation.",herb_benefits_lavan_bhaskar_churna
lavan bhaskar churna for deepana,lavan bhaskar churna,lavan bhaskar churna is beneficial for deepana,herb_benefits_deepana
lavan bhaskar churna for pachana,lavan bhaskar churna,lavan bhaskar churna is beneficial for pachana,herb_benefits_pachana
lavan bhaskar churna for virechana,lavan bhaskar churna,lavan bhaskar churna is beneficial for virechana,herb_benefits_virechana
what is lavan bhaskar churna used for,lavan bhaskar churna,"A salt-based digestive stimulant used for loss of appetite, indigestion, and constipation.",herb_benefits_lavan_bhaskar_churna
how to use lavan bhaskar churna,lavan bhaskar churna,"A salt-based digestive stimulant used for loss of appetite, indigestion, and constipation.",herb_benefits_lavan_bhaskar_churna
lavan bhaskar churna medicinal properties,lavan bhaskar churna,"A salt-based digestive stimulant used for loss of appetite, indigestion, and constipation.",herb_benefits_lavan_bhaskar_churna
lavan bhaskar churna health benefits,lavan bhaskar churna,"A salt-based digestive stimulant used for loss of appetite, indigestion, and constipation.",herb_benefits_lavan_bhaskar_churna
therapeutic effects of lavan bhaskar churna,lavan bhaskar churna,"A salt-based digestive stimulant used for loss of appetite, indigestion, and constipation.",herb_benefits_lavan_bhaskar_churna
benefits of dashamularishta,dashamularishta,"A fermented tonic of ten roots (Dashamoola), used as a general health tonic, especially post-delivery and for Vata disorders.",herb_benefits_dashamularishta
dashamularishta for balya,dashamularishta,dashamularishta is beneficial for balya,herb_benefits_balya
dashamularishta for vatahara,dashamularishta,dashamularishta is beneficial for vatahara,herb_benefits_vatahara
dashamularishta for rasayan,dashamularishta,dashamularishta is beneficial for rasayan,herb_benefits_rasayan
what is dashamularishta used for,dashamularishta,"A fermented tonic of ten roots (Dashamoola), used as a general health tonic, especially post-delivery and for Vata disorders.",herb_benefits_dashamularishta
how to use dashamularishta,dashamularishta,"A fermented tonic of ten roots (Dashamoola), used as a general health tonic, especially post-delivery and for Vata disorders.",herb_benefits_dashamularishta
dashamularishta medicinal properties,dashamularishta,"A fermented tonic of ten roots (Dashamoola), used as a general health tonic, especially post-delivery and for Vata disorders.",herb_benefits_dashamularishta
dashamularishta health benefits,dashamularishta,"A fermented tonic of ten roots (Dashamoola), used as a general health tonic, especially post-delivery and for Vata disorders.",herb_benefits_dashamularishta
therapeutic effects of dashamularishta,dashamularishta,"A fermented tonic of ten roots (Dashamoola), used as a general health tonic, especially post-delivery and for Vata disorders.",herb_benefits_dashamularishta
benefits of chyawanprash,chyawanprash,"A famous rejuvenative jam with Amla as its base. It boosts immunity, strengthens the respiratory system, and enhances vitality.",herb_benefits_chyawanprash
chyawanprash for rasayan,chyawanprash,chyawanprash is beneficial for rasayan,herb_benefits_rasayan
chyawanprash for balya,chyawanprash,chyawanprash is beneficial for balya,herb_benefits_balya
chyawanprash for kasahara,chyawanprash,chyawanprash is beneficial for kasahara,herb_benefits_kasahara
what is chyawanprash used for,chyawanprash,"A famous rejuvenative jam with Amla as its base. It boosts immunity, strengthens the respiratory system, and enhances vitality.",herb_benefits_chyawanprash
how to use chyawanprash,chyawanprash,"A famous rejuvenative jam with Amla as its base. It boosts immunity, strengthens the respiratory system, and enhances vitality.",herb_benefits_chyawanprash
chyawanprash medicinal properties,chyawanprash,"A famous rejuvenative jam with Amla as its base. It boosts immunity, strengthens the respiratory system, and enhances vitality.",herb_benefits_chyawanprash
chyawanprash health benefits,chyawanprash,"A famous rejuvenative jam with Amla as its base. It boosts immunity, strengthens the respiratory system, and enhances vitality.",herb_benefits_chyawanprash
therapeutic effects of chyawanprash,chyawanprash,"A famous rejuvenative jam with Amla as its base. It boosts immunity, strengthens the respiratory system, and enhances vitality.",herb_benefits_chyawanprash
benefits of chandraprabha vati,chandraprabha vati,"A classical tablet used for a wide range of urinary, reproductive, and metabolic disorders. It is a potent detoxifier.",herb_benefits_chandraprabha_vati
chandraprabha vati for pramehaghna,chandraprabha vati,chandraprabha vati is beneficial for pramehaghna,herb_benefits_pramehaghna
chandraprabha vati for mutrala,chandraprabha vati,chandraprabha vati is beneficial for mutrala,herb_benefits_mutrala
chandraprabha vati for lekhana,chandraprabha vati,chandraprabha vati is beneficial for lekhana,herb_benefits_lekhana
what is chandraprabha vati used for,chandraprabha vati,"A classical tablet used for a wide range of urinary, reproductive, and metabolic disorders. It is a potent detoxifier.",herb_benefits_chandraprabha_vati
how to use chandraprabha vati,chandraprabha vati,"A classical tablet used for a wide range of urinary, reproductive, and metabolic disorders. It is a potent detoxifier.",herb_benefits_chandraprabha_vati
chandraprabha vati medicinal properties,chandraprabha vati,"A classical tablet used for a wide range of urinary, reproductive, and metabolic disorders. It is a potent detoxifier.",herb_benefits_chandraprabha_vati
chandraprabha vati health benefits,chandraprabha vati,"A classical tablet used for a wide range of urinary, reproductive, and metabolic disorders. It is a potent detoxifier.",herb_benefits_chandraprabha_vati
therapeutic effects of chandraprabha vati,chandraprabha vati,"A classical tablet used for a wide range of urinary, reproductive, and metabolic disorders. It is a potent detoxifier.",herb_benefits_chandraprabha_vati
benefits of arogyavardhini vati,arogyavardhini vati,"'The enhancer of good health', this tablet is a powerful liver tonic and is used for a wide range of chronic diseases.",herb_benefits_arogyavardhini_vati
arogyavardhini vati for yakrituttejaka,arogyavardhini vati,arogyavardhini vati is beneficial for yakrituttejaka,herb_benefits_yakrituttejaka
arogyavardhini vati for deepana,arogyavardhini vati,arogyavardhini vati is beneficial for deepana,herb_benefits_deepana
arogyavardhini vati for kushtaghna,arogyavardhini vati,arogyavardhini vati is beneficial for kushtaghna,herb_benefits_kushtaghna
what is arogyavardhini vati used for,arogyavardhini vati,"'The enhancer of good health', this tablet is a powerful liver tonic and is used for a wide range of chronic diseases.",herb_benefits_arogyavardhini_vati
how to use arogyavardhini vati,arogyavardhini vati,"'The enhancer of good health', this tablet is a powerful liver tonic and is used for a wide range of chronic diseases.",herb_benefits_arogyavardhini_vati
arogyavardhini vati medicinal properties,arogyavardhini vati,"'The enhancer of good health', this tablet is a powerful liver tonic and is used for a wide range of chronic diseases.",herb_benefits_arogyavardhini_vati
arogyavardhini vati health benefits,arogyavardhini vati,"'The enhancer of good health', this tablet is a powerful liver tonic and is used for a wide range of chronic diseases.",herb_benefits_arogyavardhini_vati
therapeutic effects of arogyavardhini vati,arogyavardhini vati,"'The enhancer of good health', this tablet is a powerful liver tonic and is used for a wide range of chronic diseases.",herb_benefits_arogyavardhini_vati
benefits of sanjivani vati,sanjivani vati,"'The one that infuses life', this formulation is used to burn ama (toxins) and treat fever, cold, and digestive upsets.",herb_benefits_sanjivani_vati
sanjivani vati for amapachana,sanjivani vati,sanjivani vati is beneficial for amapachana,herb_benefits_amapachana
sanjivani vati for jwaraghna,sanjivani vati,sanjivani vati is beneficial for jwaraghna,herb_benefits_jwaraghna
sanjivani vati for vishaghna,sanjivani vati,sanjivani vati is beneficial for vishaghna,herb_benefits_vishaghna
what is sanjivani vati used for,sanjivani vati,"'The one that infuses life', this formulation is used to burn ama (toxins) and treat fever, cold, and digestive upsets.",herb_benefits_sanjivani_vati
how to use sanjivani vati,sanjivani vati,"'The one that infuses life', this formulation is used to burn ama (toxins) and treat fever, cold, and digestive upsets.",herb_benefits_sanjivani_vati
sanjivani vati medicinal properties,sanjivani vati,"'The one that infuses life', this formulation is used to burn ama (toxins) and treat fever, cold, and digestive upsets.",herb_benefits_sanjivani_vati
sanjivani vati health benefits,sanjivani vati,"'The one that infuses life', this formulation is used to burn ama (toxins) and treat fever, cold, and digestive upsets.",herb_benefits_sanjivani_vati
therapeutic effects of sanjivani vati,sanjivani vati,"'The one that infuses life', this formulation is used to burn ama (toxins) and treat fever, cold, and digestive upsets.",herb_benefits_sanjivani_vati
benefits of gandhak rasayan,gandhak rasayan,"A formulation of purified sulfur, it is a potent medicine for skin diseases, allergies, and blood purification.",herb_benefits_gandhak_rasayan
gandhak rasayan for rasayan,gandhak rasayan,gandhak rasayan is beneficial for rasayan,herb_benefits_rasayan
gandhak rasayan for kushtaghna,gandhak rasayan,gandhak rasayan is beneficial for kushtaghna,herb_benefits_kushtaghna
gandhak rasayan for raktashodhak,gandhak rasayan,gandhak rasayan is beneficial for raktashodhak,herb_benefits_raktashodhak
what is gandhak rasayan used for,gandhak rasayan,"A formulation of purified sulfur, it is a potent medicine for skin diseases, allergies, and blood purification.",herb_benefits_gandhak_rasayan
how to use gandhak rasayan,gandhak rasayan,"A formulation of purified sulfur, it is a potent medicine for skin diseases, allergies, and blood purification.",herb_benefits_gandhak_rasayan
gandhak rasayan medicinal properties,gandhak rasayan,"A formulation of purified sulfur, it is a potent medicine for skin diseases, allergies, and blood purification.",herb_benefits_gandhak_rasayan
gandhak rasayan health benefits,gandhak rasayan,"A formulation of purified sulfur, it is a potent medicine for skin diseases, allergies, and blood purification.",herb_benefits_gandhak_rasayan
therapeutic effects of gandhak rasayan,gandhak rasayan,"A formulation of purified sulfur, it is a potent medicine for skin diseases, allergies, and blood purification.",herb_benefits_gandhak_rasayan
benefits of kaishore guggul,kaishore guggul,"A Guggulu preparation for balancing Pitta and Vata, used for gout, arthritis, and skin diseases.",herb_benefits_kaishore_guggul
kaishore guggul for raktashodhak,kaishore guggul,kaishore guggul is beneficial for raktashodhak,herb_benefits_raktashodhak
kaishore guggul for vatahara,kaishore guggul,kaishore guggul is beneficial for vatahara,herb_benefits_vatahara
kaishore guggul for kushtaghna,kaishore guggul,kaishore guggul is beneficial for kushtaghna,herb_benefits_kushtaghna
what is kaishore guggul used for,kaishore guggul,"A Guggulu preparation for balancing Pitta and Vata, used for gout, arthritis, and skin diseases.",herb_benefits_kaishore_guggul
how to use kaishore guggul,kaishore guggul,"A Guggulu preparation for balancing Pitta and Vata, used for gout, arthritis, and skin diseases.",herb_benefits_kaishore_guggul
kaishore guggul medicinal properties,kaishore guggul,"A Guggulu preparation for balancing Pitta and Vata, used for gout, arthritis, and skin diseases.",herb_benefits_kaishore_guggul
kaishore guggul health benefits,kaishore guggul,"A Guggulu preparation for balancing Pitta and Vata, used for gout, arthritis, and skin diseases.",herb_benefits_kaishore_guggul
therapeutic effects of kaishore guggul,kaishore guggul,"A Guggulu preparation for balancing Pitta and Vata, used for gout, arthritis, and skin diseases.",herb_benefits_kaishore_guggul
benefits of mahayograj guggul,mahayograj guggul,"A highly potent Guggulu formulation for chronic Vata disorders like arthritis, sciatica, and nerve pain.",herb_benefits_mahayograj_guggul
mahayograj guggul for vatahara,mahayograj guggul,mahayograj guggul is beneficial for vatahara,herb_benefits_vatahara
mahayograj guggul for amapachana,mahayograj guggul,mahayograj guggul is beneficial for amapachana,herb_benefits_amapachana
mahayograj guggul for shoolaghna,mahayograj guggul,mahayograj guggul is beneficial for shoolaghna,herb_benefits_shoolaghna
what is mahayograj guggul used for,mahayograj guggul,"A highly potent Guggulu formulation for chronic Vata disorders like arthritis, sciatica, and nerve pain.",herb_benefits_mahayograj_guggul
how to use mahayograj guggul,mahayograj guggul,"A highly potent Guggulu formulation for chronic Vata disorders like arthritis, sciatica, and nerve pain.",herb_benefits_mahayograj_guggul
mahayograj guggul medicinal properties,mahayograj guggul,"A highly potent Guggulu formulation for chronic Vata disorders like arthritis, sciatica, and nerve pain.",herb_benefits_mahayograj_guggul
mahayograj guggul health benefits,mahayograj guggul,"A highly potent Guggulu formulation for chronic Vata disorders like arthritis, sciatica, and nerve pain.",herb_benefits_mahayograj_guggul
therapeutic effects of mahayograj guggul,mahayograj guggul,"A highly potent Guggulu formulation for chronic Vata disorders like arthritis, sciatica, and nerve pain.",herb_benefits_mahayograj_guggul
benefits of kumaryasava,kumaryasava,"A fermented tonic with Aloe Vera as its base, used for liver disorders, menstrual problems, and loss of appetite.",herb_benefits_kumaryasava
kumaryasava for yakrituttejaka,kumaryasava,kumaryasava is beneficial for yakrituttejaka,herb_benefits_yakrituttejaka
kumaryasava for deepana,kumaryasava,kumaryasava is beneficial for deepana,herb_benefits_deepana
what is kumaryasava used for,kumaryasava,"A fermented tonic with Aloe Vera as its base, used for liver disorders, menstrual problems, and loss of appetite.",herb_benefits_kumaryasava
how to use kumaryasava,kumaryasava,"A fermented tonic with Aloe Vera as its base, used for liver disorders, menstrual problems, and loss of appetite.",herb_benefits_kumaryasava
kumaryasava medicinal properties,kumaryasava,"A fermented tonic with Aloe Vera as its base, used for liver disorders, menstrual problems, and loss of appetite.",herb_benefits_kumaryasava
kumaryasava health benefits,kumaryasava,"A fermented tonic with Aloe Vera as its base, used for liver disorders, menstrual problems, and loss of appetite.",herb_benefits_kumaryasava
therapeutic effects of kumaryasava,kumaryasava,"A fermented tonic with Aloe Vera as its base, used for liver disorders, menstrual problems, and loss of appetite.",herb_benefits_kumaryasava
benefits of saraswatarishta,saraswatarishta,"A famous brain tonic containing Brahmi, used to improve memory, concentration, and calm the mind.",herb_benefits_saraswatarishta
saraswatarishta for medhya,saraswatarishta,saraswatarishta is beneficial for medhya,herb_benefits_medhya
saraswatarishta for rasayan,saraswatarishta,saraswatarishta is beneficial for rasayan,herb_benefits_rasayan
what is saraswatarishta used for,saraswatarishta,"A famous brain tonic containing Brahmi, used to improve memory, concentration, and calm the mind.",herb_benefits_saraswatarishta
how to use saraswatarishta,saraswatarishta,"A famous brain tonic containing Brahmi, used to improve memory, concentration, and calm the mind.",herb_benefits_saraswatarishta
saraswatarishta medicinal properties,saraswatarishta,"A famous brain tonic containing Brahmi, used to improve memory, concentration, and calm the mind.",herb_benefits_saraswatarishta
saraswatarishta health benefits,saraswatarishta,"A famous brain tonic containing Brahmi, used to improve memory, concentration, and calm the mind.",herb_benefits_saraswatarishta
therapeutic effects of saraswatarishta,saraswatarishta,"A famous brain tonic containing Brahmi, used to improve memory, concentration, and calm the mind.",herb_benefits_saraswatarishta
benefits of brahmi vati,brahmi vati,"A tablet form of Brahmi and other nervine herbs, used for anxiety, insomnia, and to enhance mental function.",herb_benefits_brahmi_vati
brahmi vati for medhya,brahmi vati,brahmi vati is beneficial for medhya,herb_benefits_medhya
brahmi vati for nidrajanana,brahmi vati,brahmi vati is beneficial for nidrajanana,herb_benefits_nidrajanana
what is brahmi vati used for,brahmi vati,"A tablet form of Brahmi and other nervine herbs, used for anxiety, insomnia, and to enhance mental function.",herb_benefits_brahmi_vati
how to use brahmi vati,brahmi vati,"A tablet form of Brahmi and other nervine herbs, used for anxiety, insomnia, and to enhance mental function.",herb_benefits_brahmi_vati
brahmi vati medicinal properties,brahmi vati,"A tablet form of Brahmi and other nervine herbs, used for anxiety, insomnia, and to enhance mental function.",herb_benefits_brahmi_vati
brahmi vati health benefits,brahmi vati,"A tablet form of Brahmi and other nervine herbs, used for anxiety, insomnia, and to enhance mental function.",herb_benefits_brahmi_vati
therapeutic effects of brahmi vati,brahmi vati,"A tablet form of Brahmi and other nervine herbs, used for anxiety, insomnia, and to enhance mental function.",herb_benefits_brahmi_vati
benefits of saptamrit lauh,saptamrit lauh,"An iron-based formulation specifically for eye and hair health, improving vision and preventing premature graying.",herb_benefits_saptamrit_lauh
saptamrit lauh for chakshushya,saptamrit lauh,saptamrit lauh is beneficial for chakshushya,herb_benefits_chakshushya
saptamrit lauh for keshya,saptamrit lauh,saptamrit lauh is beneficial for keshya,herb_benefits_keshya
what is saptamrit lauh used for,saptamrit lauh,"An iron-based formulation specifically for eye and hair health, improving vision and preventing premature graying.",herb_benefits_saptamrit_lauh
how to use saptamrit lauh,saptamrit lauh,"An iron-based formulation specifically for eye and hair health, improving vision and preventing premature graying.",herb_benefits_saptamrit_lauh
saptamrit lauh medicinal properties,saptamrit lauh,"An iron-based formulation specifically for eye and hair health, improving vision and preventing premature graying.",herb_benefits_saptamrit_lauh
saptamrit lauh health benefits,saptamrit lauh,"An iron-based formulation specifically for eye and hair health, improving vision and preventing premature graying.",herb_benefits_saptamrit_lauh
therapeutic effects of saptamrit lauh,saptamrit lauh,"An iron-based formulation specifically for eye and hair health, improving vision and preventing premature graying.",herb_benefits_saptamrit_lauh
benefits of swarna vasant malti ras,swarna vasant malti ras,"A precious formulation containing gold, used as a powerful immunomodulator for chronic fevers and debility.",herb_benefits_swarna_vasant_malti_ras
swarna vasant malti ras for rasayan,swarna vasant malti ras,swarna vasant malti ras is beneficial for rasayan,herb_benefits_rasayan
swarna vasant malti ras for jwaraghna,swarna vasant malti ras,swarna vasant malti ras is beneficial for jwaraghna,herb_benefits_jwaraghna
swarna vasant malti ras for vrishya,swarna vasant malti ras,swarna vasant malti ras is beneficial for vrishya,herb_benefits_vrishya
what is swarna vasant malti ras used for,swarna vasant malti ras,"A precious formulation containing gold, used as a powerful immunomodulator for chronic fevers and debility.",herb_benefits_swarna_vasant_malti_ras
how to use swarna vasant malti ras,swarna vasant malti ras,"A precious formulation containing gold, used as a powerful immunomodulator for chronic fevers and debility.",herb_benefits_swarna_vasant_malti_ras
swarna vasant malti ras medicinal properties,swarna vasant malti ras,"A precious formulation containing gold, used as a powerful immunomodulator for chronic fevers and debility.",herb_benefits_swarna_vasant_malti_ras
swarna vasant malti ras health benefits,swarna vasant malti ras,"A precious formulation containing gold, used as a powerful immunomodulator for chronic fevers and debility.",herb_benefits_swarna_vasant_malti_ras
therapeutic effects of swarna vasant malti ras,swarna vasant malti ras,"A precious formulation containing gold, used as a powerful immunomodulator for chronic fevers and debility.",herb_benefits_swarna_vasant_malti_ras
benefits of makaradhwaj vati,makaradhwaj vati,"A famous aphrodisiac and rejuvenative formulation, used to enhance vitality, strength, and sexual wellness.",herb_benefits_makaradhwaj_vati
makaradhwaj vati for vrishya,makaradhwaj vati,makaradhwaj vati is beneficial for vrishya,herb_benefits_vrishya
makaradhwaj vati for rasayan,makaradhwaj vati,makaradhwaj vati is beneficial for rasayan,herb_benefits_rasayan
makaradhwaj vati for hridaya,makaradhwaj vati,makaradhwaj vati is beneficial for hridaya,herb_benefits_hridaya
what is makaradhwaj vati used for,makaradhwaj vati,"A famous aphrodisiac and rejuvenative formulation, used to enhance vitality, strength, and sexual wellness.",herb_benefits_makaradhwaj_vati
how to use makaradhwaj vati,makaradhwaj vati,"A famous aphrodisiac and rejuvenative formulation, used to enhance vitality, strength, and sexual wellness.",herb_benefits_makaradhwaj_vati
makaradhwaj vati medicinal properties,makaradhwaj vati,"A famous aphrodisiac and rejuvenative formulation, used to enhance vitality, strength, and sexual wellness.",herb_benefits_makaradhwaj_vati
makaradhwaj vati health benefits,makaradhwaj vati,"A famous aphrodisiac and rejuvenative formulation, used to enhance vitality, strength, and sexual wellness.",herb_benefits_makaradhwaj_vati
therapeutic effects of makaradhwaj vati,makaradhwaj vati,"A famous aphrodisiac and rejuvenative formulation, used to enhance vitality, strength, and sexual wellness.",herb_benefits_makaradhwaj_vati
benefits of brahma rasayana,brahma rasayana,"A powerful rejuvenative jam for the mind, enhancing memory, intelligence, and promoting longevity.",herb_benefits_brahma_rasayana
brahma rasayana for medhya,brahma rasayana,brahma rasayana is beneficial for medhya,herb_benefits_medhya
brahma rasayana for rasayan,brahma rasayana,brahma rasayana is beneficial for rasayan,herb_benefits_rasayan
what is brahma rasayana used for,brahma rasayana,"A powerful rejuvenative jam for the mind, enhancing memory, intelligence, and promoting longevity.",herb_benefits_brahma_rasayana
how to use brahma rasayana,brahma rasayana,"A powerful rejuvenative jam for the mind, enhancing memory, intelligence, and promoting longevity.",herb_benefits_brahma_rasayana
brahma rasayana medicinal properties,brahma rasayana,"A powerful rejuvenative jam for the mind, enhancing memory, intelligence, and promoting longevity.",herb_benefits_brahma_rasayana
brahma rasayana health benefits,brahma rasayana,"A powerful rejuvenative jam for the mind, enhancing memory, intelligence, and promoting longevity.",herb_benefits_brahma_rasayana
therapeutic effects of brahma rasayana,brahma rasayana,"A powerful rejuvenative jam for the mind, enhancing memory, intelligence, and promoting longevity.",herb_benefits_brahma_rasayana
benefits of agastya haritaki rasayana,agastya haritaki rasayana,"A classical formulation for chronic respiratory problems like asthma, bronchitis, and allergies.",herb_benefits_agastya_haritaki_rasayana
agastya haritaki rasayana for kasahara,agastya haritaki rasayana,agastya haritaki rasayana is beneficial for kasahara,herb_benefits_kasahara
agastya haritaki rasayana for shwasahara,agastya haritaki rasayana,agastya haritaki rasayana is beneficial for shwasahara,herb_benefits_shwasahara
agastya haritaki rasayana for rasayan,agastya haritaki rasayana,agastya haritaki rasayana is beneficial for rasayan,herb_benefits_rasayan
what is agastya haritaki rasayana used for,agastya haritaki rasayana,"A classical formulation for chronic respiratory problems like asthma, bronchitis, and allergies.",herb_benefits_agastya_haritaki_rasayana
how to use agastya haritaki rasayana,agastya haritaki rasayana,"A classical formulation for chronic respiratory problems like asthma, bronchitis, and allergies.",herb_benefits_agastya_haritaki_rasayana
agastya haritaki rasayana medicinal properties,agastya haritaki rasayana,"A classical formulation for chronic respiratory problems like asthma, bronchitis, and allergies.",herb_benefits_agastya_haritaki_rasayana
agastya haritaki rasayana health benefits,agastya haritaki rasayana,"A classical formulation for chronic respiratory problems like asthma, bronchitis, and allergies.",herb_benefits_agastya_haritaki_rasayana
therapeutic effects of agastya haritaki rasayana,agastya haritaki rasayana,"A classical formulation for chronic respiratory problems like asthma, bronchitis, and allergies.",herb_benefits_agastya_haritaki_rasayana
benefits of anu taila,anu taila,"A classical medicated oil used for Nasya therapy to treat diseases of the head, neck, sinuses, and sensory organs.",herb_benefits_anu_taila
anu taila for vatahara,anu taila,anu taila is beneficial for vatahara,herb_benefits_vatahara
anu taila for keshya,anu taila,anu taila is beneficial for keshya,herb_benefits_keshya
anu taila for chakshushya,anu taila,anu taila is beneficial for chakshushya,herb_benefits_chakshushya
what is anu taila used for,anu taila,"A classical medicated oil used for Nasya therapy to treat diseases of the head, neck, sinuses, and sensory organs.",herb_benefits_anu_taila
how to use anu taila,anu taila,"A classical medicated oil used for Nasya therapy to treat diseases of the head, neck, sinuses, and sensory organs.",herb_benefits_anu_taila
anu taila medicinal properties,anu taila,"A classical medicated oil used for Nasya therapy to treat diseases of the head, neck, sinuses, and sensory organs.",herb_benefits_anu_taila
anu taila health benefits,anu taila,"A classical medicated oil used for Nasya therapy to treat diseases of the head, neck, sinuses, and sensory organs.",herb_benefits_anu_taila
therapeutic effects of anu taila,anu taila,"A classical medicated oil used for Nasya therapy to treat diseases of the head, neck, sinuses, and sensory organs.",herb_benefits_anu_taila
benefits of narayana thailam,narayana thailam,"A famous and versatile medicated oil for all types of Vata disorders, especially arthritis, paralysis, and nerve pain.",herb_benefits_narayana_thailam
narayana thailam for vatahara,narayana thailam,narayana thailam is beneficial for vatahara,herb_benefits_vatahara
narayana thailam for balya,narayana thailam,narayana thailam is beneficial for balya,herb_benefits_balya
narayana thailam for shoolaghna,narayana thailam,narayana thailam is beneficial for shoolaghna,herb_benefits_shoolaghna
what is narayana thailam used for,narayana thailam,"A famous and versatile medicated oil for all types of Vata disorders, especially arthritis, paralysis, and nerve pain.",herb_benefits_narayana_thailam
how to use narayana thailam,narayana thailam,"A famous and versatile medicated oil for all types of Vata disorders, especially arthritis, paralysis, and nerve pain.",herb_benefits_narayana_thailam
narayana thailam medicinal properties,narayana thailam,"A famous and versatile medicated oil for all types of Vata disorders, especially arthritis, paralysis, and nerve pain.",herb_benefits_narayana_thailam
narayana thailam health benefits,narayana thailam,"A famous and versatile medicated oil for all types of Vata disorders, especially arthritis, paralysis, and nerve pain.",herb_benefits_narayana_thailam
therapeutic effects of narayana thailam,narayana thailam,"A famous and versatile medicated oil for all types of Vata disorders, especially arthritis, paralysis, and nerve pain.",herb_benefits_narayana_thailam
benefits of kshirabala thailam,kshirabala thailam,"A nourishing and cooling oil made with Bala and milk, excellent for neurological Vata disorders, insomnia, and pain.",herb_benefits_kshirabala_thailam
kshirabala thailam for vatahara,kshirabala thailam,kshirabala thailam is beneficial for vatahara,herb_benefits_vatahara
kshirabala thailam for rasayan,kshirabala thailam,kshirabala thailam is beneficial for rasayan,herb_benefits_rasayan
kshirabala thailam for balya,kshirabala thailam,kshirabala thailam is beneficial for balya,herb_benefits_balya
what is kshirabala thailam used for,kshirabala thailam,"A nourishing and cooling oil made with Bala and milk, excellent for neurological Vata disorders, insomnia, and pain.",herb_benefits_kshirabala_thailam
how to use kshirabala thailam,kshirabala thailam,"A nourishing and cooling oil made with Bala and milk, excellent for neurological Vata disorders, insomnia, and pain.",herb_benefits_kshirabala_thailam
kshirabala thailam medicinal properties,kshirabala thailam,"A nourishing and cooling oil made with Bala and milk, excellent for neurological Vata disorders, insomnia, and pain.",herb_benefits_kshirabala_thailam
kshirabala thailam health benefits,kshirabala thailam,"A nourishing and cooling oil made with Bala and milk, excellent for neurological Vata disorders, insomnia, and pain.",herb_benefits_kshirabala_thailam
therapeutic effects of kshirabala thailam,kshirabala thailam,"A nourishing and cooling oil made with Bala and milk, excellent for neurological Vata disorders, insomnia, and pain.",herb_benefits_kshirabala_thailam
benefits of dhanwantaram thailam,dhanwantaram thailam,"A versatile oil for Vata conditions, widely used pre and post-natal, for arthritis, and neurological issues.",herb_benefits_dhanwantaram_thailam
dhanwantaram thailam for vatahara,dhanwantaram thailam,dhanwantaram thailam is beneficial for vatahara,herb_benefits_vatahara
dhanwantaram thailam for shoolaghna,dhanwantaram thailam,dhanwantaram thailam is beneficial for shoolaghna,herb_benefits_shoolaghna
what is dhanwantaram thailam used for,dhanwantaram thailam,"A versatile oil for Vata conditions, widely used pre and post-natal, for arthritis, and neurological issues.",herb_benefits_dhanwantaram_thailam
how to use dhanwantaram thailam,dhanwantaram thailam,"A versatile oil for Vata conditions, widely used pre and post-natal, for arthritis, and neurological issues.",herb_benefits_dhanwantaram_thailam
dhanwantaram thailam medicinal properties,dhanwantaram thailam,"A versatile oil for Vata conditions, widely used pre and post-natal, for arthritis, and neurological issues.",herb_benefits_dhanwantaram_thailam
dhanwantaram thailam health benefits,dhanwantaram thailam,"A versatile oil for Vata conditions, widely used pre and post-natal, for arthritis, and neurological issues.",herb_benefits_dhanwantaram_thailam
therapeutic effects of dhanwantaram thailam,dhanwantaram thailam,"A versatile oil for Vata conditions, widely used pre and post-natal, for arthritis, and neurological issues.",herb_benefits_dhanwantaram_thailam
benefits of kumkumadi thailam,kumkumadi thailam,"A renowned facial oil made with Saffron and other herbs to improve complexion, reduce blemishes, and add glow.",herb_benefits_kumkumadi_thailam
kumkumadi thailam for varnya,kumkumadi thailam,kumkumadi thailam is beneficial for varnya,herb_benefits_varnya
kumkumadi thailam for kushtaghna,kumkumadi thailam,kumkumadi thailam is beneficial for kushtaghna,herb_benefits_kushtaghna
what is kumkumadi thailam used for,kumkumadi thailam,"A renowned facial oil made with Saffron and other herbs to improve complexion, reduce blemishes, and add glow.",herb_benefits_kumkumadi_thailam
how to use kumkumadi thailam,kumkumadi thailam,"A renowned facial oil made with Saffron and other herbs to improve complexion, reduce blemishes, and add glow.",herb_benefits_kumkumadi_thailam
kumkumadi thailam medicinal properties,kumkumadi thailam,"A renowned facial oil made with Saffron and other herbs to improve complexion, reduce blemishes, and add glow.",herb_benefits_kumkumadi_thailam
kumkumadi thailam health benefits,kumkumadi thailam,"A renowned facial oil made with Saffron and other herbs to improve complexion, reduce blemishes, and add glow.",herb_benefits_kumkumadi_thailam
therapeutic effects of kumkumadi thailam,kumkumadi thailam,"A renowned facial oil made with Saffron and other herbs to improve complexion, reduce blemishes, and add glow.",herb_benefits_kumkumadi_thailam
benefits of neelibringadi thailam,neelibringadi thailam,"A famous herbal hair oil for promoting hair growth, preventing hair fall, and delaying premature graying.",herb_benefits_neelibringadi_thailam
neelibringadi thailam for keshya,neelibringadi thailam,neelibringadi thailam is beneficial for keshya,herb_benefits_keshya
neelibringadi thailam for chakshushya,neelibringadi thailam,neelibringadi thailam is beneficial for chakshushya,herb_benefits_chakshushya
what is neelibringadi thailam used for,neelibringadi thailam,"A famous herbal hair oil for promoting hair growth, preventing hair fall, and delaying premature graying.",herb_benefits_neelibringadi_thailam
how to use neelibringadi thailam,neelibringadi thailam,"A famous herbal hair oil for promoting hair growth, preventing hair fall, and delaying premature graying.",herb_benefits_neelibringadi_thailam
neelibringadi thailam medicinal properties,neelibringadi thailam,"A famous herbal hair oil for promoting hair growth, preventing hair fall, and delaying premature graying.",herb_benefits_neelibringadi_thailam
neelibringadi thailam health benefits,neelibringadi thailam,"A famous herbal hair oil for promoting hair growth, preventing hair fall, and delaying premature graying.",herb_benefits_neelibringadi_thailam
therapeutic effects of neelibringadi thailam,neelibringadi thailam,"A famous herbal hair oil for promoting hair growth, preventing hair fall, and delaying premature graying.",herb_benefits_neelibringadi_thailam
benefits of murivenna,murivenna,"'Wound Oil', this is a famous first-aid remedy for cuts, burns, sprains, and fractures.",herb_benefits_murivenna
murivenna for vranaropana,murivenna,murivenna is beneficial for vranaropana,herb_benefits_vranaropana
murivenna for sandhanakaraka,murivenna,murivenna is beneficial for sandhanakaraka,herb_benefits_sandhanakaraka
what is murivenna used for,murivenna,"'Wound Oil', this is a famous first-aid remedy for cuts, burns, sprains, and fractures.",herb_benefits_murivenna
how to use murivenna,murivenna,"'Wound Oil', this is a famous first-aid remedy for cuts, burns, sprains, and fractures.",herb_benefits_murivenna
murivenna medicinal properties,murivenna,"'Wound Oil', this is a famous first-aid remedy for cuts, burns, sprains, and fractures.",herb_benefits_murivenna
murivenna health benefits,murivenna,"'Wound Oil', this is a famous first-aid remedy for cuts, burns, sprains, and fractures.",herb_benefits_murivenna
therapeutic effects of murivenna,murivenna,"'Wound Oil', this is a famous first-aid remedy for cuts, burns, sprains, and fractures.",herb_benefits_murivenna
benefits of pinda thailam,pinda thailam,A cooling oil used topically to relieve the pain and burning sensation of gout and Pitta-type arthritis.,herb_benefits_pinda_thailam
pinda thailam for dahashamana,pinda thailam,pinda thailam is beneficial for dahashamana,herb_benefits_dahashamana
pinda thailam for vatahara,pinda thailam,pinda thailam is beneficial for vatahara,herb_benefits_vatahara
what is pinda thailam used for,pinda thailam,A cooling oil used topically to relieve the pain and burning sensation of gout and Pitta-type arthritis.,herb_benefits_pinda_thailam
how to use pinda thailam,pinda thailam,A cooling oil used topically to relieve the pain and burning sensation of gout and Pitta-type arthritis.,herb_benefits_pinda_thailam
pinda thailam medicinal properties,pinda thailam,A cooling oil used topically to relieve the pain and burning sensation of gout and Pitta-type arthritis.,herb_benefits_pinda_thailam
pinda thailam health benefits,pinda thailam,A cooling oil used topically to relieve the pain and burning sensation of gout and Pitta-type arthritis.,herb_benefits_pinda_thailam
therapeutic effects of pinda thailam,pinda thailam,A cooling oil used topically to relieve the pain and burning sensation of gout and Pitta-type arthritis.,herb_benefits_pinda_thailam
benefits of sahacharadi thailam,sahacharadi thailam,"A medicated oil primarily used for Vata disorders affecting the lower limbs, like sciatica and varicose veins.",herb_benefits_sahacharadi_thailam
sahacharadi thailam for vatahara,sahacharadi thailam,sahacharadi thailam is beneficial for vatahara,herb_benefits_vatahara
sahacharadi thailam for shoolaghna,sahacharadi thailam,sahacharadi thailam is beneficial for shoolaghna,herb_benefits_shoolaghna
what is sahacharadi thailam used for,sahacharadi thailam,"A medicated oil primarily used for Vata disorders affecting the lower limbs, like sciatica and varicose veins.",herb_benefits_sahacharadi_thailam
how to use sahacharadi thailam,sahacharadi thailam,"A medicated oil primarily used for Vata disorders affecting the lower limbs, like sciatica and varicose veins.",herb_benefits_sahacharadi_thailam
sahacharadi thailam medicinal properties,sahacharadi thailam,"A medicated oil primarily used for Vata disorders affecting the lower limbs, like sciatica and varicose veins.",herb_benefits_sahacharadi_thailam
sahacharadi thailam health benefits,sahacharadi thailam,"A medicated oil primarily used for Vata disorders affecting the lower limbs, like sciatica and varicose veins.",herb_benefits_sahacharadi_thailam
therapeutic effects of sahacharadi thailam,sahacharadi thailam,"A medicated oil primarily used for Vata disorders affecting the lower limbs, like sciatica and varicose veins.",herb_benefits_sahacharadi_thailam
benefits of eladi thailam,eladi thailam,"An aromatic oil used for skin detoxification and improving complexion, especially for Kapha and Vata skin types.",herb_benefits_eladi_thailam
eladi thailam for varnya,eladi thailam,eladi thailam is beneficial for varnya,herb_benefits_varnya
eladi thailam for kushtaghna,eladi thailam,eladi thailam is beneficial for kushtaghna,herb_benefits_kushtaghna
what is eladi thailam used for,eladi thailam,"An aromatic oil used for skin detoxification and improving complexion, especially for Kapha and Vata skin types.",herb_benefits_eladi_thailam
how to use eladi thailam,eladi thailam,"An aromatic oil used for skin detoxification and improving complexion, especially for Kapha and Vata skin types.",herb_benefits_eladi_thailam
eladi thailam medicinal properties,eladi thailam,"An aromatic oil used for skin detoxification and improving complexion, especially for Kapha and Vata skin types.",herb_benefits_eladi_thailam
eladi thailam health benefits,eladi thailam,"An aromatic oil used for skin detoxification and improving complexion, especially for Kapha and Vata skin types.",herb_benefits_eladi_thailam
therapeutic effects of eladi thailam,eladi thailam,"An aromatic oil used for skin detoxification and improving complexion, especially for Kapha and Vata skin types.",herb_benefits_eladi_thailam
benefits of brahmi ghritam,brahmi ghritam,"Medicated ghee with Brahmi, a powerful brain tonic for improving memory, intelligence, and speech.",herb_benefits_brahmi_ghritam
brahmi ghritam for medhya,brahmi ghritam,brahmi ghritam is beneficial for medhya,herb_benefits_medhya
brahmi ghritam for rasayan,brahmi ghritam,brahmi ghritam is beneficial for rasayan,herb_benefits_rasayan
what is brahmi ghritam used for,brahmi ghritam,"Medicated ghee with Brahmi, a powerful brain tonic for improving memory, intelligence, and speech.",herb_benefits_brahmi_ghritam
how to use brahmi ghritam,brahmi ghritam,"Medicated ghee with Brahmi, a powerful brain tonic for improving memory, intelligence, and speech.",herb_benefits_brahmi_ghritam
brahmi ghritam medicinal properties,brahmi ghritam,"Medicated ghee with Brahmi, a powerful brain tonic for improving memory, intelligence, and speech.",herb_benefits_brahmi_ghritam
brahmi ghritam health benefits,brahmi ghritam,"Medicated ghee with Brahmi, a powerful brain tonic for improving memory, intelligence, and speech.",herb_benefits_brahmi_ghritam
therapeutic effects of brahmi ghritam,brahmi ghritam,"Medicated ghee with Brahmi, a powerful brain tonic for improving memory, intelligence, and speech.",herb_benefits_brahmi_ghritam
benefits of talisadi churna,talisadi churna,"A formulation similar to Sitopaladi but more heating, used for cough, cold, and digestive issues.",herb_benefits_talisadi_churna
talisadi churna for kasahara,talisadi churna,talisadi churna is beneficial for kasahara,herb_benefits_kasahara
talisadi churna for deepana,talisadi churna,talisadi churna is beneficial for deepana,herb_benefits_deepana
what is talisadi churna used for,talisadi churna,"A formulation similar to Sitopaladi but more heating, used for cough, cold, and digestive issues.",herb_benefits_talisadi_churna
how to use talisadi churna,talisadi churna,"A formulation similar to Sitopaladi but more heating, used for cough, cold, and digestive issues.",herb_benefits_talisadi_churna
talisadi churna medicinal properties,talisadi churna,"A formulation similar to Sitopaladi but more heating, used for cough, cold, and digestive issues.",herb_benefits_talisadi_churna
talisadi churna health benefits,talisadi churna,"A formulation similar to Sitopaladi but more heating, used for cough, cold, and digestive issues.",herb_benefits_talisadi_churna
therapeutic effects of talisadi churna,talisadi churna,"A formulation similar to Sitopaladi but more heating, used for cough, cold, and digestive issues.",herb_benefits_talisadi_churna
benefits of draksharishta,draksharishta,"A fermented tonic of grapes, used for respiratory and digestive issues, and as a general strength-promoter.",herb_benefits_draksharishta
draksharishta for kasahara,draksharishta,draksharishta is beneficial for kasahara,herb_benefits_kasahara
draksharishta for balya,draksharishta,draksharishta is beneficial for balya,herb_benefits_balya
draksharishta for deepana,draksharishta,draksharishta is beneficial for deepana,herb_benefits_deepana
what is draksharishta used for,draksharishta,"A fermented tonic of grapes, used for respiratory and digestive issues, and as a general strength-promoter.",herb_benefits_draksharishta
how to use draksharishta,draksharishta,"A fermented tonic of grapes, used for respiratory and digestive issues, and as a general strength-promoter.",herb_benefits_draksharishta
draksharishta medicinal properties,draksharishta,"A fermented tonic of grapes, used for respiratory and digestive issues, and as a general strength-promoter.",herb_benefits_draksharishta
draksharishta health benefits,draksharishta,"A fermented tonic of grapes, used for respiratory and digestive issues, and as a general strength-promoter.",herb_benefits_draksharishta
therapeutic effects of draksharishta,draksharishta,"A fermented tonic of grapes, used for respiratory and digestive issues, and as a general strength-promoter.",herb_benefits_draksharishta
benefits of pippalyasava,pippalyasava,"A fermented tonic with Pippali, used for malabsorption, digestive issues, and respiratory ailments.",herb_benefits_pippalyasava
pippalyasava for deepana,pippalyasava,pippalyasava is beneficial for deepana,herb_benefits_deepana
pippalyasava for pachana,pippalyasava,pippalyasava is beneficial for pachana,herb_benefits_pachana
pippalyasava for grahi,pippalyasava,pippalyasava is beneficial for grahi,herb_benefits_grahi
what is pippalyasava used for,pippalyasava,"A fermented tonic with Pippali, used for malabsorption, digestive issues, and respiratory ailments.",herb_benefits_pippalyasava
how to use pippalyasava,pippalyasava,"A fermented tonic with Pippali, used for malabsorption, digestive issues, and respiratory ailments.",herb_benefits_pippalyasava
pippalyasava medicinal properties,pippalyasava,"A fermented tonic with Pippali, used for malabsorption, digestive issues, and respiratory ailments.",herb_benefits_pippalyasava
pippalyasava health benefits,pippalyasava,"A fermented tonic with Pippali, used for malabsorption, digestive issues, and respiratory ailments.",herb_benefits_pippalyasava
therapeutic effects of pippalyasava,pippalyasava,"A fermented tonic with Pippali, used for malabsorption, digestive issues, and respiratory ailments.",herb_benefits_pippalyasava
benefits of aravindasava,aravindasava,"A classical pediatric tonic made with Lotus, used for improving digestion, strength, and immunity in children.",herb_benefits_aravindasava
aravindasava for balya,aravindasava,aravindasava is beneficial for balya,herb_benefits_balya
aravindasava for deepana,aravindasava,aravindasava is beneficial for deepana,herb_benefits_deepana
aravindasava for pachana,aravindasava,aravindasava is beneficial for pachana,herb_benefits_pachana
what is aravindasava used for,aravindasava,"A classical pediatric tonic made with Lotus, used for improving digestion, strength, and immunity in children.",herb_benefits_aravindasava
how to use aravindasava,aravindasava,"A classical pediatric tonic made with Lotus, used for improving digestion, strength, and immunity in children.",herb_benefits_aravindasava
aravindasava medicinal properties,aravindasava,"A classical pediatric tonic made with Lotus, used for improving digestion, strength, and immunity in children.",herb_benefits_aravindasava
aravindasava health benefits,aravindasava,"A classical pediatric tonic made with Lotus, used for improving digestion, strength, and immunity in children.",herb_benefits_aravindasava
therapeutic effects of aravindasava,aravindasava,"A classical pediatric tonic made with Lotus, used for improving digestion, strength, and immunity in children.",herb_benefits_aravindasava
benefits of pradarantak lauh,pradarantak lauh,An iron-based formulation specifically used for treating excessive menstrual bleeding (menorrhagia).,herb_benefits_pradarantak_lauh
pradarantak lauh for raktastambhana,pradarantak lauh,pradarantak lauh is beneficial for raktastambhana,herb_benefits_raktastambhana
pradarantak lauh for vatahara,pradarantak lauh,pradarantak lauh is beneficial for vatahara,herb_benefits_vatahara
what is pradarantak lauh used for,pradarantak lauh,An iron-based formulation specifically used for treating excessive menstrual bleeding (menorrhagia).,herb_benefits_pradarantak_lauh
how to use pradarantak lauh,pradarantak lauh,An iron-based formulation specifically used for treating excessive menstrual bleeding (menorrhagia).,herb_benefits_pradarantak_lauh
pradarantak lauh medicinal properties,pradarantak lauh,An iron-based formulation specifically used for treating excessive menstrual bleeding (menorrhagia).,herb_benefits_pradarantak_lauh
pradarantak lauh health benefits,pradarantak lauh,An iron-based formulation specifically used for treating excessive menstrual bleeding (menorrhagia).,herb_benefits_pradarantak_lauh
therapeutic effects of pradarantak lauh,pradarantak lauh,An iron-based formulation specifically used for treating excessive menstrual bleeding (menorrhagia).,herb_benefits_pradarantak_lauh
benefits of hinguleshwar ras,hinguleshwar ras,"A herbo-mineral formulation containing purified Cinnabar, used for fever and Vata disorders.",herb_benefits_hinguleshwar_ras
hinguleshwar ras for jwaraghna,hinguleshwar ras,hinguleshwar ras is beneficial for jwaraghna,herb_benefits_jwaraghna
hinguleshwar ras for vatahara,hinguleshwar ras,hinguleshwar ras is beneficial for vatahara,herb_benefits_vatahara
what is hinguleshwar ras used for,hinguleshwar ras,"A herbo-mineral formulation containing purified Cinnabar, used for fever and Vata disorders.",herb_benefits_hinguleshwar_ras
how to use hinguleshwar ras,hinguleshwar ras,"A herbo-mineral formulation containing purified Cinnabar, used for fever and Vata disorders.",herb_benefits_hinguleshwar_ras
hinguleshwar ras medicinal properties,hinguleshwar ras,"A herbo-mineral formulation containing purified Cinnabar, used for fever and Vata disorders.",herb_benefits_hinguleshwar_ras
hinguleshwar ras health benefits,hinguleshwar ras,"A herbo-mineral formulation containing purified Cinnabar, used for fever and Vata disorders.",herb_benefits_hinguleshwar_ras
therapeutic effects of hinguleshwar ras,hinguleshwar ras,"A herbo-mineral formulation containing purified Cinnabar, used for fever and Vata disorders.",herb_benefits_hinguleshwar_ras
benefits of kottamchukkadi thailam,kottamchukkadi thailam,"A South Indian medicated oil for external use on painful joints, inflammation, and stiffness due to Vata.",herb_benefits_kottamchukkadi_thailam
kottamchukkadi thailam for vatahara,kottamchukkadi thailam,kottamchukkadi thailam is beneficial for vatahara,herb_benefits_vatahara
kottamchukkadi thailam for shoolaghna,kottamchukkadi thailam,kottamchukkadi thailam is beneficial for shoolaghna,herb_benefits_shoolaghna
what is kottamchukkadi thailam used for,kottamchukkadi thailam,"A South Indian medicated oil for external use on painful joints, inflammation, and stiffness due to Vata.",herb_benefits_kottamchukkadi_thailam
how to use kottamchukkadi thailam,kottamchukkadi thailam,"A South Indian medicated oil for external use on painful joints, inflammation, and stiffness due to Vata.",herb_benefits_kottamchukkadi_thailam
kottamchukkadi thailam medicinal properties,kottamchukkadi thailam,"A South Indian medicated oil for external use on painful joints, inflammation, and stiffness due to Vata.",herb_benefits_kottamchukkadi_thailam
kottamchukkadi thailam health benefits,kottamchukkadi thailam,"A South Indian medicated oil for external use on painful joints, inflammation, and stiffness due to Vata.",herb_benefits_kottamchukkadi_thailam
therapeutic effects of kottamchukkadi thailam,kottamchukkadi thailam,"A South Indian medicated oil for external use on painful joints, inflammation, and stiffness due to Vata.",herb_benefits_kottamchukkadi_thailam
benefits of lakshadi thailam,lakshadi thailam,"A nourishing and strengthening massage oil, especially recommended for babies, children, and convalescing adults.",herb_benefits_lakshadi_thailam
lakshadi thailam for balya,lakshadi thailam,lakshadi thailam is beneficial for balya,herb_benefits_balya
lakshadi thailam for brimhaniya,lakshadi thailam,lakshadi thailam is beneficial for brimhaniya,herb_benefits_brimhaniya
what is lakshadi thailam used for,lakshadi thailam,"A nourishing and strengthening massage oil, especially recommended for babies, children, and convalescing adults.",herb_benefits_lakshadi_thailam
how to use lakshadi thailam,lakshadi thailam,"A nourishing and strengthening massage oil, especially recommended for babies, children, and convalescing adults.",herb_benefits_lakshadi_thailam
lakshadi thailam medicinal properties,lakshadi thailam,"A nourishing and strengthening massage oil, especially recommended for babies, children, and convalescing adults.",herb_benefits_lakshadi_thailam
lakshadi thailam health benefits,lakshadi thailam,"A nourishing and strengthening massage oil, especially recommended for babies, children, and convalescing adults.",herb_benefits_lakshadi_thailam
therapeutic effects of lakshadi thailam,lakshadi thailam,"A nourishing and strengthening massage oil, especially recommended for babies, children, and convalescing adults.",herb_benefits_lakshadi_thailam
benefits of triphaladi thailam,triphaladi thailam,"An oil infused with Triphala, used for head massage to treat headache, hair fall, and diseases of the eyes, ears, and throat.",herb_benefits_triphaladi_thailam
triphaladi thailam for keshya,triphaladi thailam,triphaladi thailam is beneficial for keshya,herb_benefits_keshya
triphaladi thailam for chakshushya,triphaladi thailam,triphaladi thailam is beneficial for chakshushya,herb_benefits_chakshushya
what is triphaladi thailam used for,triphaladi thailam,"An oil infused with Triphala, used for head massage to treat headache, hair fall, and diseases of the eyes, ears, and throat.",herb_benefits_triphaladi_thailam
how to use triphaladi thailam,triphaladi thailam,"An oil infused with Triphala, used for head massage to treat headache, hair fall, and diseases of the eyes, ears, and throat.",herb_benefits_triphaladi_thailam
triphaladi thailam medicinal properties,triphaladi thailam,"An oil infused with Triphala, used for head massage to treat headache, hair fall, and diseases of the eyes, ears, and throat.",herb_benefits_triphaladi_thailam
triphaladi thailam health benefits,triphaladi thailam,"An oil infused with Triphala, used for head massage to treat headache, hair fall, and diseases of the eyes, ears, and throat.",herb_benefits_triphaladi_thailam
therapeutic effects of triphaladi thailam,triphaladi thailam,"An oil infused with Triphala, used for head massage to treat headache, hair fall, and diseases of the eyes, ears, and throat.",herb_benefits_triphaladi_thailam
benefits of himasagara thailam,himasagara thailam,"A highly cooling massage oil used for Pitta and Vata disorders, especially those with burning sensation and pain.",herb_benefits_himasagara_thailam
himasagara thailam for dahashamana,himasagara thailam,himasagara thailam is beneficial for dahashamana,herb_benefits_dahashamana
himasagara thailam for vatahara,himasagara thailam,himasagara thailam is beneficial for vatahara,herb_benefits_vatahara
what is himasagara thailam used for,himasagara thailam,"A highly cooling massage oil used for Pitta and Vata disorders, especially those with burning sensation and pain.",herb_benefits_himasagara_thailam
how to use himasagara thailam,himasagara thailam,"A highly cooling massage oil used for Pitta and Vata disorders, especially those with burning sensation and pain.",herb_benefits_himasagara_thailam
himasagara thailam medicinal properties,himasagara thailam,"A highly cooling massage oil used for Pitta and Vata disorders, especially those with burning sensation and pain.",herb_benefits_himasagara_thailam
himasagara thailam health benefits,himasagara thailam,"A highly cooling massage oil used for Pitta and Vata disorders, especially those with burning sensation and pain.",herb_benefits_himasagara_thailam
therapeutic effects of himasagara thailam,himasagara thailam,"A highly cooling massage oil used for Pitta and Vata disorders, especially those with burning sensation and pain.",herb_benefits_himasagara_thailam
benefits of sphatika bhasma,sphatika bhasma,"Purified Alum ash is a powerful astringent and hemostatic, used for bleeding disorders and as an antiseptic.",herb_benefits_sphatika_bhasma
sphatika bhasma for raktastambhana,sphatika bhasma,sphatika bhasma is beneficial for raktastambhana,herb_benefits_raktastambhana
sphatika bhasma for kushtaghna,sphatika bhasma,sphatika bhasma is beneficial for kushtaghna,herb_benefits_kushtaghna
what is sphatika bhasma used for,sphatika bhasma,"Purified Alum ash is a powerful astringent and hemostatic, used for bleeding disorders and as an antiseptic.",herb_benefits_sphatika_bhasma
how to use sphatika bhasma,sphatika bhasma,"Purified Alum ash is a powerful astringent and hemostatic, used for bleeding disorders and as an antiseptic.",herb_benefits_sphatika_bhasma
sphatika bhasma medicinal properties,sphatika bhasma,"Purified Alum ash is a powerful astringent and hemostatic, used for bleeding disorders and as an antiseptic.",herb_benefits_sphatika_bhasma
sphatika bhasma health benefits,sphatika bhasma,"Purified Alum ash is a powerful astringent and hemostatic, used for bleeding disorders and as an antiseptic.",herb_benefits_sphatika_bhasma
therapeutic effects of sphatika bhasma,sphatika bhasma,"Purified Alum ash is a powerful astringent and hemostatic, used for bleeding disorders and as an antiseptic.",herb_benefits_sphatika_bhasma
benefits of samudra lavana,samudra lavana,"Common Sea Salt is heating and heavy, used as a digestive aid and laxative, but aggravates Pitta.",herb_benefits_samudra_lavana
samudra lavana for deepana,samudra lavana,samudra lavana is beneficial for deepana,herb_benefits_deepana
samudra lavana for virechana,samudra lavana,samudra lavana is beneficial for virechana,herb_benefits_virechana
what is samudra lavana used for,samudra lavana,"Common Sea Salt is heating and heavy, used as a digestive aid and laxative, but aggravates Pitta.",herb_benefits_samudra_lavana
how to use samudra lavana,samudra lavana,"Common Sea Salt is heating and heavy, used as a digestive aid and laxative, but aggravates Pitta.",herb_benefits_samudra_lavana
samudra lavana medicinal properties,samudra lavana,"Common Sea Salt is heating and heavy, used as a digestive aid and laxative, but aggravates Pitta.",herb_benefits_samudra_lavana
samudra lavana health benefits,samudra lavana,"Common Sea Salt is heating and heavy, used as a digestive aid and laxative, but aggravates Pitta.",herb_benefits_samudra_lavana
therapeutic effects of samudra lavana,samudra lavana,"Common Sea Salt is heating and heavy, used as a digestive aid and laxative, but aggravates Pitta.",herb_benefits_samudra_lavana
benefits of vida lavana,vida lavana,"A type of Black Salt, it is light and heating, used to stimulate digestion and relieve bloating without causing water retention.",herb_benefits_vida_lavana
vida lavana for deepana,vida lavana,vida lavana is beneficial for deepana,herb_benefits_deepana
vida lavana for hridaya,vida lavana,vida lavana is beneficial for hridaya,herb_benefits_hridaya
what is vida lavana used for,vida lavana,"A type of Black Salt, it is light and heating, used to stimulate digestion and relieve bloating without causing water retention.",herb_benefits_vida_lavana
how to use vida lavana,vida lavana,"A type of Black Salt, it is light and heating, used to stimulate digestion and relieve bloating without causing water retention.",herb_benefits_vida_lavana
vida lavana medicinal properties,vida lavana,"A type of Black Salt, it is light and heating, used to stimulate digestion and relieve bloating without causing water retention.",herb_benefits_vida_lavana
vida lavana health benefits,vida lavana,"A type of Black Salt, it is light and heating, used to stimulate digestion and relieve bloating without causing water retention.",herb_benefits_vida_lavana
therapeutic effects of vida lavana,vida lavana,"A type of Black Salt, it is light and heating, used to stimulate digestion and relieve bloating without causing water retention.",herb_benefits_vida_lavana
benefits of gorochana,gorochana,Cow bezoar is a rare substance used as a nervine tonic and for treating fevers and poisoning.,herb_benefits_gorochana
gorochana for medhya,gorochana,gorochana is beneficial for medhya,herb_benefits_medhya
gorochana for vishaghna,gorochana,gorochana is beneficial for vishaghna,herb_benefits_vishaghna
gorochana for jwaraghna,gorochana,gorochana is beneficial for jwaraghna,herb_benefits_jwaraghna
what is gorochana used for,gorochana,Cow bezoar is a rare substance used as a nervine tonic and for treating fevers and poisoning.,herb_benefits_gorochana
how to use gorochana,gorochana,Cow bezoar is a rare substance used as a nervine tonic and for treating fevers and poisoning.,herb_benefits_gorochana
gorochana medicinal properties,gorochana,Cow bezoar is a rare substance used as a nervine tonic and for treating fevers and poisoning.,herb_benefits_gorochana
gorochana health benefits,gorochana,Cow bezoar is a rare substance used as a nervine tonic and for treating fevers and poisoning.,herb_benefits_gorochana
therapeutic effects of gorochana,gorochana,Cow bezoar is a rare substance used as a nervine tonic and for treating fevers and poisoning.,herb_benefits_gorochana
benefits of shukti bhasma,shukti bhasma,"Oyster shell ash is a natural calcium source used for hyperacidity, ulcers, and digestive issues.",herb_benefits_shukti_bhasma
shukti bhasma for amlapittahara,shukti bhasma,shukti bhasma is beneficial for amlapittahara,herb_benefits_amlapittahara
shukti bhasma for shoolaghna,shukti bhasma,shukti bhasma is beneficial for shoolaghna,herb_benefits_shoolaghna
what is shukti bhasma used for,shukti bhasma,"Oyster shell ash is a natural calcium source used for hyperacidity, ulcers, and digestive issues.",herb_benefits_shukti_bhasma
how to use shukti bhasma,shukti bhasma,"Oyster shell ash is a natural calcium source used for hyperacidity, ulcers, and digestive issues.",herb_benefits_shukti_bhasma
shukti bhasma medicinal properties,shukti bhasma,"Oyster shell ash is a natural calcium source used for hyperacidity, ulcers, and digestive issues.",herb_benefits_shukti_bhasma
shukti bhasma health benefits,shukti bhasma,"Oyster shell ash is a natural calcium source used for hyperacidity, ulcers, and digestive issues.",herb_benefits_shukti_bhasma
therapeutic effects of shukti bhasma,shukti bhasma,"Oyster shell ash is a natural calcium source used for hyperacidity, ulcers, and digestive issues.",herb_benefits_shukti_bhasma
benefits of varatika bhasma,varatika bhasma,"Cowrie shell ash is an excellent antacid and digestive, used for colic, malabsorption, and bloating.",herb_benefits_varatika_bhasma
varatika bhasma for deepana,varatika bhasma,varatika bhasma is beneficial for deepana,herb_benefits_deepana
varatika bhasma for pachana,varatika bhasma,varatika bhasma is beneficial for pachana,herb_benefits_pachana
varatika bhasma for shoolaghna,varatika bhasma,varatika bhasma is beneficial for shoolaghna,herb_benefits_shoolaghna
what is varatika bhasma used for,varatika bhasma,"Cowrie shell ash is an excellent antacid and digestive, used for colic, malabsorption, and bloating.",herb_benefits_varatika_bhasma
how to use varatika bhasma,varatika bhasma,"Cowrie shell ash is an excellent antacid and digestive, used for colic, malabsorption, and bloating.",herb_benefits_varatika_bhasma
varatika bhasma medicinal properties,varatika bhasma,"Cowrie shell ash is an excellent antacid and digestive, used for colic, malabsorption, and bloating.",herb_benefits_varatika_bhasma
varatika bhasma health benefits,varatika bhasma,"Cowrie shell ash is an excellent antacid and digestive, used for colic, malabsorption, and bloating.",herb_benefits_varatika_bhasma
therapeutic effects of varatika bhasma,varatika bhasma,"Cowrie shell ash is an excellent antacid and digestive, used for colic, malabsorption, and bloating.",herb_benefits_varatika_bhasma
benefits of abhayarishta,abhayarishta,"A fermented decoction with Haritaki. An excellent laxative and carminative, used for piles and constipation.",herb_benefits_abhayarishta
abhayarishta for virechana,abhayarishta,abhayarishta is beneficial for virechana,herb_benefits_virechana
abhayarishta for deepana,abhayarishta,abhayarishta is beneficial for deepana,herb_benefits_deepana
abhayarishta for arshoghna,abhayarishta,abhayarishta is beneficial for arshoghna,herb_benefits_arshoghna
what is abhayarishta used for,abhayarishta,"A fermented decoction with Haritaki. An excellent laxative and carminative, used for piles and constipation.",herb_benefits_abhayarishta
how to use abhayarishta,abhayarishta,"A fermented decoction with Haritaki. An excellent laxative and carminative, used for piles and constipation.",herb_benefits_abhayarishta
abhayarishta medicinal properties,abhayarishta,"A fermented decoction with Haritaki. An excellent laxative and carminative, used for piles and constipation.",herb_benefits_abhayarishta
abhayarishta health benefits,abhayarishta,"A fermented decoction with Haritaki. An excellent laxative and carminative, used for piles and constipation.",herb_benefits_abhayarishta
therapeutic effects of abhayarishta,abhayarishta,"A fermented decoction with Haritaki. An excellent laxative and carminative, used for piles and constipation.",herb_benefits_abhayarishta
benefits of amritarishta,amritarishta,"A fermented decoction of Giloy, used for all types of fevers, boosting immunity, and as a general health tonic.",herb_benefits_amritarishta
amritarishta for jwaraghna,amritarishta,amritarishta is beneficial for jwaraghna,herb_benefits_jwaraghna
amritarishta for rasayan,amritarishta,amritarishta is beneficial for rasayan,herb_benefits_rasayan
amritarishta for deepana,amritarishta,amritarishta is beneficial for deepana,herb_benefits_deepana
what is amritarishta used for,amritarishta,"A fermented decoction of Giloy, used for all types of fevers, boosting immunity, and as a general health tonic.",herb_benefits_amritarishta
how to use amritarishta,amritarishta,"A fermented decoction of Giloy, used for all types of fevers, boosting immunity, and as a general health tonic.",herb_benefits_amritarishta
amritarishta medicinal properties,amritarishta,"A fermented decoction of Giloy, used for all types of fevers, boosting immunity, and as a general health tonic.",herb_benefits_amritarishta
amritarishta health benefits,amritarishta,"A fermented decoction of Giloy, used for all types of fevers, boosting immunity, and as a general health tonic.",herb_benefits_amritarishta
therapeutic effects of amritarishta,amritarishta,"A fermented decoction of Giloy, used for all types of fevers, boosting immunity, and as a general health tonic.",herb_benefits_amritarishta
benefits of arjunarishta,arjunarishta,"A fermented decoction of Arjuna bark, it is a premier cardiotonic used to strengthen the heart and improve circulation.",herb_benefits_arjunarishta
arjunarishta for hridaya,arjunarishta,arjunarishta is beneficial for hridaya,herb_benefits_hridaya
arjunarishta for balya,arjunarishta,arjunarishta is beneficial for balya,herb_benefits_balya
what is arjunarishta used for,arjunarishta,"A fermented decoction of Arjuna bark, it is a premier cardiotonic used to strengthen the heart and improve circulation.",herb_benefits_arjunarishta
how to use arjunarishta,arjunarishta,"A fermented decoction of Arjuna bark, it is a premier cardiotonic used to strengthen the heart and improve circulation.",herb_benefits_arjunarishta
arjunarishta medicinal properties,arjunarishta,"A fermented decoction of Arjuna bark, it is a premier cardiotonic used to strengthen the heart and improve circulation.",herb_benefits_arjunarishta
arjunarishta health benefits,arjunarishta,"A fermented decoction of Arjuna bark, it is a premier cardiotonic used to strengthen the heart and improve circulation.",herb_benefits_arjunarishta
therapeutic effects of arjunarishta,arjunarishta,"A fermented decoction of Arjuna bark, it is a premier cardiotonic used to strengthen the heart and improve circulation.",herb_benefits_arjunarishta
benefits of ashokarishta,ashokarishta,"A famous formulation with Ashoka bark, primarily used for female reproductive health, regulating menses, and relieving pain.",herb_benefits_ashokarishta
ashokarishta for yonirogahara,ashokarishta,ashokarishta is beneficial for yonirogahara,herb_benefits_yonirogahara
ashokarishta for raktastambhana,ashokarishta,ashokarishta is beneficial for raktastambhana,herb_benefits_raktastambhana
what is ashokarishta used for,ashokarishta,"A famous formulation with Ashoka bark, primarily used for female reproductive health, regulating menses, and relieving pain.",herb_benefits_ashokarishta
how to use ashokarishta,ashokarishta,"A famous formulation with Ashoka bark, primarily used for female reproductive health, regulating menses, and relieving pain.",herb_benefits_ashokarishta
ashokarishta medicinal properties,ashokarishta,"A famous formulation with Ashoka bark, primarily used for female reproductive health, regulating menses, and relieving pain.",herb_benefits_ashokarishta
ashokarishta health benefits,ashokarishta,"A famous formulation with Ashoka bark, primarily used for female reproductive health, regulating menses, and relieving pain.",herb_benefits_ashokarishta
therapeutic effects of ashokarishta,ashokarishta,"A famous formulation with Ashoka bark, primarily used for female reproductive health, regulating menses, and relieving pain.",herb_benefits_ashokarishta
benefits of balarishta,balarishta,"A fermented tonic with Bala, it is a powerful nerve tonic used to treat Vata disorders, debility, and joint pain.",herb_benefits_balarishta
balarishta for vatahara,balarishta,balarishta is beneficial for vatahara,herb_benefits_vatahara
balarishta for balya,balarishta,balarishta is beneficial for balya,herb_benefits_balya
balarishta for rasayan,balarishta,balarishta is beneficial for rasayan,herb_benefits_rasayan
what is balarishta used for,balarishta,"A fermented tonic with Bala, it is a powerful nerve tonic used to treat Vata disorders, debility, and joint pain.",herb_benefits_balarishta
how to use balarishta,balarishta,"A fermented tonic with Bala, it is a powerful nerve tonic used to treat Vata disorders, debility, and joint pain.",herb_benefits_balarishta
balarishta medicinal properties,balarishta,"A fermented tonic with Bala, it is a powerful nerve tonic used to treat Vata disorders, debility, and joint pain.",herb_benefits_balarishta
balarishta health benefits,balarishta,"A fermented tonic with Bala, it is a powerful nerve tonic used to treat Vata disorders, debility, and joint pain.",herb_benefits_balarishta
therapeutic effects of balarishta,balarishta,"A fermented tonic with Bala, it is a powerful nerve tonic used to treat Vata disorders, debility, and joint pain.",herb_benefits_balarishta
benefits of kutajarishta,kutajarishta,"A fermented decoction of Kutaja, it is a specific remedy for diarrhea, dysentery, IBS, and other intestinal issues.",herb_benefits_kutajarishta
kutajarishta for grahi,kutajarishta,kutajarishta is beneficial for grahi,herb_benefits_grahi
kutajarishta for deepana,kutajarishta,kutajarishta is beneficial for deepana,herb_benefits_deepana
kutajarishta for arshoghna,kutajarishta,kutajarishta is beneficial for arshoghna,herb_benefits_arshoghna
what is kutajarishta used for,kutajarishta,"A fermented decoction of Kutaja, it is a specific remedy for diarrhea, dysentery, IBS, and other intestinal issues.",herb_benefits_kutajarishta
how to use kutajarishta,kutajarishta,"A fermented decoction of Kutaja, it is a specific remedy for diarrhea, dysentery, IBS, and other intestinal issues.",herb_benefits_kutajarishta
kutajarishta medicinal properties,kutajarishta,"A fermented decoction of Kutaja, it is a specific remedy for diarrhea, dysentery, IBS, and other intestinal issues.",herb_benefits_kutajarishta
kutajarishta health benefits,kutajarishta,"A fermented decoction of Kutaja, it is a specific remedy for diarrhea, dysentery, IBS, and other intestinal issues.",herb_benefits_kutajarishta
therapeutic effects of kutajarishta,kutajarishta,"A fermented decoction of Kutaja, it is a specific remedy for diarrhea, dysentery, IBS, and other intestinal issues.",herb_benefits_kutajarishta
benefits of ushirasva,ushirasva,"A cooling fermented tonic with Ushira (Vetiver), used for bleeding disorders, burning sensations, and skin diseases.",herb_benefits_ushirasva
ushirasva for raktapittahara,ushirasva,ushirasva is beneficial for raktapittahara,herb_benefits_raktapittahara
ushirasva for dahashamana,ushirasva,ushirasva is beneficial for dahashamana,herb_benefits_dahashamana
what is ushirasva used for,ushirasva,"A cooling fermented tonic with Ushira (Vetiver), used for bleeding disorders, burning sensations, and skin diseases.",herb_benefits_ushirasva
how to use ushirasva,ushirasva,"A cooling fermented tonic with Ushira (Vetiver), used for bleeding disorders, burning sensations, and skin diseases.",herb_benefits_ushirasva
ushirasva medicinal properties,ushirasva,"A cooling fermented tonic with Ushira (Vetiver), used for bleeding disorders, burning sensations, and skin diseases.",herb_benefits_ushirasva
ushirasva health benefits,ushirasva,"A cooling fermented tonic with Ushira (Vetiver), used for bleeding disorders, burning sensations, and skin diseases.",herb_benefits_ushirasva
therapeutic effects of ushirasva,ushirasva,"A cooling fermented tonic with Ushira (Vetiver), used for bleeding disorders, burning sensations, and skin diseases.",herb_benefits_ushirasva
benefits of khadiradi vati,khadiradi vati,"An astringent tablet with Khadira, used for mouth ulcers, sore throat, and other oral cavity problems.",herb_benefits_khadiradi_vati
khadiradi vati for grahi,khadiradi vati,khadiradi vati is beneficial for grahi,herb_benefits_grahi
khadiradi vati for kushtaghna,khadiradi vati,khadiradi vati is beneficial for kushtaghna,herb_benefits_kushtaghna
what is khadiradi vati used for,khadiradi vati,"An astringent tablet with Khadira, used for mouth ulcers, sore throat, and other oral cavity problems.",herb_benefits_khadiradi_vati
how to use khadiradi vati,khadiradi vati,"An astringent tablet with Khadira, used for mouth ulcers, sore throat, and other oral cavity problems.",herb_benefits_khadiradi_vati
khadiradi vati medicinal properties,khadiradi vati,"An astringent tablet with Khadira, used for mouth ulcers, sore throat, and other oral cavity problems.",herb_benefits_khadiradi_vati
khadiradi vati health benefits,khadiradi vati,"An astringent tablet with Khadira, used for mouth ulcers, sore throat, and other oral cavity problems.",herb_benefits_khadiradi_vati
therapeutic effects of khadiradi vati,khadiradi vati,"An astringent tablet with Khadira, used for mouth ulcers, sore throat, and other oral cavity problems.",herb_benefits_khadiradi_vati
benefits of lavangadi vati,lavangadi vati,"A tablet with Clove (Lavanga), used to soothe sore throats, cough, and freshen the breath.",herb_benefits_lavangadi_vati
lavangadi vati for kasahara,lavangadi vati,lavangadi vati is beneficial for kasahara,herb_benefits_kasahara
lavangadi vati for deepana,lavangadi vati,lavangadi vati is beneficial for deepana,herb_benefits_deepana
what is lavangadi vati used for,lavangadi vati,"A tablet with Clove (Lavanga), used to soothe sore throats, cough, and freshen the breath.",herb_benefits_lavangadi_vati
how to use lavangadi vati,lavangadi vati,"A tablet with Clove (Lavanga), used to soothe sore throats, cough, and freshen the breath.",herb_benefits_lavangadi_vati
lavangadi vati medicinal properties,lavangadi vati,"A tablet with Clove (Lavanga), used to soothe sore throats, cough, and freshen the breath.",herb_benefits_lavangadi_vati
lavangadi vati health benefits,lavangadi vati,"A tablet with Clove (Lavanga), used to soothe sore throats, cough, and freshen the breath.",herb_benefits_lavangadi_vati
therapeutic effects of lavangadi vati,lavangadi vati,"A tablet with Clove (Lavanga), used to soothe sore throats, cough, and freshen the breath.",herb_benefits_lavangadi_vati
benefits of vyoshadi vati,vyoshadi vati,"A pungent tablet containing Trikatu, used for cough, cold, rhinitis, and to clear sinus congestion.",herb_benefits_vyoshadi_vati
vyoshadi vati for kasahara,vyoshadi vati,vyoshadi vati is beneficial for kasahara,herb_benefits_kasahara
vyoshadi vati for deepana,vyoshadi vati,vyoshadi vati is beneficial for deepana,herb_benefits_deepana
what is vyoshadi vati used for,vyoshadi vati,"A pungent tablet containing Trikatu, used for cough, cold, rhinitis, and to clear sinus congestion.",herb_benefits_vyoshadi_vati
how to use vyoshadi vati,vyoshadi vati,"A pungent tablet containing Trikatu, used for cough, cold, rhinitis, and to clear sinus congestion.",herb_benefits_vyoshadi_vati
vyoshadi vati medicinal properties,vyoshadi vati,"A pungent tablet containing Trikatu, used for cough, cold, rhinitis, and to clear sinus congestion.",herb_benefits_vyoshadi_vati
vyoshadi vati health benefits,vyoshadi vati,"A pungent tablet containing Trikatu, used for cough, cold, rhinitis, and to clear sinus congestion.",herb_benefits_vyoshadi_vati
therapeutic effects of vyoshadi vati,vyoshadi vati,"A pungent tablet containing Trikatu, used for cough, cold, rhinitis, and to clear sinus congestion.",herb_benefits_vyoshadi_vati
benefits of dadimashtaka churna,dadimashtaka churna,"A powder with Pomegranate, excellent for treating diarrhea, IBS, and improving digestive function.",herb_benefits_dadimashtaka_churna
dadimashtaka churna for grahi,dadimashtaka churna,dadimashtaka churna is beneficial for grahi,herb_benefits_grahi
dadimashtaka churna for deepana,dadimashtaka churna,dadimashtaka churna is beneficial for deepana,herb_benefits_deepana
dadimashtaka churna for pachana,dadimashtaka churna,dadimashtaka churna is beneficial for pachana,herb_benefits_pachana
what is dadimashtaka churna used for,dadimashtaka churna,"A powder with Pomegranate, excellent for treating diarrhea, IBS, and improving digestive function.",herb_benefits_dadimashtaka_churna
how to use dadimashtaka churna,dadimashtaka churna,"A powder with Pomegranate, excellent for treating diarrhea, IBS, and improving digestive function.",herb_benefits_dadimashtaka_churna
dadimashtaka churna medicinal properties,dadimashtaka churna,"A powder with Pomegranate, excellent for treating diarrhea, IBS, and improving digestive function.",herb_benefits_dadimashtaka_churna
dadimashtaka churna health benefits,dadimashtaka churna,"A powder with Pomegranate, excellent for treating diarrhea, IBS, and improving digestive function.",herb_benefits_dadimashtaka_churna
therapeutic effects of dadimashtaka churna,dadimashtaka churna,"A powder with Pomegranate, excellent for treating diarrhea, IBS, and improving digestive function.",herb_benefits_dadimashtaka_churna
benefits of pushyanuga churna,pushyanuga churna,A classical formulation used for treating all types of gynecological bleeding disorders and diarrhea.,herb_benefits_pushyanuga_churna
pushyanuga churna for raktastambhana,pushyanuga churna,pushyanuga churna is beneficial for raktastambhana,herb_benefits_raktastambhana
pushyanuga churna for grahi,pushyanuga churna,pushyanuga churna is beneficial for grahi,herb_benefits_grahi
what is pushyanuga churna used for,pushyanuga churna,A classical formulation used for treating all types of gynecological bleeding disorders and diarrhea.,herb_benefits_pushyanuga_churna
how to use pushyanuga churna,pushyanuga churna,A classical formulation used for treating all types of gynecological bleeding disorders and diarrhea.,herb_benefits_pushyanuga_churna
pushyanuga churna medicinal properties,pushyanuga churna,A classical formulation used for treating all types of gynecological bleeding disorders and diarrhea.,herb_benefits_pushyanuga_churna
pushyanuga churna health benefits,pushyanuga churna,A classical formulation used for treating all types of gynecological bleeding disorders and diarrhea.,herb_benefits_pushyanuga_churna
therapeutic effects of pushyanuga churna,pushyanuga churna,A classical formulation used for treating all types of gynecological bleeding disorders and diarrhea.,herb_benefits_pushyanuga_churna
benefits of phala ghrita,phala ghrita,"A medicated ghee renowned as a tonic for the female reproductive system, used to promote fertility and successful conception.",herb_benefits_phala_ghrita
phala ghrita for vrishya,phala ghrita,phala ghrita is beneficial for vrishya,herb_benefits_vrishya
phala ghrita for rasayan,phala ghrita,phala ghrita is beneficial for rasayan,herb_benefits_rasayan
what is phala ghrita used for,phala ghrita,"A medicated ghee renowned as a tonic for the female reproductive system, used to promote fertility and successful conception.",herb_benefits_phala_ghrita
how to use phala ghrita,phala ghrita,"A medicated ghee renowned as a tonic for the female reproductive system, used to promote fertility and successful conception.",herb_benefits_phala_ghrita
phala ghrita medicinal properties,phala ghrita,"A medicated ghee renowned as a tonic for the female reproductive system, used to promote fertility and successful conception.",herb_benefits_phala_ghrita
phala ghrita health benefits,phala ghrita,"A medicated ghee renowned as a tonic for the female reproductive system, used to promote fertility and successful conception.",herb_benefits_phala_ghrita
therapeutic effects of phala ghrita,phala ghrita,"A medicated ghee renowned as a tonic for the female reproductive system, used to promote fertility and successful conception.",herb_benefits_phala_ghrita
benefits of mahatiktaka ghrita,mahatiktaka ghrita,"A highly bitter medicated ghee used for a wide range of Pitta-dominant skin diseases, and for blood purification.",herb_benefits_mahatiktaka_ghrita
mahatiktaka ghrita for kushtaghna,mahatiktaka ghrita,mahatiktaka ghrita is beneficial for kushtaghna,herb_benefits_kushtaghna
mahatiktaka ghrita for raktashodhak,mahatiktaka ghrita,mahatiktaka ghrita is beneficial for raktashodhak,herb_benefits_raktashodhak
mahatiktaka ghrita for vishaghna,mahatiktaka ghrita,mahatiktaka ghrita is beneficial for vishaghna,herb_benefits_vishaghna
what is mahatiktaka ghrita used for,mahatiktaka ghrita,"A highly bitter medicated ghee used for a wide range of Pitta-dominant skin diseases, and for blood purification.",herb_benefits_mahatiktaka_ghrita
how to use mahatiktaka ghrita,mahatiktaka ghrita,"A highly bitter medicated ghee used for a wide range of Pitta-dominant skin diseases, and for blood purification.",herb_benefits_mahatiktaka_ghrita
mahatiktaka ghrita medicinal properties,mahatiktaka ghrita,"A highly bitter medicated ghee used for a wide range of Pitta-dominant skin diseases, and for blood purification.",herb_benefits_mahatiktaka_ghrita
mahatiktaka ghrita health benefits,mahatiktaka ghrita,"A highly bitter medicated ghee used for a wide range of Pitta-dominant skin diseases, and for blood purification.",herb_benefits_mahatiktaka_ghrita
therapeutic effects of mahatiktaka ghrita,mahatiktaka ghrita,"A highly bitter medicated ghee used for a wide range of Pitta-dominant skin diseases, and for blood purification.",herb_benefits_mahatiktaka_ghrita
benefits of tapyadi loha,tapyadi loha,"An iron-based formulation used for anemia, liver conditions, and as a general health tonic.",herb_benefits_tapyadi_loha
tapyadi loha for raktavardhak,tapyadi loha,tapyadi loha is beneficial for raktavardhak,herb_benefits_raktavardhak
tapyadi loha for yakrituttejaka,tapyadi loha,tapyadi loha is beneficial for yakrituttejaka,herb_benefits_yakrituttejaka
what is tapyadi loha used for,tapyadi loha,"An iron-based formulation used for anemia, liver conditions, and as a general health tonic.",herb_benefits_tapyadi_loha
how to use tapyadi loha,tapyadi loha,"An iron-based formulation used for anemia, liver conditions, and as a general health tonic.",herb_benefits_tapyadi_loha
tapyadi loha medicinal properties,tapyadi loha,"An iron-based formulation used for anemia, liver conditions, and as a general health tonic.",herb_benefits_tapyadi_loha
tapyadi loha health benefits,tapyadi loha,"An iron-based formulation used for anemia, liver conditions, and as a general health tonic.",herb_benefits_tapyadi_loha
therapeutic effects of tapyadi loha,tapyadi loha,"An iron-based formulation used for anemia, liver conditions, and as a general health tonic.",herb_benefits_tapyadi_loha
benefits of navayasa loha,navayasa loha,"A classical iron formulation with nine herbs, used to treat anemia, skin diseases, and piles.",herb_benefits_navayasa_loha
navayasa loha for raktavardhak,navayasa loha,navayasa loha is beneficial for raktavardhak,herb_benefits_raktavardhak
navayasa loha for kushtaghna,navayasa loha,navayasa loha is beneficial for kushtaghna,herb_benefits_kushtaghna
navayasa loha for arshoghna,navayasa loha,navayasa loha is beneficial for arshoghna,herb_benefits_arshoghna
what is navayasa loha used for,navayasa loha,"A classical iron formulation with nine herbs, used to treat anemia, skin diseases, and piles.",herb_benefits_navayasa_loha
how to use navayasa loha,navayasa loha,"A classical iron formulation with nine herbs, used to treat anemia, skin diseases, and piles.",herb_benefits_navayasa_loha
navayasa loha medicinal properties,navayasa loha,"A classical iron formulation with nine herbs, used to treat anemia, skin diseases, and piles.",herb_benefits_navayasa_loha
navayasa loha health benefits,navayasa loha,"A classical iron formulation with nine herbs, used to treat anemia, skin diseases, and piles.",herb_benefits_navayasa_loha
therapeutic effects of navayasa loha,navayasa loha,"A classical iron formulation with nine herbs, used to treat anemia, skin diseases, and piles.",herb_benefits_navayasa_loha
benefits of hajrul yahood bhasma,hajrul yahood bhasma,A fossilized stone ash used as a potent diuretic and for breaking down and expelling kidney and bladder stones.,herb_benefits_hajrul_yahood_bhasma
hajrul yahood bhasma for ashmaribhedana,hajrul yahood bhasma,hajrul yahood bhasma is beneficial for ashmaribhedana,herb_benefits_ashmaribhedana
hajrul yahood bhasma for mutrala,hajrul yahood bhasma,hajrul yahood bhasma is beneficial for mutrala,herb_benefits_mutrala
what is hajrul yahood bhasma used for,hajrul yahood bhasma,A fossilized stone ash used as a potent diuretic and for breaking down and expelling kidney and bladder stones.,herb_benefits_hajrul_yahood_bhasma
how to use hajrul yahood bhasma,hajrul yahood bhasma,A fossilized stone ash used as a potent diuretic and for breaking down and expelling kidney and bladder stones.,herb_benefits_hajrul_yahood_bhasma
hajrul yahood bhasma medicinal properties,hajrul yahood bhasma,A fossilized stone ash used as a potent diuretic and for breaking down and expelling kidney and bladder stones.,herb_benefits_hajrul_yahood_bhasma
hajrul yahood bhasma health benefits,hajrul yahood bhasma,A fossilized stone ash used as a potent diuretic and for breaking down and expelling kidney and bladder stones.,herb_benefits_hajrul_yahood_bhasma
therapeutic effects of hajrul yahood bhasma,hajrul yahood bhasma,A fossilized stone ash used as a potent diuretic and for breaking down and expelling kidney and bladder stones.,herb_benefits_hajrul_yahood_bhasma
benefits of kaharuba pishti,kaharuba pishti,"Processed Amber is a powerful hemostatic (stops bleeding), used for bleeding piles, menorrhagia, and ulcers.",herb_benefits_kaharuba_pishti
kaharuba pishti for raktastambhana,kaharuba pishti,kaharuba pishti is beneficial for raktastambhana,herb_benefits_raktastambhana
kaharuba pishti for hridaya,kaharuba pishti,kaharuba pishti is beneficial for hridaya,herb_benefits_hridaya
what is kaharuba pishti used for,kaharuba pishti,"Processed Amber is a powerful hemostatic (stops bleeding), used for bleeding piles, menorrhagia, and ulcers.",herb_benefits_kaharuba_pishti
how to use kaharuba pishti,kaharuba pishti,"Processed Amber is a powerful hemostatic (stops bleeding), used for bleeding piles, menorrhagia, and ulcers.",herb_benefits_kaharuba_pishti
kaharuba pishti medicinal properties,kaharuba pishti,"Processed Amber is a powerful hemostatic (stops bleeding), used for bleeding piles, menorrhagia, and ulcers.",herb_benefits_kaharuba_pishti
kaharuba pishti health benefits,kaharuba pishti,"Processed Amber is a powerful hemostatic (stops bleeding), used for bleeding piles, menorrhagia, and ulcers.",herb_benefits_kaharuba_pishti
therapeutic effects of kaharuba pishti,kaharuba pishti,"Processed Amber is a powerful hemostatic (stops bleeding), used for bleeding piles, menorrhagia, and ulcers.",herb_benefits_kaharuba_pishti
benefits of godhuma,godhuma,"Wheat is a nourishing, strengthening, and Vata-pacifying grain, but its heavy nature can increase Kapha.",herb_benefits_godhuma
godhuma for balya,godhuma,godhuma is beneficial for balya,herb_benefits_balya
godhuma for brimhaniya,godhuma,godhuma is beneficial for brimhaniya,herb_benefits_brimhaniya
godhuma for vrishya,godhuma,godhuma is beneficial for vrishya,herb_benefits_vrishya
what is godhuma used for,godhuma,"Wheat is a nourishing, strengthening, and Vata-pacifying grain, but its heavy nature can increase Kapha.",herb_benefits_godhuma
how to use godhuma,godhuma,"Wheat is a nourishing, strengthening, and Vata-pacifying grain, but its heavy nature can increase Kapha.",herb_benefits_godhuma
godhuma medicinal properties,godhuma,"Wheat is a nourishing, strengthening, and Vata-pacifying grain, but its heavy nature can increase Kapha.",herb_benefits_godhuma
godhuma health benefits,godhuma,"Wheat is a nourishing, strengthening, and Vata-pacifying grain, but its heavy nature can increase Kapha.",herb_benefits_godhuma
therapeutic effects of godhuma,godhuma,"Wheat is a nourishing, strengthening, and Vata-pacifying grain, but its heavy nature can increase Kapha.",herb_benefits_godhuma
benefits of dadhi,dadhi,Yogurt/Curd is nourishing but also heavy and channel-blocking (abhishyandi). It is generally heating in nature.,herb_benefits_dadhi
dadhi for deepana,dadhi,dadhi is beneficial for deepana,herb_benefits_deepana
dadhi for balya,dadhi,dadhi is beneficial for balya,herb_benefits_balya
what is dadhi used for,dadhi,Yogurt/Curd is nourishing but also heavy and channel-blocking (abhishyandi). It is generally heating in nature.,herb_benefits_dadhi
how to use dadhi,dadhi,Yogurt/Curd is nourishing but also heavy and channel-blocking (abhishyandi). It is generally heating in nature.,herb_benefits_dadhi
dadhi medicinal properties,dadhi,Yogurt/Curd is nourishing but also heavy and channel-blocking (abhishyandi). It is generally heating in nature.,herb_benefits_dadhi
dadhi health benefits,dadhi,Yogurt/Curd is nourishing but also heavy and channel-blocking (abhishyandi). It is generally heating in nature.,herb_benefits_dadhi
therapeutic effects of dadhi,dadhi,Yogurt/Curd is nourishing but also heavy and channel-blocking (abhishyandi). It is generally heating in nature.,herb_benefits_dadhi
benefits of takra,takra,"Buttermilk is highly praised in Ayurveda as 'heavenly nectar'. It is light, easy to digest, and treats many digestive disorders.",herb_benefits_takra
takra for grahi,takra,takra is beneficial for grahi,herb_benefits_grahi
takra for deepana,takra,takra is beneficial for deepana,herb_benefits_deepana
takra for lekhana,takra,takra is beneficial for lekhana,herb_benefits_lekhana
what is takra used for,takra,"Buttermilk is highly praised in Ayurveda as 'heavenly nectar'. It is light, easy to digest, and treats many digestive disorders.",herb_benefits_takra
how to use takra,takra,"Buttermilk is highly praised in Ayurveda as 'heavenly nectar'. It is light, easy to digest, and treats many digestive disorders.",herb_benefits_takra
takra medicinal properties,takra,"Buttermilk is highly praised in Ayurveda as 'heavenly nectar'. It is light, easy to digest, and treats many digestive disorders.",herb_benefits_takra
takra health benefits,takra,"Buttermilk is highly praised in Ayurveda as 'heavenly nectar'. It is light, easy to digest, and treats many digestive disorders.",herb_benefits_takra
therapeutic effects of takra,takra,"Buttermilk is highly praised in Ayurveda as 'heavenly nectar'. It is light, easy to digest, and treats many digestive disorders.",herb_benefits_takra
benefits of ksheera,ksheera,"Milk (especially from cow) is a complete food, considered a vital rejuvenator (rasayana) that nourishes all tissues.",herb_benefits_ksheera
ksheera for jivaniya,ksheera,ksheera is beneficial for jivaniya,herb_benefits_jivaniya
ksheera for rasayan,ksheera,ksheera is beneficial for rasayan,herb_benefits_rasayan
ksheera for stanyajanana,ksheera,ksheera is beneficial for stanyajanana,herb_benefits_stanyajanana
what is ksheera used for,ksheera,"Milk (especially from cow) is a complete food, considered a vital rejuvenator (rasayana) that nourishes all tissues.",herb_benefits_ksheera
how to use ksheera,ksheera,"Milk (especially from cow) is a complete food, considered a vital rejuvenator (rasayana) that nourishes all tissues.",herb_benefits_ksheera
ksheera medicinal properties,ksheera,"Milk (especially from cow) is a complete food, considered a vital rejuvenator (rasayana) that nourishes all tissues.",herb_benefits_ksheera
ksheera health benefits,ksheera,"Milk (especially from cow) is a complete food, considered a vital rejuvenator (rasayana) that nourishes all tissues.",herb_benefits_ksheera
therapeutic effects of ksheera,ksheera,"Milk (especially from cow) is a complete food, considered a vital rejuvenator (rasayana) that nourishes all tissues.",herb_benefits_ksheera
benefits of lasuna ksheerapaka,lasuna ksheerapaka,"Garlic milk is a specific preparation for Vata disorders like sciatica, joint pain, and bloating.",herb_benefits_lasuna_ksheerapaka
lasuna ksheerapaka for vatahara,lasuna ksheerapaka,lasuna ksheerapaka is beneficial for vatahara,herb_benefits_vatahara
lasuna ksheerapaka for shoolaghna,lasuna ksheerapaka,lasuna ksheerapaka is beneficial for shoolaghna,herb_benefits_shoolaghna
what is lasuna ksheerapaka used for,lasuna ksheerapaka,"Garlic milk is a specific preparation for Vata disorders like sciatica, joint pain, and bloating.",herb_benefits_lasuna_ksheerapaka
how to use lasuna ksheerapaka,lasuna ksheerapaka,"Garlic milk is a specific preparation for Vata disorders like sciatica, joint pain, and bloating.",herb_benefits_lasuna_ksheerapaka
lasuna ksheerapaka medicinal properties,lasuna ksheerapaka,"Garlic milk is a specific preparation for Vata disorders like sciatica, joint pain, and bloating.",herb_benefits_lasuna_ksheerapaka
lasuna ksheerapaka health benefits,lasuna ksheerapaka,"Garlic milk is a specific preparation for Vata disorders like sciatica, joint pain, and bloating.",herb_benefits_lasuna_ksheerapaka
therapeutic effects of lasuna ksheerapaka,lasuna ksheerapaka,"Garlic milk is a specific preparation for Vata disorders like sciatica, joint pain, and bloating.",herb_benefits_lasuna_ksheerapaka
benefits of pippali moola,pippali moola,"The root of the Long Pepper plant is a more potent digestive stimulant than the fruit, used for chronic indigestion.",herb_benefits_pippali_moola
pippali moola for deepana,pippali moola,pippali moola is beneficial for deepana,herb_benefits_deepana
pippali moola for pachana,pippali moola,pippali moola is beneficial for pachana,herb_benefits_pachana
what is pippali moola used for,pippali moola,"The root of the Long Pepper plant is a more potent digestive stimulant than the fruit, used for chronic indigestion.",herb_benefits_pippali_moola
how to use pippali moola,pippali moola,"The root of the Long Pepper plant is a more potent digestive stimulant than the fruit, used for chronic indigestion.",herb_benefits_pippali_moola
pippali moola medicinal properties,pippali moola,"The root of the Long Pepper plant is a more potent digestive stimulant than the fruit, used for chronic indigestion.",herb_benefits_pippali_moola
pippali moola health benefits,pippali moola,"The root of the Long Pepper plant is a more potent digestive stimulant than the fruit, used for chronic indigestion.",herb_benefits_pippali_moola
therapeutic effects of pippali moola,pippali moola,"The root of the Long Pepper plant is a more potent digestive stimulant than the fruit, used for chronic indigestion.",herb_benefits_pippali_moola
benefits of chitrakaharitaki,chitrakaharitaki,"A formulation of Chitrak and Haritaki, used for chronic respiratory conditions with mucus and indigestion.",herb_benefits_chitrakaharitaki
chitrakaharitaki for kasahara,chitrakaharitaki,chitrakaharitaki is beneficial for kasahara,herb_benefits_kasahara
chitrakaharitaki for deepana,chitrakaharitaki,chitrakaharitaki is beneficial for deepana,herb_benefits_deepana
what is chitrakaharitaki used for,chitrakaharitaki,"A formulation of Chitrak and Haritaki, used for chronic respiratory conditions with mucus and indigestion.",herb_benefits_chitrakaharitaki
how to use chitrakaharitaki,chitrakaharitaki,"A formulation of Chitrak and Haritaki, used for chronic respiratory conditions with mucus and indigestion.",herb_benefits_chitrakaharitaki
chitrakaharitaki medicinal properties,chitrakaharitaki,"A formulation of Chitrak and Haritaki, used for chronic respiratory conditions with mucus and indigestion.",herb_benefits_chitrakaharitaki
chitrakaharitaki health benefits,chitrakaharitaki,"A formulation of Chitrak and Haritaki, used for chronic respiratory conditions with mucus and indigestion.",herb_benefits_chitrakaharitaki
therapeutic effects of chitrakaharitaki,chitrakaharitaki,"A formulation of Chitrak and Haritaki, used for chronic respiratory conditions with mucus and indigestion.",herb_benefits_chitrakaharitaki
benefits of vasa avaleha,vasa avaleha,"A jam-like preparation of Vasa, used for cough, asthma, bronchitis, and bleeding disorders.",herb_benefits_vasa_avaleha
vasa avaleha for kasahara,vasa avaleha,vasa avaleha is beneficial for kasahara,herb_benefits_kasahara
vasa avaleha for raktapittahara,vasa avaleha,vasa avaleha is beneficial for raktapittahara,herb_benefits_raktapittahara
what is vasa avaleha used for,vasa avaleha,"A jam-like preparation of Vasa, used for cough, asthma, bronchitis, and bleeding disorders.",herb_benefits_vasa_avaleha
how to use vasa avaleha,vasa avaleha,"A jam-like preparation of Vasa, used for cough, asthma, bronchitis, and bleeding disorders.",herb_benefits_vasa_avaleha
vasa avaleha medicinal properties,vasa avaleha,"A jam-like preparation of Vasa, used for cough, asthma, bronchitis, and bleeding disorders.",herb_benefits_vasa_avaleha
vasa avaleha health benefits,vasa avaleha,"A jam-like preparation of Vasa, used for cough, asthma, bronchitis, and bleeding disorders.",herb_benefits_vasa_avaleha
therapeutic effects of vasa avaleha,vasa avaleha,"A jam-like preparation of Vasa, used for cough, asthma, bronchitis, and bleeding disorders.",herb_benefits_vasa_avaleha
benefits of kushmanda avaleha,kushmanda avaleha,"A nourishing jam of Ash Gourd, used as a tonic to increase strength, stamina, and weight.",herb_benefits_kushmanda_avaleha
kushmanda avaleha for brimhaniya,kushmanda avaleha,kushmanda avaleha is beneficial for brimhaniya,herb_benefits_brimhaniya
kushmanda avaleha for balya,kushmanda avaleha,kushmanda avaleha is beneficial for balya,herb_benefits_balya
kushmanda avaleha for rasayan,kushmanda avaleha,kushmanda avaleha is beneficial for rasayan,herb_benefits_rasayan
what is kushmanda avaleha used for,kushmanda avaleha,"A nourishing jam of Ash Gourd, used as a tonic to increase strength, stamina, and weight.",herb_benefits_kushmanda_avaleha
how to use kushmanda avaleha,kushmanda avaleha,"A nourishing jam of Ash Gourd, used as a tonic to increase strength, stamina, and weight.",herb_benefits_kushmanda_avaleha
kushmanda avaleha medicinal properties,kushmanda avaleha,"A nourishing jam of Ash Gourd, used as a tonic to increase strength, stamina, and weight.",herb_benefits_kushmanda_avaleha
kushmanda avaleha health benefits,kushmanda avaleha,"A nourishing jam of Ash Gourd, used as a tonic to increase strength, stamina, and weight.",herb_benefits_kushmanda_avaleha
therapeutic effects of kushmanda avaleha,kushmanda avaleha,"A nourishing jam of Ash Gourd, used as a tonic to increase strength, stamina, and weight.",herb_benefits_kushmanda_avaleha
benefits of bilwadi leha,bilwadi leha,"A jam-like preparation of Bael fruit, used to treat chronic diarrhea, vomiting, and loss of appetite.",herb_benefits_bilwadi_leha
bilwadi leha for grahi,bilwadi leha,bilwadi leha is beneficial for grahi,herb_benefits_grahi
bilwadi leha for deepana,bilwadi leha,bilwadi leha is beneficial for deepana,herb_benefits_deepana
what is bilwadi leha used for,bilwadi leha,"A jam-like preparation of Bael fruit, used to treat chronic diarrhea, vomiting, and loss of appetite.",herb_benefits_bilwadi_leha
how to use bilwadi leha,bilwadi leha,"A jam-like preparation of Bael fruit, used to treat chronic diarrhea, vomiting, and loss of appetite.",herb_benefits_bilwadi_leha
bilwadi leha medicinal properties,bilwadi leha,"A jam-like preparation of Bael fruit, used to treat chronic diarrhea, vomiting, and loss of appetite.",herb_benefits_bilwadi_leha
bilwadi leha health benefits,bilwadi leha,"A jam-like preparation of Bael fruit, used to treat chronic diarrhea, vomiting, and loss of appetite.",herb_benefits_bilwadi_leha
therapeutic effects of bilwadi leha,bilwadi leha,"A jam-like preparation of Bael fruit, used to treat chronic diarrhea, vomiting, and loss of appetite.",herb_benefits_bilwadi_leha
benefits of gokshuradi guggulu,gokshuradi guggulu,"A Guggulu formulation for the urinary system, used for kidney stones, UTIs, and prostate issues.",herb_benefits_gokshuradi_guggulu
gokshuradi guggulu for mutrala,gokshuradi guggulu,gokshuradi guggulu is beneficial for mutrala,herb_benefits_mutrala
gokshuradi guggulu for ashmaribhedana,gokshuradi guggulu,gokshuradi guggulu is beneficial for ashmaribhedana,herb_benefits_ashmaribhedana
what is gokshuradi guggulu used for,gokshuradi guggulu,"A Guggulu formulation for the urinary system, used for kidney stones, UTIs, and prostate issues.",herb_benefits_gokshuradi_guggulu
how to use gokshuradi guggulu,gokshuradi guggulu,"A Guggulu formulation for the urinary system, used for kidney stones, UTIs, and prostate issues.",herb_benefits_gokshuradi_guggulu
gokshuradi guggulu medicinal properties,gokshuradi guggulu,"A Guggulu formulation for the urinary system, used for kidney stones, UTIs, and prostate issues.",herb_benefits_gokshuradi_guggulu
gokshuradi guggulu health benefits,gokshuradi guggulu,"A Guggulu formulation for the urinary system, used for kidney stones, UTIs, and prostate issues.",herb_benefits_gokshuradi_guggulu
therapeutic effects of gokshuradi guggulu,gokshuradi guggulu,"A Guggulu formulation for the urinary system, used for kidney stones, UTIs, and prostate issues.",herb_benefits_gokshuradi_guggulu
benefits of simhanada guggulu,simhanada guggulu,A potent anti-inflammatory and detoxifying Guggulu formula for severe arthritis and skin diseases.,herb_benefits_simhanada_guggulu
simhanada guggulu for vatahara,simhanada guggulu,simhanada guggulu is beneficial for vatahara,herb_benefits_vatahara
simhanada guggulu for amapachana,simhanada guggulu,simhanada guggulu is beneficial for amapachana,herb_benefits_amapachana
simhanada guggulu for kushtaghna,simhanada guggulu,simhanada guggulu is beneficial for kushtaghna,herb_benefits_kushtaghna
what is simhanada guggulu used for,simhanada guggulu,A potent anti-inflammatory and detoxifying Guggulu formula for severe arthritis and skin diseases.,herb_benefits_simhanada_guggulu
how to use simhanada guggulu,simhanada guggulu,A potent anti-inflammatory and detoxifying Guggulu formula for severe arthritis and skin diseases.,herb_benefits_simhanada_guggulu
simhanada guggulu medicinal properties,simhanada guggulu,A potent anti-inflammatory and detoxifying Guggulu formula for severe arthritis and skin diseases.,herb_benefits_simhanada_guggulu
simhanada guggulu health benefits,simhanada guggulu,A potent anti-inflammatory and detoxifying Guggulu formula for severe arthritis and skin diseases.,herb_benefits_simhanada_guggulu
therapeutic effects of simhanada guggulu,simhanada guggulu,A potent anti-inflammatory and detoxifying Guggulu formula for severe arthritis and skin diseases.,herb_benefits_simhanada_guggulu
benefits of triphala guggulu,triphala guggulu,"Combines the benefits of Triphala and Guggulu. Excellent for detoxification, weight management, and joint health.",herb_benefits_triphala_guggulu
triphala guggulu for lekhana,triphala guggulu,triphala guggulu is beneficial for lekhana,herb_benefits_lekhana
triphala guggulu for shothahara,triphala guggulu,triphala guggulu is beneficial for shothahara,herb_benefits_shothahara
triphala guggulu for vranaropana,triphala guggulu,triphala guggulu is beneficial for vranaropana,herb_benefits_vranaropana
what is triphala guggulu used for,triphala guggulu,"Combines the benefits of Triphala and Guggulu. Excellent for detoxification, weight management, and joint health.",herb_benefits_triphala_guggulu
how to use triphala guggulu,triphala guggulu,"Combines the benefits of Triphala and Guggulu. Excellent for detoxification, weight management, and joint health.",herb_benefits_triphala_guggulu
triphala guggulu medicinal properties,triphala guggulu,"Combines the benefits of Triphala and Guggulu. Excellent for detoxification, weight management, and joint health.",herb_benefits_triphala_guggulu
triphala guggulu health benefits,triphala guggulu,"Combines the benefits of Triphala and Guggulu. Excellent for detoxification, weight management, and joint health.",herb_benefits_triphala_guggulu
therapeutic effects of triphala guggulu,triphala guggulu,"Combines the benefits of Triphala and Guggulu. Excellent for detoxification, weight management, and joint health.",herb_benefits_triphala_guggulu
benefits of yogaraja guggulu,yogaraja guggulu,"A classical Guggulu formulation for Vata disorders, especially joint pain, stiffness, and neurological conditions.",herb_benefits_yogaraja_guggulu
yogaraja guggulu for vatahara,yogaraja guggulu,yogaraja guggulu is beneficial for vatahara,herb_benefits_vatahara
yogaraja guggulu for amapachana,yogaraja guggulu,yogaraja guggulu is beneficial for amapachana,herb_benefits_amapachana
what is yogaraja guggulu used for,yogaraja guggulu,"A classical Guggulu formulation for Vata disorders, especially joint pain, stiffness, and neurological conditions.",herb_benefits_yogaraja_guggulu
how to use yogaraja guggulu,yogaraja guggulu,"A classical Guggulu formulation for Vata disorders, especially joint pain, stiffness, and neurological conditions.",herb_benefits_yogaraja_guggulu
yogaraja guggulu medicinal properties,yogaraja guggulu,"A classical Guggulu formulation for Vata disorders, especially joint pain, stiffness, and neurological conditions.",herb_benefits_yogaraja_guggulu
yogaraja guggulu health benefits,yogaraja guggulu,"A classical Guggulu formulation for Vata disorders, especially joint pain, stiffness, and neurological conditions.",herb_benefits_yogaraja_guggulu
therapeutic effects of yogaraja guggulu,yogaraja guggulu,"A classical Guggulu formulation for Vata disorders, especially joint pain, stiffness, and neurological conditions.",herb_benefits_yogaraja_guggulu
benefits of punarnavadi guggulu,punarnavadi guggulu,"A Guggulu formulation with Punarnava, used for edema, gout, and other inflammatory conditions.",herb_benefits_punarnavadi_guggulu
punarnavadi guggulu for shothahara,punarnavadi guggulu,punarnavadi guggulu is beneficial for shothahara,herb_benefits_shothahara
punarnavadi guggulu for mutrala,punarnavadi guggulu,punarnavadi guggulu is beneficial for mutrala,herb_benefits_mutrala
what is punarnavadi guggulu used for,punarnavadi guggulu,"A Guggulu formulation with Punarnava, used for edema, gout, and other inflammatory conditions.",herb_benefits_punarnavadi_guggulu
how to use punarnavadi guggulu,punarnavadi guggulu,"A Guggulu formulation with Punarnava, used for edema, gout, and other inflammatory conditions.",herb_benefits_punarnavadi_guggulu
punarnavadi guggulu medicinal properties,punarnavadi guggulu,"A Guggulu formulation with Punarnava, used for edema, gout, and other inflammatory conditions.",herb_benefits_punarnavadi_guggulu
punarnavadi guggulu health benefits,punarnavadi guggulu,"A Guggulu formulation with Punarnava, used for edema, gout, and other inflammatory conditions.",herb_benefits_punarnavadi_guggulu
therapeutic effects of punarnavadi guggulu,punarnavadi guggulu,"A Guggulu formulation with Punarnava, used for edema, gout, and other inflammatory conditions.",herb_benefits_punarnavadi_guggulu
benefits of hinguvachadi churna,hinguvachadi churna,"A powder with Hingu and Vacha, used for severe indigestion, bloating, and abdominal pain.",herb_benefits_hinguvachadi_churna
hinguvachadi churna for deepana,hinguvachadi churna,hinguvachadi churna is beneficial for deepana,herb_benefits_deepana
hinguvachadi churna for pachana,hinguvachadi churna,hinguvachadi churna is beneficial for pachana,herb_benefits_pachana
hinguvachadi churna for shoolaghna,hinguvachadi churna,hinguvachadi churna is beneficial for shoolaghna,herb_benefits_shoolaghna
what is hinguvachadi churna used for,hinguvachadi churna,"A powder with Hingu and Vacha, used for severe indigestion, bloating, and abdominal pain.",herb_benefits_hinguvachadi_churna
how to use hinguvachadi churna,hinguvachadi churna,"A powder with Hingu and Vacha, used for severe indigestion, bloating, and abdominal pain.",herb_benefits_hinguvachadi_churna
hinguvachadi churna medicinal properties,hinguvachadi churna,"A powder with Hingu and Vacha, used for severe indigestion, bloating, and abdominal pain.",herb_benefits_hinguvachadi_churna
hinguvachadi churna health benefits,hinguvachadi churna,"A powder with Hingu and Vacha, used for severe indigestion, bloating, and abdominal pain.",herb_benefits_hinguvachadi_churna
therapeutic effects of hinguvachadi churna,hinguvachadi churna,"A powder with Hingu and Vacha, used for severe indigestion, bloating, and abdominal pain.",herb_benefits_hinguvachadi_churna
benefits of vaiswanara churna,vaiswanara churna,"'The Universal Fire' powder, a strong digestive stimulant and laxative for ama and constipation.",herb_benefits_vaiswanara_churna
vaiswanara churna for deepana,vaiswanara churna,vaiswanara churna is beneficial for deepana,herb_benefits_deepana
vaiswanara churna for virechana,vaiswanara churna,vaiswanara churna is beneficial for virechana,herb_benefits_virechana
what is vaiswanara churna used for,vaiswanara churna,"'The Universal Fire' powder, a strong digestive stimulant and laxative for ama and constipation.",herb_benefits_vaiswanara_churna
how to use vaiswanara churna,vaiswanara churna,"'The Universal Fire' powder, a strong digestive stimulant and laxative for ama and constipation.",herb_benefits_vaiswanara_churna
vaiswanara churna medicinal properties,vaiswanara churna,"'The Universal Fire' powder, a strong digestive stimulant and laxative for ama and constipation.",herb_benefits_vaiswanara_churna
vaiswanara churna health benefits,vaiswanara churna,"'The Universal Fire' powder, a strong digestive stimulant and laxative for ama and constipation.",herb_benefits_vaiswanara_churna
therapeutic effects of vaiswanara churna,vaiswanara churna,"'The Universal Fire' powder, a strong digestive stimulant and laxative for ama and constipation.",herb_benefits_vaiswanara_churna
benefits of kalyanaka ghrita,kalyanaka ghrita,"A medicated ghee used as a brain tonic for psychological disorders, speech problems, and to improve memory.",herb_benefits_kalyanaka_ghrita
kalyanaka ghrita for medhya,kalyanaka ghrita,kalyanaka ghrita is beneficial for medhya,herb_benefits_medhya
kalyanaka ghrita for rasayan,kalyanaka ghrita,kalyanaka ghrita is beneficial for rasayan,herb_benefits_rasayan
what is kalyanaka ghrita used for,kalyanaka ghrita,"A medicated ghee used as a brain tonic for psychological disorders, speech problems, and to improve memory.",herb_benefits_kalyanaka_ghrita
how to use kalyanaka ghrita,kalyanaka ghrita,"A medicated ghee used as a brain tonic for psychological disorders, speech problems, and to improve memory.",herb_benefits_kalyanaka_ghrita
kalyanaka ghrita medicinal properties,kalyanaka ghrita,"A medicated ghee used as a brain tonic for psychological disorders, speech problems, and to improve memory.",herb_benefits_kalyanaka_ghrita
kalyanaka ghrita health benefits,kalyanaka ghrita,"A medicated ghee used as a brain tonic for psychological disorders, speech problems, and to improve memory.",herb_benefits_kalyanaka_ghrita
therapeutic effects of kalyanaka ghrita,kalyanaka ghrita,"A medicated ghee used as a brain tonic for psychological disorders, speech problems, and to improve memory.",herb_benefits_kalyanaka_ghrita
benefits of indukantham ghritam,indukantham ghritam,A famous South Indian ghee formulation for enhancing immunity and treating chronic fevers and debility.,herb_benefits_indukantham_ghritam
indukantham ghritam for rasayan,indukantham ghritam,indukantham ghritam is beneficial for rasayan,herb_benefits_rasayan
indukantham ghritam for jwaraghna,indukantham ghritam,indukantham ghritam is beneficial for jwaraghna,herb_benefits_jwaraghna
indukantham ghritam for balya,indukantham ghritam,indukantham ghritam is beneficial for balya,herb_benefits_balya
what is indukantham ghritam used for,indukantham ghritam,A famous South Indian ghee formulation for enhancing immunity and treating chronic fevers and debility.,herb_benefits_indukantham_ghritam
how to use indukantham ghritam,indukantham ghritam,A famous South Indian ghee formulation for enhancing immunity and treating chronic fevers and debility.,herb_benefits_indukantham_ghritam
indukantham ghritam medicinal properties,indukantham ghritam,A famous South Indian ghee formulation for enhancing immunity and treating chronic fevers and debility.,herb_benefits_indukantham_ghritam
indukantham ghritam health benefits,indukantham ghritam,A famous South Indian ghee formulation for enhancing immunity and treating chronic fevers and debility.,herb_benefits_indukantham_ghritam
therapeutic effects of indukantham ghritam,indukantham ghritam,A famous South Indian ghee formulation for enhancing immunity and treating chronic fevers and debility.,herb_benefits_indukantham_ghritam
benefits of sukumaram ghritam,sukumaram ghritam,"A medicated ghee primarily for gynecological disorders, hernia, and digestive issues. It is a gentle tonic.",herb_benefits_sukumaram_ghritam
sukumaram ghritam for vatahara,sukumaram ghritam,sukumaram ghritam is beneficial for vatahara,herb_benefits_vatahara
sukumaram ghritam for yonirogahara,sukumaram ghritam,sukumaram ghritam is beneficial for yonirogahara,herb_benefits_yonirogahara
what is sukumaram ghritam used for,sukumaram ghritam,"A medicated ghee primarily for gynecological disorders, hernia, and digestive issues. It is a gentle tonic.",herb_benefits_sukumaram_ghritam
how to use sukumaram ghritam,sukumaram ghritam,"A medicated ghee primarily for gynecological disorders, hernia, and digestive issues. It is a gentle tonic.",herb_benefits_sukumaram_ghritam
sukumaram ghritam medicinal properties,sukumaram ghritam,"A medicated ghee primarily for gynecological disorders, hernia, and digestive issues. It is a gentle tonic.",herb_benefits_sukumaram_ghritam
sukumaram ghritam health benefits,sukumaram ghritam,"A medicated ghee primarily for gynecological disorders, hernia, and digestive issues. It is a gentle tonic.",herb_benefits_sukumaram_ghritam
therapeutic effects of sukumaram ghritam,sukumaram ghritam,"A medicated ghee primarily for gynecological disorders, hernia, and digestive issues. It is a gentle tonic.",herb_benefits_sukumaram_ghritam
benefits of guggulutiktakam ghritam,guggulutiktakam ghritam,"A bitter ghee with Guggulu, used for chronic skin diseases, arthritis, and deep-seated inflammation.",herb_benefits_guggulutiktakam_ghritam
guggulutiktakam ghritam for kushtaghna,guggulutiktakam ghritam,guggulutiktakam ghritam is beneficial for kushtaghna,herb_benefits_kushtaghna
guggulutiktakam ghritam for vatahara,guggulutiktakam ghritam,guggulutiktakam ghritam is beneficial for vatahara,herb_benefits_vatahara
guggulutiktakam ghritam for raktashodhak,guggulutiktakam ghritam,guggulutiktakam ghritam is beneficial for raktashodhak,herb_benefits_raktashodhak
what is guggulutiktakam ghritam used for,guggulutiktakam ghritam,"A bitter ghee with Guggulu, used for chronic skin diseases, arthritis, and deep-seated inflammation.",herb_benefits_guggulutiktakam_ghritam
how to use guggulutiktakam ghritam,guggulutiktakam ghritam,"A bitter ghee with Guggulu, used for chronic skin diseases, arthritis, and deep-seated inflammation.",herb_benefits_guggulutiktakam_ghritam
guggulutiktakam ghritam medicinal properties,guggulutiktakam ghritam,"A bitter ghee with Guggulu, used for chronic skin diseases, arthritis, and deep-seated inflammation.",herb_benefits_guggulutiktakam_ghritam
guggulutiktakam ghritam health benefits,guggulutiktakam ghritam,"A bitter ghee with Guggulu, used for chronic skin diseases, arthritis, and deep-seated inflammation.",herb_benefits_guggulutiktakam_ghritam
therapeutic effects of guggulutiktakam ghritam,guggulutiktakam ghritam,"A bitter ghee with Guggulu, used for chronic skin diseases, arthritis, and deep-seated inflammation.",herb_benefits_guggulutiktakam_ghritam
benefits of mahakalyanaka ghritam,mahakalyanaka ghritam,"A more potent version of Kalyanaka Ghrita, used for serious psychological conditions, infertility, and as a brain tonic.",herb_benefits_mahakalyanaka_ghritam
mahakalyanaka ghritam for medhya,mahakalyanaka ghritam,mahakalyanaka ghritam is beneficial for medhya,herb_benefits_medhya
mahakalyanaka ghritam for rasayan,mahakalyanaka ghritam,mahakalyanaka ghritam is beneficial for rasayan,herb_benefits_rasayan
mahakalyanaka ghritam for vrishya,mahakalyanaka ghritam,mahakalyanaka ghritam is beneficial for vrishya,herb_benefits_vrishya
what is mahakalyanaka ghritam used for,mahakalyanaka ghritam,"A more potent version of Kalyanaka Ghrita, used for serious psychological conditions, infertility, and as a brain tonic.",herb_benefits_mahakalyanaka_ghritam
how to use mahakalyanaka ghritam,mahakalyanaka ghritam,"A more potent version of Kalyanaka Ghrita, used for serious psychological conditions, infertility, and as a brain tonic.",herb_benefits_mahakalyanaka_ghritam
mahakalyanaka ghritam medicinal properties,mahakalyanaka ghritam,"A more potent version of Kalyanaka Ghrita, used for serious psychological conditions, infertility, and as a brain tonic.",herb_benefits_mahakalyanaka_ghritam
mahakalyanaka ghritam health benefits,mahakalyanaka ghritam,"A more potent version of Kalyanaka Ghrita, used for serious psychological conditions, infertility, and as a brain tonic.",herb_benefits_mahakalyanaka_ghritam
therapeutic effects of mahakalyanaka ghritam,mahakalyanaka ghritam,"A more potent version of Kalyanaka Ghrita, used for serious psychological conditions, infertility, and as a brain tonic.",herb_benefits_mahakalyanaka_ghritam
benefits of vidaryadyasava,vidaryadyasava,"A fermented tonic with Vidari, it is a cardiac tonic and general health promoter for emaciation and debility.",herb_benefits_vidaryadyasava
vidaryadyasava for hridaya,vidaryadyasava,vidaryadyasava is beneficial for hridaya,herb_benefits_hridaya
vidaryadyasava for balya,vidaryadyasava,vidaryadyasava is beneficial for balya,herb_benefits_balya
vidaryadyasava for brimhaniya,vidaryadyasava,vidaryadyasava is beneficial for brimhaniya,herb_benefits_brimhaniya
what is vidaryadyasava used for,vidaryadyasava,"A fermented tonic with Vidari, it is a cardiac tonic and general health promoter for emaciation and debility.",herb_benefits_vidaryadyasava
how to use vidaryadyasava,vidaryadyasava,"A fermented tonic with Vidari, it is a cardiac tonic and general health promoter for emaciation and debility.",herb_benefits_vidaryadyasava
vidaryadyasava medicinal properties,vidaryadyasava,"A fermented tonic with Vidari, it is a cardiac tonic and general health promoter for emaciation and debility.",herb_benefits_vidaryadyasava
vidaryadyasava health benefits,vidaryadyasava,"A fermented tonic with Vidari, it is a cardiac tonic and general health promoter for emaciation and debility.",herb_benefits_vidaryadyasava
therapeutic effects of vidaryadyasava,vidaryadyasava,"A fermented tonic with Vidari, it is a cardiac tonic and general health promoter for emaciation and debility.",herb_benefits_vidaryadyasava
benefits of lodhrasva,lodhrasva,"A fermented preparation of Lodhra, used for gynecological problems, anemia, and urinary disorders.",herb_benefits_lodhrasva
lodhrasva for yonirogahara,lodhrasva,lodhrasva is beneficial for yonirogahara,herb_benefits_yonirogahara
lodhrasva for pramehaghna,lodhrasva,lodhrasva is beneficial for pramehaghna,herb_benefits_pramehaghna
what is lodhrasva used for,lodhrasva,"A fermented preparation of Lodhra, used for gynecological problems, anemia, and urinary disorders.",herb_benefits_lodhrasva
how to use lodhrasva,lodhrasva,"A fermented preparation of Lodhra, used for gynecological problems, anemia, and urinary disorders.",herb_benefits_lodhrasva
lodhrasva medicinal properties,lodhrasva,"A fermented preparation of Lodhra, used for gynecological problems, anemia, and urinary disorders.",herb_benefits_lodhrasva
lodhrasva health benefits,lodhrasva,"A fermented preparation of Lodhra, used for gynecological problems, anemia, and urinary disorders.",herb_benefits_lodhrasva
therapeutic effects of lodhrasva,lodhrasva,"A fermented preparation of Lodhra, used for gynecological problems, anemia, and urinary disorders.",herb_benefits_lodhrasva
benefits of eladi vati,eladi vati,"A tablet with Cardamom, used for cough, cold, sore throat, and bad breath.",herb_benefits_eladi_vati
eladi vati for kasahara,eladi vati,eladi vati is beneficial for kasahara,herb_benefits_kasahara
eladi vati for deepana,eladi vati,eladi vati is beneficial for deepana,herb_benefits_deepana
what is eladi vati used for,eladi vati,"A tablet with Cardamom, used for cough, cold, sore throat, and bad breath.",herb_benefits_eladi_vati
how to use eladi vati,eladi vati,"A tablet with Cardamom, used for cough, cold, sore throat, and bad breath.",herb_benefits_eladi_vati
eladi vati medicinal properties,eladi vati,"A tablet with Cardamom, used for cough, cold, sore throat, and bad breath.",herb_benefits_eladi_vati
eladi vati health benefits,eladi vati,"A tablet with Cardamom, used for cough, cold, sore throat, and bad breath.",herb_benefits_eladi_vati
therapeutic effects of eladi vati,eladi vati,"A tablet with Cardamom, used for cough, cold, sore throat, and bad breath.",herb_benefits_eladi_vati
benefits of marichyadi vati,marichyadi vati,"A pungent tablet with Black Pepper, very effective in clearing cough and congestion.",herb_benefits_marichyadi_vati
marichyadi vati for kasahara,marichyadi vati,marichyadi vati is beneficial for kasahara,herb_benefits_kasahara
marichyadi vati for shwasahara,marichyadi vati,marichyadi vati is beneficial for shwasahara,herb_benefits_shwasahara
what is marichyadi vati used for,marichyadi vati,"A pungent tablet with Black Pepper, very effective in clearing cough and congestion.",herb_benefits_marichyadi_vati
how to use marichyadi vati,marichyadi vati,"A pungent tablet with Black Pepper, very effective in clearing cough and congestion.",herb_benefits_marichyadi_vati
marichyadi vati medicinal properties,marichyadi vati,"A pungent tablet with Black Pepper, very effective in clearing cough and congestion.",herb_benefits_marichyadi_vati
marichyadi vati health benefits,marichyadi vati,"A pungent tablet with Black Pepper, very effective in clearing cough and congestion.",herb_benefits_marichyadi_vati
therapeutic effects of marichyadi vati,marichyadi vati,"A pungent tablet with Black Pepper, very effective in clearing cough and congestion.",herb_benefits_marichyadi_vati
benefits of gangadhara churna,gangadhara churna,A classical powder used specifically for diarrhea and dysentery (Atisara and Pravahika).,herb_benefits_gangadhara_churna
gangadhara churna for grahi,gangadhara churna,gangadhara churna is beneficial for grahi,herb_benefits_grahi
gangadhara churna for stambhana,gangadhara churna,gangadhara churna is beneficial for stambhana,herb_benefits_stambhana
what is gangadhara churna used for,gangadhara churna,A classical powder used specifically for diarrhea and dysentery (Atisara and Pravahika).,herb_benefits_gangadhara_churna
how to use gangadhara churna,gangadhara churna,A classical powder used specifically for diarrhea and dysentery (Atisara and Pravahika).,herb_benefits_gangadhara_churna
gangadhara churna medicinal properties,gangadhara churna,A classical powder used specifically for diarrhea and dysentery (Atisara and Pravahika).,herb_benefits_gangadhara_churna
gangadhara churna health benefits,gangadhara churna,A classical powder used specifically for diarrhea and dysentery (Atisara and Pravahika).,herb_benefits_gangadhara_churna
therapeutic effects of gangadhara churna,gangadhara churna,A classical powder used specifically for diarrhea and dysentery (Atisara and Pravahika).,herb_benefits_gangadhara_churna
benefits of dadimadi ghrita,dadimadi ghrita,"Medicated ghee with Pomegranate, used during pregnancy for nourishment and to treat anemia.",herb_benefits_dadimadi_ghrita
dadimadi ghrita for hridaya,dadimadi ghrita,dadimadi ghrita is beneficial for hridaya,herb_benefits_hridaya
dadimadi ghrita for garbhaposhaka,dadimadi ghrita,dadimadi ghrita is beneficial for garbhaposhaka,herb_benefits_garbhaposhaka
what is dadimadi ghrita used for,dadimadi ghrita,"Medicated ghee with Pomegranate, used during pregnancy for nourishment and to treat anemia.",herb_benefits_dadimadi_ghrita
how to use dadimadi ghrita,dadimadi ghrita,"Medicated ghee with Pomegranate, used during pregnancy for nourishment and to treat anemia.",herb_benefits_dadimadi_ghrita
dadimadi ghrita medicinal properties,dadimadi ghrita,"Medicated ghee with Pomegranate, used during pregnancy for nourishment and to treat anemia.",herb_benefits_dadimadi_ghrita
dadimadi ghrita health benefits,dadimadi ghrita,"Medicated ghee with Pomegranate, used during pregnancy for nourishment and to treat anemia.",herb_benefits_dadimadi_ghrita
therapeutic effects of dadimadi ghrita,dadimadi ghrita,"Medicated ghee with Pomegranate, used during pregnancy for nourishment and to treat anemia.",herb_benefits_dadimadi_ghrita
benefits of eranda paka,eranda paka,"A sweet preparation of Castor root, used for Vata disorders like low back pain, sciatica, and arthritis.",herb_benefits_eranda_paka
eranda paka for vatahara,eranda paka,eranda paka is beneficial for vatahara,herb_benefits_vatahara
eranda paka for shoolaghna,eranda paka,eranda paka is beneficial for shoolaghna,herb_benefits_shoolaghna
what is eranda paka used for,eranda paka,"A sweet preparation of Castor root, used for Vata disorders like low back pain, sciatica, and arthritis.",herb_benefits_eranda_paka
how to use eranda paka,eranda paka,"A sweet preparation of Castor root, used for Vata disorders like low back pain, sciatica, and arthritis.",herb_benefits_eranda_paka
eranda paka medicinal properties,eranda paka,"A sweet preparation of Castor root, used for Vata disorders like low back pain, sciatica, and arthritis.",herb_benefits_eranda_paka
eranda paka health benefits,eranda paka,"A sweet preparation of Castor root, used for Vata disorders like low back pain, sciatica, and arthritis.",herb_benefits_eranda_paka
therapeutic effects of eranda paka,eranda paka,"A sweet preparation of Castor root, used for Vata disorders like low back pain, sciatica, and arthritis.",herb_benefits_eranda_paka
benefits of manibhadra guda,manibhadra guda,A jaggery-based formulation used as a laxative and for treating skin diseases and intestinal worms.,herb_benefits_manibhadra_guda
manibhadra guda for virechana,manibhadra guda,manibhadra guda is beneficial for virechana,herb_benefits_virechana
manibhadra guda for kushtaghna,manibhadra guda,manibhadra guda is beneficial for kushtaghna,herb_benefits_kushtaghna
manibhadra guda for krimighna,manibhadra guda,manibhadra guda is beneficial for krimighna,herb_benefits_krimighna
what is manibhadra guda used for,manibhadra guda,A jaggery-based formulation used as a laxative and for treating skin diseases and intestinal worms.,herb_benefits_manibhadra_guda
how to use manibhadra guda,manibhadra guda,A jaggery-based formulation used as a laxative and for treating skin diseases and intestinal worms.,herb_benefits_manibhadra_guda
manibhadra guda medicinal properties,manibhadra guda,A jaggery-based formulation used as a laxative and for treating skin diseases and intestinal worms.,herb_benefits_manibhadra_guda
manibhadra guda health benefits,manibhadra guda,A jaggery-based formulation used as a laxative and for treating skin diseases and intestinal worms.,herb_benefits_manibhadra_guda
therapeutic effects of manibhadra guda,manibhadra guda,A jaggery-based formulation used as a laxative and for treating skin diseases and intestinal worms.,herb_benefits_manibhadra_guda
benefits of phala kalyana ghrita,phala kalyana ghrita,A medicated ghee used in preconception care for both men and women to improve fertility and ensure a healthy progeny.,herb_benefits_phala_kalyana_ghrita
phala kalyana ghrita for vrishya,phala kalyana ghrita,phala kalyana ghrita is beneficial for vrishya,herb_benefits_vrishya
phala kalyana ghrita for garbhaposhaka,phala kalyana ghrita,phala kalyana ghrita is beneficial for garbhaposhaka,herb_benefits_garbhaposhaka
what is phala kalyana ghrita used for,phala kalyana ghrita,A medicated ghee used in preconception care for both men and women to improve fertility and ensure a healthy progeny.,herb_benefits_phala_kalyana_ghrita
how to use phala kalyana ghrita,phala kalyana ghrita,A medicated ghee used in preconception care for both men and women to improve fertility and ensure a healthy progeny.,herb_benefits_phala_kalyana_ghrita
phala kalyana ghrita medicinal properties,phala kalyana ghrita,A medicated ghee used in preconception care for both men and women to improve fertility and ensure a healthy progeny.,herb_benefits_phala_kalyana_ghrita
phala kalyana ghrita health benefits,phala kalyana ghrita,A medicated ghee used in preconception care for both men and women to improve fertility and ensure a healthy progeny.,herb_benefits_phala_kalyana_ghrita
therapeutic effects of phala kalyana ghrita,phala kalyana ghrita,A medicated ghee used in preconception care for both men and women to improve fertility and ensure a healthy progeny.,herb_benefits_phala_kalyana_ghrita
benefits of vaikranta bhasma,vaikranta bhasma,"Ash of Tourmaline is a potent rejuvenator, similar to diamond ash but more accessible. It enhances strength and vitality.",herb_benefits_vaikranta_bhasma
vaikranta bhasma for rasayan,vaikranta bhasma,vaikranta bhasma is beneficial for rasayan,herb_benefits_rasayan
vaikranta bhasma for balya,vaikranta bhasma,vaikranta bhasma is beneficial for balya,herb_benefits_balya
vaikranta bhasma for vrishya,vaikranta bhasma,vaikranta bhasma is beneficial for vrishya,herb_benefits_vrishya
what is vaikranta bhasma used for,vaikranta bhasma,"Ash of Tourmaline is a potent rejuvenator, similar to diamond ash but more accessible. It enhances strength and vitality.",herb_benefits_vaikranta_bhasma
how to use vaikranta bhasma,vaikranta bhasma,"Ash of Tourmaline is a potent rejuvenator, similar to diamond ash but more accessible. It enhances strength and vitality.",herb_benefits_vaikranta_bhasma
vaikranta bhasma medicinal properties,vaikranta bhasma,"Ash of Tourmaline is a potent rejuvenator, similar to diamond ash but more accessible. It enhances strength and vitality.",herb_benefits_vaikranta_bhasma
vaikranta bhasma health benefits,vaikranta bhasma,"Ash of Tourmaline is a potent rejuvenator, similar to diamond ash but more accessible. It enhances strength and vitality.",herb_benefits_vaikranta_bhasma
therapeutic effects of vaikranta bhasma,vaikranta bhasma,"Ash of Tourmaline is a potent rejuvenator, similar to diamond ash but more accessible. It enhances strength and vitality.",herb_benefits_vaikranta_bhasma
benefits of gomeda bhasma,gomeda bhasma,"Ash of Hessonite gem is used to improve digestion, appetite, and pacify the ill effects of Rahu in Vedic astrology.",herb_benefits_gomeda_bhasma
gomeda bhasma for deepana,gomeda bhasma,gomeda bhasma is beneficial for deepana,herb_benefits_deepana
gomeda bhasma for pachana,gomeda bhasma,gomeda bhasma is beneficial for pachana,herb_benefits_pachana
what is gomeda bhasma used for,gomeda bhasma,"Ash of Hessonite gem is used to improve digestion, appetite, and pacify the ill effects of Rahu in Vedic astrology.",herb_benefits_gomeda_bhasma
how to use gomeda bhasma,gomeda bhasma,"Ash of Hessonite gem is used to improve digestion, appetite, and pacify the ill effects of Rahu in Vedic astrology.",herb_benefits_gomeda_bhasma
gomeda bhasma medicinal properties,gomeda bhasma,"Ash of Hessonite gem is used to improve digestion, appetite, and pacify the ill effects of Rahu in Vedic astrology.",herb_benefits_gomeda_bhasma
gomeda bhasma health benefits,gomeda bhasma,"Ash of Hessonite gem is used to improve digestion, appetite, and pacify the ill effects of Rahu in Vedic astrology.",herb_benefits_gomeda_bhasma
therapeutic effects of gomeda bhasma,gomeda bhasma,"Ash of Hessonite gem is used to improve digestion, appetite, and pacify the ill effects of Rahu in Vedic astrology.",herb_benefits_gomeda_bhasma
benefits of neelam pishti,neelam pishti,"Paste of Sapphire gem is a powerful Pitta-pacifying agent, used for its cooling and calming effects.",herb_benefits_neelam_pishti
neelam pishti for dahashamana,neelam pishti,neelam pishti is beneficial for dahashamana,herb_benefits_dahashamana
neelam pishti for hridaya,neelam pishti,neelam pishti is beneficial for hridaya,herb_benefits_hridaya
what is neelam pishti used for,neelam pishti,"Paste of Sapphire gem is a powerful Pitta-pacifying agent, used for its cooling and calming effects.",herb_benefits_neelam_pishti
how to use neelam pishti,neelam pishti,"Paste of Sapphire gem is a powerful Pitta-pacifying agent, used for its cooling and calming effects.",herb_benefits_neelam_pishti
neelam pishti medicinal properties,neelam pishti,"Paste of Sapphire gem is a powerful Pitta-pacifying agent, used for its cooling and calming effects.",herb_benefits_neelam_pishti
neelam pishti health benefits,neelam pishti,"Paste of Sapphire gem is a powerful Pitta-pacifying agent, used for its cooling and calming effects.",herb_benefits_neelam_pishti
therapeutic effects of neelam pishti,neelam pishti,"Paste of Sapphire gem is a powerful Pitta-pacifying agent, used for its cooling and calming effects.",herb_benefits_neelam_pishti
benefits of panna pishti,panna pishti,"Paste of Emerald gem is a nervine tonic that calms the mind, improves intellect, and pacifies all three doshas.",herb_benefits_panna_pishti
panna pishti for medhya,panna pishti,panna pishti is beneficial for medhya,herb_benefits_medhya
panna pishti for balya,panna pishti,panna pishti is beneficial for balya,herb_benefits_balya
what is panna pishti used for,panna pishti,"Paste of Emerald gem is a nervine tonic that calms the mind, improves intellect, and pacifies all three doshas.",herb_benefits_panna_pishti
how to use panna pishti,panna pishti,"Paste of Emerald gem is a nervine tonic that calms the mind, improves intellect, and pacifies all three doshas.",herb_benefits_panna_pishti
panna pishti medicinal properties,panna pishti,"Paste of Emerald gem is a nervine tonic that calms the mind, improves intellect, and pacifies all three doshas.",herb_benefits_panna_pishti
panna pishti health benefits,panna pishti,"Paste of Emerald gem is a nervine tonic that calms the mind, improves intellect, and pacifies all three doshas.",herb_benefits_panna_pishti
therapeutic effects of panna pishti,panna pishti,"Paste of Emerald gem is a nervine tonic that calms the mind, improves intellect, and pacifies all three doshas.",herb_benefits_panna_pishti
benefits of vajra bhasma,vajra bhasma,"Ash of purified Diamond, the ultimate rejuvenator (rasayana) for promoting longevity, immunity, and intellect.",herb_benefits_vajra_bhasma
vajra bhasma for rasayan,vajra bhasma,vajra bhasma is beneficial for rasayan,herb_benefits_rasayan
vajra bhasma for vrishya,vajra bhasma,vajra bhasma is beneficial for vrishya,herb_benefits_vrishya
vajra bhasma for hridaya,vajra bhasma,vajra bhasma is beneficial for hridaya,herb_benefits_hridaya
vajra bhasma for medhya,vajra bhasma,vajra bhasma is beneficial for medhya,herb_benefits_medhya
what is vajra bhasma used for,vajra bhasma,"Ash of purified Diamond, the ultimate rejuvenator (rasayana) for promoting longevity, immunity, and intellect.",herb_benefits_vajra_bhasma
how to use vajra bhasma,vajra bhasma,"Ash of purified Diamond, the ultimate rejuvenator (rasayana) for promoting longevity, immunity, and intellect.",herb_benefits_vajra_bhasma
vajra bhasma medicinal properties,vajra bhasma,"Ash of purified Diamond, the ultimate rejuvenator (rasayana) for promoting longevity, immunity, and intellect.",herb_benefits_vajra_bhasma
vajra bhasma health benefits,vajra bhasma,"Ash of purified Diamond, the ultimate rejuvenator (rasayana) for promoting longevity, immunity, and intellect.",herb_benefits_vajra_bhasma
therapeutic effects of vajra bhasma,vajra bhasma,"Ash of purified Diamond, the ultimate rejuvenator (rasayana) for promoting longevity, immunity, and intellect.",herb_benefits_vajra_bhasma
benefits of kamsya bhasma,kamsya bhasma,"Ash of Bronze is used for intestinal worms, skin diseases, and to improve eyesight.",herb_benefits_kamsya_bhasma
kamsya bhasma for krimighna,kamsya bhasma,kamsya bhasma is beneficial for krimighna,herb_benefits_krimighna
kamsya bhasma for kushtaghna,kamsya bhasma,kamsya bhasma is beneficial for kushtaghna,herb_benefits_kushtaghna
kamsya bhasma for chakshushya,kamsya bhasma,kamsya bhasma is beneficial for chakshushya,herb_benefits_chakshushya
what is kamsya bhasma used for,kamsya bhasma,"Ash of Bronze is used for intestinal worms, skin diseases, and to improve eyesight.",herb_benefits_kamsya_bhasma
how to use kamsya bhasma,kamsya bhasma,"Ash of Bronze is used for intestinal worms, skin diseases, and to improve eyesight.",herb_benefits_kamsya_bhasma
kamsya bhasma medicinal properties,kamsya bhasma,"Ash of Bronze is used for intestinal worms, skin diseases, and to improve eyesight.",herb_benefits_kamsya_bhasma
kamsya bhasma health benefits,kamsya bhasma,"Ash of Bronze is used for intestinal worms, skin diseases, and to improve eyesight.",herb_benefits_kamsya_bhasma
therapeutic effects of kamsya bhasma,kamsya bhasma,"Ash of Bronze is used for intestinal worms, skin diseases, and to improve eyesight.",herb_benefits_kamsya_bhasma
benefits of arka ksheera,arka ksheera,"The latex of the Arka plant is a very potent purgative and is used in minute, purified quantities for severe skin diseases.",herb_benefits_arka_ksheera
arka ksheera for virechana,arka ksheera,arka ksheera is beneficial for virechana,herb_benefits_virechana
arka ksheera for kushtaghna,arka ksheera,arka ksheera is beneficial for kushtaghna,herb_benefits_kushtaghna
what is arka ksheera used for,arka ksheera,"The latex of the Arka plant is a very potent purgative and is used in minute, purified quantities for severe skin diseases.",herb_benefits_arka_ksheera
how to use arka ksheera,arka ksheera,"The latex of the Arka plant is a very potent purgative and is used in minute, purified quantities for severe skin diseases.",herb_benefits_arka_ksheera
arka ksheera medicinal properties,arka ksheera,"The latex of the Arka plant is a very potent purgative and is used in minute, purified quantities for severe skin diseases.",herb_benefits_arka_ksheera
arka ksheera health benefits,arka ksheera,"The latex of the Arka plant is a very potent purgative and is used in minute, purified quantities for severe skin diseases.",herb_benefits_arka_ksheera
therapeutic effects of arka ksheera,arka ksheera,"The latex of the Arka plant is a very potent purgative and is used in minute, purified quantities for severe skin diseases.",herb_benefits_arka_ksheera
benefits of eranda moola,eranda moola,"The root of the Castor plant is a powerful anti-inflammatory and Vata-pacifying herb, used for pain and swelling.",herb_benefits_eranda_moola
eranda moola for vatahara,eranda moola,eranda moola is beneficial for vatahara,herb_benefits_vatahara
eranda moola for shothahara,eranda moola,eranda moola is beneficial for shothahara,herb_benefits_shothahara
what is eranda moola used for,eranda moola,"The root of the Castor plant is a powerful anti-inflammatory and Vata-pacifying herb, used for pain and swelling.",herb_benefits_eranda_moola
how to use eranda moola,eranda moola,"The root of the Castor plant is a powerful anti-inflammatory and Vata-pacifying herb, used for pain and swelling.",herb_benefits_eranda_moola
eranda moola medicinal properties,eranda moola,"The root of the Castor plant is a powerful anti-inflammatory and Vata-pacifying herb, used for pain and swelling.",herb_benefits_eranda_moola
eranda moola health benefits,eranda moola,"The root of the Castor plant is a powerful anti-inflammatory and Vata-pacifying herb, used for pain and swelling.",herb_benefits_eranda_moola
therapeutic effects of eranda moola,eranda moola,"The root of the Castor plant is a powerful anti-inflammatory and Vata-pacifying herb, used for pain and swelling.",herb_benefits_eranda_moola
benefits of hingupatri,hingupatri,"The leaf of the Asafoetida plant is a digestive stimulant, though less potent than the resin (Hingu).",herb_benefits_hingupatri
hingupatri for deepana,hingupatri,hingupatri is beneficial for deepana,herb_benefits_deepana
hingupatri for pachana,hingupatri,hingupatri is beneficial for pachana,herb_benefits_pachana
what is hingupatri used for,hingupatri,"The leaf of the Asafoetida plant is a digestive stimulant, though less potent than the resin (Hingu).",herb_benefits_hingupatri
how to use hingupatri,hingupatri,"The leaf of the Asafoetida plant is a digestive stimulant, though less potent than the resin (Hingu).",herb_benefits_hingupatri
hingupatri medicinal properties,hingupatri,"The leaf of the Asafoetida plant is a digestive stimulant, though less potent than the resin (Hingu).",herb_benefits_hingupatri
hingupatri health benefits,hingupatri,"The leaf of the Asafoetida plant is a digestive stimulant, though less potent than the resin (Hingu).",herb_benefits_hingupatri
therapeutic effects of hingupatri,hingupatri,"The leaf of the Asafoetida plant is a digestive stimulant, though less potent than the resin (Hingu).",herb_benefits_hingupatri
benefits of snuhi ksheera,snuhi ksheera,"The latex of Snuhi is an extremely potent purgative, used with great caution in Ayurveda for detoxification.",herb_benefits_snuhi_ksheera
snuhi ksheera for virechana,snuhi ksheera,snuhi ksheera is beneficial for virechana,herb_benefits_virechana
snuhi ksheera for lekhana,snuhi ksheera,snuhi ksheera is beneficial for lekhana,herb_benefits_lekhana
what is snuhi ksheera used for,snuhi ksheera,"The latex of Snuhi is an extremely potent purgative, used with great caution in Ayurveda for detoxification.",herb_benefits_snuhi_ksheera
how to use snuhi ksheera,snuhi ksheera,"The latex of Snuhi is an extremely potent purgative, used with great caution in Ayurveda for detoxification.",herb_benefits_snuhi_ksheera
snuhi ksheera medicinal properties,snuhi ksheera,"The latex of Snuhi is an extremely potent purgative, used with great caution in Ayurveda for detoxification.",herb_benefits_snuhi_ksheera
snuhi ksheera health benefits,snuhi ksheera,"The latex of Snuhi is an extremely potent purgative, used with great caution in Ayurveda for detoxification.",herb_benefits_snuhi_ksheera
therapeutic effects of snuhi ksheera,snuhi ksheera,"The latex of Snuhi is an extremely potent purgative, used with great caution in Ayurveda for detoxification.",herb_benefits_snuhi_ksheera
benefits of kushmanda svarasa,kushmanda svarasa,"The fresh juice of Ash Gourd is a highly effective brain tonic and coolant, used to calm the mind.",herb_benefits_kushmanda_svarasa
kushmanda svarasa for medhya,kushmanda svarasa,kushmanda svarasa is beneficial for medhya,herb_benefits_medhya
kushmanda svarasa for dahashamana,kushmanda svarasa,kushmanda svarasa is beneficial for dahashamana,herb_benefits_dahashamana
what is kushmanda svarasa used for,kushmanda svarasa,"The fresh juice of Ash Gourd is a highly effective brain tonic and coolant, used to calm the mind.",herb_benefits_kushmanda_svarasa
how to use kushmanda svarasa,kushmanda svarasa,"The fresh juice of Ash Gourd is a highly effective brain tonic and coolant, used to calm the mind.",herb_benefits_kushmanda_svarasa
kushmanda svarasa medicinal properties,kushmanda svarasa,"The fresh juice of Ash Gourd is a highly effective brain tonic and coolant, used to calm the mind.",herb_benefits_kushmanda_svarasa
kushmanda svarasa health benefits,kushmanda svarasa,"The fresh juice of Ash Gourd is a highly effective brain tonic and coolant, used to calm the mind.",herb_benefits_kushmanda_svarasa
therapeutic effects of kushmanda svarasa,kushmanda svarasa,"The fresh juice of Ash Gourd is a highly effective brain tonic and coolant, used to calm the mind.",herb_benefits_kushmanda_svarasa
benefits of kshara parpati,kshara parpati,An alkaline formulation used as a diuretic and for treating urinary tract disorders and kidney stones.,herb_benefits_kshara_parpati
kshara parpati for mutrala,kshara parpati,kshara parpati is beneficial for mutrala,herb_benefits_mutrala
kshara parpati for ashmaribhedana,kshara parpati,kshara parpati is beneficial for ashmaribhedana,herb_benefits_ashmaribhedana
what is kshara parpati used for,kshara parpati,An alkaline formulation used as a diuretic and for treating urinary tract disorders and kidney stones.,herb_benefits_kshara_parpati
how to use kshara parpati,kshara parpati,An alkaline formulation used as a diuretic and for treating urinary tract disorders and kidney stones.,herb_benefits_kshara_parpati
kshara parpati medicinal properties,kshara parpati,An alkaline formulation used as a diuretic and for treating urinary tract disorders and kidney stones.,herb_benefits_kshara_parpati
kshara parpati health benefits,kshara parpati,An alkaline formulation used as a diuretic and for treating urinary tract disorders and kidney stones.,herb_benefits_kshara_parpati
therapeutic effects of kshara parpati,kshara parpati,An alkaline formulation used as a diuretic and for treating urinary tract disorders and kidney stones.,herb_benefits_kshara_parpati
benefits of panchamrita parpati,panchamrita parpati,"A herbo-mineral formulation used for malabsorption syndrome, diarrhea, and improving digestive strength.",herb_benefits_panchamrita_parpati
panchamrita parpati for grahi,panchamrita parpati,panchamrita parpati is beneficial for grahi,herb_benefits_grahi
panchamrita parpati for deepana,panchamrita parpati,panchamrita parpati is beneficial for deepana,herb_benefits_deepana
what is panchamrita parpati used for,panchamrita parpati,"A herbo-mineral formulation used for malabsorption syndrome, diarrhea, and improving digestive strength.",herb_benefits_panchamrita_parpati
how to use panchamrita parpati,panchamrita parpati,"A herbo-mineral formulation used for malabsorption syndrome, diarrhea, and improving digestive strength.",herb_benefits_panchamrita_parpati
panchamrita parpati medicinal properties,panchamrita parpati,"A herbo-mineral formulation used for malabsorption syndrome, diarrhea, and improving digestive strength.",herb_benefits_panchamrita_parpati
panchamrita parpati health benefits,panchamrita parpati,"A herbo-mineral formulation used for malabsorption syndrome, diarrhea, and improving digestive strength.",herb_benefits_panchamrita_parpati
therapeutic effects of panchamrita parpati,panchamrita parpati,"A herbo-mineral formulation used for malabsorption syndrome, diarrhea, and improving digestive strength.",herb_benefits_panchamrita_parpati
benefits of swarna parpati,swarna parpati,"A formulation containing Gold, used as a powerful rejuvenative and for treating chronic digestive issues.",herb_benefits_swarna_parpati
swarna parpati for rasayan,swarna parpati,swarna parpati is beneficial for rasayan,herb_benefits_rasayan
swarna parpati for grahi,swarna parpati,swarna parpati is beneficial for grahi,herb_benefits_grahi
what is swarna parpati used for,swarna parpati,"A formulation containing Gold, used as a powerful rejuvenative and for treating chronic digestive issues.",herb_benefits_swarna_parpati
how to use swarna parpati,swarna parpati,"A formulation containing Gold, used as a powerful rejuvenative and for treating chronic digestive issues.",herb_benefits_swarna_parpati
swarna parpati medicinal properties,swarna parpati,"A formulation containing Gold, used as a powerful rejuvenative and for treating chronic digestive issues.",herb_benefits_swarna_parpati
swarna parpati health benefits,swarna parpati,"A formulation containing Gold, used as a powerful rejuvenative and for treating chronic digestive issues.",herb_benefits_swarna_parpati
therapeutic effects of swarna parpati,swarna parpati,"A formulation containing Gold, used as a powerful rejuvenative and for treating chronic digestive issues.",herb_benefits_swarna_parpati
benefits of lohasava,lohasava,"An iron-rich fermented tonic used for anemia, swelling, and liver and spleen enlargement.",herb_benefits_lohasava
lohasava for raktavardhak,lohasava,lohasava is beneficial for raktavardhak,herb_benefits_raktavardhak
lohasava for shothahara,lohasava,lohasava is beneficial for shothahara,herb_benefits_shothahara
what is lohasava used for,lohasava,"An iron-rich fermented tonic used for anemia, swelling, and liver and spleen enlargement.",herb_benefits_lohasava
how to use lohasava,lohasava,"An iron-rich fermented tonic used for anemia, swelling, and liver and spleen enlargement.",herb_benefits_lohasava
lohasava medicinal properties,lohasava,"An iron-rich fermented tonic used for anemia, swelling, and liver and spleen enlargement.",herb_benefits_lohasava
lohasava health benefits,lohasava,"An iron-rich fermented tonic used for anemia, swelling, and liver and spleen enlargement.",herb_benefits_lohasava
therapeutic effects of lohasava,lohasava,"An iron-rich fermented tonic used for anemia, swelling, and liver and spleen enlargement.",herb_benefits_lohasava
benefits of punarnavasava,punarnavasava,"A fermented tonic of Punarnava, it is a powerful diuretic and liver tonic, used for edema and kidney disorders.",herb_benefits_punarnavasava
punarnavasava for mutrala,punarnavasava,punarnavasava is beneficial for mutrala,herb_benefits_mutrala
punarnavasava for shothahara,punarnavasava,punarnavasava is beneficial for shothahara,herb_benefits_shothahara
punarnavasava for yakrituttejaka,punarnavasava,punarnavasava is beneficial for yakrituttejaka,herb_benefits_yakrituttejaka
what is punarnavasava used for,punarnavasava,"A fermented tonic of Punarnava, it is a powerful diuretic and liver tonic, used for edema and kidney disorders.",herb_benefits_punarnavasava
how to use punarnavasava,punarnavasava,"A fermented tonic of Punarnava, it is a powerful diuretic and liver tonic, used for edema and kidney disorders.",herb_benefits_punarnavasava
punarnavasava medicinal properties,punarnavasava,"A fermented tonic of Punarnava, it is a powerful diuretic and liver tonic, used for edema and kidney disorders.",herb_benefits_punarnavasava
punarnavasava health benefits,punarnavasava,"A fermented tonic of Punarnava, it is a powerful diuretic and liver tonic, used for edema and kidney disorders.",herb_benefits_punarnavasava
therapeutic effects of punarnavasava,punarnavasava,"A fermented tonic of Punarnava, it is a powerful diuretic and liver tonic, used for edema and kidney disorders.",herb_benefits_punarnavasava
benefits of sarivadyasava,sarivadyasava,"A fermented tonic of Sariva, it is a potent blood purifier used for skin diseases, gout, and syphilis.",herb_benefits_sarivadyasava
sarivadyasava for raktashodhak,sarivadyasava,sarivadyasava is beneficial for raktashodhak,herb_benefits_raktashodhak
sarivadyasava for kushtaghna,sarivadyasava,sarivadyasava is beneficial for kushtaghna,herb_benefits_kushtaghna
what is sarivadyasava used for,sarivadyasava,"A fermented tonic of Sariva, it is a potent blood purifier used for skin diseases, gout, and syphilis.",herb_benefits_sarivadyasava
how to use sarivadyasava,sarivadyasava,"A fermented tonic of Sariva, it is a potent blood purifier used for skin diseases, gout, and syphilis.",herb_benefits_sarivadyasava
sarivadyasava medicinal properties,sarivadyasava,"A fermented tonic of Sariva, it is a potent blood purifier used for skin diseases, gout, and syphilis.",herb_benefits_sarivadyasava
sarivadyasava health benefits,sarivadyasava,"A fermented tonic of Sariva, it is a potent blood purifier used for skin diseases, gout, and syphilis.",herb_benefits_sarivadyasava
therapeutic effects of sarivadyasava,sarivadyasava,"A fermented tonic of Sariva, it is a potent blood purifier used for skin diseases, gout, and syphilis.",herb_benefits_sarivadyasava
benefits of ajamodadi churna,ajamodadi churna,"A powder with Ajamoda, it is a specific remedy for joint pain, arthritis, and sciatica.",herb_benefits_ajamodadi_churna
ajamodadi churna for vatahara,ajamodadi churna,ajamodadi churna is beneficial for vatahara,herb_benefits_vatahara
ajamodadi churna for shoolaghna,ajamodadi churna,ajamodadi churna is beneficial for shoolaghna,herb_benefits_shoolaghna
ajamodadi churna for amapachana,ajamodadi churna,ajamodadi churna is beneficial for amapachana,herb_benefits_amapachana
what is ajamodadi churna used for,ajamodadi churna,"A powder with Ajamoda, it is a specific remedy for joint pain, arthritis, and sciatica.",herb_benefits_ajamodadi_churna
how to use ajamodadi churna,ajamodadi churna,"A powder with Ajamoda, it is a specific remedy for joint pain, arthritis, and sciatica.",herb_benefits_ajamodadi_churna
ajamodadi churna medicinal properties,ajamodadi churna,"A powder with Ajamoda, it is a specific remedy for joint pain, arthritis, and sciatica.",herb_benefits_ajamodadi_churna
ajamodadi churna health benefits,ajamodadi churna,"A powder with Ajamoda, it is a specific remedy for joint pain, arthritis, and sciatica.",herb_benefits_ajamodadi_churna
therapeutic effects of ajamodadi churna,ajamodadi churna,"A powder with Ajamoda, it is a specific remedy for joint pain, arthritis, and sciatica.",herb_benefits_ajamodadi_churna
benefits of panchakola churna,panchakola churna,"A combination of five pungent herbs, it is a powerful appetizer and digestive stimulant.",herb_benefits_panchakola_churna
panchakola churna for deepana,panchakola churna,panchakola churna is beneficial for deepana,herb_benefits_deepana
panchakola churna for pachana,panchakola churna,panchakola churna is beneficial for pachana,herb_benefits_pachana
panchakola churna for shoolaghna,panchakola churna,panchakola churna is beneficial for shoolaghna,herb_benefits_shoolaghna
what is panchakola churna used for,panchakola churna,"A combination of five pungent herbs, it is a powerful appetizer and digestive stimulant.",herb_benefits_panchakola_churna
how to use panchakola churna,panchakola churna,"A combination of five pungent herbs, it is a powerful appetizer and digestive stimulant.",herb_benefits_panchakola_churna
panchakola churna medicinal properties,panchakola churna,"A combination of five pungent herbs, it is a powerful appetizer and digestive stimulant.",herb_benefits_panchakola_churna
panchakola churna health benefits,panchakola churna,"A combination of five pungent herbs, it is a powerful appetizer and digestive stimulant.",herb_benefits_panchakola_churna
therapeutic effects of panchakola churna,panchakola churna,"A combination of five pungent herbs, it is a powerful appetizer and digestive stimulant.",herb_benefits_panchakola_churna
benefits of chitrakadi vati,chitrakadi vati,"A tablet with Chitrak as the main ingredient, used to stimulate digestive fire and digest toxins (ama).",herb_benefits_chitrakadi_vati
chitrakadi vati for deepana,chitrakadi vati,chitrakadi vati is beneficial for deepana,herb_benefits_deepana
chitrakadi vati for pachana,chitrakadi vati,chitrakadi vati is beneficial for pachana,herb_benefits_pachana
chitrakadi vati for amapachana,chitrakadi vati,chitrakadi vati is beneficial for amapachana,herb_benefits_amapachana
what is chitrakadi vati used for,chitrakadi vati,"A tablet with Chitrak as the main ingredient, used to stimulate digestive fire and digest toxins (ama).",herb_benefits_chitrakadi_vati
how to use chitrakadi vati,chitrakadi vati,"A tablet with Chitrak as the main ingredient, used to stimulate digestive fire and digest toxins (ama).",herb_benefits_chitrakadi_vati
chitrakadi vati medicinal properties,chitrakadi vati,"A tablet with Chitrak as the main ingredient, used to stimulate digestive fire and digest toxins (ama).",herb_benefits_chitrakadi_vati
chitrakadi vati health benefits,chitrakadi vati,"A tablet with Chitrak as the main ingredient, used to stimulate digestive fire and digest toxins (ama).",herb_benefits_chitrakadi_vati
therapeutic effects of chitrakadi vati,chitrakadi vati,"A tablet with Chitrak as the main ingredient, used to stimulate digestive fire and digest toxins (ama).",herb_benefits_chitrakadi_vati
benefits of lasunadi vati,lasunadi vati,"A tablet with Garlic as its main ingredient, used for diarrhea, indigestion, and bloating.",herb_benefits_lasunadi_vati
lasunadi vati for pachana,lasunadi vati,lasunadi vati is beneficial for pachana,herb_benefits_pachana
lasunadi vati for vatanulomana,lasunadi vati,lasunadi vati is beneficial for vatanulomana,herb_benefits_vatanulomana
what is lasunadi vati used for,lasunadi vati,"A tablet with Garlic as its main ingredient, used for diarrhea, indigestion, and bloating.",herb_benefits_lasunadi_vati
how to use lasunadi vati,lasunadi vati,"A tablet with Garlic as its main ingredient, used for diarrhea, indigestion, and bloating.",herb_benefits_lasunadi_vati
lasunadi vati medicinal properties,lasunadi vati,"A tablet with Garlic as its main ingredient, used for diarrhea, indigestion, and bloating.",herb_benefits_lasunadi_vati
lasunadi vati health benefits,lasunadi vati,"A tablet with Garlic as its main ingredient, used for diarrhea, indigestion, and bloating.",herb_benefits_lasunadi_vati
therapeutic effects of lasunadi vati,lasunadi vati,"A tablet with Garlic as its main ingredient, used for diarrhea, indigestion, and bloating.",herb_benefits_lasunadi_vati
benefits of mustakarishta,mustakarishta,"A fermented decoction of Musta, it is a premier medicine for all types of digestive disturbances like IBS and indigestion.",herb_benefits_mustakarishta
mustakarishta for deepana,mustakarishta,mustakarishta is beneficial for deepana,herb_benefits_deepana
mustakarishta for pachana,mustakarishta,mustakarishta is beneficial for pachana,herb_benefits_pachana
mustakarishta for grahi,mustakarishta,mustakarishta is beneficial for grahi,herb_benefits_grahi
what is mustakarishta used for,mustakarishta,"A fermented decoction of Musta, it is a premier medicine for all types of digestive disturbances like IBS and indigestion.",herb_benefits_mustakarishta
how to use mustakarishta,mustakarishta,"A fermented decoction of Musta, it is a premier medicine for all types of digestive disturbances like IBS and indigestion.",herb_benefits_mustakarishta
mustakarishta medicinal properties,mustakarishta,"A fermented decoction of Musta, it is a premier medicine for all types of digestive disturbances like IBS and indigestion.",herb_benefits_mustakarishta
mustakarishta health benefits,mustakarishta,"A fermented decoction of Musta, it is a premier medicine for all types of digestive disturbances like IBS and indigestion.",herb_benefits_mustakarishta
therapeutic effects of mustakarishta,mustakarishta,"A fermented decoction of Musta, it is a premier medicine for all types of digestive disturbances like IBS and indigestion.",herb_benefits_mustakarishta
benefits of rohitakarishta,rohitakarishta,"A fermented formulation of Rohitaka, used primarily for liver and spleen enlargement and related disorders.",herb_benefits_rohitakarishta
rohitakarishta for yakrituttejaka,rohitakarishta,rohitakarishta is beneficial for yakrituttejaka,herb_benefits_yakrituttejaka
rohitakarishta for raktashodhak,rohitakarishta,rohitakarishta is beneficial for raktashodhak,herb_benefits_raktashodhak
what is rohitakarishta used for,rohitakarishta,"A fermented formulation of Rohitaka, used primarily for liver and spleen enlargement and related disorders.",herb_benefits_rohitakarishta
how to use rohitakarishta,rohitakarishta,"A fermented formulation of Rohitaka, used primarily for liver and spleen enlargement and related disorders.",herb_benefits_rohitakarishta
rohitakarishta medicinal properties,rohitakarishta,"A fermented formulation of Rohitaka, used primarily for liver and spleen enlargement and related disorders.",herb_benefits_rohitakarishta
rohitakarishta health benefits,rohitakarishta,"A fermented formulation of Rohitaka, used primarily for liver and spleen enlargement and related disorders.",herb_benefits_rohitakarishta
therapeutic effects of rohitakarishta,rohitakarishta,"A fermented formulation of Rohitaka, used primarily for liver and spleen enlargement and related disorders.",herb_benefits_rohitakarishta
benefits of karpasasthyadi thailam,karpasasthyadi thailam,"A medicated oil with Cotton seed, used for Vata disorders like paralysis, facial palsy, and spondylosis.",herb_benefits_karpasasthyadi_thailam
karpasasthyadi thailam for vatahara,karpasasthyadi thailam,karpasasthyadi thailam is beneficial for vatahara,herb_benefits_vatahara
karpasasthyadi thailam for balya,karpasasthyadi thailam,karpasasthyadi thailam is beneficial for balya,herb_benefits_balya
what is karpasasthyadi thailam used for,karpasasthyadi thailam,"A medicated oil with Cotton seed, used for Vata disorders like paralysis, facial palsy, and spondylosis.",herb_benefits_karpasasthyadi_thailam
how to use karpasasthyadi thailam,karpasasthyadi thailam,"A medicated oil with Cotton seed, used for Vata disorders like paralysis, facial palsy, and spondylosis.",herb_benefits_karpasasthyadi_thailam
karpasasthyadi thailam medicinal properties,karpasasthyadi thailam,"A medicated oil with Cotton seed, used for Vata disorders like paralysis, facial palsy, and spondylosis.",herb_benefits_karpasasthyadi_thailam
karpasasthyadi thailam health benefits,karpasasthyadi thailam,"A medicated oil with Cotton seed, used for Vata disorders like paralysis, facial palsy, and spondylosis.",herb_benefits_karpasasthyadi_thailam
therapeutic effects of karpasasthyadi thailam,karpasasthyadi thailam,"A medicated oil with Cotton seed, used for Vata disorders like paralysis, facial palsy, and spondylosis.",herb_benefits_karpasasthyadi_thailam
benefits of balaswagandhadi thailam,balaswagandhadi thailam,"A highly nourishing oil combining Bala and Ashwagandha, used to build muscle mass, strengthen nerves, and for rejuvenation.",herb_benefits_balaswagandhadi_thailam
balaswagandhadi thailam for rasayan,balaswagandhadi thailam,balaswagandhadi thailam is beneficial for rasayan,herb_benefits_rasayan
balaswagandhadi thailam for balya,balaswagandhadi thailam,balaswagandhadi thailam is beneficial for balya,herb_benefits_balya
balaswagandhadi thailam for brimhaniya,balaswagandhadi thailam,balaswagandhadi thailam is beneficial for brimhaniya,herb_benefits_brimhaniya
what is balaswagandhadi thailam used for,balaswagandhadi thailam,"A highly nourishing oil combining Bala and Ashwagandha, used to build muscle mass, strengthen nerves, and for rejuvenation.",herb_benefits_balaswagandhadi_thailam
how to use balaswagandhadi thailam,balaswagandhadi thailam,"A highly nourishing oil combining Bala and Ashwagandha, used to build muscle mass, strengthen nerves, and for rejuvenation.",herb_benefits_balaswagandhadi_thailam
balaswagandhadi thailam medicinal properties,balaswagandhadi thailam,"A highly nourishing oil combining Bala and Ashwagandha, used to build muscle mass, strengthen nerves, and for rejuvenation.",herb_benefits_balaswagandhadi_thailam
balaswagandhadi thailam health benefits,balaswagandhadi thailam,"A highly nourishing oil combining Bala and Ashwagandha, used to build muscle mass, strengthen nerves, and for rejuvenation.",herb_benefits_balaswagandhadi_thailam
therapeutic effects of balaswagandhadi thailam,balaswagandhadi thailam,"A highly nourishing oil combining Bala and Ashwagandha, used to build muscle mass, strengthen nerves, and for rejuvenation.",herb_benefits_balaswagandhadi_thailam
benefits of adhaki,adhaki,Pigeon Pea (Tur Dal) is a common lentil that is light to digest and pacifies Kapha and Pitta.,herb_benefits_adhaki
adhaki for grahi,adhaki,adhaki is beneficial for grahi,herb_benefits_grahi
adhaki for lekhana,adhaki,adhaki is beneficial for lekhana,herb_benefits_lekhana
what is adhaki used for,adhaki,Pigeon Pea (Tur Dal) is a common lentil that is light to digest and pacifies Kapha and Pitta.,herb_benefits_adhaki
how to use adhaki,adhaki,Pigeon Pea (Tur Dal) is a common lentil that is light to digest and pacifies Kapha and Pitta.,herb_benefits_adhaki
adhaki medicinal properties,adhaki,Pigeon Pea (Tur Dal) is a common lentil that is light to digest and pacifies Kapha and Pitta.,herb_benefits_adhaki
adhaki health benefits,adhaki,Pigeon Pea (Tur Dal) is a common lentil that is light to digest and pacifies Kapha and Pitta.,herb_benefits_adhaki
therapeutic effects of adhaki,adhaki,Pigeon Pea (Tur Dal) is a common lentil that is light to digest and pacifies Kapha and Pitta.,herb_benefits_adhaki
benefits of bakula,bakula,"Mimusops elengi is an astringent herb, its bark and flowers are used for dental health and to stop bleeding.",herb_benefits_bakula
bakula for grahi,bakula,bakula is beneficial for grahi,herb_benefits_grahi
bakula for raktastambhana,bakula,bakula is beneficial for raktastambhana,herb_benefits_raktastambhana
what is bakula used for,bakula,"Mimusops elengi is an astringent herb, its bark and flowers are used for dental health and to stop bleeding.",herb_benefits_bakula
how to use bakula,bakula,"Mimusops elengi is an astringent herb, its bark and flowers are used for dental health and to stop bleeding.",herb_benefits_bakula
bakula medicinal properties,bakula,"Mimusops elengi is an astringent herb, its bark and flowers are used for dental health and to stop bleeding.",herb_benefits_bakula
bakula health benefits,bakula,"Mimusops elengi is an astringent herb, its bark and flowers are used for dental health and to stop bleeding.",herb_benefits_bakula
therapeutic effects of bakula,bakula,"Mimusops elengi is an astringent herb, its bark and flowers are used for dental health and to stop bleeding.",herb_benefits_bakula
benefits of bhurja,bhurja,The Himalayan Birch tree's bark was used as paper and is medicinally used for its anti-toxic properties.,herb_benefits_bhurja
bhurja for vishaghna,bhurja,bhurja is beneficial for vishaghna,herb_benefits_vishaghna
bhurja for kushtaghna,bhurja,bhurja is beneficial for kushtaghna,herb_benefits_kushtaghna
what is bhurja used for,bhurja,The Himalayan Birch tree's bark was used as paper and is medicinally used for its anti-toxic properties.,herb_benefits_bhurja
how to use bhurja,bhurja,The Himalayan Birch tree's bark was used as paper and is medicinally used for its anti-toxic properties.,herb_benefits_bhurja
bhurja medicinal properties,bhurja,The Himalayan Birch tree's bark was used as paper and is medicinally used for its anti-toxic properties.,herb_benefits_bhurja
bhurja health benefits,bhurja,The Himalayan Birch tree's bark was used as paper and is medicinally used for its anti-toxic properties.,herb_benefits_bhurja
therapeutic effects of bhurja,bhurja,The Himalayan Birch tree's bark was used as paper and is medicinally used for its anti-toxic properties.,herb_benefits_bhurja
benefits of bijapura,bijapura,Citron fruit is a variety of lemon used to stimulate digestion and as a heart tonic.,herb_benefits_bijapura
bijapura for deepana,bijapura,bijapura is beneficial for deepana,herb_benefits_deepana
bijapura for hridaya,bijapura,bijapura is beneficial for hridaya,herb_benefits_hridaya
what is bijapura used for,bijapura,Citron fruit is a variety of lemon used to stimulate digestion and as a heart tonic.,herb_benefits_bijapura
how to use bijapura,bijapura,Citron fruit is a variety of lemon used to stimulate digestion and as a heart tonic.,herb_benefits_bijapura
bijapura medicinal properties,bijapura,Citron fruit is a variety of lemon used to stimulate digestion and as a heart tonic.,herb_benefits_bijapura
bijapura health benefits,bijapura,Citron fruit is a variety of lemon used to stimulate digestion and as a heart tonic.,herb_benefits_bijapura
therapeutic effects of bijapura,bijapura,Citron fruit is a variety of lemon used to stimulate digestion and as a heart tonic.,herb_benefits_bijapura
benefits of kasturi,kasturi,"Musk is a rare animal product used as a powerful cardiac stimulant, aphrodisiac, and for respiratory distress.",herb_benefits_kasturi
kasturi for hridaya,kasturi,kasturi is beneficial for hridaya,herb_benefits_hridaya
kasturi for vrishya,kasturi,kasturi is beneficial for vrishya,herb_benefits_vrishya
kasturi for shwasahara,kasturi,kasturi is beneficial for shwasahara,herb_benefits_shwasahara
what is kasturi used for,kasturi,"Musk is a rare animal product used as a powerful cardiac stimulant, aphrodisiac, and for respiratory distress.",herb_benefits_kasturi
how to use kasturi,kasturi,"Musk is a rare animal product used as a powerful cardiac stimulant, aphrodisiac, and for respiratory distress.",herb_benefits_kasturi
kasturi medicinal properties,kasturi,"Musk is a rare animal product used as a powerful cardiac stimulant, aphrodisiac, and for respiratory distress.",herb_benefits_kasturi
kasturi health benefits,kasturi,"Musk is a rare animal product used as a powerful cardiac stimulant, aphrodisiac, and for respiratory distress.",herb_benefits_kasturi
therapeutic effects of kasturi,kasturi,"Musk is a rare animal product used as a powerful cardiac stimulant, aphrodisiac, and for respiratory distress.",herb_benefits_kasturi
benefits of navaratna raja mriganka rasa,navaratna raja mriganka rasa,"A complex herbo-mineral formulation with gems and metals, used for chronic Vata diseases and tuberculosis.",herb_benefits_navaratna_raja_mriganka_rasa
navaratna raja mriganka rasa for rasayan,navaratna raja mriganka rasa,navaratna raja mriganka rasa is beneficial for rasayan,herb_benefits_rasayan
navaratna raja mriganka rasa for balya,navaratna raja mriganka rasa,navaratna raja mriganka rasa is beneficial for balya,herb_benefits_balya
what is navaratna raja mriganka rasa used for,navaratna raja mriganka rasa,"A complex herbo-mineral formulation with gems and metals, used for chronic Vata diseases and tuberculosis.",herb_benefits_navaratna_raja_mriganka_rasa
how to use navaratna raja mriganka rasa,navaratna raja mriganka rasa,"A complex herbo-mineral formulation with gems and metals, used for chronic Vata diseases and tuberculosis.",herb_benefits_navaratna_raja_mriganka_rasa
navaratna raja mriganka rasa medicinal properties,navaratna raja mriganka rasa,"A complex herbo-mineral formulation with gems and metals, used for chronic Vata diseases and tuberculosis.",herb_benefits_navaratna_raja_mriganka_rasa
navaratna raja mriganka rasa health benefits,navaratna raja mriganka rasa,"A complex herbo-mineral formulation with gems and metals, used for chronic Vata diseases and tuberculosis.",herb_benefits_navaratna_raja_mriganka_rasa
therapeutic effects of navaratna raja mriganka rasa,navaratna raja mriganka rasa,"A complex herbo-mineral formulation with gems and metals, used for chronic Vata diseases and tuberculosis.",herb_benefits_navaratna_raja_mriganka_rasa
benefits of prabhakar vati,prabhakar vati,A classical tablet formulation that acts as a potent cardiotonic and general strength promoter.,herb_benefits_prabhakar_vati
prabhakar vati for hridaya,prabhakar vati,prabhakar vati is beneficial for hridaya,herb_benefits_hridaya
prabhakar vati for balya,prabhakar vati,prabhakar vati is beneficial for balya,herb_benefits_balya
what is prabhakar vati used for,prabhakar vati,A classical tablet formulation that acts as a potent cardiotonic and general strength promoter.,herb_benefits_prabhakar_vati
how to use prabhakar vati,prabhakar vati,A classical tablet formulation that acts as a potent cardiotonic and general strength promoter.,herb_benefits_prabhakar_vati
prabhakar vati medicinal properties,prabhakar vati,A classical tablet formulation that acts as a potent cardiotonic and general strength promoter.,herb_benefits_prabhakar_vati
prabhakar vati health benefits,prabhakar vati,A classical tablet formulation that acts as a potent cardiotonic and general strength promoter.,herb_benefits_prabhakar_vati
therapeutic effects of prabhakar vati,prabhakar vati,A classical tablet formulation that acts as a potent cardiotonic and general strength promoter.,herb_benefits_prabhakar_vati
benefits of panchagavya ghrita,panchagavya ghrita,"A medicated ghee made from five products of the cow, used for neurological and psychological disorders.",herb_benefits_panchagavya_ghrita
panchagavya ghrita for medhya,panchagavya ghrita,panchagavya ghrita is beneficial for medhya,herb_benefits_medhya
panchagavya ghrita for jwaraghna,panchagavya ghrita,panchagavya ghrita is beneficial for jwaraghna,herb_benefits_jwaraghna
what is panchagavya ghrita used for,panchagavya ghrita,"A medicated ghee made from five products of the cow, used for neurological and psychological disorders.",herb_benefits_panchagavya_ghrita
how to use panchagavya ghrita,panchagavya ghrita,"A medicated ghee made from five products of the cow, used for neurological and psychological disorders.",herb_benefits_panchagavya_ghrita
panchagavya ghrita medicinal properties,panchagavya ghrita,"A medicated ghee made from five products of the cow, used for neurological and psychological disorders.",herb_benefits_panchagavya_ghrita
panchagavya ghrita health benefits,panchagavya ghrita,"A medicated ghee made from five products of the cow, used for neurological and psychological disorders.",herb_benefits_panchagavya_ghrita
therapeutic effects of panchagavya ghrita,panchagavya ghrita,"A medicated ghee made from five products of the cow, used for neurological and psychological disorders.",herb_benefits_panchagavya_ghrita
benefits of amritaprasha ghrita,amritaprasha ghrita,"A nourishing medicated ghee used as a powerful rejuvenative, aphrodisiac, and for preventing premature aging.",herb_benefits_amritaprasha_ghrita
amritaprasha ghrita for rasayan,amritaprasha ghrita,amritaprasha ghrita is beneficial for rasayan,herb_benefits_rasayan
amritaprasha ghrita for vrishya,amritaprasha ghrita,amritaprasha ghrita is beneficial for vrishya,herb_benefits_vrishya
amritaprasha ghrita for balya,amritaprasha ghrita,amritaprasha ghrita is beneficial for balya,herb_benefits_balya
what is amritaprasha ghrita used for,amritaprasha ghrita,"A nourishing medicated ghee used as a powerful rejuvenative, aphrodisiac, and for preventing premature aging.",herb_benefits_amritaprasha_ghrita
how to use amritaprasha ghrita,amritaprasha ghrita,"A nourishing medicated ghee used as a powerful rejuvenative, aphrodisiac, and for preventing premature aging.",herb_benefits_amritaprasha_ghrita
amritaprasha ghrita medicinal properties,amritaprasha ghrita,"A nourishing medicated ghee used as a powerful rejuvenative, aphrodisiac, and for preventing premature aging.",herb_benefits_amritaprasha_ghrita
amritaprasha ghrita health benefits,amritaprasha ghrita,"A nourishing medicated ghee used as a powerful rejuvenative, aphrodisiac, and for preventing premature aging.",herb_benefits_amritaprasha_ghrita
therapeutic effects of amritaprasha ghrita,amritaprasha ghrita,"A nourishing medicated ghee used as a powerful rejuvenative, aphrodisiac, and for preventing premature aging.",herb_benefits_amritaprasha_ghrita
benefits of varanadi ghritam,varanadi ghritam,"A medicated ghee that is scraping in nature, used for obesity, high cholesterol, and internal abscesses.",herb_benefits_varanadi_ghritam
varanadi ghritam for lekhana,varanadi ghritam,varanadi ghritam is beneficial for lekhana,herb_benefits_lekhana
varanadi ghritam for medohara,varanadi ghritam,varanadi ghritam is beneficial for medohara,herb_benefits_medohara
what is varanadi ghritam used for,varanadi ghritam,"A medicated ghee that is scraping in nature, used for obesity, high cholesterol, and internal abscesses.",herb_benefits_varanadi_ghritam
how to use varanadi ghritam,varanadi ghritam,"A medicated ghee that is scraping in nature, used for obesity, high cholesterol, and internal abscesses.",herb_benefits_varanadi_ghritam
varanadi ghritam medicinal properties,varanadi ghritam,"A medicated ghee that is scraping in nature, used for obesity, high cholesterol, and internal abscesses.",herb_benefits_varanadi_ghritam
varanadi ghritam health benefits,varanadi ghritam,"A medicated ghee that is scraping in nature, used for obesity, high cholesterol, and internal abscesses.",herb_benefits_varanadi_ghritam
therapeutic effects of varanadi ghritam,varanadi ghritam,"A medicated ghee that is scraping in nature, used for obesity, high cholesterol, and internal abscesses.",herb_benefits_varanadi_ghritam
benefits of navakarshika churna,navakarshika churna,A classical powder for purifying blood and treating skin diseases and gout.,herb_benefits_navakarshika_churna
navakarshika churna for raktashodhak,navakarshika churna,navakarshika churna is beneficial for raktashodhak,herb_benefits_raktashodhak
navakarshika churna for kushtaghna,navakarshika churna,navakarshika churna is beneficial for kushtaghna,herb_benefits_kushtaghna
what is navakarshika churna used for,navakarshika churna,A classical powder for purifying blood and treating skin diseases and gout.,herb_benefits_navakarshika_churna
how to use navakarshika churna,navakarshika churna,A classical powder for purifying blood and treating skin diseases and gout.,herb_benefits_navakarshika_churna
navakarshika churna medicinal properties,navakarshika churna,A classical powder for purifying blood and treating skin diseases and gout.,herb_benefits_navakarshika_churna
navakarshika churna health benefits,navakarshika churna,A classical powder for purifying blood and treating skin diseases and gout.,herb_benefits_navakarshika_churna
therapeutic effects of navakarshika churna,navakarshika churna,A classical powder for purifying blood and treating skin diseases and gout.,herb_benefits_navakarshika_churna
benefits of badama taila,badama taila,"Almond Oil is a highly nourishing Vata-pacifying oil, used as a brain tonic and for skin and hair health.",herb_benefits_badama_taila
badama taila for medhya,badama taila,badama taila is beneficial for medhya,herb_benefits_medhya
badama taila for balya,badama taila,badama taila is beneficial for balya,herb_benefits_balya
badama taila for keshya,badama taila,badama taila is beneficial for keshya,herb_benefits_keshya
what is badama taila used for,badama taila,"Almond Oil is a highly nourishing Vata-pacifying oil, used as a brain tonic and for skin and hair health.",herb_benefits_badama_taila
how to use badama taila,badama taila,"Almond Oil is a highly nourishing Vata-pacifying oil, used as a brain tonic and for skin and hair health.",herb_benefits_badama_taila
badama taila medicinal properties,badama taila,"Almond Oil is a highly nourishing Vata-pacifying oil, used as a brain tonic and for skin and hair health.",herb_benefits_badama_taila
badama taila health benefits,badama taila,"Almond Oil is a highly nourishing Vata-pacifying oil, used as a brain tonic and for skin and hair health.",herb_benefits_badama_taila
therapeutic effects of badama taila,badama taila,"Almond Oil is a highly nourishing Vata-pacifying oil, used as a brain tonic and for skin and hair health.",herb_benefits_badama_taila
benefits of navaneeta,navaneeta,"Fresh Butter is cooling and nourishing, excellent for pacifying Pitta and Vata, and for digestive ulcers.",herb_benefits_navaneeta
navaneeta for balya,navaneeta,navaneeta is beneficial for balya,herb_benefits_balya
navaneeta for chakshushya,navaneeta,navaneeta is beneficial for chakshushya,herb_benefits_chakshushya
what is navaneeta used for,navaneeta,"Fresh Butter is cooling and nourishing, excellent for pacifying Pitta and Vata, and for digestive ulcers.",herb_benefits_navaneeta
how to use navaneeta,navaneeta,"Fresh Butter is cooling and nourishing, excellent for pacifying Pitta and Vata, and for digestive ulcers.",herb_benefits_navaneeta
navaneeta medicinal properties,navaneeta,"Fresh Butter is cooling and nourishing, excellent for pacifying Pitta and Vata, and for digestive ulcers.",herb_benefits_navaneeta
navaneeta health benefits,navaneeta,"Fresh Butter is cooling and nourishing, excellent for pacifying Pitta and Vata, and for digestive ulcers.",herb_benefits_navaneeta
therapeutic effects of navaneeta,navaneeta,"Fresh Butter is cooling and nourishing, excellent for pacifying Pitta and Vata, and for digestive ulcers.",herb_benefits_navaneeta
benefits of matsyakshi,matsyakshi,Alternanthera sessilis is a cooling herb used as a diuretic and for skin diseases.,herb_benefits_matsyakshi
matsyakshi for mutrala,matsyakshi,matsyakshi is beneficial for mutrala,herb_benefits_mutrala
matsyakshi for kushtaghna,matsyakshi,matsyakshi is beneficial for kushtaghna,herb_benefits_kushtaghna
what is matsyakshi used for,matsyakshi,Alternanthera sessilis is a cooling herb used as a diuretic and for skin diseases.,herb_benefits_matsyakshi
how to use matsyakshi,matsyakshi,Alternanthera sessilis is a cooling herb used as a diuretic and for skin diseases.,herb_benefits_matsyakshi
matsyakshi medicinal properties,matsyakshi,Alternanthera sessilis is a cooling herb used as a diuretic and for skin diseases.,herb_benefits_matsyakshi
matsyakshi health benefits,matsyakshi,Alternanthera sessilis is a cooling herb used as a diuretic and for skin diseases.,herb_benefits_matsyakshi
therapeutic effects of matsyakshi,matsyakshi,Alternanthera sessilis is a cooling herb used as a diuretic and for skin diseases.,herb_benefits_matsyakshi
benefits of mayurashikha,mayurashikha,Actiniopteris radiata is used in Ayurveda for its styptic (bleeding-stopping) and anti-diarrheal properties.,herb_benefits_mayurashikha
mayurashikha for grahi,mayurashikha,mayurashikha is beneficial for grahi,herb_benefits_grahi
mayurashikha for raktastambhana,mayurashikha,mayurashikha is beneficial for raktastambhana,herb_benefits_raktastambhana
what is mayurashikha used for,mayurashikha,Actiniopteris radiata is used in Ayurveda for its styptic (bleeding-stopping) and anti-diarrheal properties.,herb_benefits_mayurashikha
how to use mayurashikha,mayurashikha,Actiniopteris radiata is used in Ayurveda for its styptic (bleeding-stopping) and anti-diarrheal properties.,herb_benefits_mayurashikha
mayurashikha medicinal properties,mayurashikha,Actiniopteris radiata is used in Ayurveda for its styptic (bleeding-stopping) and anti-diarrheal properties.,herb_benefits_mayurashikha
mayurashikha health benefits,mayurashikha,Actiniopteris radiata is used in Ayurveda for its styptic (bleeding-stopping) and anti-diarrheal properties.,herb_benefits_mayurashikha
therapeutic effects of mayurashikha,mayurashikha,Actiniopteris radiata is used in Ayurveda for its styptic (bleeding-stopping) and anti-diarrheal properties.,herb_benefits_mayurashikha
benefits of nagadanti,nagadanti,Heliotropium indicum is an anti-inflammatory and wound-healing herb used for skin ulcers and insect bites.,herb_benefits_nagadanti
nagadanti for vranaropana,nagadanti,nagadanti is beneficial for vranaropana,herb_benefits_vranaropana
nagadanti for shothahara,nagadanti,nagadanti is beneficial for shothahara,herb_benefits_shothahara
what is nagadanti used for,nagadanti,Heliotropium indicum is an anti-inflammatory and wound-healing herb used for skin ulcers and insect bites.,herb_benefits_nagadanti
how to use nagadanti,nagadanti,Heliotropium indicum is an anti-inflammatory and wound-healing herb used for skin ulcers and insect bites.,herb_benefits_nagadanti
nagadanti medicinal properties,nagadanti,Heliotropium indicum is an anti-inflammatory and wound-healing herb used for skin ulcers and insect bites.,herb_benefits_nagadanti
nagadanti health benefits,nagadanti,Heliotropium indicum is an anti-inflammatory and wound-healing herb used for skin ulcers and insect bites.,herb_benefits_nagadanti
therapeutic effects of nagadanti,nagadanti,Heliotropium indicum is an anti-inflammatory and wound-healing herb used for skin ulcers and insect bites.,herb_benefits_nagadanti
benefits of nikochaka,nikochaka,"Pistachio nuts are nourishing and strength-promoting, helping to pacify vata dosha.",herb_benefits_nikochaka
nikochaka for balya,nikochaka,nikochaka is beneficial for balya,herb_benefits_balya
nikochaka for vrishya,nikochaka,nikochaka is beneficial for vrishya,herb_benefits_vrishya
what is nikochaka used for,nikochaka,"Pistachio nuts are nourishing and strength-promoting, helping to pacify vata dosha.",herb_benefits_nikochaka
how to use nikochaka,nikochaka,"Pistachio nuts are nourishing and strength-promoting, helping to pacify vata dosha.",herb_benefits_nikochaka
nikochaka medicinal properties,nikochaka,"Pistachio nuts are nourishing and strength-promoting, helping to pacify vata dosha.",herb_benefits_nikochaka
nikochaka health benefits,nikochaka,"Pistachio nuts are nourishing and strength-promoting, helping to pacify vata dosha.",herb_benefits_nikochaka
therapeutic effects of nikochaka,nikochaka,"Pistachio nuts are nourishing and strength-promoting, helping to pacify vata dosha.",herb_benefits_nikochaka
benefits of rajamasha,rajamasha,"Kidney bean is heavy and difficult to digest, increasing Vata. It is generally not recommended in large quantities.",herb_benefits_rajamasha
rajamasha for vatahara,rajamasha,rajamasha is beneficial for vatahara,herb_benefits_vatahara
what is rajamasha used for,rajamasha,"Kidney bean is heavy and difficult to digest, increasing Vata. It is generally not recommended in large quantities.",herb_benefits_rajamasha
how to use rajamasha,rajamasha,"Kidney bean is heavy and difficult to digest, increasing Vata. It is generally not recommended in large quantities.",herb_benefits_rajamasha
rajamasha medicinal properties,rajamasha,"Kidney bean is heavy and difficult to digest, increasing Vata. It is generally not recommended in large quantities.",herb_benefits_rajamasha
rajamasha health benefits,rajamasha,"Kidney bean is heavy and difficult to digest, increasing Vata. It is generally not recommended in large quantities.",herb_benefits_rajamasha
therapeutic effects of rajamasha,rajamasha,"Kidney bean is heavy and difficult to digest, increasing Vata. It is generally not recommended in large quantities.",herb_benefits_rajamasha
benefits of sarpaksi,sarpaksi,Ophiorrhiza mungos is a traditional antidote for snake venom and is used to treat toxicity.,herb_benefits_sarpaksi
sarpaksi for vishaghna,sarpaksi,sarpaksi is beneficial for vishaghna,herb_benefits_vishaghna
sarpaksi for jwaraghna,sarpaksi,sarpaksi is beneficial for jwaraghna,herb_benefits_jwaraghna
what is sarpaksi used for,sarpaksi,Ophiorrhiza mungos is a traditional antidote for snake venom and is used to treat toxicity.,herb_benefits_sarpaksi
how to use sarpaksi,sarpaksi,Ophiorrhiza mungos is a traditional antidote for snake venom and is used to treat toxicity.,herb_benefits_sarpaksi
sarpaksi medicinal properties,sarpaksi,Ophiorrhiza mungos is a traditional antidote for snake venom and is used to treat toxicity.,herb_benefits_sarpaksi
sarpaksi health benefits,sarpaksi,Ophiorrhiza mungos is a traditional antidote for snake venom and is used to treat toxicity.,herb_benefits_sarpaksi
therapeutic effects of sarpaksi,sarpaksi,Ophiorrhiza mungos is a traditional antidote for snake venom and is used to treat toxicity.,herb_benefits_sarpaksi
benefits of satina,satina,Pea is a common vegetable that is cooling but can increase Vata due to its dry and light qualities.,herb_benefits_satina
satina for balya,satina,satina is beneficial for balya,herb_benefits_balya
what is satina used for,satina,Pea is a common vegetable that is cooling but can increase Vata due to its dry and light qualities.,herb_benefits_satina
how to use satina,satina,Pea is a common vegetable that is cooling but can increase Vata due to its dry and light qualities.,herb_benefits_satina
satina medicinal properties,satina,Pea is a common vegetable that is cooling but can increase Vata due to its dry and light qualities.,herb_benefits_satina
satina health benefits,satina,Pea is a common vegetable that is cooling but can increase Vata due to its dry and light qualities.,herb_benefits_satina
therapeutic effects of satina,satina,Pea is a common vegetable that is cooling but can increase Vata due to its dry and light qualities.,herb_benefits_satina
benefits of svetamarica,svetamarica,"White Pepper is more heating and potent than black pepper, used to clear deep-seated Kapha from the system.",herb_benefits_svetamarica
svetamarica for deepana,svetamarica,svetamarica is beneficial for deepana,herb_benefits_deepana
svetamarica for lekhana,svetamarica,svetamarica is beneficial for lekhana,herb_benefits_lekhana
what is svetamarica used for,svetamarica,"White Pepper is more heating and potent than black pepper, used to clear deep-seated Kapha from the system.",herb_benefits_svetamarica
how to use svetamarica,svetamarica,"White Pepper is more heating and potent than black pepper, used to clear deep-seated Kapha from the system.",herb_benefits_svetamarica
svetamarica medicinal properties,svetamarica,"White Pepper is more heating and potent than black pepper, used to clear deep-seated Kapha from the system.",herb_benefits_svetamarica
svetamarica health benefits,svetamarica,"White Pepper is more heating and potent than black pepper, used to clear deep-seated Kapha from the system.",herb_benefits_svetamarica
therapeutic effects of svetamarica,svetamarica,"White Pepper is more heating and potent than black pepper, used to clear deep-seated Kapha from the system.",herb_benefits_svetamarica
benefits of upodika,upodika,"Basella alba (Malabar Spinach) is a nourishing, demulcent green that soothes the digestive tract.",herb_benefits_upodika
upodika for balya,upodika,upodika is beneficial for balya,herb_benefits_balya
upodika for brimhaniya,upodika,upodika is beneficial for brimhaniya,herb_benefits_brimhaniya
what is upodika used for,upodika,"Basella alba (Malabar Spinach) is a nourishing, demulcent green that soothes the digestive tract.",herb_benefits_upodika
how to use upodika,upodika,"Basella alba (Malabar Spinach) is a nourishing, demulcent green that soothes the digestive tract.",herb_benefits_upodika
upodika medicinal properties,upodika,"Basella alba (Malabar Spinach) is a nourishing, demulcent green that soothes the digestive tract.",herb_benefits_upodika
upodika health benefits,upodika,"Basella alba (Malabar Spinach) is a nourishing, demulcent green that soothes the digestive tract.",herb_benefits_upodika
therapeutic effects of upodika,upodika,"Basella alba (Malabar Spinach) is a nourishing, demulcent green that soothes the digestive tract.",herb_benefits_upodika
benefits of mastu,mastu,"Whey is the liquid remaining after curdling milk. It is light, easy to digest, and clears the channels.",herb_benefits_mastu
mastu for deepana,mastu,mastu is beneficial for deepana,herb_benefits_deepana
mastu for lekhana,mastu,mastu is beneficial for lekhana,herb_benefits_lekhana
what is mastu used for,mastu,"Whey is the liquid remaining after curdling milk. It is light, easy to digest, and clears the channels.",herb_benefits_mastu
how to use mastu,mastu,"Whey is the liquid remaining after curdling milk. It is light, easy to digest, and clears the channels.",herb_benefits_mastu
mastu medicinal properties,mastu,"Whey is the liquid remaining after curdling milk. It is light, easy to digest, and clears the channels.",herb_benefits_mastu
mastu health benefits,mastu,"Whey is the liquid remaining after curdling milk. It is light, easy to digest, and clears the channels.",herb_benefits_mastu
therapeutic effects of mastu,mastu,"Whey is the liquid remaining after curdling milk. It is light, easy to digest, and clears the channels.",herb_benefits_mastu
benefits of pippali khanda,pippali khanda,"A sweet preparation of Pippali, used for chronic cough, cold, and digestive weakness.",herb_benefits_pippali_khanda
pippali khanda for kasahara,pippali khanda,pippali khanda is beneficial for kasahara,herb_benefits_kasahara
pippali khanda for deepana,pippali khanda,pippali khanda is beneficial for deepana,herb_benefits_deepana
what is pippali khanda used for,pippali khanda,"A sweet preparation of Pippali, used for chronic cough, cold, and digestive weakness.",herb_benefits_pippali_khanda
how to use pippali khanda,pippali khanda,"A sweet preparation of Pippali, used for chronic cough, cold, and digestive weakness.",herb_benefits_pippali_khanda
pippali khanda medicinal properties,pippali khanda,"A sweet preparation of Pippali, used for chronic cough, cold, and digestive weakness.",herb_benefits_pippali_khanda
pippali khanda health benefits,pippali khanda,"A sweet preparation of Pippali, used for chronic cough, cold, and digestive weakness.",herb_benefits_pippali_khanda
therapeutic effects of pippali khanda,pippali khanda,"A sweet preparation of Pippali, used for chronic cough, cold, and digestive weakness.",herb_benefits_pippali_khanda
benefits of sita,sita,"Rock sugar or sugar candy (Mishri) is cooling and pacifies Pitta, unlike processed white sugar.",herb_benefits_sita
sita for balya,sita,sita is beneficial for balya,herb_benefits_balya
sita for vrishya,sita,sita is beneficial for vrishya,herb_benefits_vrishya
what is sita used for,sita,"Rock sugar or sugar candy (Mishri) is cooling and pacifies Pitta, unlike processed white sugar.",herb_benefits_sita
how to use sita,sita,"Rock sugar or sugar candy (Mishri) is cooling and pacifies Pitta, unlike processed white sugar.",herb_benefits_sita
sita medicinal properties,sita,"Rock sugar or sugar candy (Mishri) is cooling and pacifies Pitta, unlike processed white sugar.",herb_benefits_sita
sita health benefits,sita,"Rock sugar or sugar candy (Mishri) is cooling and pacifies Pitta, unlike processed white sugar.",herb_benefits_sita
therapeutic effects of sita,sita,"Rock sugar or sugar candy (Mishri) is cooling and pacifies Pitta, unlike processed white sugar.",herb_benefits_sita
benefits of kanchanara guggulu,kanchanara guggulu,"A classical formulation with Kanchanar and Guggulu, specifically used for thyroid imbalances and glandular swellings.",herb_benefits_kanchanara_guggulu
kanchanara guggulu for lekhana,kanchanara guggulu,kanchanara guggulu is beneficial for lekhana,herb_benefits_lekhana
kanchanara guggulu for shothahara,kanchanara guggulu,kanchanara guggulu is beneficial for shothahara,herb_benefits_shothahara
kanchanara guggulu for galaganda,kanchanara guggulu,kanchanara guggulu is beneficial for galaganda,herb_benefits_galaganda
what is kanchanara guggulu used for,kanchanara guggulu,"A classical formulation with Kanchanar and Guggulu, specifically used for thyroid imbalances and glandular swellings.",herb_benefits_kanchanara_guggulu
how to use kanchanara guggulu,kanchanara guggulu,"A classical formulation with Kanchanar and Guggulu, specifically used for thyroid imbalances and glandular swellings.",herb_benefits_kanchanara_guggulu
kanchanara guggulu medicinal properties,kanchanara guggulu,"A classical formulation with Kanchanar and Guggulu, specifically used for thyroid imbalances and glandular swellings.",herb_benefits_kanchanara_guggulu
kanchanara guggulu health benefits,kanchanara guggulu,"A classical formulation with Kanchanar and Guggulu, specifically used for thyroid imbalances and glandular swellings.",herb_benefits_kanchanara_guggulu
therapeutic effects of kanchanara guggulu,kanchanara guggulu,"A classical formulation with Kanchanar and Guggulu, specifically used for thyroid imbalances and glandular swellings.",herb_benefits_kanchanara_guggulu
benefits of mahasudarshan churna,mahasudarshan churna,"A highly bitter powder of many herbs, it is one of the foremost remedies for all types of fevers and for detoxifying the liver.",herb_benefits_mahasudarshan_churna
mahasudarshan churna for jwaraghna,mahasudarshan churna,mahasudarshan churna is beneficial for jwaraghna,herb_benefits_jwaraghna
mahasudarshan churna for yakrituttejaka,mahasudarshan churna,mahasudarshan churna is beneficial for yakrituttejaka,herb_benefits_yakrituttejaka
mahasudarshan churna for amapachana,mahasudarshan churna,mahasudarshan churna is beneficial for amapachana,herb_benefits_amapachana
what is mahasudarshan churna used for,mahasudarshan churna,"A highly bitter powder of many herbs, it is one of the foremost remedies for all types of fevers and for detoxifying the liver.",herb_benefits_mahasudarshan_churna
how to use mahasudarshan churna,mahasudarshan churna,"A highly bitter powder of many herbs, it is one of the foremost remedies for all types of fevers and for detoxifying the liver.",herb_benefits_mahasudarshan_churna
mahasudarshan churna medicinal properties,mahasudarshan churna,"A highly bitter powder of many herbs, it is one of the foremost remedies for all types of fevers and for detoxifying the liver.",herb_benefits_mahasudarshan_churna
mahasudarshan churna health benefits,mahasudarshan churna,"A highly bitter powder of many herbs, it is one of the foremost remedies for all types of fevers and for detoxifying the liver.",herb_benefits_mahasudarshan_churna
therapeutic effects of mahasudarshan churna,mahasudarshan churna,"A highly bitter powder of many herbs, it is one of the foremost remedies for all types of fevers and for detoxifying the liver.",herb_benefits_mahasudarshan_churna
benefits of sitopalasav,sitopalasav,"A fermented liquid form of Sitopaladi, used for chronic respiratory ailments and to build strength.",herb_benefits_sitopalasav
sitopalasav for kasahara,sitopalasav,sitopalasav is beneficial for kasahara,herb_benefits_kasahara
sitopalasav for balya,sitopalasav,sitopalasav is beneficial for balya,herb_benefits_balya
what is sitopalasav used for,sitopalasav,"A fermented liquid form of Sitopaladi, used for chronic respiratory ailments and to build strength.",herb_benefits_sitopalasav
how to use sitopalasav,sitopalasav,"A fermented liquid form of Sitopaladi, used for chronic respiratory ailments and to build strength.",herb_benefits_sitopalasav
sitopalasav medicinal properties,sitopalasav,"A fermented liquid form of Sitopaladi, used for chronic respiratory ailments and to build strength.",herb_benefits_sitopalasav
sitopalasav health benefits,sitopalasav,"A fermented liquid form of Sitopaladi, used for chronic respiratory ailments and to build strength.",herb_benefits_sitopalasav
therapeutic effects of sitopalasav,sitopalasav,"A fermented liquid form of Sitopaladi, used for chronic respiratory ailments and to build strength.",herb_benefits_sitopalasav
benefits of shadbindu taila,shadbindu taila,"A classical oil for Nasya (nasal administration) used to treat sinusitis, headache, and hair fall.",herb_benefits_shadbindu_taila
shadbindu taila for vatahara,shadbindu taila,shadbindu taila is beneficial for vatahara,herb_benefits_vatahara
shadbindu taila for keshya,shadbindu taila,shadbindu taila is beneficial for keshya,herb_benefits_keshya
what is shadbindu taila used for,shadbindu taila,"A classical oil for Nasya (nasal administration) used to treat sinusitis, headache, and hair fall.",herb_benefits_shadbindu_taila
how to use shadbindu taila,shadbindu taila,"A classical oil for Nasya (nasal administration) used to treat sinusitis, headache, and hair fall.",herb_benefits_shadbindu_taila
shadbindu taila medicinal properties,shadbindu taila,"A classical oil for Nasya (nasal administration) used to treat sinusitis, headache, and hair fall.",herb_benefits_shadbindu_taila
shadbindu taila health benefits,shadbindu taila,"A classical oil for Nasya (nasal administration) used to treat sinusitis, headache, and hair fall.",herb_benefits_shadbindu_taila
therapeutic effects of shadbindu taila,shadbindu taila,"A classical oil for Nasya (nasal administration) used to treat sinusitis, headache, and hair fall.",herb_benefits_shadbindu_taila
benefits of jatyadi taila,jatyadi taila,"A medicated oil with Jasmine (Jati), renowned for its remarkable wound-healing properties, for both internal and external wounds.",herb_benefits_jatyadi_taila
jatyadi taila for vranaropana,jatyadi taila,jatyadi taila is beneficial for vranaropana,herb_benefits_vranaropana
jatyadi taila for raktashodhak,jatyadi taila,jatyadi taila is beneficial for raktashodhak,herb_benefits_raktashodhak
what is jatyadi taila used for,jatyadi taila,"A medicated oil with Jasmine (Jati), renowned for its remarkable wound-healing properties, for both internal and external wounds.",herb_benefits_jatyadi_taila
how to use jatyadi taila,jatyadi taila,"A medicated oil with Jasmine (Jati), renowned for its remarkable wound-healing properties, for both internal and external wounds.",herb_benefits_jatyadi_taila
jatyadi taila medicinal properties,jatyadi taila,"A medicated oil with Jasmine (Jati), renowned for its remarkable wound-healing properties, for both internal and external wounds.",herb_benefits_jatyadi_taila
jatyadi taila health benefits,jatyadi taila,"A medicated oil with Jasmine (Jati), renowned for its remarkable wound-healing properties, for both internal and external wounds.",herb_benefits_jatyadi_taila
therapeutic effects of jatyadi taila,jatyadi taila,"A medicated oil with Jasmine (Jati), renowned for its remarkable wound-healing properties, for both internal and external wounds.",herb_benefits_jatyadi_taila
benefits of nimbadi churna,nimbadi churna,"A powder with Neem as the main ingredient, used for purifying the blood and treating skin diseases like eczema and acne.",herb_benefits_nimbadi_churna
nimbadi churna for kushtaghna,nimbadi churna,nimbadi churna is beneficial for kushtaghna,herb_benefits_kushtaghna
nimbadi churna for raktashodhak,nimbadi churna,nimbadi churna is beneficial for raktashodhak,herb_benefits_raktashodhak
what is nimbadi churna used for,nimbadi churna,"A powder with Neem as the main ingredient, used for purifying the blood and treating skin diseases like eczema and acne.",herb_benefits_nimbadi_churna
how to use nimbadi churna,nimbadi churna,"A powder with Neem as the main ingredient, used for purifying the blood and treating skin diseases like eczema and acne.",herb_benefits_nimbadi_churna
nimbadi churna medicinal properties,nimbadi churna,"A powder with Neem as the main ingredient, used for purifying the blood and treating skin diseases like eczema and acne.",herb_benefits_nimbadi_churna
nimbadi churna health benefits,nimbadi churna,"A powder with Neem as the main ingredient, used for purifying the blood and treating skin diseases like eczema and acne.",herb_benefits_nimbadi_churna
therapeutic effects of nimbadi churna,nimbadi churna,"A powder with Neem as the main ingredient, used for purifying the blood and treating skin diseases like eczema and acne.",herb_benefits_nimbadi_churna
benefits of saptala,saptala,"Acacia concinna (Shikakai) is a famous natural cleanser for hair, promoting growth and preventing dandruff.",herb_benefits_saptala
saptala for keshya,saptala,saptala is beneficial for keshya,herb_benefits_keshya
saptala for kushtaghna,saptala,saptala is beneficial for kushtaghna,herb_benefits_kushtaghna
what is saptala used for,saptala,"Acacia concinna (Shikakai) is a famous natural cleanser for hair, promoting growth and preventing dandruff.",herb_benefits_saptala
how to use saptala,saptala,"Acacia concinna (Shikakai) is a famous natural cleanser for hair, promoting growth and preventing dandruff.",herb_benefits_saptala
saptala medicinal properties,saptala,"Acacia concinna (Shikakai) is a famous natural cleanser for hair, promoting growth and preventing dandruff.",herb_benefits_saptala
saptala health benefits,saptala,"Acacia concinna (Shikakai) is a famous natural cleanser for hair, promoting growth and preventing dandruff.",herb_benefits_saptala
therapeutic effects of saptala,saptala,"Acacia concinna (Shikakai) is a famous natural cleanser for hair, promoting growth and preventing dandruff.",herb_benefits_saptala
benefits of suranjana,suranjana,"Colchicum luteum is a specific remedy for gout and rheumatic arthritis, but should be used with caution.",herb_benefits_suranjana
suranjana for vatahara,suranjana,suranjana is beneficial for vatahara,herb_benefits_vatahara
suranjana for shoolaghna,suranjana,suranjana is beneficial for shoolaghna,herb_benefits_shoolaghna
what is suranjana used for,suranjana,"Colchicum luteum is a specific remedy for gout and rheumatic arthritis, but should be used with caution.",herb_benefits_suranjana
how to use suranjana,suranjana,"Colchicum luteum is a specific remedy for gout and rheumatic arthritis, but should be used with caution.",herb_benefits_suranjana
suranjana medicinal properties,suranjana,"Colchicum luteum is a specific remedy for gout and rheumatic arthritis, but should be used with caution.",herb_benefits_suranjana
suranjana health benefits,suranjana,"Colchicum luteum is a specific remedy for gout and rheumatic arthritis, but should be used with caution.",herb_benefits_suranjana
therapeutic effects of suranjana,suranjana,"Colchicum luteum is a specific remedy for gout and rheumatic arthritis, but should be used with caution.",herb_benefits_suranjana
benefits of panchavalkala kwath,panchavalkala kwath,"A decoction of five astringent barks, used as an antiseptic wash for wounds and skin diseases.",herb_benefits_panchavalkala_kwath
panchavalkala kwath for vranaropana,panchavalkala kwath,panchavalkala kwath is beneficial for vranaropana,herb_benefits_vranaropana
panchavalkala kwath for grahi,panchavalkala kwath,panchavalkala kwath is beneficial for grahi,herb_benefits_grahi
what is panchavalkala kwath used for,panchavalkala kwath,"A decoction of five astringent barks, used as an antiseptic wash for wounds and skin diseases.",herb_benefits_panchavalkala_kwath
how to use panchavalkala kwath,panchavalkala kwath,"A decoction of five astringent barks, used as an antiseptic wash for wounds and skin diseases.",herb_benefits_panchavalkala_kwath
panchavalkala kwath medicinal properties,panchavalkala kwath,"A decoction of five astringent barks, used as an antiseptic wash for wounds and skin diseases.",herb_benefits_panchavalkala_kwath
panchavalkala kwath health benefits,panchavalkala kwath,"A decoction of five astringent barks, used as an antiseptic wash for wounds and skin diseases.",herb_benefits_panchavalkala_kwath
therapeutic effects of panchavalkala kwath,panchavalkala kwath,"A decoction of five astringent barks, used as an antiseptic wash for wounds and skin diseases.",herb_benefits_panchavalkala_kwath
benefits of rasnadi kwath,rasnadi kwath,"A simple decoction with Rasna as the main herb, used for all types of Vata disorders, especially joint pain.",herb_benefits_rasnadi_kwath
rasnadi kwath for vatahara,rasnadi kwath,rasnadi kwath is beneficial for vatahara,herb_benefits_vatahara
rasnadi kwath for shoolaghna,rasnadi kwath,rasnadi kwath is beneficial for shoolaghna,herb_benefits_shoolaghna
what is rasnadi kwath used for,rasnadi kwath,"A simple decoction with Rasna as the main herb, used for all types of Vata disorders, especially joint pain.",herb_benefits_rasnadi_kwath
how to use rasnadi kwath,rasnadi kwath,"A simple decoction with Rasna as the main herb, used for all types of Vata disorders, especially joint pain.",herb_benefits_rasnadi_kwath
rasnadi kwath medicinal properties,rasnadi kwath,"A simple decoction with Rasna as the main herb, used for all types of Vata disorders, especially joint pain.",herb_benefits_rasnadi_kwath
rasnadi kwath health benefits,rasnadi kwath,"A simple decoction with Rasna as the main herb, used for all types of Vata disorders, especially joint pain.",herb_benefits_rasnadi_kwath
therapeutic effects of rasnadi kwath,rasnadi kwath,"A simple decoction with Rasna as the main herb, used for all types of Vata disorders, especially joint pain.",herb_benefits_rasnadi_kwath
benefits of rasnairandadi kwath,rasnairandadi kwath,"A famous formulation with Rasna and Eranda, used for lower back pain, sciatica, and arthritis.",herb_benefits_rasnairandadi_kwath
rasnairandadi kwath for vatahara,rasnairandadi kwath,rasnairandadi kwath is beneficial for vatahara,herb_benefits_vatahara
rasnairandadi kwath for shoolaghna,rasnairandadi kwath,rasnairandadi kwath is beneficial for shoolaghna,herb_benefits_shoolaghna
rasnairandadi kwath for amapachana,rasnairandadi kwath,rasnairandadi kwath is beneficial for amapachana,herb_benefits_amapachana
what is rasnairandadi kwath used for,rasnairandadi kwath,"A famous formulation with Rasna and Eranda, used for lower back pain, sciatica, and arthritis.",herb_benefits_rasnairandadi_kwath
how to use rasnairandadi kwath,rasnairandadi kwath,"A famous formulation with Rasna and Eranda, used for lower back pain, sciatica, and arthritis.",herb_benefits_rasnairandadi_kwath
rasnairandadi kwath medicinal properties,rasnairandadi kwath,"A famous formulation with Rasna and Eranda, used for lower back pain, sciatica, and arthritis.",herb_benefits_rasnairandadi_kwath
rasnairandadi kwath health benefits,rasnairandadi kwath,"A famous formulation with Rasna and Eranda, used for lower back pain, sciatica, and arthritis.",herb_benefits_rasnairandadi_kwath
therapeutic effects of rasnairandadi kwath,rasnairandadi kwath,"A famous formulation with Rasna and Eranda, used for lower back pain, sciatica, and arthritis.",herb_benefits_rasnairandadi_kwath
benefits of shankha vati,shankha vati,"A classical tablet for severe indigestion, acid reflux, and abdominal gas. It is a fast-acting carminative.",herb_benefits_shankha_vati
shankha vati for deepana,shankha vati,shankha vati is beneficial for deepana,herb_benefits_deepana
shankha vati for pachana,shankha vati,shankha vati is beneficial for pachana,herb_benefits_pachana
shankha vati for shoolaghna,shankha vati,shankha vati is beneficial for shoolaghna,herb_benefits_shoolaghna
what is shankha vati used for,shankha vati,"A classical tablet for severe indigestion, acid reflux, and abdominal gas. It is a fast-acting carminative.",herb_benefits_shankha_vati
how to use shankha vati,shankha vati,"A classical tablet for severe indigestion, acid reflux, and abdominal gas. It is a fast-acting carminative.",herb_benefits_shankha_vati
shankha vati medicinal properties,shankha vati,"A classical tablet for severe indigestion, acid reflux, and abdominal gas. It is a fast-acting carminative.",herb_benefits_shankha_vati
shankha vati health benefits,shankha vati,"A classical tablet for severe indigestion, acid reflux, and abdominal gas. It is a fast-acting carminative.",herb_benefits_shankha_vati
therapeutic effects of shankha vati,shankha vati,"A classical tablet for severe indigestion, acid reflux, and abdominal gas. It is a fast-acting carminative.",herb_benefits_shankha_vati
benefits of shothari loha,shothari loha,An iron-based formulation used specifically for treating swelling (Shotha) and anemia.,herb_benefits_shothari_loha
shothari loha for shothahara,shothari loha,shothari loha is beneficial for shothahara,herb_benefits_shothahara
shothari loha for raktavardhak,shothari loha,shothari loha is beneficial for raktavardhak,herb_benefits_raktavardhak
what is shothari loha used for,shothari loha,An iron-based formulation used specifically for treating swelling (Shotha) and anemia.,herb_benefits_shothari_loha
how to use shothari loha,shothari loha,An iron-based formulation used specifically for treating swelling (Shotha) and anemia.,herb_benefits_shothari_loha
shothari loha medicinal properties,shothari loha,An iron-based formulation used specifically for treating swelling (Shotha) and anemia.,herb_benefits_shothari_loha
shothari loha health benefits,shothari loha,An iron-based formulation used specifically for treating swelling (Shotha) and anemia.,herb_benefits_shothari_loha
therapeutic effects of shothari loha,shothari loha,An iron-based formulation used specifically for treating swelling (Shotha) and anemia.,herb_benefits_shothari_loha
benefits of siddha makardhwaj,siddha makardhwaj,"A highly potent herbo-mineral formulation with gold, used as a supreme rejuvenator and aphrodisiac.",herb_benefits_siddha_makardhwaj
siddha makardhwaj for rasayan,siddha makardhwaj,siddha makardhwaj is beneficial for rasayan,herb_benefits_rasayan
siddha makardhwaj for vrishya,siddha makardhwaj,siddha makardhwaj is beneficial for vrishya,herb_benefits_vrishya
siddha makardhwaj for hridaya,siddha makardhwaj,siddha makardhwaj is beneficial for hridaya,herb_benefits_hridaya
what is siddha makardhwaj used for,siddha makardhwaj,"A highly potent herbo-mineral formulation with gold, used as a supreme rejuvenator and aphrodisiac.",herb_benefits_siddha_makardhwaj
how to use siddha makardhwaj,siddha makardhwaj,"A highly potent herbo-mineral formulation with gold, used as a supreme rejuvenator and aphrodisiac.",herb_benefits_siddha_makardhwaj
siddha makardhwaj medicinal properties,siddha makardhwaj,"A highly potent herbo-mineral formulation with gold, used as a supreme rejuvenator and aphrodisiac.",herb_benefits_siddha_makardhwaj
siddha makardhwaj health benefits,siddha makardhwaj,"A highly potent herbo-mineral formulation with gold, used as a supreme rejuvenator and aphrodisiac.",herb_benefits_siddha_makardhwaj
therapeutic effects of siddha makardhwaj,siddha makardhwaj,"A highly potent herbo-mineral formulation with gold, used as a supreme rejuvenator and aphrodisiac.",herb_benefits_siddha_makardhwaj
benefits of srikhandasava,srikhandasava,"A fermented tonic with Sandalwood, used to pacify Pitta and treat conditions related to alcoholism.",herb_benefits_srikhandasava
srikhandasava for dahashamana,srikhandasava,srikhandasava is beneficial for dahashamana,herb_benefits_dahashamana
srikhandasava for hridaya,srikhandasava,srikhandasava is beneficial for hridaya,herb_benefits_hridaya
what is srikhandasava used for,srikhandasava,"A fermented tonic with Sandalwood, used to pacify Pitta and treat conditions related to alcoholism.",herb_benefits_srikhandasava
how to use srikhandasava,srikhandasava,"A fermented tonic with Sandalwood, used to pacify Pitta and treat conditions related to alcoholism.",herb_benefits_srikhandasava
srikhandasava medicinal properties,srikhandasava,"A fermented tonic with Sandalwood, used to pacify Pitta and treat conditions related to alcoholism.",herb_benefits_srikhandasava
srikhandasava health benefits,srikhandasava,"A fermented tonic with Sandalwood, used to pacify Pitta and treat conditions related to alcoholism.",herb_benefits_srikhandasava
therapeutic effects of srikhandasava,srikhandasava,"A fermented tonic with Sandalwood, used to pacify Pitta and treat conditions related to alcoholism.",herb_benefits_srikhandasava
benefits of sukumara kashayam,sukumara kashayam,"A decoction form of Sukumaram Ghritam, used for gynecological issues, hernia, and digestive health.",herb_benefits_sukumara_kashayam
sukumara kashayam for vatahara,sukumara kashayam,sukumara kashayam is beneficial for vatahara,herb_benefits_vatahara
sukumara kashayam for yonirogahara,sukumara kashayam,sukumara kashayam is beneficial for yonirogahara,herb_benefits_yonirogahara
what is sukumara kashayam used for,sukumara kashayam,"A decoction form of Sukumaram Ghritam, used for gynecological issues, hernia, and digestive health.",herb_benefits_sukumara_kashayam
how to use sukumara kashayam,sukumara kashayam,"A decoction form of Sukumaram Ghritam, used for gynecological issues, hernia, and digestive health.",herb_benefits_sukumara_kashayam
sukumara kashayam medicinal properties,sukumara kashayam,"A decoction form of Sukumaram Ghritam, used for gynecological issues, hernia, and digestive health.",herb_benefits_sukumara_kashayam
sukumara kashayam health benefits,sukumara kashayam,"A decoction form of Sukumaram Ghritam, used for gynecological issues, hernia, and digestive health.",herb_benefits_sukumara_kashayam
therapeutic effects of sukumara kashayam,sukumara kashayam,"A decoction form of Sukumaram Ghritam, used for gynecological issues, hernia, and digestive health.",herb_benefits_sukumara_kashayam
benefits of tumburu,tumburu,"Zanthoxylum armatum (Toothache Tree) is a pungent herb used for oral hygiene, digestive issues, and parasites.",herb_benefits_tumburu
tumburu for deepana,tumburu,tumburu is beneficial for deepana,herb_benefits_deepana
tumburu for krimighna,tumburu,tumburu is beneficial for krimighna,herb_benefits_krimighna
tumburu for shoolaghna,tumburu,tumburu is beneficial for shoolaghna,herb_benefits_shoolaghna
what is tumburu used for,tumburu,"Zanthoxylum armatum (Toothache Tree) is a pungent herb used for oral hygiene, digestive issues, and parasites.",herb_benefits_tumburu
how to use tumburu,tumburu,"Zanthoxylum armatum (Toothache Tree) is a pungent herb used for oral hygiene, digestive issues, and parasites.",herb_benefits_tumburu
tumburu medicinal properties,tumburu,"Zanthoxylum armatum (Toothache Tree) is a pungent herb used for oral hygiene, digestive issues, and parasites.",herb_benefits_tumburu
tumburu health benefits,tumburu,"Zanthoxylum armatum (Toothache Tree) is a pungent herb used for oral hygiene, digestive issues, and parasites.",herb_benefits_tumburu
therapeutic effects of tumburu,tumburu,"Zanthoxylum armatum (Toothache Tree) is a pungent herb used for oral hygiene, digestive issues, and parasites.",herb_benefits_tumburu
benefits of varunadi kwath,varunadi kwath,"A classical decoction with Varuna, used for urinary calculi, obesity, and other Kapha disorders.",herb_benefits_varunadi_kwath
varunadi kwath for lekhana,varunadi kwath,varunadi kwath is beneficial for lekhana,herb_benefits_lekhana
varunadi kwath for ashmaribhedana,varunadi kwath,varunadi kwath is beneficial for ashmaribhedana,herb_benefits_ashmaribhedana
what is varunadi kwath used for,varunadi kwath,"A classical decoction with Varuna, used for urinary calculi, obesity, and other Kapha disorders.",herb_benefits_varunadi_kwath
how to use varunadi kwath,varunadi kwath,"A classical decoction with Varuna, used for urinary calculi, obesity, and other Kapha disorders.",herb_benefits_varunadi_kwath
varunadi kwath medicinal properties,varunadi kwath,"A classical decoction with Varuna, used for urinary calculi, obesity, and other Kapha disorders.",herb_benefits_varunadi_kwath
varunadi kwath health benefits,varunadi kwath,"A classical decoction with Varuna, used for urinary calculi, obesity, and other Kapha disorders.",herb_benefits_varunadi_kwath
therapeutic effects of varunadi kwath,varunadi kwath,"A classical decoction with Varuna, used for urinary calculi, obesity, and other Kapha disorders.",herb_benefits_varunadi_kwath
benefits of vidangarishta,vidangarishta,"A fermented tonic with Vidanga, it is the foremost remedy for all types of intestinal worms and parasites.",herb_benefits_vidangarishta
vidangarishta for krimighna,vidangarishta,vidangarishta is beneficial for krimighna,herb_benefits_krimighna
vidangarishta for deepana,vidangarishta,vidangarishta is beneficial for deepana,herb_benefits_deepana
what is vidangarishta used for,vidangarishta,"A fermented tonic with Vidanga, it is the foremost remedy for all types of intestinal worms and parasites.",herb_benefits_vidangarishta
how to use vidangarishta,vidangarishta,"A fermented tonic with Vidanga, it is the foremost remedy for all types of intestinal worms and parasites.",herb_benefits_vidangarishta
vidangarishta medicinal properties,vidangarishta,"A fermented tonic with Vidanga, it is the foremost remedy for all types of intestinal worms and parasites.",herb_benefits_vidangarishta
vidangarishta health benefits,vidangarishta,"A fermented tonic with Vidanga, it is the foremost remedy for all types of intestinal worms and parasites.",herb_benefits_vidangarishta
therapeutic effects of vidangarishta,vidangarishta,"A fermented tonic with Vidanga, it is the foremost remedy for all types of intestinal worms and parasites.",herb_benefits_vidangarishta
benefits of vidaryadi ghrita,vidaryadi ghrita,"A nourishing medicated ghee with Vidari, used for emaciation, debility, and as a general body tonic.",herb_benefits_vidaryadi_ghrita
vidaryadi ghrita for brimhaniya,vidaryadi ghrita,vidaryadi ghrita is beneficial for brimhaniya,herb_benefits_brimhaniya
vidaryadi ghrita for balya,vidaryadi ghrita,vidaryadi ghrita is beneficial for balya,herb_benefits_balya
what is vidaryadi ghrita used for,vidaryadi ghrita,"A nourishing medicated ghee with Vidari, used for emaciation, debility, and as a general body tonic.",herb_benefits_vidaryadi_ghrita
how to use vidaryadi ghrita,vidaryadi ghrita,"A nourishing medicated ghee with Vidari, used for emaciation, debility, and as a general body tonic.",herb_benefits_vidaryadi_ghrita
vidaryadi ghrita medicinal properties,vidaryadi ghrita,"A nourishing medicated ghee with Vidari, used for emaciation, debility, and as a general body tonic.",herb_benefits_vidaryadi_ghrita
vidaryadi ghrita health benefits,vidaryadi ghrita,"A nourishing medicated ghee with Vidari, used for emaciation, debility, and as a general body tonic.",herb_benefits_vidaryadi_ghrita
therapeutic effects of vidaryadi ghrita,vidaryadi ghrita,"A nourishing medicated ghee with Vidari, used for emaciation, debility, and as a general body tonic.",herb_benefits_vidaryadi_ghrita
benefits of vidaryadi kashayam,vidaryadi kashayam,"A decoction of Vidari and other herbs, used as a cardiac tonic and for post-illness recovery.",herb_benefits_vidaryadi_kashayam
vidaryadi kashayam for hridaya,vidaryadi kashayam,vidaryadi kashayam is beneficial for hridaya,herb_benefits_hridaya
vidaryadi kashayam for balya,vidaryadi kashayam,vidaryadi kashayam is beneficial for balya,herb_benefits_balya
what is vidaryadi kashayam used for,vidaryadi kashayam,"A decoction of Vidari and other herbs, used as a cardiac tonic and for post-illness recovery.",herb_benefits_vidaryadi_kashayam
how to use vidaryadi kashayam,vidaryadi kashayam,"A decoction of Vidari and other herbs, used as a cardiac tonic and for post-illness recovery.",herb_benefits_vidaryadi_kashayam
vidaryadi kashayam medicinal properties,vidaryadi kashayam,"A decoction of Vidari and other herbs, used as a cardiac tonic and for post-illness recovery.",herb_benefits_vidaryadi_kashayam
vidaryadi kashayam health benefits,vidaryadi kashayam,"A decoction of Vidari and other herbs, used as a cardiac tonic and for post-illness recovery.",herb_benefits_vidaryadi_kashayam
therapeutic effects of vidaryadi kashayam,vidaryadi kashayam,"A decoction of Vidari and other herbs, used as a cardiac tonic and for post-illness recovery.",herb_benefits_vidaryadi_kashayam
benefits of agnitundi vati,agnitundi vati,"A potent tablet with purified Kupilu (Nux-vomica), used to ignite digestive fire in cases of severe indigestion.",herb_benefits_agnitundi_vati
agnitundi vati for deepana,agnitundi vati,agnitundi vati is beneficial for deepana,herb_benefits_deepana
agnitundi vati for pachana,agnitundi vati,agnitundi vati is beneficial for pachana,herb_benefits_pachana
what is agnitundi vati used for,agnitundi vati,"A potent tablet with purified Kupilu (Nux-vomica), used to ignite digestive fire in cases of severe indigestion.",herb_benefits_agnitundi_vati
how to use agnitundi vati,agnitundi vati,"A potent tablet with purified Kupilu (Nux-vomica), used to ignite digestive fire in cases of severe indigestion.",herb_benefits_agnitundi_vati
agnitundi vati medicinal properties,agnitundi vati,"A potent tablet with purified Kupilu (Nux-vomica), used to ignite digestive fire in cases of severe indigestion.",herb_benefits_agnitundi_vati
agnitundi vati health benefits,agnitundi vati,"A potent tablet with purified Kupilu (Nux-vomica), used to ignite digestive fire in cases of severe indigestion.",herb_benefits_agnitundi_vati
therapeutic effects of agnitundi vati,agnitundi vati,"A potent tablet with purified Kupilu (Nux-vomica), used to ignite digestive fire in cases of severe indigestion.",herb_benefits_agnitundi_vati
benefits of drakshadi kashayam,drakshadi kashayam,"A cooling decoction with Grapes, used for hangovers, fever, and Pitta-related imbalances.",herb_benefits_drakshadi_kashayam
drakshadi kashayam for jwaraghna,drakshadi kashayam,drakshadi kashayam is beneficial for jwaraghna,herb_benefits_jwaraghna
drakshadi kashayam for dahashamana,drakshadi kashayam,drakshadi kashayam is beneficial for dahashamana,herb_benefits_dahashamana
what is drakshadi kashayam used for,drakshadi kashayam,"A cooling decoction with Grapes, used for hangovers, fever, and Pitta-related imbalances.",herb_benefits_drakshadi_kashayam
how to use drakshadi kashayam,drakshadi kashayam,"A cooling decoction with Grapes, used for hangovers, fever, and Pitta-related imbalances.",herb_benefits_drakshadi_kashayam
drakshadi kashayam medicinal properties,drakshadi kashayam,"A cooling decoction with Grapes, used for hangovers, fever, and Pitta-related imbalances.",herb_benefits_drakshadi_kashayam
drakshadi kashayam health benefits,drakshadi kashayam,"A cooling decoction with Grapes, used for hangovers, fever, and Pitta-related imbalances.",herb_benefits_drakshadi_kashayam
therapeutic effects of drakshadi kashayam,drakshadi kashayam,"A cooling decoction with Grapes, used for hangovers, fever, and Pitta-related imbalances.",herb_benefits_drakshadi_kashayam
benefits of rajapravartini vati,rajapravartini vati,A formulation used to induce and regulate menstrual flow in cases of amenorrhea and dysmenorrhea.,herb_benefits_rajapravartini_vati
rajapravartini vati for yonirogahara,rajapravartini vati,rajapravartini vati is beneficial for yonirogahara,herb_benefits_yonirogahara
rajapravartini vati for artavajanana,rajapravartini vati,rajapravartini vati is beneficial for artavajanana,herb_benefits_artavajanana
what is rajapravartini vati used for,rajapravartini vati,A formulation used to induce and regulate menstrual flow in cases of amenorrhea and dysmenorrhea.,herb_benefits_rajapravartini_vati
how to use rajapravartini vati,rajapravartini vati,A formulation used to induce and regulate menstrual flow in cases of amenorrhea and dysmenorrhea.,herb_benefits_rajapravartini_vati
rajapravartini vati medicinal properties,rajapravartini vati,A formulation used to induce and regulate menstrual flow in cases of amenorrhea and dysmenorrhea.,herb_benefits_rajapravartini_vati
rajapravartini vati health benefits,rajapravartini vati,A formulation used to induce and regulate menstrual flow in cases of amenorrhea and dysmenorrhea.,herb_benefits_rajapravartini_vati
therapeutic effects of rajapravartini vati,rajapravartini vati,A formulation used to induce and regulate menstrual flow in cases of amenorrhea and dysmenorrhea.,herb_benefits_rajapravartini_vati
benefits of shringyadi churna,shringyadi churna,"A classical powder with Karkatashringi, used specifically for cough, cold, and fever in children.",herb_benefits_shringyadi_churna
shringyadi churna for kasahara,shringyadi churna,shringyadi churna is beneficial for kasahara,herb_benefits_kasahara
shringyadi churna for jwaraghna,shringyadi churna,shringyadi churna is beneficial for jwaraghna,herb_benefits_jwaraghna
what is shringyadi churna used for,shringyadi churna,"A classical powder with Karkatashringi, used specifically for cough, cold, and fever in children.",herb_benefits_shringyadi_churna
how to use shringyadi churna,shringyadi churna,"A classical powder with Karkatashringi, used specifically for cough, cold, and fever in children.",herb_benefits_shringyadi_churna
shringyadi churna medicinal properties,shringyadi churna,"A classical powder with Karkatashringi, used specifically for cough, cold, and fever in children.",herb_benefits_shringyadi_churna
shringyadi churna health benefits,shringyadi churna,"A classical powder with Karkatashringi, used specifically for cough, cold, and fever in children.",herb_benefits_shringyadi_churna
therapeutic effects of shringyadi churna,shringyadi churna,"A classical powder with Karkatashringi, used specifically for cough, cold, and fever in children.",herb_benefits_shringyadi_churna
benefits of danti moola,danti moola,The root of Danti is the primary part used as a strong purgative in Ayurveda.,herb_benefits_danti_moola
danti moola for virechana,danti moola,danti moola is beneficial for virechana,herb_benefits_virechana
what is danti moola used for,danti moola,The root of Danti is the primary part used as a strong purgative in Ayurveda.,herb_benefits_danti_moola
how to use danti moola,danti moola,The root of Danti is the primary part used as a strong purgative in Ayurveda.,herb_benefits_danti_moola
danti moola medicinal properties,danti moola,The root of Danti is the primary part used as a strong purgative in Ayurveda.,herb_benefits_danti_moola
danti moola health benefits,danti moola,The root of Danti is the primary part used as a strong purgative in Ayurveda.,herb_benefits_danti_moola
therapeutic effects of danti moola,danti moola,The root of Danti is the primary part used as a strong purgative in Ayurveda.,herb_benefits_danti_moola
benefits of alarka,alarka,"Calotropis procera is a white-flowered variety of Arka, sharing its potent purgative and skin-healing properties.",herb_benefits_alarka
alarka for kushtaghna,alarka,alarka is beneficial for kushtaghna,herb_benefits_kushtaghna
alarka for virechana,alarka,alarka is beneficial for virechana,herb_benefits_virechana
what is alarka used for,alarka,"Calotropis procera is a white-flowered variety of Arka, sharing its potent purgative and skin-healing properties.",herb_benefits_alarka
how to use alarka,alarka,"Calotropis procera is a white-flowered variety of Arka, sharing its potent purgative and skin-healing properties.",herb_benefits_alarka
alarka medicinal properties,alarka,"Calotropis procera is a white-flowered variety of Arka, sharing its potent purgative and skin-healing properties.",herb_benefits_alarka
alarka health benefits,alarka,"Calotropis procera is a white-flowered variety of Arka, sharing its potent purgative and skin-healing properties.",herb_benefits_alarka
therapeutic effects of alarka,alarka,"Calotropis procera is a white-flowered variety of Arka, sharing its potent purgative and skin-healing properties.",herb_benefits_alarka
benefits of eranda patra,eranda patra,The leaf of the Castor plant is used externally as a poultice to relieve pain and swelling in joints.,herb_benefits_eranda_patra
eranda patra for vedanasthapana,eranda patra,eranda patra is beneficial for vedanasthapana,herb_benefits_vedanasthapana
eranda patra for shothahara,eranda patra,eranda patra is beneficial for shothahara,herb_benefits_shothahara
what is eranda patra used for,eranda patra,The leaf of the Castor plant is used externally as a poultice to relieve pain and swelling in joints.,herb_benefits_eranda_patra
how to use eranda patra,eranda patra,The leaf of the Castor plant is used externally as a poultice to relieve pain and swelling in joints.,herb_benefits_eranda_patra
eranda patra medicinal properties,eranda patra,The leaf of the Castor plant is used externally as a poultice to relieve pain and swelling in joints.,herb_benefits_eranda_patra
eranda patra health benefits,eranda patra,The leaf of the Castor plant is used externally as a poultice to relieve pain and swelling in joints.,herb_benefits_eranda_patra
therapeutic effects of eranda patra,eranda patra,The leaf of the Castor plant is used externally as a poultice to relieve pain and swelling in joints.,herb_benefits_eranda_patra
benefits of gambhari phala,gambhari phala,"The fruit of Gambhari is a cooling, nourishing tonic that relieves thirst and burning sensation.",herb_benefits_gambhari_phala
gambhari phala for brimhaniya,gambhari phala,gambhari phala is beneficial for brimhaniya,herb_benefits_brimhaniya
gambhari phala for dahashamana,gambhari phala,gambhari phala is beneficial for dahashamana,herb_benefits_dahashamana
what is gambhari phala used for,gambhari phala,"The fruit of Gambhari is a cooling, nourishing tonic that relieves thirst and burning sensation.",herb_benefits_gambhari_phala
how to use gambhari phala,gambhari phala,"The fruit of Gambhari is a cooling, nourishing tonic that relieves thirst and burning sensation.",herb_benefits_gambhari_phala
gambhari phala medicinal properties,gambhari phala,"The fruit of Gambhari is a cooling, nourishing tonic that relieves thirst and burning sensation.",herb_benefits_gambhari_phala
gambhari phala health benefits,gambhari phala,"The fruit of Gambhari is a cooling, nourishing tonic that relieves thirst and burning sensation.",herb_benefits_gambhari_phala
therapeutic effects of gambhari phala,gambhari phala,"The fruit of Gambhari is a cooling, nourishing tonic that relieves thirst and burning sensation.",herb_benefits_gambhari_phala
benefits of karpasa moola,karpasa moola,The root of the Cotton plant is a nervine tonic used for neurological disorders and to promote uterine contractions.,herb_benefits_karpasa_moola
karpasa moola for vatahara,karpasa moola,karpasa moola is beneficial for vatahara,herb_benefits_vatahara
karpasa moola for balya,karpasa moola,karpasa moola is beneficial for balya,herb_benefits_balya
what is karpasa moola used for,karpasa moola,The root of the Cotton plant is a nervine tonic used for neurological disorders and to promote uterine contractions.,herb_benefits_karpasa_moola
how to use karpasa moola,karpasa moola,The root of the Cotton plant is a nervine tonic used for neurological disorders and to promote uterine contractions.,herb_benefits_karpasa_moola
karpasa moola medicinal properties,karpasa moola,The root of the Cotton plant is a nervine tonic used for neurological disorders and to promote uterine contractions.,herb_benefits_karpasa_moola
karpasa moola health benefits,karpasa moola,The root of the Cotton plant is a nervine tonic used for neurological disorders and to promote uterine contractions.,herb_benefits_karpasa_moola
therapeutic effects of karpasa moola,karpasa moola,The root of the Cotton plant is a nervine tonic used for neurological disorders and to promote uterine contractions.,herb_benefits_karpasa_moola
benefits of kusumbha taila,kusumbha taila,Safflower oil is a heating oil used for its laxative properties and in managing heart conditions.,herb_benefits_kusumbha_taila
kusumbha taila for virechana,kusumbha taila,kusumbha taila is beneficial for virechana,herb_benefits_virechana
kusumbha taila for hridaya,kusumbha taila,kusumbha taila is beneficial for hridaya,herb_benefits_hridaya
what is kusumbha taila used for,kusumbha taila,Safflower oil is a heating oil used for its laxative properties and in managing heart conditions.,herb_benefits_kusumbha_taila
how to use kusumbha taila,kusumbha taila,Safflower oil is a heating oil used for its laxative properties and in managing heart conditions.,herb_benefits_kusumbha_taila
kusumbha taila medicinal properties,kusumbha taila,Safflower oil is a heating oil used for its laxative properties and in managing heart conditions.,herb_benefits_kusumbha_taila
kusumbha taila health benefits,kusumbha taila,Safflower oil is a heating oil used for its laxative properties and in managing heart conditions.,herb_benefits_kusumbha_taila
therapeutic effects of kusumbha taila,kusumbha taila,Safflower oil is a heating oil used for its laxative properties and in managing heart conditions.,herb_benefits_kusumbha_taila
benefits of madhusnuhi rasayana,madhusnuhi rasayana,"A rejuvenative formulation with Chopchini, used for chronic skin diseases and as a powerful detoxifier.",herb_benefits_madhusnuhi_rasayana
madhusnuhi rasayana for rasayan,madhusnuhi rasayana,madhusnuhi rasayana is beneficial for rasayan,herb_benefits_rasayan
madhusnuhi rasayana for kushtaghna,madhusnuhi rasayana,madhusnuhi rasayana is beneficial for kushtaghna,herb_benefits_kushtaghna
what is madhusnuhi rasayana used for,madhusnuhi rasayana,"A rejuvenative formulation with Chopchini, used for chronic skin diseases and as a powerful detoxifier.",herb_benefits_madhusnuhi_rasayana
how to use madhusnuhi rasayana,madhusnuhi rasayana,"A rejuvenative formulation with Chopchini, used for chronic skin diseases and as a powerful detoxifier.",herb_benefits_madhusnuhi_rasayana
madhusnuhi rasayana medicinal properties,madhusnuhi rasayana,"A rejuvenative formulation with Chopchini, used for chronic skin diseases and as a powerful detoxifier.",herb_benefits_madhusnuhi_rasayana
madhusnuhi rasayana health benefits,madhusnuhi rasayana,"A rejuvenative formulation with Chopchini, used for chronic skin diseases and as a powerful detoxifier.",herb_benefits_madhusnuhi_rasayana
therapeutic effects of madhusnuhi rasayana,madhusnuhi rasayana,"A rejuvenative formulation with Chopchini, used for chronic skin diseases and as a powerful detoxifier.",herb_benefits_madhusnuhi_rasayana
benefits of masha taila,masha taila,"Oil prepared from Black Gram is a potent Vata-pacifying oil used for paralysis, deafness, and nerve weakness.",herb_benefits_masha_taila
masha taila for vatahara,masha taila,masha taila is beneficial for vatahara,herb_benefits_vatahara
masha taila for balya,masha taila,masha taila is beneficial for balya,herb_benefits_balya
what is masha taila used for,masha taila,"Oil prepared from Black Gram is a potent Vata-pacifying oil used for paralysis, deafness, and nerve weakness.",herb_benefits_masha_taila
how to use masha taila,masha taila,"Oil prepared from Black Gram is a potent Vata-pacifying oil used for paralysis, deafness, and nerve weakness.",herb_benefits_masha_taila
masha taila medicinal properties,masha taila,"Oil prepared from Black Gram is a potent Vata-pacifying oil used for paralysis, deafness, and nerve weakness.",herb_benefits_masha_taila
masha taila health benefits,masha taila,"Oil prepared from Black Gram is a potent Vata-pacifying oil used for paralysis, deafness, and nerve weakness.",herb_benefits_masha_taila
therapeutic effects of masha taila,masha taila,"Oil prepared from Black Gram is a potent Vata-pacifying oil used for paralysis, deafness, and nerve weakness.",herb_benefits_masha_taila
benefits of matulunga rasa,matulunga rasa,"The juice of Citron fruit is an excellent appetizer, digestive, and remedy for nausea and vomiting.",herb_benefits_matulunga_rasa
matulunga rasa for deepana,matulunga rasa,matulunga rasa is beneficial for deepana,herb_benefits_deepana
matulunga rasa for hridaya,matulunga rasa,matulunga rasa is beneficial for hridaya,herb_benefits_hridaya
what is matulunga rasa used for,matulunga rasa,"The juice of Citron fruit is an excellent appetizer, digestive, and remedy for nausea and vomiting.",herb_benefits_matulunga_rasa
how to use matulunga rasa,matulunga rasa,"The juice of Citron fruit is an excellent appetizer, digestive, and remedy for nausea and vomiting.",herb_benefits_matulunga_rasa
matulunga rasa medicinal properties,matulunga rasa,"The juice of Citron fruit is an excellent appetizer, digestive, and remedy for nausea and vomiting.",herb_benefits_matulunga_rasa
matulunga rasa health benefits,matulunga rasa,"The juice of Citron fruit is an excellent appetizer, digestive, and remedy for nausea and vomiting.",herb_benefits_matulunga_rasa
therapeutic effects of matulunga rasa,matulunga rasa,"The juice of Citron fruit is an excellent appetizer, digestive, and remedy for nausea and vomiting.",herb_benefits_matulunga_rasa
benefits of nimba beeja,nimba beeja,Neem seed is a powerful anti-parasitic and is used to extract Neem oil for skin diseases.,herb_benefits_nimba_beeja
nimba beeja for krimighna,nimba beeja,nimba beeja is beneficial for krimighna,herb_benefits_krimighna
nimba beeja for kushtaghna,nimba beeja,nimba beeja is beneficial for kushtaghna,herb_benefits_kushtaghna
what is nimba beeja used for,nimba beeja,Neem seed is a powerful anti-parasitic and is used to extract Neem oil for skin diseases.,herb_benefits_nimba_beeja
how to use nimba beeja,nimba beeja,Neem seed is a powerful anti-parasitic and is used to extract Neem oil for skin diseases.,herb_benefits_nimba_beeja
nimba beeja medicinal properties,nimba beeja,Neem seed is a powerful anti-parasitic and is used to extract Neem oil for skin diseases.,herb_benefits_nimba_beeja
nimba beeja health benefits,nimba beeja,Neem seed is a powerful anti-parasitic and is used to extract Neem oil for skin diseases.,herb_benefits_nimba_beeja
therapeutic effects of nimba beeja,nimba beeja,Neem seed is a powerful anti-parasitic and is used to extract Neem oil for skin diseases.,herb_benefits_nimba_beeja
benefits of patola patra,patola patra,The leaf of Patola is a potent blood purifier and is used to treat skin diseases and fevers.,herb_benefits_patola_patra
patola patra for raktashodhak,patola patra,patola patra is beneficial for raktashodhak,herb_benefits_raktashodhak
patola patra for kushtaghna,patola patra,patola patra is beneficial for kushtaghna,herb_benefits_kushtaghna
what is patola patra used for,patola patra,The leaf of Patola is a potent blood purifier and is used to treat skin diseases and fevers.,herb_benefits_patola_patra
how to use patola patra,patola patra,The leaf of Patola is a potent blood purifier and is used to treat skin diseases and fevers.,herb_benefits_patola_patra
patola patra medicinal properties,patola patra,The leaf of Patola is a potent blood purifier and is used to treat skin diseases and fevers.,herb_benefits_patola_patra
patola patra health benefits,patola patra,The leaf of Patola is a potent blood purifier and is used to treat skin diseases and fevers.,herb_benefits_patola_patra
therapeutic effects of patola patra,patola patra,The leaf of Patola is a potent blood purifier and is used to treat skin diseases and fevers.,herb_benefits_patola_patra
benefits of vajrakapata rasa,vajrakapata rasa,A herbo-mineral formulation used for malabsorption and chronic diarrhea.,herb_benefits_vajrakapata_rasa
vajrakapata rasa for grahi,vajrakapata rasa,vajrakapata rasa is beneficial for grahi,herb_benefits_grahi
what is vajrakapata rasa used for,vajrakapata rasa,A herbo-mineral formulation used for malabsorption and chronic diarrhea.,herb_benefits_vajrakapata_rasa
how to use vajrakapata rasa,vajrakapata rasa,A herbo-mineral formulation used for malabsorption and chronic diarrhea.,herb_benefits_vajrakapata_rasa
vajrakapata rasa medicinal properties,vajrakapata rasa,A herbo-mineral formulation used for malabsorption and chronic diarrhea.,herb_benefits_vajrakapata_rasa
vajrakapata rasa health benefits,vajrakapata rasa,A herbo-mineral formulation used for malabsorption and chronic diarrhea.,herb_benefits_vajrakapata_rasa
therapeutic effects of vajrakapata rasa,vajrakapata rasa,A herbo-mineral formulation used for malabsorption and chronic diarrhea.,herb_benefits_vajrakapata_rasa
benefits of vyaghri haritaki,vyaghri haritaki,"A formulation of Kantakari and Haritaki, used for chronic cough, asthma, and other respiratory ailments.",herb_benefits_vyaghri_haritaki
vyaghri haritaki for kasahara,vyaghri haritaki,vyaghri haritaki is beneficial for kasahara,herb_benefits_kasahara
vyaghri haritaki for shwasahara,vyaghri haritaki,vyaghri haritaki is beneficial for shwasahara,herb_benefits_shwasahara
what is vyaghri haritaki used for,vyaghri haritaki,"A formulation of Kantakari and Haritaki, used for chronic cough, asthma, and other respiratory ailments.",herb_benefits_vyaghri_haritaki
how to use vyaghri haritaki,vyaghri haritaki,"A formulation of Kantakari and Haritaki, used for chronic cough, asthma, and other respiratory ailments.",herb_benefits_vyaghri_haritaki
vyaghri haritaki medicinal properties,vyaghri haritaki,"A formulation of Kantakari and Haritaki, used for chronic cough, asthma, and other respiratory ailments.",herb_benefits_vyaghri_haritaki
vyaghri haritaki health benefits,vyaghri haritaki,"A formulation of Kantakari and Haritaki, used for chronic cough, asthma, and other respiratory ailments.",herb_benefits_vyaghri_haritaki
therapeutic effects of vyaghri haritaki,vyaghri haritaki,"A formulation of Kantakari and Haritaki, used for chronic cough, asthma, and other respiratory ailments.",herb_benefits_vyaghri_haritaki
benefits of somaraji taila,somaraji taila,"Medicated oil with Bakuchi, used externally for leucoderma (vitiligo) and other chronic skin diseases.",herb_benefits_somaraji_taila
somaraji taila for kushtaghna,somaraji taila,somaraji taila is beneficial for kushtaghna,herb_benefits_kushtaghna
somaraji taila for varnya,somaraji taila,somaraji taila is beneficial for varnya,herb_benefits_varnya
what is somaraji taila used for,somaraji taila,"Medicated oil with Bakuchi, used externally for leucoderma (vitiligo) and other chronic skin diseases.",herb_benefits_somaraji_taila
how to use somaraji taila,somaraji taila,"Medicated oil with Bakuchi, used externally for leucoderma (vitiligo) and other chronic skin diseases.",herb_benefits_somaraji_taila
somaraji taila medicinal properties,somaraji taila,"Medicated oil with Bakuchi, used externally for leucoderma (vitiligo) and other chronic skin diseases.",herb_benefits_somaraji_taila
somaraji taila health benefits,somaraji taila,"Medicated oil with Bakuchi, used externally for leucoderma (vitiligo) and other chronic skin diseases.",herb_benefits_somaraji_taila
therapeutic effects of somaraji taila,somaraji taila,"Medicated oil with Bakuchi, used externally for leucoderma (vitiligo) and other chronic skin diseases.",herb_benefits_somaraji_taila
benefits of patolamuladi kwath,patolamuladi kwath,"A bitter decoction used for a variety of skin diseases, fevers, and liver issues. Excellent Pitta pacifier.",herb_benefits_patolamuladi_kwath
patolamuladi kwath for kushtaghna,patolamuladi kwath,patolamuladi kwath is beneficial for kushtaghna,herb_benefits_kushtaghna
patolamuladi kwath for vishaghna,patolamuladi kwath,patolamuladi kwath is beneficial for vishaghna,herb_benefits_vishaghna
what is patolamuladi kwath used for,patolamuladi kwath,"A bitter decoction used for a variety of skin diseases, fevers, and liver issues. Excellent Pitta pacifier.",herb_benefits_patolamuladi_kwath
how to use patolamuladi kwath,patolamuladi kwath,"A bitter decoction used for a variety of skin diseases, fevers, and liver issues. Excellent Pitta pacifier.",herb_benefits_patolamuladi_kwath
patolamuladi kwath medicinal properties,patolamuladi kwath,"A bitter decoction used for a variety of skin diseases, fevers, and liver issues. Excellent Pitta pacifier.",herb_benefits_patolamuladi_kwath
patolamuladi kwath health benefits,patolamuladi kwath,"A bitter decoction used for a variety of skin diseases, fevers, and liver issues. Excellent Pitta pacifier.",herb_benefits_patolamuladi_kwath
therapeutic effects of patolamuladi kwath,patolamuladi kwath,"A bitter decoction used for a variety of skin diseases, fevers, and liver issues. Excellent Pitta pacifier.",herb_benefits_patolamuladi_kwath
benefits of parpatakarishta,parpatakarishta,"A fermented tonic of Parpataka, used for chronic fevers and associated liver and spleen enlargement.",herb_benefits_parpatakarishta
parpatakarishta for jwaraghna,parpatakarishta,parpatakarishta is beneficial for jwaraghna,herb_benefits_jwaraghna
parpatakarishta for yakrituttejaka,parpatakarishta,parpatakarishta is beneficial for yakrituttejaka,herb_benefits_yakrituttejaka
what is parpatakarishta used for,parpatakarishta,"A fermented tonic of Parpataka, used for chronic fevers and associated liver and spleen enlargement.",herb_benefits_parpatakarishta
how to use parpatakarishta,parpatakarishta,"A fermented tonic of Parpataka, used for chronic fevers and associated liver and spleen enlargement.",herb_benefits_parpatakarishta
parpatakarishta medicinal properties,parpatakarishta,"A fermented tonic of Parpataka, used for chronic fevers and associated liver and spleen enlargement.",herb_benefits_parpatakarishta
parpatakarishta health benefits,parpatakarishta,"A fermented tonic of Parpataka, used for chronic fevers and associated liver and spleen enlargement.",herb_benefits_parpatakarishta
therapeutic effects of parpatakarishta,parpatakarishta,"A fermented tonic of Parpataka, used for chronic fevers and associated liver and spleen enlargement.",herb_benefits_parpatakarishta
benefits of kusumbha,kusumbha,"Safflower seeds and oil are used for their laxative properties and in managing heart conditions, but are very heating.",herb_benefits_kusumbha
kusumbha for virechana,kusumbha,kusumbha is beneficial for virechana,herb_benefits_virechana
kusumbha for hridaya,kusumbha,kusumbha is beneficial for hridaya,herb_benefits_hridaya
what is kusumbha used for,kusumbha,"Safflower seeds and oil are used for their laxative properties and in managing heart conditions, but are very heating.",herb_benefits_kusumbha
how to use kusumbha,kusumbha,"Safflower seeds and oil are used for their laxative properties and in managing heart conditions, but are very heating.",herb_benefits_kusumbha
kusumbha medicinal properties,kusumbha,"Safflower seeds and oil are used for their laxative properties and in managing heart conditions, but are very heating.",herb_benefits_kusumbha
kusumbha health benefits,kusumbha,"Safflower seeds and oil are used for their laxative properties and in managing heart conditions, but are very heating.",herb_benefits_kusumbha
therapeutic effects of kusumbha,kusumbha,"Safflower seeds and oil are used for their laxative properties and in managing heart conditions, but are very heating.",herb_benefits_kusumbha
benefits of akhuparni,akhuparni,"Ipomoea reniformis is a diuretic and anti-inflammatory herb, used in traditional medicine for urinary disorders.",herb_benefits_akhuparni
akhuparni for mutrala,akhuparni,akhuparni is beneficial for mutrala,herb_benefits_mutrala
akhuparni for shothahara,akhuparni,akhuparni is beneficial for shothahara,herb_benefits_shothahara
what is akhuparni used for,akhuparni,"Ipomoea reniformis is a diuretic and anti-inflammatory herb, used in traditional medicine for urinary disorders.",herb_benefits_akhuparni
how to use akhuparni,akhuparni,"Ipomoea reniformis is a diuretic and anti-inflammatory herb, used in traditional medicine for urinary disorders.",herb_benefits_akhuparni
akhuparni medicinal properties,akhuparni,"Ipomoea reniformis is a diuretic and anti-inflammatory herb, used in traditional medicine for urinary disorders.",herb_benefits_akhuparni
akhuparni health benefits,akhuparni,"Ipomoea reniformis is a diuretic and anti-inflammatory herb, used in traditional medicine for urinary disorders.",herb_benefits_akhuparni
therapeutic effects of akhuparni,akhuparni,"Ipomoea reniformis is a diuretic and anti-inflammatory herb, used in traditional medicine for urinary disorders.",herb_benefits_akhuparni
benefits of amalaka rasayana,amalaka rasayana,"A specific rejuvenative preparation of Amla, used to enhance vitality and promote longevity.",herb_benefits_amalaka_rasayana
amalaka rasayana for rasayan,amalaka rasayana,amalaka rasayana is beneficial for rasayan,herb_benefits_rasayan
amalaka rasayana for chakshushya,amalaka rasayana,amalaka rasayana is beneficial for chakshushya,herb_benefits_chakshushya
what is amalaka rasayana used for,amalaka rasayana,"A specific rejuvenative preparation of Amla, used to enhance vitality and promote longevity.",herb_benefits_amalaka_rasayana
how to use amalaka rasayana,amalaka rasayana,"A specific rejuvenative preparation of Amla, used to enhance vitality and promote longevity.",herb_benefits_amalaka_rasayana
amalaka rasayana medicinal properties,amalaka rasayana,"A specific rejuvenative preparation of Amla, used to enhance vitality and promote longevity.",herb_benefits_amalaka_rasayana
amalaka rasayana health benefits,amalaka rasayana,"A specific rejuvenative preparation of Amla, used to enhance vitality and promote longevity.",herb_benefits_amalaka_rasayana
therapeutic effects of amalaka rasayana,amalaka rasayana,"A specific rejuvenative preparation of Amla, used to enhance vitality and promote longevity.",herb_benefits_amalaka_rasayana
benefits of amrita ghrita,amrita ghrita,"Medicated ghee of Giloy, used as a potent rejuvenator, immunomodulator, and for treating chronic fevers.",herb_benefits_amrita_ghrita
amrita ghrita for rasayan,amrita ghrita,amrita ghrita is beneficial for rasayan,herb_benefits_rasayan
amrita ghrita for jwaraghna,amrita ghrita,amrita ghrita is beneficial for jwaraghna,herb_benefits_jwaraghna
what is amrita ghrita used for,amrita ghrita,"Medicated ghee of Giloy, used as a potent rejuvenator, immunomodulator, and for treating chronic fevers.",herb_benefits_amrita_ghrita
how to use amrita ghrita,amrita ghrita,"Medicated ghee of Giloy, used as a potent rejuvenator, immunomodulator, and for treating chronic fevers.",herb_benefits_amrita_ghrita
amrita ghrita medicinal properties,amrita ghrita,"Medicated ghee of Giloy, used as a potent rejuvenator, immunomodulator, and for treating chronic fevers.",herb_benefits_amrita_ghrita
amrita ghrita health benefits,amrita ghrita,"Medicated ghee of Giloy, used as a potent rejuvenator, immunomodulator, and for treating chronic fevers.",herb_benefits_amrita_ghrita
therapeutic effects of amrita ghrita,amrita ghrita,"Medicated ghee of Giloy, used as a potent rejuvenator, immunomodulator, and for treating chronic fevers.",herb_benefits_amrita_ghrita
benefits of aragvadhadi kwath,aragvadhadi kwath,"A decoction led by Aragwadha, used for skin diseases, vomiting, and as a mild laxative.",herb_benefits_aragvadhadi_kwath
aragvadhadi kwath for kushtaghna,aragvadhadi kwath,aragvadhadi kwath is beneficial for kushtaghna,herb_benefits_kushtaghna
aragvadhadi kwath for virechana,aragvadhadi kwath,aragvadhadi kwath is beneficial for virechana,herb_benefits_virechana
what is aragvadhadi kwath used for,aragvadhadi kwath,"A decoction led by Aragwadha, used for skin diseases, vomiting, and as a mild laxative.",herb_benefits_aragvadhadi_kwath
how to use aragvadhadi kwath,aragvadhadi kwath,"A decoction led by Aragwadha, used for skin diseases, vomiting, and as a mild laxative.",herb_benefits_aragvadhadi_kwath
aragvadhadi kwath medicinal properties,aragvadhadi kwath,"A decoction led by Aragwadha, used for skin diseases, vomiting, and as a mild laxative.",herb_benefits_aragvadhadi_kwath
aragvadhadi kwath health benefits,aragvadhadi kwath,"A decoction led by Aragwadha, used for skin diseases, vomiting, and as a mild laxative.",herb_benefits_aragvadhadi_kwath
therapeutic effects of aragvadhadi kwath,aragvadhadi kwath,"A decoction led by Aragwadha, used for skin diseases, vomiting, and as a mild laxative.",herb_benefits_aragvadhadi_kwath
benefits of ardraka svarasa,ardraka svarasa,"Fresh Ginger juice is a powerful appetizer and carminative, used for loss of appetite, nausea, and colds.",herb_benefits_ardraka_svarasa
ardraka svarasa for deepana,ardraka svarasa,ardraka svarasa is beneficial for deepana,herb_benefits_deepana
ardraka svarasa for pachana,ardraka svarasa,ardraka svarasa is beneficial for pachana,herb_benefits_pachana
what is ardraka svarasa used for,ardraka svarasa,"Fresh Ginger juice is a powerful appetizer and carminative, used for loss of appetite, nausea, and colds.",herb_benefits_ardraka_svarasa
how to use ardraka svarasa,ardraka svarasa,"Fresh Ginger juice is a powerful appetizer and carminative, used for loss of appetite, nausea, and colds.",herb_benefits_ardraka_svarasa
ardraka svarasa medicinal properties,ardraka svarasa,"Fresh Ginger juice is a powerful appetizer and carminative, used for loss of appetite, nausea, and colds.",herb_benefits_ardraka_svarasa
ardraka svarasa health benefits,ardraka svarasa,"Fresh Ginger juice is a powerful appetizer and carminative, used for loss of appetite, nausea, and colds.",herb_benefits_ardraka_svarasa
therapeutic effects of ardraka svarasa,ardraka svarasa,"Fresh Ginger juice is a powerful appetizer and carminative, used for loss of appetite, nausea, and colds.",herb_benefits_ardraka_svarasa
benefits of asanadi kwath,asanadi kwath,"A decoction with Asana as the main herb, used for managing diabetes and related complications.",herb_benefits_asanadi_kwath
asanadi kwath for pramehaghna,asanadi kwath,asanadi kwath is beneficial for pramehaghna,herb_benefits_pramehaghna
asanadi kwath for kushtaghna,asanadi kwath,asanadi kwath is beneficial for kushtaghna,herb_benefits_kushtaghna
what is asanadi kwath used for,asanadi kwath,"A decoction with Asana as the main herb, used for managing diabetes and related complications.",herb_benefits_asanadi_kwath
how to use asanadi kwath,asanadi kwath,"A decoction with Asana as the main herb, used for managing diabetes and related complications.",herb_benefits_asanadi_kwath
asanadi kwath medicinal properties,asanadi kwath,"A decoction with Asana as the main herb, used for managing diabetes and related complications.",herb_benefits_asanadi_kwath
asanadi kwath health benefits,asanadi kwath,"A decoction with Asana as the main herb, used for managing diabetes and related complications.",herb_benefits_asanadi_kwath
therapeutic effects of asanadi kwath,asanadi kwath,"A decoction with Asana as the main herb, used for managing diabetes and related complications.",herb_benefits_asanadi_kwath
benefits of ashoka ghrita,ashoka ghrita,"Medicated ghee of Ashoka, used as a uterine tonic to treat gynecological disorders and menorrhagia.",herb_benefits_ashoka_ghrita
ashoka ghrita for yonirogahara,ashoka ghrita,ashoka ghrita is beneficial for yonirogahara,herb_benefits_yonirogahara
ashoka ghrita for raktastambhana,ashoka ghrita,ashoka ghrita is beneficial for raktastambhana,herb_benefits_raktastambhana
what is ashoka ghrita used for,ashoka ghrita,"Medicated ghee of Ashoka, used as a uterine tonic to treat gynecological disorders and menorrhagia.",herb_benefits_ashoka_ghrita
how to use ashoka ghrita,ashoka ghrita,"Medicated ghee of Ashoka, used as a uterine tonic to treat gynecological disorders and menorrhagia.",herb_benefits_ashoka_ghrita
ashoka ghrita medicinal properties,ashoka ghrita,"Medicated ghee of Ashoka, used as a uterine tonic to treat gynecological disorders and menorrhagia.",herb_benefits_ashoka_ghrita
ashoka ghrita health benefits,ashoka ghrita,"Medicated ghee of Ashoka, used as a uterine tonic to treat gynecological disorders and menorrhagia.",herb_benefits_ashoka_ghrita
therapeutic effects of ashoka ghrita,ashoka ghrita,"Medicated ghee of Ashoka, used as a uterine tonic to treat gynecological disorders and menorrhagia.",herb_benefits_ashoka_ghrita
benefits of ajamoda arka,ajamoda arka,"A distilled water extract of Ajamoda, used for improving digestion, relieving gas, and abdominal pain.",herb_benefits_ajamoda_arka
ajamoda arka for deepana,ajamoda arka,ajamoda arka is beneficial for deepana,herb_benefits_deepana
ajamoda arka for pachana,ajamoda arka,ajamoda arka is beneficial for pachana,herb_benefits_pachana
ajamoda arka for shoolaghna,ajamoda arka,ajamoda arka is beneficial for shoolaghna,herb_benefits_shoolaghna
what is ajamoda arka used for,ajamoda arka,"A distilled water extract of Ajamoda, used for improving digestion, relieving gas, and abdominal pain.",herb_benefits_ajamoda_arka
how to use ajamoda arka,ajamoda arka,"A distilled water extract of Ajamoda, used for improving digestion, relieving gas, and abdominal pain.",herb_benefits_ajamoda_arka
ajamoda arka medicinal properties,ajamoda arka,"A distilled water extract of Ajamoda, used for improving digestion, relieving gas, and abdominal pain.",herb_benefits_ajamoda_arka
ajamoda arka health benefits,ajamoda arka,"A distilled water extract of Ajamoda, used for improving digestion, relieving gas, and abdominal pain.",herb_benefits_ajamoda_arka
therapeutic effects of ajamoda arka,ajamoda arka,"A distilled water extract of Ajamoda, used for improving digestion, relieving gas, and abdominal pain.",herb_benefits_ajamoda_arka
benefits of arjuna twak,arjuna twak,"The bark of the Arjuna tree is the primary part used, renowned as the best Ayurvedic cardiotonic.",herb_benefits_arjuna_twak
arjuna twak for hridaya,arjuna twak,arjuna twak is beneficial for hridaya,herb_benefits_hridaya
arjuna twak for raktastambhana,arjuna twak,arjuna twak is beneficial for raktastambhana,herb_benefits_raktastambhana
what is arjuna twak used for,arjuna twak,"The bark of the Arjuna tree is the primary part used, renowned as the best Ayurvedic cardiotonic.",herb_benefits_arjuna_twak
how to use arjuna twak,arjuna twak,"The bark of the Arjuna tree is the primary part used, renowned as the best Ayurvedic cardiotonic.",herb_benefits_arjuna_twak
arjuna twak medicinal properties,arjuna twak,"The bark of the Arjuna tree is the primary part used, renowned as the best Ayurvedic cardiotonic.",herb_benefits_arjuna_twak
arjuna twak health benefits,arjuna twak,"The bark of the Arjuna tree is the primary part used, renowned as the best Ayurvedic cardiotonic.",herb_benefits_arjuna_twak
therapeutic effects of arjuna twak,arjuna twak,"The bark of the Arjuna tree is the primary part used, renowned as the best Ayurvedic cardiotonic.",herb_benefits_arjuna_twak
benefits of bakuchi taila,bakuchi taila,"Medicated oil of Bakuchi, used externally for leucoderma (vitiligo) and other chronic skin diseases.",herb_benefits_bakuchi_taila
bakuchi taila for kushtaghna,bakuchi taila,bakuchi taila is beneficial for kushtaghna,herb_benefits_kushtaghna
bakuchi taila for varnya,bakuchi taila,bakuchi taila is beneficial for varnya,herb_benefits_varnya
what is bakuchi taila used for,bakuchi taila,"Medicated oil of Bakuchi, used externally for leucoderma (vitiligo) and other chronic skin diseases.",herb_benefits_bakuchi_taila
how to use bakuchi taila,bakuchi taila,"Medicated oil of Bakuchi, used externally for leucoderma (vitiligo) and other chronic skin diseases.",herb_benefits_bakuchi_taila
bakuchi taila medicinal properties,bakuchi taila,"Medicated oil of Bakuchi, used externally for leucoderma (vitiligo) and other chronic skin diseases.",herb_benefits_bakuchi_taila
bakuchi taila health benefits,bakuchi taila,"Medicated oil of Bakuchi, used externally for leucoderma (vitiligo) and other chronic skin diseases.",herb_benefits_bakuchi_taila
therapeutic effects of bakuchi taila,bakuchi taila,"Medicated oil of Bakuchi, used externally for leucoderma (vitiligo) and other chronic skin diseases.",herb_benefits_bakuchi_taila
benefits of caturjata churna,caturjata churna,"A formulation of four aromatic herbs (Cinnamon, Cardamom, Bay Leaf, Nagakesara) used as a digestive and stimulant.",herb_benefits_caturjata_churna
caturjata churna for deepana,caturjata churna,caturjata churna is beneficial for deepana,herb_benefits_deepana
caturjata churna for pachana,caturjata churna,caturjata churna is beneficial for pachana,herb_benefits_pachana
what is caturjata churna used for,caturjata churna,"A formulation of four aromatic herbs (Cinnamon, Cardamom, Bay Leaf, Nagakesara) used as a digestive and stimulant.",herb_benefits_caturjata_churna
how to use caturjata churna,caturjata churna,"A formulation of four aromatic herbs (Cinnamon, Cardamom, Bay Leaf, Nagakesara) used as a digestive and stimulant.",herb_benefits_caturjata_churna
caturjata churna medicinal properties,caturjata churna,"A formulation of four aromatic herbs (Cinnamon, Cardamom, Bay Leaf, Nagakesara) used as a digestive and stimulant.",herb_benefits_caturjata_churna
caturjata churna health benefits,caturjata churna,"A formulation of four aromatic herbs (Cinnamon, Cardamom, Bay Leaf, Nagakesara) used as a digestive and stimulant.",herb_benefits_caturjata_churna
therapeutic effects of caturjata churna,caturjata churna,"A formulation of four aromatic herbs (Cinnamon, Cardamom, Bay Leaf, Nagakesara) used as a digestive and stimulant.",herb_benefits_caturjata_churna
benefits of dhatri loha,dhatri loha,"A herbo-mineral formulation with Amla (Dhatri) and Iron (Loha), used for anemia, jaundice, and hyperacidity.",herb_benefits_dhatri_loha
dhatri loha for raktavardhak,dhatri loha,dhatri loha is beneficial for raktavardhak,herb_benefits_raktavardhak
dhatri loha for amlapittahara,dhatri loha,dhatri loha is beneficial for amlapittahara,herb_benefits_amlapittahara
what is dhatri loha used for,dhatri loha,"A herbo-mineral formulation with Amla (Dhatri) and Iron (Loha), used for anemia, jaundice, and hyperacidity.",herb_benefits_dhatri_loha
how to use dhatri loha,dhatri loha,"A herbo-mineral formulation with Amla (Dhatri) and Iron (Loha), used for anemia, jaundice, and hyperacidity.",herb_benefits_dhatri_loha
dhatri loha medicinal properties,dhatri loha,"A herbo-mineral formulation with Amla (Dhatri) and Iron (Loha), used for anemia, jaundice, and hyperacidity.",herb_benefits_dhatri_loha
dhatri loha health benefits,dhatri loha,"A herbo-mineral formulation with Amla (Dhatri) and Iron (Loha), used for anemia, jaundice, and hyperacidity.",herb_benefits_dhatri_loha
therapeutic effects of dhatri loha,dhatri loha,"A herbo-mineral formulation with Amla (Dhatri) and Iron (Loha), used for anemia, jaundice, and hyperacidity.",herb_benefits_dhatri_loha
benefits of drakshavaleha,drakshavaleha,"A jam-like preparation of Grapes, used to treat anemia, jaundice, and as a nourishing tonic.",herb_benefits_drakshavaleha
drakshavaleha for raktavardhak,drakshavaleha,drakshavaleha is beneficial for raktavardhak,herb_benefits_raktavardhak
drakshavaleha for balya,drakshavaleha,drakshavaleha is beneficial for balya,herb_benefits_balya
what is drakshavaleha used for,drakshavaleha,"A jam-like preparation of Grapes, used to treat anemia, jaundice, and as a nourishing tonic.",herb_benefits_drakshavaleha
how to use drakshavaleha,drakshavaleha,"A jam-like preparation of Grapes, used to treat anemia, jaundice, and as a nourishing tonic.",herb_benefits_drakshavaleha
drakshavaleha medicinal properties,drakshavaleha,"A jam-like preparation of Grapes, used to treat anemia, jaundice, and as a nourishing tonic.",herb_benefits_drakshavaleha
drakshavaleha health benefits,drakshavaleha,"A jam-like preparation of Grapes, used to treat anemia, jaundice, and as a nourishing tonic.",herb_benefits_drakshavaleha
therapeutic effects of drakshavaleha,drakshavaleha,"A jam-like preparation of Grapes, used to treat anemia, jaundice, and as a nourishing tonic.",herb_benefits_drakshavaleha
benefits of godugdha,godugdha,"Cow's Milk is considered a supreme rejuvenator (rasayana), nourishing all tissues and pacifying Vata and Pitta.",herb_benefits_godugdha
godugdha for jivaniya,godugdha,godugdha is beneficial for jivaniya,herb_benefits_jivaniya
godugdha for rasayan,godugdha,godugdha is beneficial for rasayan,herb_benefits_rasayan
godugdha for medhya,godugdha,godugdha is beneficial for medhya,herb_benefits_medhya
what is godugdha used for,godugdha,"Cow's Milk is considered a supreme rejuvenator (rasayana), nourishing all tissues and pacifying Vata and Pitta.",herb_benefits_godugdha
how to use godugdha,godugdha,"Cow's Milk is considered a supreme rejuvenator (rasayana), nourishing all tissues and pacifying Vata and Pitta.",herb_benefits_godugdha
godugdha medicinal properties,godugdha,"Cow's Milk is considered a supreme rejuvenator (rasayana), nourishing all tissues and pacifying Vata and Pitta.",herb_benefits_godugdha
godugdha health benefits,godugdha,"Cow's Milk is considered a supreme rejuvenator (rasayana), nourishing all tissues and pacifying Vata and Pitta.",herb_benefits_godugdha
therapeutic effects of godugdha,godugdha,"Cow's Milk is considered a supreme rejuvenator (rasayana), nourishing all tissues and pacifying Vata and Pitta.",herb_benefits_godugdha
benefits of gojihvadi kwath,gojihvadi kwath,"A decoction of Gojihva and other herbs, used for fever, cough, and respiratory tract infections.",herb_benefits_gojihvadi_kwath
gojihvadi kwath for jwaraghna,gojihvadi kwath,gojihvadi kwath is beneficial for jwaraghna,herb_benefits_jwaraghna
gojihvadi kwath for kasahara,gojihvadi kwath,gojihvadi kwath is beneficial for kasahara,herb_benefits_kasahara
what is gojihvadi kwath used for,gojihvadi kwath,"A decoction of Gojihva and other herbs, used for fever, cough, and respiratory tract infections.",herb_benefits_gojihvadi_kwath
how to use gojihvadi kwath,gojihvadi kwath,"A decoction of Gojihva and other herbs, used for fever, cough, and respiratory tract infections.",herb_benefits_gojihvadi_kwath
gojihvadi kwath medicinal properties,gojihvadi kwath,"A decoction of Gojihva and other herbs, used for fever, cough, and respiratory tract infections.",herb_benefits_gojihvadi_kwath
gojihvadi kwath health benefits,gojihvadi kwath,"A decoction of Gojihva and other herbs, used for fever, cough, and respiratory tract infections.",herb_benefits_gojihvadi_kwath
therapeutic effects of gojihvadi kwath,gojihvadi kwath,"A decoction of Gojihva and other herbs, used for fever, cough, and respiratory tract infections.",herb_benefits_gojihvadi_kwath
benefits of gomutra,gomutra,Purified Cow's urine is a potent detoxifier and is used in many formulations for skin diseases and obesity.,herb_benefits_gomutra
gomutra for lekhana,gomutra,gomutra is beneficial for lekhana,herb_benefits_lekhana
gomutra for krimighna,gomutra,gomutra is beneficial for krimighna,herb_benefits_krimighna
gomutra for kushtaghna,gomutra,gomutra is beneficial for kushtaghna,herb_benefits_kushtaghna
what is gomutra used for,gomutra,Purified Cow's urine is a potent detoxifier and is used in many formulations for skin diseases and obesity.,herb_benefits_gomutra
how to use gomutra,gomutra,Purified Cow's urine is a potent detoxifier and is used in many formulations for skin diseases and obesity.,herb_benefits_gomutra
gomutra medicinal properties,gomutra,Purified Cow's urine is a potent detoxifier and is used in many formulations for skin diseases and obesity.,herb_benefits_gomutra
gomutra health benefits,gomutra,Purified Cow's urine is a potent detoxifier and is used in many formulations for skin diseases and obesity.,herb_benefits_gomutra
therapeutic effects of gomutra,gomutra,Purified Cow's urine is a potent detoxifier and is used in many formulations for skin diseases and obesity.,herb_benefits_gomutra
benefits of gulakanda,gulakanda,"A sweet preserve of Rose petals, it is an excellent remedy for pacifying Pitta, treating acidity, and cooling the body.",herb_benefits_gulakanda
gulakanda for amlapittahara,gulakanda,gulakanda is beneficial for amlapittahara,herb_benefits_amlapittahara
gulakanda for dahashamana,gulakanda,gulakanda is beneficial for dahashamana,herb_benefits_dahashamana
gulakanda for virechana,gulakanda,gulakanda is beneficial for virechana,herb_benefits_virechana
what is gulakanda used for,gulakanda,"A sweet preserve of Rose petals, it is an excellent remedy for pacifying Pitta, treating acidity, and cooling the body.",herb_benefits_gulakanda
how to use gulakanda,gulakanda,"A sweet preserve of Rose petals, it is an excellent remedy for pacifying Pitta, treating acidity, and cooling the body.",herb_benefits_gulakanda
gulakanda medicinal properties,gulakanda,"A sweet preserve of Rose petals, it is an excellent remedy for pacifying Pitta, treating acidity, and cooling the body.",herb_benefits_gulakanda
gulakanda health benefits,gulakanda,"A sweet preserve of Rose petals, it is an excellent remedy for pacifying Pitta, treating acidity, and cooling the body.",herb_benefits_gulakanda
therapeutic effects of gulakanda,gulakanda,"A sweet preserve of Rose petals, it is an excellent remedy for pacifying Pitta, treating acidity, and cooling the body.",herb_benefits_gulakanda
benefits of irimedadi taila,irimedadi taila,"A medicated oil used for oil pulling (gandusha) to treat dental caries, bleeding gums, and other oral health issues.",herb_benefits_irimedadi_taila
irimedadi taila for dantya,irimedadi taila,irimedadi taila is beneficial for dantya,herb_benefits_dantya
irimedadi taila for krimighna,irimedadi taila,irimedadi taila is beneficial for krimighna,herb_benefits_krimighna
what is irimedadi taila used for,irimedadi taila,"A medicated oil used for oil pulling (gandusha) to treat dental caries, bleeding gums, and other oral health issues.",herb_benefits_irimedadi_taila
how to use irimedadi taila,irimedadi taila,"A medicated oil used for oil pulling (gandusha) to treat dental caries, bleeding gums, and other oral health issues.",herb_benefits_irimedadi_taila
irimedadi taila medicinal properties,irimedadi taila,"A medicated oil used for oil pulling (gandusha) to treat dental caries, bleeding gums, and other oral health issues.",herb_benefits_irimedadi_taila
irimedadi taila health benefits,irimedadi taila,"A medicated oil used for oil pulling (gandusha) to treat dental caries, bleeding gums, and other oral health issues.",herb_benefits_irimedadi_taila
therapeutic effects of irimedadi taila,irimedadi taila,"A medicated oil used for oil pulling (gandusha) to treat dental caries, bleeding gums, and other oral health issues.",herb_benefits_irimedadi_taila
benefits of jatyadi ghrita,jatyadi ghrita,"A medicated ghee with Jasmine, it is an excellent remedy for healing chronic non-healing wounds and ulcers.",herb_benefits_jatyadi_ghrita
jatyadi ghrita for vranaropana,jatyadi ghrita,jatyadi ghrita is beneficial for vranaropana,herb_benefits_vranaropana
jatyadi ghrita for raktashodhak,jatyadi ghrita,jatyadi ghrita is beneficial for raktashodhak,herb_benefits_raktashodhak
what is jatyadi ghrita used for,jatyadi ghrita,"A medicated ghee with Jasmine, it is an excellent remedy for healing chronic non-healing wounds and ulcers.",herb_benefits_jatyadi_ghrita
how to use jatyadi ghrita,jatyadi ghrita,"A medicated ghee with Jasmine, it is an excellent remedy for healing chronic non-healing wounds and ulcers.",herb_benefits_jatyadi_ghrita
jatyadi ghrita medicinal properties,jatyadi ghrita,"A medicated ghee with Jasmine, it is an excellent remedy for healing chronic non-healing wounds and ulcers.",herb_benefits_jatyadi_ghrita
jatyadi ghrita health benefits,jatyadi ghrita,"A medicated ghee with Jasmine, it is an excellent remedy for healing chronic non-healing wounds and ulcers.",herb_benefits_jatyadi_ghrita
therapeutic effects of jatyadi ghrita,jatyadi ghrita,"A medicated ghee with Jasmine, it is an excellent remedy for healing chronic non-healing wounds and ulcers.",herb_benefits_jatyadi_ghrita
benefits of kadali pushpa,kadali pushpa,"The Banana flower is used as a vegetable and medicine for its astringent properties, helpful in diabetes and bleeding disorders.",herb_benefits_kadali_pushpa
kadali pushpa for grahi,kadali pushpa,kadali pushpa is beneficial for grahi,herb_benefits_grahi
kadali pushpa for raktastambhana,kadali pushpa,kadali pushpa is beneficial for raktastambhana,herb_benefits_raktastambhana
kadali pushpa for pramehaghna,kadali pushpa,kadali pushpa is beneficial for pramehaghna,herb_benefits_pramehaghna
what is kadali pushpa used for,kadali pushpa,"The Banana flower is used as a vegetable and medicine for its astringent properties, helpful in diabetes and bleeding disorders.",herb_benefits_kadali_pushpa
how to use kadali pushpa,kadali pushpa,"The Banana flower is used as a vegetable and medicine for its astringent properties, helpful in diabetes and bleeding disorders.",herb_benefits_kadali_pushpa
kadali pushpa medicinal properties,kadali pushpa,"The Banana flower is used as a vegetable and medicine for its astringent properties, helpful in diabetes and bleeding disorders.",herb_benefits_kadali_pushpa
kadali pushpa health benefits,kadali pushpa,"The Banana flower is used as a vegetable and medicine for its astringent properties, helpful in diabetes and bleeding disorders.",herb_benefits_kadali_pushpa
therapeutic effects of kadali pushpa,kadali pushpa,"The Banana flower is used as a vegetable and medicine for its astringent properties, helpful in diabetes and bleeding disorders.",herb_benefits_kadali_pushpa
benefits of karpooradi thailam,karpooradi thailam,"An oil with Camphor, used externally to relieve muscle cramps, stiffness, and pain.",herb_benefits_karpooradi_thailam
karpooradi thailam for shoolaghna,karpooradi thailam,karpooradi thailam is beneficial for shoolaghna,herb_benefits_shoolaghna
karpooradi thailam for vatahara,karpooradi thailam,karpooradi thailam is beneficial for vatahara,herb_benefits_vatahara
what is karpooradi thailam used for,karpooradi thailam,"An oil with Camphor, used externally to relieve muscle cramps, stiffness, and pain.",herb_benefits_karpooradi_thailam
how to use karpooradi thailam,karpooradi thailam,"An oil with Camphor, used externally to relieve muscle cramps, stiffness, and pain.",herb_benefits_karpooradi_thailam
karpooradi thailam medicinal properties,karpooradi thailam,"An oil with Camphor, used externally to relieve muscle cramps, stiffness, and pain.",herb_benefits_karpooradi_thailam
karpooradi thailam health benefits,karpooradi thailam,"An oil with Camphor, used externally to relieve muscle cramps, stiffness, and pain.",herb_benefits_karpooradi_thailam
therapeutic effects of karpooradi thailam,karpooradi thailam,"An oil with Camphor, used externally to relieve muscle cramps, stiffness, and pain.",herb_benefits_karpooradi_thailam
benefits of ksharasutra,ksharasutra,A medicated alkaline thread used in a specialized surgical procedure for treating fistula-in-ano and piles.,herb_benefits_ksharasutra
ksharasutra for lekhana,ksharasutra,ksharasutra is beneficial for lekhana,herb_benefits_lekhana
ksharasutra for arshoghna,ksharasutra,ksharasutra is beneficial for arshoghna,herb_benefits_arshoghna
what is ksharasutra used for,ksharasutra,A medicated alkaline thread used in a specialized surgical procedure for treating fistula-in-ano and piles.,herb_benefits_ksharasutra
how to use ksharasutra,ksharasutra,A medicated alkaline thread used in a specialized surgical procedure for treating fistula-in-ano and piles.,herb_benefits_ksharasutra
ksharasutra medicinal properties,ksharasutra,A medicated alkaline thread used in a specialized surgical procedure for treating fistula-in-ano and piles.,herb_benefits_ksharasutra
ksharasutra health benefits,ksharasutra,A medicated alkaline thread used in a specialized surgical procedure for treating fistula-in-ano and piles.,herb_benefits_ksharasutra
therapeutic effects of ksharasutra,ksharasutra,A medicated alkaline thread used in a specialized surgical procedure for treating fistula-in-ano and piles.,herb_benefits_ksharasutra
benefits of kuntalakanti tailam,kuntalakanti tailam,"A classical herbal hair oil for nourishing the scalp, preventing hair fall, and promoting thick hair growth.",herb_benefits_kuntalakanti_tailam
kuntalakanti tailam for keshya,kuntalakanti tailam,kuntalakanti tailam is beneficial for keshya,herb_benefits_keshya
kuntalakanti tailam for chakshushya,kuntalakanti tailam,kuntalakanti tailam is beneficial for chakshushya,herb_benefits_chakshushya
what is kuntalakanti tailam used for,kuntalakanti tailam,"A classical herbal hair oil for nourishing the scalp, preventing hair fall, and promoting thick hair growth.",herb_benefits_kuntalakanti_tailam
how to use kuntalakanti tailam,kuntalakanti tailam,"A classical herbal hair oil for nourishing the scalp, preventing hair fall, and promoting thick hair growth.",herb_benefits_kuntalakanti_tailam
kuntalakanti tailam medicinal properties,kuntalakanti tailam,"A classical herbal hair oil for nourishing the scalp, preventing hair fall, and promoting thick hair growth.",herb_benefits_kuntalakanti_tailam
kuntalakanti tailam health benefits,kuntalakanti tailam,"A classical herbal hair oil for nourishing the scalp, preventing hair fall, and promoting thick hair growth.",herb_benefits_kuntalakanti_tailam
therapeutic effects of kuntalakanti tailam,kuntalakanti tailam,"A classical herbal hair oil for nourishing the scalp, preventing hair fall, and promoting thick hair growth.",herb_benefits_kuntalakanti_tailam
benefits of lodhradi churna,lodhradi churna,"A powder with Lodhra, used as a face pack to treat acne, blemishes, and improve skin complexion.",herb_benefits_lodhradi_churna
lodhradi churna for varnya,lodhradi churna,lodhradi churna is beneficial for varnya,herb_benefits_varnya
lodhradi churna for kushtaghna,lodhradi churna,lodhradi churna is beneficial for kushtaghna,herb_benefits_kushtaghna
what is lodhradi churna used for,lodhradi churna,"A powder with Lodhra, used as a face pack to treat acne, blemishes, and improve skin complexion.",herb_benefits_lodhradi_churna
how to use lodhradi churna,lodhradi churna,"A powder with Lodhra, used as a face pack to treat acne, blemishes, and improve skin complexion.",herb_benefits_lodhradi_churna
lodhradi churna medicinal properties,lodhradi churna,"A powder with Lodhra, used as a face pack to treat acne, blemishes, and improve skin complexion.",herb_benefits_lodhradi_churna
lodhradi churna health benefits,lodhradi churna,"A powder with Lodhra, used as a face pack to treat acne, blemishes, and improve skin complexion.",herb_benefits_lodhradi_churna
therapeutic effects of lodhradi churna,lodhradi churna,"A powder with Lodhra, used as a face pack to treat acne, blemishes, and improve skin complexion.",herb_benefits_lodhradi_churna
benefits of madhuka pushpa,madhuka pushpa,"The flower of the Madhuka tree is a cooling and strengthening tonic, but can be intoxicating if fermented.",herb_benefits_madhuka_pushpa
madhuka pushpa for balya,madhuka pushpa,madhuka pushpa is beneficial for balya,herb_benefits_balya
madhuka pushpa for hridaya,madhuka pushpa,madhuka pushpa is beneficial for hridaya,herb_benefits_hridaya
what is madhuka pushpa used for,madhuka pushpa,"The flower of the Madhuka tree is a cooling and strengthening tonic, but can be intoxicating if fermented.",herb_benefits_madhuka_pushpa
how to use madhuka pushpa,madhuka pushpa,"The flower of the Madhuka tree is a cooling and strengthening tonic, but can be intoxicating if fermented.",herb_benefits_madhuka_pushpa
madhuka pushpa medicinal properties,madhuka pushpa,"The flower of the Madhuka tree is a cooling and strengthening tonic, but can be intoxicating if fermented.",herb_benefits_madhuka_pushpa
madhuka pushpa health benefits,madhuka pushpa,"The flower of the Madhuka tree is a cooling and strengthening tonic, but can be intoxicating if fermented.",herb_benefits_madhuka_pushpa
therapeutic effects of madhuka pushpa,madhuka pushpa,"The flower of the Madhuka tree is a cooling and strengthening tonic, but can be intoxicating if fermented.",herb_benefits_madhuka_pushpa
benefits of mahamarichyadi taila,mahamarichyadi taila,"A potent medicated oil with Black Pepper and other herbs, used externally for skin diseases like psoriasis and eczema.",herb_benefits_mahamarichyadi_taila
mahamarichyadi taila for kushtaghna,mahamarichyadi taila,mahamarichyadi taila is beneficial for kushtaghna,herb_benefits_kushtaghna
mahamarichyadi taila for kandughna,mahamarichyadi taila,mahamarichyadi taila is beneficial for kandughna,herb_benefits_kandughna
what is mahamarichyadi taila used for,mahamarichyadi taila,"A potent medicated oil with Black Pepper and other herbs, used externally for skin diseases like psoriasis and eczema.",herb_benefits_mahamarichyadi_taila
how to use mahamarichyadi taila,mahamarichyadi taila,"A potent medicated oil with Black Pepper and other herbs, used externally for skin diseases like psoriasis and eczema.",herb_benefits_mahamarichyadi_taila
mahamarichyadi taila medicinal properties,mahamarichyadi taila,"A potent medicated oil with Black Pepper and other herbs, used externally for skin diseases like psoriasis and eczema.",herb_benefits_mahamarichyadi_taila
mahamarichyadi taila health benefits,mahamarichyadi taila,"A potent medicated oil with Black Pepper and other herbs, used externally for skin diseases like psoriasis and eczema.",herb_benefits_mahamarichyadi_taila
therapeutic effects of mahamarichyadi taila,mahamarichyadi taila,"A potent medicated oil with Black Pepper and other herbs, used externally for skin diseases like psoriasis and eczema.",herb_benefits_mahamarichyadi_taila
benefits of mahatriphala ghrita,mahatriphala ghrita,"A potent version of Triphala Ghee, excellent for treating a wide range of eye diseases and improving vision.",herb_benefits_mahatriphala_ghrita
mahatriphala ghrita for chakshushya,mahatriphala ghrita,mahatriphala ghrita is beneficial for chakshushya,herb_benefits_chakshushya
mahatriphala ghrita for rasayan,mahatriphala ghrita,mahatriphala ghrita is beneficial for rasayan,herb_benefits_rasayan
what is mahatriphala ghrita used for,mahatriphala ghrita,"A potent version of Triphala Ghee, excellent for treating a wide range of eye diseases and improving vision.",herb_benefits_mahatriphala_ghrita
how to use mahatriphala ghrita,mahatriphala ghrita,"A potent version of Triphala Ghee, excellent for treating a wide range of eye diseases and improving vision.",herb_benefits_mahatriphala_ghrita
mahatriphala ghrita medicinal properties,mahatriphala ghrita,"A potent version of Triphala Ghee, excellent for treating a wide range of eye diseases and improving vision.",herb_benefits_mahatriphala_ghrita
mahatriphala ghrita health benefits,mahatriphala ghrita,"A potent version of Triphala Ghee, excellent for treating a wide range of eye diseases and improving vision.",herb_benefits_mahatriphala_ghrita
therapeutic effects of mahatriphala ghrita,mahatriphala ghrita,"A potent version of Triphala Ghee, excellent for treating a wide range of eye diseases and improving vision.",herb_benefits_mahatriphala_ghrita
benefits of manjisthadi kwath,manjisthadi kwath,"A decoction of Manjistha and other herbs, acting as a potent blood purifier for skin diseases and gout.",herb_benefits_manjisthadi_kwath
manjisthadi kwath for raktashodhak,manjisthadi kwath,manjisthadi kwath is beneficial for raktashodhak,herb_benefits_raktashodhak
manjisthadi kwath for kushtaghna,manjisthadi kwath,manjisthadi kwath is beneficial for kushtaghna,herb_benefits_kushtaghna
what is manjisthadi kwath used for,manjisthadi kwath,"A decoction of Manjistha and other herbs, acting as a potent blood purifier for skin diseases and gout.",herb_benefits_manjisthadi_kwath
how to use manjisthadi kwath,manjisthadi kwath,"A decoction of Manjistha and other herbs, acting as a potent blood purifier for skin diseases and gout.",herb_benefits_manjisthadi_kwath
manjisthadi kwath medicinal properties,manjisthadi kwath,"A decoction of Manjistha and other herbs, acting as a potent blood purifier for skin diseases and gout.",herb_benefits_manjisthadi_kwath
manjisthadi kwath health benefits,manjisthadi kwath,"A decoction of Manjistha and other herbs, acting as a potent blood purifier for skin diseases and gout.",herb_benefits_manjisthadi_kwath
therapeutic effects of manjisthadi kwath,manjisthadi kwath,"A decoction of Manjistha and other herbs, acting as a potent blood purifier for skin diseases and gout.",herb_benefits_manjisthadi_kwath
benefits of masi,masi,"A type of ash preparation, often made from herbs or animal products, used for its specific therapeutic effects.",herb_benefits_masi
masi for lekhana,masi,masi is beneficial for lekhana,herb_benefits_lekhana
what is masi used for,masi,"A type of ash preparation, often made from herbs or animal products, used for its specific therapeutic effects.",herb_benefits_masi
how to use masi,masi,"A type of ash preparation, often made from herbs or animal products, used for its specific therapeutic effects.",herb_benefits_masi
masi medicinal properties,masi,"A type of ash preparation, often made from herbs or animal products, used for its specific therapeutic effects.",herb_benefits_masi
masi health benefits,masi,"A type of ash preparation, often made from herbs or animal products, used for its specific therapeutic effects.",herb_benefits_masi
therapeutic effects of masi,masi,"A type of ash preparation, often made from herbs or animal products, used for its specific therapeutic effects.",herb_benefits_masi
benefits of nirgundi ghana vati,nirgundi ghana vati,"A concentrated tablet of Nirgundi, used for its powerful analgesic and anti-inflammatory effects on joints.",herb_benefits_nirgundi_ghana_vati
nirgundi ghana vati for shoolaghna,nirgundi ghana vati,nirgundi ghana vati is beneficial for shoolaghna,herb_benefits_shoolaghna
nirgundi ghana vati for vatahara,nirgundi ghana vati,nirgundi ghana vati is beneficial for vatahara,herb_benefits_vatahara
what is nirgundi ghana vati used for,nirgundi ghana vati,"A concentrated tablet of Nirgundi, used for its powerful analgesic and anti-inflammatory effects on joints.",herb_benefits_nirgundi_ghana_vati
how to use nirgundi ghana vati,nirgundi ghana vati,"A concentrated tablet of Nirgundi, used for its powerful analgesic and anti-inflammatory effects on joints.",herb_benefits_nirgundi_ghana_vati
nirgundi ghana vati medicinal properties,nirgundi ghana vati,"A concentrated tablet of Nirgundi, used for its powerful analgesic and anti-inflammatory effects on joints.",herb_benefits_nirgundi_ghana_vati
nirgundi ghana vati health benefits,nirgundi ghana vati,"A concentrated tablet of Nirgundi, used for its powerful analgesic and anti-inflammatory effects on joints.",herb_benefits_nirgundi_ghana_vati
therapeutic effects of nirgundi ghana vati,nirgundi ghana vati,"A concentrated tablet of Nirgundi, used for its powerful analgesic and anti-inflammatory effects on joints.",herb_benefits_nirgundi_ghana_vati
benefits of panchamla thailam,panchamla thailam,"An oil prepared with five sour herbs, used for external application in rheumatic swelling and pain.",herb_benefits_panchamla_thailam
panchamla thailam for shothahara,panchamla thailam,panchamla thailam is beneficial for shothahara,herb_benefits_shothahara
panchamla thailam for vatahara,panchamla thailam,panchamla thailam is beneficial for vatahara,herb_benefits_vatahara
what is panchamla thailam used for,panchamla thailam,"An oil prepared with five sour herbs, used for external application in rheumatic swelling and pain.",herb_benefits_panchamla_thailam
how to use panchamla thailam,panchamla thailam,"An oil prepared with five sour herbs, used for external application in rheumatic swelling and pain.",herb_benefits_panchamla_thailam
panchamla thailam medicinal properties,panchamla thailam,"An oil prepared with five sour herbs, used for external application in rheumatic swelling and pain.",herb_benefits_panchamla_thailam
panchamla thailam health benefits,panchamla thailam,"An oil prepared with five sour herbs, used for external application in rheumatic swelling and pain.",herb_benefits_panchamla_thailam
therapeutic effects of panchamla thailam,panchamla thailam,"An oil prepared with five sour herbs, used for external application in rheumatic swelling and pain.",herb_benefits_panchamla_thailam
benefits of phalatrikadi kwath,phalatrikadi kwath,"A decoction of Triphala and other herbs, used for vomiting, hyperacidity, and other digestive issues.",herb_benefits_phalatrikadi_kwath
phalatrikadi kwath for deepana,phalatrikadi kwath,phalatrikadi kwath is beneficial for deepana,herb_benefits_deepana
phalatrikadi kwath for pachana,phalatrikadi kwath,phalatrikadi kwath is beneficial for pachana,herb_benefits_pachana
what is phalatrikadi kwath used for,phalatrikadi kwath,"A decoction of Triphala and other herbs, used for vomiting, hyperacidity, and other digestive issues.",herb_benefits_phalatrikadi_kwath
how to use phalatrikadi kwath,phalatrikadi kwath,"A decoction of Triphala and other herbs, used for vomiting, hyperacidity, and other digestive issues.",herb_benefits_phalatrikadi_kwath
phalatrikadi kwath medicinal properties,phalatrikadi kwath,"A decoction of Triphala and other herbs, used for vomiting, hyperacidity, and other digestive issues.",herb_benefits_phalatrikadi_kwath
phalatrikadi kwath health benefits,phalatrikadi kwath,"A decoction of Triphala and other herbs, used for vomiting, hyperacidity, and other digestive issues.",herb_benefits_phalatrikadi_kwath
therapeutic effects of phalatrikadi kwath,phalatrikadi kwath,"A decoction of Triphala and other herbs, used for vomiting, hyperacidity, and other digestive issues.",herb_benefits_phalatrikadi_kwath
benefits of putikaranja,putikaranja,"Caesalpinia bonduc is a bitter tonic used for fever, malaria, and intestinal worms, similar to Latakaranja.",herb_benefits_putikaranja
putikaranja for jwaraghna,putikaranja,putikaranja is beneficial for jwaraghna,herb_benefits_jwaraghna
putikaranja for krimighna,putikaranja,putikaranja is beneficial for krimighna,herb_benefits_krimighna
what is putikaranja used for,putikaranja,"Caesalpinia bonduc is a bitter tonic used for fever, malaria, and intestinal worms, similar to Latakaranja.",herb_benefits_putikaranja
how to use putikaranja,putikaranja,"Caesalpinia bonduc is a bitter tonic used for fever, malaria, and intestinal worms, similar to Latakaranja.",herb_benefits_putikaranja
putikaranja medicinal properties,putikaranja,"Caesalpinia bonduc is a bitter tonic used for fever, malaria, and intestinal worms, similar to Latakaranja.",herb_benefits_putikaranja
putikaranja health benefits,putikaranja,"Caesalpinia bonduc is a bitter tonic used for fever, malaria, and intestinal worms, similar to Latakaranja.",herb_benefits_putikaranja
therapeutic effects of putikaranja,putikaranja,"Caesalpinia bonduc is a bitter tonic used for fever, malaria, and intestinal worms, similar to Latakaranja.",herb_benefits_putikaranja
benefits of sudarshan churna,sudarshan churna,"A simpler version of Mahasudarshan Churna, it is a bitter powder used effectively for all types of fever.",herb_benefits_sudarshan_churna
sudarshan churna for jwaraghna,sudarshan churna,sudarshan churna is beneficial for jwaraghna,herb_benefits_jwaraghna
sudarshan churna for amapachana,sudarshan churna,sudarshan churna is beneficial for amapachana,herb_benefits_amapachana
what is sudarshan churna used for,sudarshan churna,"A simpler version of Mahasudarshan Churna, it is a bitter powder used effectively for all types of fever.",herb_benefits_sudarshan_churna
how to use sudarshan churna,sudarshan churna,"A simpler version of Mahasudarshan Churna, it is a bitter powder used effectively for all types of fever.",herb_benefits_sudarshan_churna
sudarshan churna medicinal properties,sudarshan churna,"A simpler version of Mahasudarshan Churna, it is a bitter powder used effectively for all types of fever.",herb_benefits_sudarshan_churna
sudarshan churna health benefits,sudarshan churna,"A simpler version of Mahasudarshan Churna, it is a bitter powder used effectively for all types of fever.",herb_benefits_sudarshan_churna
therapeutic effects of sudarshan churna,sudarshan churna,"A simpler version of Mahasudarshan Churna, it is a bitter powder used effectively for all types of fever.",herb_benefits_sudarshan_churna
benefits of svalpa khadiradi vati,svalpa khadiradi vati,"A smaller, simpler version of Khadiradi Vati for mouth ulcers and sore throat.",herb_benefits_svalpa_khadiradi_vati
svalpa khadiradi vati for grahi,svalpa khadiradi vati,svalpa khadiradi vati is beneficial for grahi,herb_benefits_grahi
svalpa khadiradi vati for kushtaghna,svalpa khadiradi vati,svalpa khadiradi vati is beneficial for kushtaghna,herb_benefits_kushtaghna
what is svalpa khadiradi vati used for,svalpa khadiradi vati,"A smaller, simpler version of Khadiradi Vati for mouth ulcers and sore throat.",herb_benefits_svalpa_khadiradi_vati
how to use svalpa khadiradi vati,svalpa khadiradi vati,"A smaller, simpler version of Khadiradi Vati for mouth ulcers and sore throat.",herb_benefits_svalpa_khadiradi_vati
svalpa khadiradi vati medicinal properties,svalpa khadiradi vati,"A smaller, simpler version of Khadiradi Vati for mouth ulcers and sore throat.",herb_benefits_svalpa_khadiradi_vati
svalpa khadiradi vati health benefits,svalpa khadiradi vati,"A smaller, simpler version of Khadiradi Vati for mouth ulcers and sore throat.",herb_benefits_svalpa_khadiradi_vati
therapeutic effects of svalpa khadiradi vati,svalpa khadiradi vati,"A smaller, simpler version of Khadiradi Vati for mouth ulcers and sore throat.",herb_benefits_svalpa_khadiradi_vati
benefits of tila patra,tila patra,Sesame leaves are used as a poultice for skin issues and are beneficial for hair.,herb_benefits_tila_patra
tila patra for keshya,tila patra,tila patra is beneficial for keshya,herb_benefits_keshya
tila patra for vranaropana,tila patra,tila patra is beneficial for vranaropana,herb_benefits_vranaropana
what is tila patra used for,tila patra,Sesame leaves are used as a poultice for skin issues and are beneficial for hair.,herb_benefits_tila_patra
how to use tila patra,tila patra,Sesame leaves are used as a poultice for skin issues and are beneficial for hair.,herb_benefits_tila_patra
tila patra medicinal properties,tila patra,Sesame leaves are used as a poultice for skin issues and are beneficial for hair.,herb_benefits_tila_patra
tila patra health benefits,tila patra,Sesame leaves are used as a poultice for skin issues and are beneficial for hair.,herb_benefits_tila_patra
therapeutic effects of tila patra,tila patra,Sesame leaves are used as a poultice for skin issues and are beneficial for hair.,herb_benefits_tila_patra
benefits of ushiradi churna,ushiradi churna,"A powder of cooling herbs like Ushira, used for bleeding disorders and conditions with burning sensation.",herb_benefits_ushiradi_churna
ushiradi churna for raktapittahara,ushiradi churna,ushiradi churna is beneficial for raktapittahara,herb_benefits_raktapittahara
ushiradi churna for dahashamana,ushiradi churna,ushiradi churna is beneficial for dahashamana,herb_benefits_dahashamana
what is ushiradi churna used for,ushiradi churna,"A powder of cooling herbs like Ushira, used for bleeding disorders and conditions with burning sensation.",herb_benefits_ushiradi_churna
how to use ushiradi churna,ushiradi churna,"A powder of cooling herbs like Ushira, used for bleeding disorders and conditions with burning sensation.",herb_benefits_ushiradi_churna
ushiradi churna medicinal properties,ushiradi churna,"A powder of cooling herbs like Ushira, used for bleeding disorders and conditions with burning sensation.",herb_benefits_ushiradi_churna
ushiradi churna health benefits,ushiradi churna,"A powder of cooling herbs like Ushira, used for bleeding disorders and conditions with burning sensation.",herb_benefits_ushiradi_churna
therapeutic effects of ushiradi churna,ushiradi churna,"A powder of cooling herbs like Ushira, used for bleeding disorders and conditions with burning sensation.",herb_benefits_ushiradi_churna
benefits of vajraka thailam,vajraka thailam,"A medicated oil with Snuhi latex, used externally for non-healing ulcers, fistula, and skin diseases.",herb_benefits_vajraka_thailam
vajraka thailam for vranaropana,vajraka thailam,vajraka thailam is beneficial for vranaropana,herb_benefits_vranaropana
vajraka thailam for kushtaghna,vajraka thailam,vajraka thailam is beneficial for kushtaghna,herb_benefits_kushtaghna
what is vajraka thailam used for,vajraka thailam,"A medicated oil with Snuhi latex, used externally for non-healing ulcers, fistula, and skin diseases.",herb_benefits_vajraka_thailam
how to use vajraka thailam,vajraka thailam,"A medicated oil with Snuhi latex, used externally for non-healing ulcers, fistula, and skin diseases.",herb_benefits_vajraka_thailam
vajraka thailam medicinal properties,vajraka thailam,"A medicated oil with Snuhi latex, used externally for non-healing ulcers, fistula, and skin diseases.",herb_benefits_vajraka_thailam
vajraka thailam health benefits,vajraka thailam,"A medicated oil with Snuhi latex, used externally for non-healing ulcers, fistula, and skin diseases.",herb_benefits_vajraka_thailam
therapeutic effects of vajraka thailam,vajraka thailam,"A medicated oil with Snuhi latex, used externally for non-healing ulcers, fistula, and skin diseases.",herb_benefits_vajraka_thailam
benefits of yakuti rasayana,yakuti rasayana,A premium herbo-mineral formulation used as a cardiac tonic and for strengthening the mind.,herb_benefits_yakuti_rasayana
yakuti rasayana for hridaya,yakuti rasayana,yakuti rasayana is beneficial for hridaya,herb_benefits_hridaya
yakuti rasayana for medhya,yakuti rasayana,yakuti rasayana is beneficial for medhya,herb_benefits_medhya
what is yakuti rasayana used for,yakuti rasayana,A premium herbo-mineral formulation used as a cardiac tonic and for strengthening the mind.,herb_benefits_yakuti_rasayana
how to use yakuti rasayana,yakuti rasayana,A premium herbo-mineral formulation used as a cardiac tonic and for strengthening the mind.,herb_benefits_yakuti_rasayana
yakuti rasayana medicinal properties,yakuti rasayana,A premium herbo-mineral formulation used as a cardiac tonic and for strengthening the mind.,herb_benefits_yakuti_rasayana
yakuti rasayana health benefits,yakuti rasayana,A premium herbo-mineral formulation used as a cardiac tonic and for strengthening the mind.,herb_benefits_yakuti_rasayana
therapeutic effects of yakuti rasayana,yakuti rasayana,A premium herbo-mineral formulation used as a cardiac tonic and for strengthening the mind.,herb_benefits_yakuti_rasayana
benefits of kulathadi kwath,kulathadi kwath,"A decoction of Horse Gram, used for amenorrhea and other Vata-Kapha disorders.",herb_benefits_kulathadi_kwath
kulathadi kwath for artavajanana,kulathadi kwath,kulathadi kwath is beneficial for artavajanana,herb_benefits_artavajanana
kulathadi kwath for lekhana,kulathadi kwath,kulathadi kwath is beneficial for lekhana,herb_benefits_lekhana
what is kulathadi kwath used for,kulathadi kwath,"A decoction of Horse Gram, used for amenorrhea and other Vata-Kapha disorders.",herb_benefits_kulathadi_kwath
how to use kulathadi kwath,kulathadi kwath,"A decoction of Horse Gram, used for amenorrhea and other Vata-Kapha disorders.",herb_benefits_kulathadi_kwath
kulathadi kwath medicinal properties,kulathadi kwath,"A decoction of Horse Gram, used for amenorrhea and other Vata-Kapha disorders.",herb_benefits_kulathadi_kwath
kulathadi kwath health benefits,kulathadi kwath,"A decoction of Horse Gram, used for amenorrhea and other Vata-Kapha disorders.",herb_benefits_kulathadi_kwath
therapeutic effects of kulathadi kwath,kulathadi kwath,"A decoction of Horse Gram, used for amenorrhea and other Vata-Kapha disorders.",herb_benefits_kulathadi_kwath
benefits of madhu mandur,madhu mandur,"A formulation with Mandura Bhasma, used for iron-deficiency anemia and related weakness.",herb_benefits_madhu_mandur
madhu mandur for raktavardhak,madhu mandur,madhu mandur is beneficial for raktavardhak,herb_benefits_raktavardhak
madhu mandur for yakrituttejaka,madhu mandur,madhu mandur is beneficial for yakrituttejaka,herb_benefits_yakrituttejaka
what is madhu mandur used for,madhu mandur,"A formulation with Mandura Bhasma, used for iron-deficiency anemia and related weakness.",herb_benefits_madhu_mandur
how to use madhu mandur,madhu mandur,"A formulation with Mandura Bhasma, used for iron-deficiency anemia and related weakness.",herb_benefits_madhu_mandur
madhu mandur medicinal properties,madhu mandur,"A formulation with Mandura Bhasma, used for iron-deficiency anemia and related weakness.",herb_benefits_madhu_mandur
madhu mandur health benefits,madhu mandur,"A formulation with Mandura Bhasma, used for iron-deficiency anemia and related weakness.",herb_benefits_madhu_mandur
therapeutic effects of madhu mandur,madhu mandur,"A formulation with Mandura Bhasma, used for iron-deficiency anemia and related weakness.",herb_benefits_madhu_mandur
benefits of kushmanda khanda,kushmanda khanda,"A granular preparation of Ash Gourd, used as a powerful rejuvenative and aphrodisiac.",herb_benefits_kushmanda_khanda
kushmanda khanda for brimhaniya,kushmanda khanda,kushmanda khanda is beneficial for brimhaniya,herb_benefits_brimhaniya
kushmanda khanda for vrishya,kushmanda khanda,kushmanda khanda is beneficial for vrishya,herb_benefits_vrishya
what is kushmanda khanda used for,kushmanda khanda,"A granular preparation of Ash Gourd, used as a powerful rejuvenative and aphrodisiac.",herb_benefits_kushmanda_khanda
how to use kushmanda khanda,kushmanda khanda,"A granular preparation of Ash Gourd, used as a powerful rejuvenative and aphrodisiac.",herb_benefits_kushmanda_khanda
kushmanda khanda medicinal properties,kushmanda khanda,"A granular preparation of Ash Gourd, used as a powerful rejuvenative and aphrodisiac.",herb_benefits_kushmanda_khanda
kushmanda khanda health benefits,kushmanda khanda,"A granular preparation of Ash Gourd, used as a powerful rejuvenative and aphrodisiac.",herb_benefits_kushmanda_khanda
therapeutic effects of kushmanda khanda,kushmanda khanda,"A granular preparation of Ash Gourd, used as a powerful rejuvenative and aphrodisiac.",herb_benefits_kushmanda_khanda
benefits of vyoshadi guggulu,vyoshadi guggulu,"A Guggulu preparation with Trikatu, used for obesity, high cholesterol, and rheumatoid arthritis.",herb_benefits_vyoshadi_guggulu
vyoshadi guggulu for medohara,vyoshadi guggulu,vyoshadi guggulu is beneficial for medohara,herb_benefits_medohara
vyoshadi guggulu for amapachana,vyoshadi guggulu,vyoshadi guggulu is beneficial for amapachana,herb_benefits_amapachana
what is vyoshadi guggulu used for,vyoshadi guggulu,"A Guggulu preparation with Trikatu, used for obesity, high cholesterol, and rheumatoid arthritis.",herb_benefits_vyoshadi_guggulu
how to use vyoshadi guggulu,vyoshadi guggulu,"A Guggulu preparation with Trikatu, used for obesity, high cholesterol, and rheumatoid arthritis.",herb_benefits_vyoshadi_guggulu
vyoshadi guggulu medicinal properties,vyoshadi guggulu,"A Guggulu preparation with Trikatu, used for obesity, high cholesterol, and rheumatoid arthritis.",herb_benefits_vyoshadi_guggulu
vyoshadi guggulu health benefits,vyoshadi guggulu,"A Guggulu preparation with Trikatu, used for obesity, high cholesterol, and rheumatoid arthritis.",herb_benefits_vyoshadi_guggulu
therapeutic effects of vyoshadi guggulu,vyoshadi guggulu,"A Guggulu preparation with Trikatu, used for obesity, high cholesterol, and rheumatoid arthritis.",herb_benefits_vyoshadi_guggulu
benefits of dhatupaushtik churna,dhatupaushtik churna,A nutritive powder that nourishes all body tissues (dhatus) and is used as a powerful aphrodisiac and tonic.,herb_benefits_dhatupaushtik_churna
dhatupaushtik churna for vrishya,dhatupaushtik churna,dhatupaushtik churna is beneficial for vrishya,herb_benefits_vrishya
dhatupaushtik churna for brimhaniya,dhatupaushtik churna,dhatupaushtik churna is beneficial for brimhaniya,herb_benefits_brimhaniya
dhatupaushtik churna for balya,dhatupaushtik churna,dhatupaushtik churna is beneficial for balya,herb_benefits_balya
what is dhatupaushtik churna used for,dhatupaushtik churna,A nutritive powder that nourishes all body tissues (dhatus) and is used as a powerful aphrodisiac and tonic.,herb_benefits_dhatupaushtik_churna
how to use dhatupaushtik churna,dhatupaushtik churna,A nutritive powder that nourishes all body tissues (dhatus) and is used as a powerful aphrodisiac and tonic.,herb_benefits_dhatupaushtik_churna
dhatupaushtik churna medicinal properties,dhatupaushtik churna,A nutritive powder that nourishes all body tissues (dhatus) and is used as a powerful aphrodisiac and tonic.,herb_benefits_dhatupaushtik_churna
dhatupaushtik churna health benefits,dhatupaushtik churna,A nutritive powder that nourishes all body tissues (dhatus) and is used as a powerful aphrodisiac and tonic.,herb_benefits_dhatupaushtik_churna
therapeutic effects of dhatupaushtik churna,dhatupaushtik churna,A nutritive powder that nourishes all body tissues (dhatus) and is used as a powerful aphrodisiac and tonic.,herb_benefits_dhatupaushtik_churna
benefits of anjatraya,anjatraya,"A group of three anti-venom herbs (often including Sirisha), used as a first-aid for poisoning.",herb_benefits_anjatraya
anjatraya for vishaghna,anjatraya,anjatraya is beneficial for vishaghna,herb_benefits_vishaghna
what is anjatraya used for,anjatraya,"A group of three anti-venom herbs (often including Sirisha), used as a first-aid for poisoning.",herb_benefits_anjatraya
how to use anjatraya,anjatraya,"A group of three anti-venom herbs (often including Sirisha), used as a first-aid for poisoning.",herb_benefits_anjatraya
anjatraya medicinal properties,anjatraya,"A group of three anti-venom herbs (often including Sirisha), used as a first-aid for poisoning.",herb_benefits_anjatraya
anjatraya health benefits,anjatraya,"A group of three anti-venom herbs (often including Sirisha), used as a first-aid for poisoning.",herb_benefits_anjatraya
therapeutic effects of anjatraya,anjatraya,"A group of three anti-venom herbs (often including Sirisha), used as a first-aid for poisoning.",herb_benefits_anjatraya
benefits of karpas-asthyadi thailam,karpas-asthyadi thailam,"A version of Karpasasthyadi Thailam, an oil used for Vata disorders like paralysis and facial palsy.",herb_benefits_karpas-asthyadi_thailam
karpas-asthyadi thailam for vatahara,karpas-asthyadi thailam,karpas-asthyadi thailam is beneficial for vatahara,herb_benefits_vatahara
karpas-asthyadi thailam for balya,karpas-asthyadi thailam,karpas-asthyadi thailam is beneficial for balya,herb_benefits_balya
what is karpas-asthyadi thailam used for,karpas-asthyadi thailam,"A version of Karpasasthyadi Thailam, an oil used for Vata disorders like paralysis and facial palsy.",herb_benefits_karpas-asthyadi_thailam
how to use karpas-asthyadi thailam,karpas-asthyadi thailam,"A version of Karpasasthyadi Thailam, an oil used for Vata disorders like paralysis and facial palsy.",herb_benefits_karpas-asthyadi_thailam
karpas-asthyadi thailam medicinal properties,karpas-asthyadi thailam,"A version of Karpasasthyadi Thailam, an oil used for Vata disorders like paralysis and facial palsy.",herb_benefits_karpas-asthyadi_thailam
karpas-asthyadi thailam health benefits,karpas-asthyadi thailam,"A version of Karpasasthyadi Thailam, an oil used for Vata disorders like paralysis and facial palsy.",herb_benefits_karpas-asthyadi_thailam
therapeutic effects of karpas-asthyadi thailam,karpas-asthyadi thailam,"A version of Karpasasthyadi Thailam, an oil used for Vata disorders like paralysis and facial palsy.",herb_benefits_karpas-asthyadi_thailam
benefits of patrangasava,patrangasava,"A fermented tonic with Pattanga, used as a uterine astringent for heavy menstrual bleeding and leucorrhea.",herb_benefits_patrangasava
patrangasava for raktastambhana,patrangasava,patrangasava is beneficial for raktastambhana,herb_benefits_raktastambhana
patrangasava for yonirogahara,patrangasava,patrangasava is beneficial for yonirogahara,herb_benefits_yonirogahara
what is patrangasava used for,patrangasava,"A fermented tonic with Pattanga, used as a uterine astringent for heavy menstrual bleeding and leucorrhea.",herb_benefits_patrangasava
how to use patrangasava,patrangasava,"A fermented tonic with Pattanga, used as a uterine astringent for heavy menstrual bleeding and leucorrhea.",herb_benefits_patrangasava
patrangasava medicinal properties,patrangasava,"A fermented tonic with Pattanga, used as a uterine astringent for heavy menstrual bleeding and leucorrhea.",herb_benefits_patrangasava
patrangasava health benefits,patrangasava,"A fermented tonic with Pattanga, used as a uterine astringent for heavy menstrual bleeding and leucorrhea.",herb_benefits_patrangasava
therapeutic effects of patrangasava,patrangasava,"A fermented tonic with Pattanga, used as a uterine astringent for heavy menstrual bleeding and leucorrhea.",herb_benefits_patrangasava
benefits of dhanadanayanadi kashayam,dhanadanayanadi kashayam,"A classical decoction used for Vata disorders like facial paralysis, tremors, and hemiplegia.",herb_benefits_dhanadanayanadi_kashayam
dhanadanayanadi kashayam for vatahara,dhanadanayanadi kashayam,dhanadanayanadi kashayam is beneficial for vatahara,herb_benefits_vatahara
dhanadanayanadi kashayam for shoolaghna,dhanadanayanadi kashayam,dhanadanayanadi kashayam is beneficial for shoolaghna,herb_benefits_shoolaghna
what is dhanadanayanadi kashayam used for,dhanadanayanadi kashayam,"A classical decoction used for Vata disorders like facial paralysis, tremors, and hemiplegia.",herb_benefits_dhanadanayanadi_kashayam
how to use dhanadanayanadi kashayam,dhanadanayanadi kashayam,"A classical decoction used for Vata disorders like facial paralysis, tremors, and hemiplegia.",herb_benefits_dhanadanayanadi_kashayam
dhanadanayanadi kashayam medicinal properties,dhanadanayanadi kashayam,"A classical decoction used for Vata disorders like facial paralysis, tremors, and hemiplegia.",herb_benefits_dhanadanayanadi_kashayam
dhanadanayanadi kashayam health benefits,dhanadanayanadi kashayam,"A classical decoction used for Vata disorders like facial paralysis, tremors, and hemiplegia.",herb_benefits_dhanadanayanadi_kashayam
therapeutic effects of dhanadanayanadi kashayam,dhanadanayanadi kashayam,"A classical decoction used for Vata disorders like facial paralysis, tremors, and hemiplegia.",herb_benefits_dhanadanayanadi_kashayam
benefits of gandharvahastadi kashayam,gandharvahastadi kashayam,"A decoction with Castor root, it is a safe and effective laxative and carminative for Vata conditions.",herb_benefits_gandharvahastadi_kashayam
gandharvahastadi kashayam for virechana,gandharvahastadi kashayam,gandharvahastadi kashayam is beneficial for virechana,herb_benefits_virechana
gandharvahastadi kashayam for vatahara,gandharvahastadi kashayam,gandharvahastadi kashayam is beneficial for vatahara,herb_benefits_vatahara
what is gandharvahastadi kashayam used for,gandharvahastadi kashayam,"A decoction with Castor root, it is a safe and effective laxative and carminative for Vata conditions.",herb_benefits_gandharvahastadi_kashayam
how to use gandharvahastadi kashayam,gandharvahastadi kashayam,"A decoction with Castor root, it is a safe and effective laxative and carminative for Vata conditions.",herb_benefits_gandharvahastadi_kashayam
gandharvahastadi kashayam medicinal properties,gandharvahastadi kashayam,"A decoction with Castor root, it is a safe and effective laxative and carminative for Vata conditions.",herb_benefits_gandharvahastadi_kashayam
gandharvahastadi kashayam health benefits,gandharvahastadi kashayam,"A decoction with Castor root, it is a safe and effective laxative and carminative for Vata conditions.",herb_benefits_gandharvahastadi_kashayam
therapeutic effects of gandharvahastadi kashayam,gandharvahastadi kashayam,"A decoction with Castor root, it is a safe and effective laxative and carminative for Vata conditions.",herb_benefits_gandharvahastadi_kashayam
benefits of varunadi kashayam,varunadi kashayam,"A decoction of Varuna and other herbs, used to reduce fat, treat obesity, and for Kapha headaches.",herb_benefits_varunadi_kashayam
varunadi kashayam for medohara,varunadi kashayam,varunadi kashayam is beneficial for medohara,herb_benefits_medohara
varunadi kashayam for lekhana,varunadi kashayam,varunadi kashayam is beneficial for lekhana,herb_benefits_lekhana
what is varunadi kashayam used for,varunadi kashayam,"A decoction of Varuna and other herbs, used to reduce fat, treat obesity, and for Kapha headaches.",herb_benefits_varunadi_kashayam
how to use varunadi kashayam,varunadi kashayam,"A decoction of Varuna and other herbs, used to reduce fat, treat obesity, and for Kapha headaches.",herb_benefits_varunadi_kashayam
varunadi kashayam medicinal properties,varunadi kashayam,"A decoction of Varuna and other herbs, used to reduce fat, treat obesity, and for Kapha headaches.",herb_benefits_varunadi_kashayam
varunadi kashayam health benefits,varunadi kashayam,"A decoction of Varuna and other herbs, used to reduce fat, treat obesity, and for Kapha headaches.",herb_benefits_varunadi_kashayam
therapeutic effects of varunadi kashayam,varunadi kashayam,"A decoction of Varuna and other herbs, used to reduce fat, treat obesity, and for Kapha headaches.",herb_benefits_varunadi_kashayam
benefits of rasnasaptakam kashayam,rasnasaptakam kashayam,"A decoction of seven herbs led by Rasna, used for low back pain, sciatica, and pain in the hip region.",herb_benefits_rasnasaptakam_kashayam
rasnasaptakam kashayam for vatahara,rasnasaptakam kashayam,rasnasaptakam kashayam is beneficial for vatahara,herb_benefits_vatahara
rasnasaptakam kashayam for shoolaghna,rasnasaptakam kashayam,rasnasaptakam kashayam is beneficial for shoolaghna,herb_benefits_shoolaghna
what is rasnasaptakam kashayam used for,rasnasaptakam kashayam,"A decoction of seven herbs led by Rasna, used for low back pain, sciatica, and pain in the hip region.",herb_benefits_rasnasaptakam_kashayam
how to use rasnasaptakam kashayam,rasnasaptakam kashayam,"A decoction of seven herbs led by Rasna, used for low back pain, sciatica, and pain in the hip region.",herb_benefits_rasnasaptakam_kashayam
rasnasaptakam kashayam medicinal properties,rasnasaptakam kashayam,"A decoction of seven herbs led by Rasna, used for low back pain, sciatica, and pain in the hip region.",herb_benefits_rasnasaptakam_kashayam
rasnasaptakam kashayam health benefits,rasnasaptakam kashayam,"A decoction of seven herbs led by Rasna, used for low back pain, sciatica, and pain in the hip region.",herb_benefits_rasnasaptakam_kashayam
therapeutic effects of rasnasaptakam kashayam,rasnasaptakam kashayam,"A decoction of seven herbs led by Rasna, used for low back pain, sciatica, and pain in the hip region.",herb_benefits_rasnasaptakam_kashayam
benefits of drakshadi kwath,drakshadi kwath,"A cooling decoction of Grapes and other herbs, used for hangovers, fever, and Pitta-related imbalances.",herb_benefits_drakshadi_kwath
drakshadi kwath for jwaraghna,drakshadi kwath,drakshadi kwath is beneficial for jwaraghna,herb_benefits_jwaraghna
drakshadi kwath for dahashamana,drakshadi kwath,drakshadi kwath is beneficial for dahashamana,herb_benefits_dahashamana
what is drakshadi kwath used for,drakshadi kwath,"A cooling decoction of Grapes and other herbs, used for hangovers, fever, and Pitta-related imbalances.",herb_benefits_drakshadi_kwath
how to use drakshadi kwath,drakshadi kwath,"A cooling decoction of Grapes and other herbs, used for hangovers, fever, and Pitta-related imbalances.",herb_benefits_drakshadi_kwath
drakshadi kwath medicinal properties,drakshadi kwath,"A cooling decoction of Grapes and other herbs, used for hangovers, fever, and Pitta-related imbalances.",herb_benefits_drakshadi_kwath
drakshadi kwath health benefits,drakshadi kwath,"A cooling decoction of Grapes and other herbs, used for hangovers, fever, and Pitta-related imbalances.",herb_benefits_drakshadi_kwath
therapeutic effects of drakshadi kwath,drakshadi kwath,"A cooling decoction of Grapes and other herbs, used for hangovers, fever, and Pitta-related imbalances.",herb_benefits_drakshadi_kwath
benefits of kshirabala 101 avarti,kshirabala 101 avarti,"A highly potent preparation of Kshirabala oil, processed 101 times. It is a supreme remedy for chronic and severe Vata disorders.",herb_benefits_kshirabala_101_avarti
kshirabala 101 avarti for vatahara,kshirabala 101 avarti,kshirabala 101 avarti is beneficial for vatahara,herb_benefits_vatahara
kshirabala 101 avarti for rasayan,kshirabala 101 avarti,kshirabala 101 avarti is beneficial for rasayan,herb_benefits_rasayan
kshirabala 101 avarti for medhya,kshirabala 101 avarti,kshirabala 101 avarti is beneficial for medhya,herb_benefits_medhya
what is kshirabala 101 avarti used for,kshirabala 101 avarti,"A highly potent preparation of Kshirabala oil, processed 101 times. It is a supreme remedy for chronic and severe Vata disorders.",herb_benefits_kshirabala_101_avarti
how to use kshirabala 101 avarti,kshirabala 101 avarti,"A highly potent preparation of Kshirabala oil, processed 101 times. It is a supreme remedy for chronic and severe Vata disorders.",herb_benefits_kshirabala_101_avarti
kshirabala 101 avarti medicinal properties,kshirabala 101 avarti,"A highly potent preparation of Kshirabala oil, processed 101 times. It is a supreme remedy for chronic and severe Vata disorders.",herb_benefits_kshirabala_101_avarti
kshirabala 101 avarti health benefits,kshirabala 101 avarti,"A highly potent preparation of Kshirabala oil, processed 101 times. It is a supreme remedy for chronic and severe Vata disorders.",herb_benefits_kshirabala_101_avarti
therapeutic effects of kshirabala 101 avarti,kshirabala 101 avarti,"A highly potent preparation of Kshirabala oil, processed 101 times. It is a supreme remedy for chronic and severe Vata disorders.",herb_benefits_kshirabala_101_avarti
benefits of dhanwantaram gutika,dhanwantaram gutika,"A classical tablet used for respiratory issues like cough and breathlessness, as well as digestive discomfort.",herb_benefits_dhanwantaram_gutika
dhanwantaram gutika for kasahara,dhanwantaram gutika,dhanwantaram gutika is beneficial for kasahara,herb_benefits_kasahara
dhanwantaram gutika for shwasahara,dhanwantaram gutika,dhanwantaram gutika is beneficial for shwasahara,herb_benefits_shwasahara
dhanwantaram gutika for pachana,dhanwantaram gutika,dhanwantaram gutika is beneficial for pachana,herb_benefits_pachana
what is dhanwantaram gutika used for,dhanwantaram gutika,"A classical tablet used for respiratory issues like cough and breathlessness, as well as digestive discomfort.",herb_benefits_dhanwantaram_gutika
how to use dhanwantaram gutika,dhanwantaram gutika,"A classical tablet used for respiratory issues like cough and breathlessness, as well as digestive discomfort.",herb_benefits_dhanwantaram_gutika
dhanwantaram gutika medicinal properties,dhanwantaram gutika,"A classical tablet used for respiratory issues like cough and breathlessness, as well as digestive discomfort.",herb_benefits_dhanwantaram_gutika
dhanwantaram gutika health benefits,dhanwantaram gutika,"A classical tablet used for respiratory issues like cough and breathlessness, as well as digestive discomfort.",herb_benefits_dhanwantaram_gutika
therapeutic effects of dhanwantaram gutika,dhanwantaram gutika,"A classical tablet used for respiratory issues like cough and breathlessness, as well as digestive discomfort.",herb_benefits_dhanwantaram_gutika
benefits of vasant kusumakar rasa,vasant kusumakar rasa,"A premium herbo-mineral formulation with gold and pearl, used as a powerful rejuvenative, aphrodisiac, and for diabetes.",herb_benefits_vasant_kusumakar_rasa
vasant kusumakar rasa for rasayan,vasant kusumakar rasa,vasant kusumakar rasa is beneficial for rasayan,herb_benefits_rasayan
vasant kusumakar rasa for vrishya,vasant kusumakar rasa,vasant kusumakar rasa is beneficial for vrishya,herb_benefits_vrishya
vasant kusumakar rasa for pramehaghna,vasant kusumakar rasa,vasant kusumakar rasa is beneficial for pramehaghna,herb_benefits_pramehaghna
what is vasant kusumakar rasa used for,vasant kusumakar rasa,"A premium herbo-mineral formulation with gold and pearl, used as a powerful rejuvenative, aphrodisiac, and for diabetes.",herb_benefits_vasant_kusumakar_rasa
how to use vasant kusumakar rasa,vasant kusumakar rasa,"A premium herbo-mineral formulation with gold and pearl, used as a powerful rejuvenative, aphrodisiac, and for diabetes.",herb_benefits_vasant_kusumakar_rasa
vasant kusumakar rasa medicinal properties,vasant kusumakar rasa,"A premium herbo-mineral formulation with gold and pearl, used as a powerful rejuvenative, aphrodisiac, and for diabetes.",herb_benefits_vasant_kusumakar_rasa
vasant kusumakar rasa health benefits,vasant kusumakar rasa,"A premium herbo-mineral formulation with gold and pearl, used as a powerful rejuvenative, aphrodisiac, and for diabetes.",herb_benefits_vasant_kusumakar_rasa
therapeutic effects of vasant kusumakar rasa,vasant kusumakar rasa,"A premium herbo-mineral formulation with gold and pearl, used as a powerful rejuvenative, aphrodisiac, and for diabetes.",herb_benefits_vasant_kusumakar_rasa
benefits of tribhuvan kirti rasa,tribhuvan kirti rasa,"A classical herbo-mineral formulation used for all types of fever, cold, cough, and body aches. It induces sweating.",herb_benefits_tribhuvan_kirti_rasa
tribhuvan kirti rasa for jwaraghna,tribhuvan kirti rasa,tribhuvan kirti rasa is beneficial for jwaraghna,herb_benefits_jwaraghna
tribhuvan kirti rasa for kasahara,tribhuvan kirti rasa,tribhuvan kirti rasa is beneficial for kasahara,herb_benefits_kasahara
tribhuvan kirti rasa for amapachana,tribhuvan kirti rasa,tribhuvan kirti rasa is beneficial for amapachana,herb_benefits_amapachana
what is tribhuvan kirti rasa used for,tribhuvan kirti rasa,"A classical herbo-mineral formulation used for all types of fever, cold, cough, and body aches. It induces sweating.",herb_benefits_tribhuvan_kirti_rasa
how to use tribhuvan kirti rasa,tribhuvan kirti rasa,"A classical herbo-mineral formulation used for all types of fever, cold, cough, and body aches. It induces sweating.",herb_benefits_tribhuvan_kirti_rasa
tribhuvan kirti rasa medicinal properties,tribhuvan kirti rasa,"A classical herbo-mineral formulation used for all types of fever, cold, cough, and body aches. It induces sweating.",herb_benefits_tribhuvan_kirti_rasa
tribhuvan kirti rasa health benefits,tribhuvan kirti rasa,"A classical herbo-mineral formulation used for all types of fever, cold, cough, and body aches. It induces sweating.",herb_benefits_tribhuvan_kirti_rasa
therapeutic effects of tribhuvan kirti rasa,tribhuvan kirti rasa,"A classical herbo-mineral formulation used for all types of fever, cold, cough, and body aches. It induces sweating.",herb_benefits_tribhuvan_kirti_rasa
benefits of krimi kuthar rasa,krimi kuthar rasa,A potent formulation used specifically for destroying all types of intestinal worms and parasites.,herb_benefits_krimi_kuthar_rasa
krimi kuthar rasa for krimighna,krimi kuthar rasa,krimi kuthar rasa is beneficial for krimighna,herb_benefits_krimighna
krimi kuthar rasa for deepana,krimi kuthar rasa,krimi kuthar rasa is beneficial for deepana,herb_benefits_deepana
what is krimi kuthar rasa used for,krimi kuthar rasa,A potent formulation used specifically for destroying all types of intestinal worms and parasites.,herb_benefits_krimi_kuthar_rasa
how to use krimi kuthar rasa,krimi kuthar rasa,A potent formulation used specifically for destroying all types of intestinal worms and parasites.,herb_benefits_krimi_kuthar_rasa
krimi kuthar rasa medicinal properties,krimi kuthar rasa,A potent formulation used specifically for destroying all types of intestinal worms and parasites.,herb_benefits_krimi_kuthar_rasa
krimi kuthar rasa health benefits,krimi kuthar rasa,A potent formulation used specifically for destroying all types of intestinal worms and parasites.,herb_benefits_krimi_kuthar_rasa
therapeutic effects of krimi kuthar rasa,krimi kuthar rasa,A potent formulation used specifically for destroying all types of intestinal worms and parasites.,herb_benefits_krimi_kuthar_rasa
benefits of mahalakshmi vilas rasa,mahalakshmi vilas rasa,"A herbo-mineral formulation with gold, used for severe respiratory conditions, cardiac issues, and as a powerful tonic.",herb_benefits_mahalakshmi_vilas_rasa
mahalakshmi vilas rasa for rasayan,mahalakshmi vilas rasa,mahalakshmi vilas rasa is beneficial for rasayan,herb_benefits_rasayan
mahalakshmi vilas rasa for hridaya,mahalakshmi vilas rasa,mahalakshmi vilas rasa is beneficial for hridaya,herb_benefits_hridaya
mahalakshmi vilas rasa for shwasahara,mahalakshmi vilas rasa,mahalakshmi vilas rasa is beneficial for shwasahara,herb_benefits_shwasahara
what is mahalakshmi vilas rasa used for,mahalakshmi vilas rasa,"A herbo-mineral formulation with gold, used for severe respiratory conditions, cardiac issues, and as a powerful tonic.",herb_benefits_mahalakshmi_vilas_rasa
how to use mahalakshmi vilas rasa,mahalakshmi vilas rasa,"A herbo-mineral formulation with gold, used for severe respiratory conditions, cardiac issues, and as a powerful tonic.",herb_benefits_mahalakshmi_vilas_rasa
mahalakshmi vilas rasa medicinal properties,mahalakshmi vilas rasa,"A herbo-mineral formulation with gold, used for severe respiratory conditions, cardiac issues, and as a powerful tonic.",herb_benefits_mahalakshmi_vilas_rasa
mahalakshmi vilas rasa health benefits,mahalakshmi vilas rasa,"A herbo-mineral formulation with gold, used for severe respiratory conditions, cardiac issues, and as a powerful tonic.",herb_benefits_mahalakshmi_vilas_rasa
therapeutic effects of mahalakshmi vilas rasa,mahalakshmi vilas rasa,"A herbo-mineral formulation with gold, used for severe respiratory conditions, cardiac issues, and as a powerful tonic.",herb_benefits_mahalakshmi_vilas_rasa
benefits of nityananda rasa,nityananda rasa,A classical formulation used for treating filariasis (elephantiasis) and other glandular swellings.,herb_benefits_nityananda_rasa
nityananda rasa for lekhana,nityananda rasa,nityananda rasa is beneficial for lekhana,herb_benefits_lekhana
nityananda rasa for shothahara,nityananda rasa,nityananda rasa is beneficial for shothahara,herb_benefits_shothahara
what is nityananda rasa used for,nityananda rasa,A classical formulation used for treating filariasis (elephantiasis) and other glandular swellings.,herb_benefits_nityananda_rasa
how to use nityananda rasa,nityananda rasa,A classical formulation used for treating filariasis (elephantiasis) and other glandular swellings.,herb_benefits_nityananda_rasa
nityananda rasa medicinal properties,nityananda rasa,A classical formulation used for treating filariasis (elephantiasis) and other glandular swellings.,herb_benefits_nityananda_rasa
nityananda rasa health benefits,nityananda rasa,A classical formulation used for treating filariasis (elephantiasis) and other glandular swellings.,herb_benefits_nityananda_rasa
therapeutic effects of nityananda rasa,nityananda rasa,A classical formulation used for treating filariasis (elephantiasis) and other glandular swellings.,herb_benefits_nityananda_rasa
benefits of sameer pannag rasa,sameer pannag rasa,A potent herbo-mineral formulation used for respiratory and neurological conditions with severe pain and stiffness.,herb_benefits_sameer_pannag_rasa
sameer pannag rasa for vatahara,sameer pannag rasa,sameer pannag rasa is beneficial for vatahara,herb_benefits_vatahara
sameer pannag rasa for shoolaghna,sameer pannag rasa,sameer pannag rasa is beneficial for shoolaghna,herb_benefits_shoolaghna
what is sameer pannag rasa used for,sameer pannag rasa,A potent herbo-mineral formulation used for respiratory and neurological conditions with severe pain and stiffness.,herb_benefits_sameer_pannag_rasa
how to use sameer pannag rasa,sameer pannag rasa,A potent herbo-mineral formulation used for respiratory and neurological conditions with severe pain and stiffness.,herb_benefits_sameer_pannag_rasa
sameer pannag rasa medicinal properties,sameer pannag rasa,A potent herbo-mineral formulation used for respiratory and neurological conditions with severe pain and stiffness.,herb_benefits_sameer_pannag_rasa
sameer pannag rasa health benefits,sameer pannag rasa,A potent herbo-mineral formulation used for respiratory and neurological conditions with severe pain and stiffness.,herb_benefits_sameer_pannag_rasa
therapeutic effects of sameer pannag rasa,sameer pannag rasa,A potent herbo-mineral formulation used for respiratory and neurological conditions with severe pain and stiffness.,herb_benefits_sameer_pannag_rasa
benefits of rasamanikya,rasamanikya,"A preparation of purified arsenic, used for skin diseases like psoriasis, eczema, and leucoderma.",herb_benefits_rasamanikya
rasamanikya for kushtaghna,rasamanikya,rasamanikya is beneficial for kushtaghna,herb_benefits_kushtaghna
rasamanikya for vishaghna,rasamanikya,rasamanikya is beneficial for vishaghna,herb_benefits_vishaghna
what is rasamanikya used for,rasamanikya,"A preparation of purified arsenic, used for skin diseases like psoriasis, eczema, and leucoderma.",herb_benefits_rasamanikya
how to use rasamanikya,rasamanikya,"A preparation of purified arsenic, used for skin diseases like psoriasis, eczema, and leucoderma.",herb_benefits_rasamanikya
rasamanikya medicinal properties,rasamanikya,"A preparation of purified arsenic, used for skin diseases like psoriasis, eczema, and leucoderma.",herb_benefits_rasamanikya
rasamanikya health benefits,rasamanikya,"A preparation of purified arsenic, used for skin diseases like psoriasis, eczema, and leucoderma.",herb_benefits_rasamanikya
therapeutic effects of rasamanikya,rasamanikya,"A preparation of purified arsenic, used for skin diseases like psoriasis, eczema, and leucoderma.",herb_benefits_rasamanikya
benefits of vatagajankush rasa,vatagajankush rasa,"A powerful formulation for severe Vata disorders like paralysis, sciatica, and convulsions.",herb_benefits_vatagajankush_rasa
vatagajankush rasa for vatahara,vatagajankush rasa,vatagajankush rasa is beneficial for vatahara,herb_benefits_vatahara
vatagajankush rasa for vedanasthapana,vatagajankush rasa,vatagajankush rasa is beneficial for vedanasthapana,herb_benefits_vedanasthapana
what is vatagajankush rasa used for,vatagajankush rasa,"A powerful formulation for severe Vata disorders like paralysis, sciatica, and convulsions.",herb_benefits_vatagajankush_rasa
how to use vatagajankush rasa,vatagajankush rasa,"A powerful formulation for severe Vata disorders like paralysis, sciatica, and convulsions.",herb_benefits_vatagajankush_rasa
vatagajankush rasa medicinal properties,vatagajankush rasa,"A powerful formulation for severe Vata disorders like paralysis, sciatica, and convulsions.",herb_benefits_vatagajankush_rasa
vatagajankush rasa health benefits,vatagajankush rasa,"A powerful formulation for severe Vata disorders like paralysis, sciatica, and convulsions.",herb_benefits_vatagajankush_rasa
therapeutic effects of vatagajankush rasa,vatagajankush rasa,"A powerful formulation for severe Vata disorders like paralysis, sciatica, and convulsions.",herb_benefits_vatagajankush_rasa
benefits of amritottaram kashayam,amritottaram kashayam,"A simple but effective decoction of Giloy and Ginger, used for all types of fevers and indigestion.",herb_benefits_amritottaram_kashayam
amritottaram kashayam for jwaraghna,amritottaram kashayam,amritottaram kashayam is beneficial for jwaraghna,herb_benefits_jwaraghna
amritottaram kashayam for amapachana,amritottaram kashayam,amritottaram kashayam is beneficial for amapachana,herb_benefits_amapachana
what is amritottaram kashayam used for,amritottaram kashayam,"A simple but effective decoction of Giloy and Ginger, used for all types of fevers and indigestion.",herb_benefits_amritottaram_kashayam
how to use amritottaram kashayam,amritottaram kashayam,"A simple but effective decoction of Giloy and Ginger, used for all types of fevers and indigestion.",herb_benefits_amritottaram_kashayam
amritottaram kashayam medicinal properties,amritottaram kashayam,"A simple but effective decoction of Giloy and Ginger, used for all types of fevers and indigestion.",herb_benefits_amritottaram_kashayam
amritottaram kashayam health benefits,amritottaram kashayam,"A simple but effective decoction of Giloy and Ginger, used for all types of fevers and indigestion.",herb_benefits_amritottaram_kashayam
therapeutic effects of amritottaram kashayam,amritottaram kashayam,"A simple but effective decoction of Giloy and Ginger, used for all types of fevers and indigestion.",herb_benefits_amritottaram_kashayam
benefits of dashamoola katutraya kashayam,dashamoola katutraya kashayam,"A decoction combining Dashamoola with Trikatu, used for cough, cold, and asthma, especially with body aches.",herb_benefits_dashamoola_katutraya_kashayam
dashamoola katutraya kashayam for kasahara,dashamoola katutraya kashayam,dashamoola katutraya kashayam is beneficial for kasahara,herb_benefits_kasahara
dashamoola katutraya kashayam for shwasahara,dashamoola katutraya kashayam,dashamoola katutraya kashayam is beneficial for shwasahara,herb_benefits_shwasahara
dashamoola katutraya kashayam for vatahara,dashamoola katutraya kashayam,dashamoola katutraya kashayam is beneficial for vatahara,herb_benefits_vatahara
what is dashamoola katutraya kashayam used for,dashamoola katutraya kashayam,"A decoction combining Dashamoola with Trikatu, used for cough, cold, and asthma, especially with body aches.",herb_benefits_dashamoola_katutraya_kashayam
how to use dashamoola katutraya kashayam,dashamoola katutraya kashayam,"A decoction combining Dashamoola with Trikatu, used for cough, cold, and asthma, especially with body aches.",herb_benefits_dashamoola_katutraya_kashayam
dashamoola katutraya kashayam medicinal properties,dashamoola katutraya kashayam,"A decoction combining Dashamoola with Trikatu, used for cough, cold, and asthma, especially with body aches.",herb_benefits_dashamoola_katutraya_kashayam
dashamoola katutraya kashayam health benefits,dashamoola katutraya kashayam,"A decoction combining Dashamoola with Trikatu, used for cough, cold, and asthma, especially with body aches.",herb_benefits_dashamoola_katutraya_kashayam
therapeutic effects of dashamoola katutraya kashayam,dashamoola katutraya kashayam,"A decoction combining Dashamoola with Trikatu, used for cough, cold, and asthma, especially with body aches.",herb_benefits_dashamoola_katutraya_kashayam
benefits of dhanwantaram kashayam,dhanwantaram kashayam,"A decoction form of Dhanwantaram Thailam, used internally for Vata disorders, especially post-delivery care.",herb_benefits_dhanwantaram_kashayam
dhanwantaram kashayam for vatahara,dhanwantaram kashayam,dhanwantaram kashayam is beneficial for vatahara,herb_benefits_vatahara
dhanwantaram kashayam for shoolaghna,dhanwantaram kashayam,dhanwantaram kashayam is beneficial for shoolaghna,herb_benefits_shoolaghna
what is dhanwantaram kashayam used for,dhanwantaram kashayam,"A decoction form of Dhanwantaram Thailam, used internally for Vata disorders, especially post-delivery care.",herb_benefits_dhanwantaram_kashayam
how to use dhanwantaram kashayam,dhanwantaram kashayam,"A decoction form of Dhanwantaram Thailam, used internally for Vata disorders, especially post-delivery care.",herb_benefits_dhanwantaram_kashayam
dhanwantaram kashayam medicinal properties,dhanwantaram kashayam,"A decoction form of Dhanwantaram Thailam, used internally for Vata disorders, especially post-delivery care.",herb_benefits_dhanwantaram_kashayam
dhanwantaram kashayam health benefits,dhanwantaram kashayam,"A decoction form of Dhanwantaram Thailam, used internally for Vata disorders, especially post-delivery care.",herb_benefits_dhanwantaram_kashayam
therapeutic effects of dhanwantaram kashayam,dhanwantaram kashayam,"A decoction form of Dhanwantaram Thailam, used internally for Vata disorders, especially post-delivery care.",herb_benefits_dhanwantaram_kashayam
benefits of elakanadi kashayam,elakanadi kashayam,A classical decoction used for chronic respiratory conditions like asthma and bronchitis.,herb_benefits_elakanadi_kashayam
elakanadi kashayam for shwasahara,elakanadi kashayam,elakanadi kashayam is beneficial for shwasahara,herb_benefits_shwasahara
elakanadi kashayam for kasahara,elakanadi kashayam,elakanadi kashayam is beneficial for kasahara,herb_benefits_kasahara
what is elakanadi kashayam used for,elakanadi kashayam,A classical decoction used for chronic respiratory conditions like asthma and bronchitis.,herb_benefits_elakanadi_kashayam
how to use elakanadi kashayam,elakanadi kashayam,A classical decoction used for chronic respiratory conditions like asthma and bronchitis.,herb_benefits_elakanadi_kashayam
elakanadi kashayam medicinal properties,elakanadi kashayam,A classical decoction used for chronic respiratory conditions like asthma and bronchitis.,herb_benefits_elakanadi_kashayam
elakanadi kashayam health benefits,elakanadi kashayam,A classical decoction used for chronic respiratory conditions like asthma and bronchitis.,herb_benefits_elakanadi_kashayam
therapeutic effects of elakanadi kashayam,elakanadi kashayam,A classical decoction used for chronic respiratory conditions like asthma and bronchitis.,herb_benefits_elakanadi_kashayam
benefits of guloochyadi kashayam,guloochyadi kashayam,"A decoction with Giloy, it is a potent remedy for Pitta-dominant fevers, burning sensation, and vomiting.",herb_benefits_guloochyadi_kashayam
guloochyadi kashayam for jwaraghna,guloochyadi kashayam,guloochyadi kashayam is beneficial for jwaraghna,herb_benefits_jwaraghna
guloochyadi kashayam for dahashamana,guloochyadi kashayam,guloochyadi kashayam is beneficial for dahashamana,herb_benefits_dahashamana
what is guloochyadi kashayam used for,guloochyadi kashayam,"A decoction with Giloy, it is a potent remedy for Pitta-dominant fevers, burning sensation, and vomiting.",herb_benefits_guloochyadi_kashayam
how to use guloochyadi kashayam,guloochyadi kashayam,"A decoction with Giloy, it is a potent remedy for Pitta-dominant fevers, burning sensation, and vomiting.",herb_benefits_guloochyadi_kashayam
guloochyadi kashayam medicinal properties,guloochyadi kashayam,"A decoction with Giloy, it is a potent remedy for Pitta-dominant fevers, burning sensation, and vomiting.",herb_benefits_guloochyadi_kashayam
guloochyadi kashayam health benefits,guloochyadi kashayam,"A decoction with Giloy, it is a potent remedy for Pitta-dominant fevers, burning sensation, and vomiting.",herb_benefits_guloochyadi_kashayam
therapeutic effects of guloochyadi kashayam,guloochyadi kashayam,"A decoction with Giloy, it is a potent remedy for Pitta-dominant fevers, burning sensation, and vomiting.",herb_benefits_guloochyadi_kashayam
benefits of haridra khanda,haridra khanda,"A granular preparation of Turmeric, it is a famous remedy for skin allergies, hives, and itching.",herb_benefits_haridra_khanda
haridra khanda for kushtaghna,haridra khanda,haridra khanda is beneficial for kushtaghna,herb_benefits_kushtaghna
haridra khanda for vishaghna,haridra khanda,haridra khanda is beneficial for vishaghna,herb_benefits_vishaghna
what is haridra khanda used for,haridra khanda,"A granular preparation of Turmeric, it is a famous remedy for skin allergies, hives, and itching.",herb_benefits_haridra_khanda
how to use haridra khanda,haridra khanda,"A granular preparation of Turmeric, it is a famous remedy for skin allergies, hives, and itching.",herb_benefits_haridra_khanda
haridra khanda medicinal properties,haridra khanda,"A granular preparation of Turmeric, it is a famous remedy for skin allergies, hives, and itching.",herb_benefits_haridra_khanda
haridra khanda health benefits,haridra khanda,"A granular preparation of Turmeric, it is a famous remedy for skin allergies, hives, and itching.",herb_benefits_haridra_khanda
therapeutic effects of haridra khanda,haridra khanda,"A granular preparation of Turmeric, it is a famous remedy for skin allergies, hives, and itching.",herb_benefits_haridra_khanda
benefits of jeerakarishtam,jeerakarishtam,"A fermented tonic with Cumin, specifically used for post-natal care to improve digestion and restore strength.",herb_benefits_jeerakarishtam
jeerakarishtam for deepana,jeerakarishtam,jeerakarishtam is beneficial for deepana,herb_benefits_deepana
jeerakarishtam for garbhashaya shodhaka,jeerakarishtam,jeerakarishtam is beneficial for garbhashaya shodhaka,herb_benefits_garbhashaya_shodhaka
what is jeerakarishtam used for,jeerakarishtam,"A fermented tonic with Cumin, specifically used for post-natal care to improve digestion and restore strength.",herb_benefits_jeerakarishtam
how to use jeerakarishtam,jeerakarishtam,"A fermented tonic with Cumin, specifically used for post-natal care to improve digestion and restore strength.",herb_benefits_jeerakarishtam
jeerakarishtam medicinal properties,jeerakarishtam,"A fermented tonic with Cumin, specifically used for post-natal care to improve digestion and restore strength.",herb_benefits_jeerakarishtam
jeerakarishtam health benefits,jeerakarishtam,"A fermented tonic with Cumin, specifically used for post-natal care to improve digestion and restore strength.",herb_benefits_jeerakarishtam
therapeutic effects of jeerakarishtam,jeerakarishtam,"A fermented tonic with Cumin, specifically used for post-natal care to improve digestion and restore strength.",herb_benefits_jeerakarishtam
benefits of kalyana ksharam,kalyana ksharam,"A classical alkaline preparation used for treating urinary calculi, bloating, and abdominal pain.",herb_benefits_kalyana_ksharam
kalyana ksharam for ashmaribhedana,kalyana ksharam,kalyana ksharam is beneficial for ashmaribhedana,herb_benefits_ashmaribhedana
kalyana ksharam for deepana,kalyana ksharam,kalyana ksharam is beneficial for deepana,herb_benefits_deepana
what is kalyana ksharam used for,kalyana ksharam,"A classical alkaline preparation used for treating urinary calculi, bloating, and abdominal pain.",herb_benefits_kalyana_ksharam
how to use kalyana ksharam,kalyana ksharam,"A classical alkaline preparation used for treating urinary calculi, bloating, and abdominal pain.",herb_benefits_kalyana_ksharam
kalyana ksharam medicinal properties,kalyana ksharam,"A classical alkaline preparation used for treating urinary calculi, bloating, and abdominal pain.",herb_benefits_kalyana_ksharam
kalyana ksharam health benefits,kalyana ksharam,"A classical alkaline preparation used for treating urinary calculi, bloating, and abdominal pain.",herb_benefits_kalyana_ksharam
therapeutic effects of kalyana ksharam,kalyana ksharam,"A classical alkaline preparation used for treating urinary calculi, bloating, and abdominal pain.",herb_benefits_kalyana_ksharam
benefits of kanmad bhasma,kanmad bhasma,"A mineral pitch (Shilajit variety) ash used for urinary disorders, diabetes, and as a general tonic.",herb_benefits_kanmad_bhasma
kanmad bhasma for pramehaghna,kanmad bhasma,kanmad bhasma is beneficial for pramehaghna,herb_benefits_pramehaghna
kanmad bhasma for mutrala,kanmad bhasma,kanmad bhasma is beneficial for mutrala,herb_benefits_mutrala
what is kanmad bhasma used for,kanmad bhasma,"A mineral pitch (Shilajit variety) ash used for urinary disorders, diabetes, and as a general tonic.",herb_benefits_kanmad_bhasma
how to use kanmad bhasma,kanmad bhasma,"A mineral pitch (Shilajit variety) ash used for urinary disorders, diabetes, and as a general tonic.",herb_benefits_kanmad_bhasma
kanmad bhasma medicinal properties,kanmad bhasma,"A mineral pitch (Shilajit variety) ash used for urinary disorders, diabetes, and as a general tonic.",herb_benefits_kanmad_bhasma
kanmad bhasma health benefits,kanmad bhasma,"A mineral pitch (Shilajit variety) ash used for urinary disorders, diabetes, and as a general tonic.",herb_benefits_kanmad_bhasma
therapeutic effects of kanmad bhasma,kanmad bhasma,"A mineral pitch (Shilajit variety) ash used for urinary disorders, diabetes, and as a general tonic.",herb_benefits_kanmad_bhasma
benefits of kanthasudharak vati,kanthasudharak vati,"A lozenge for the throat, used to relieve sore throat, hoarseness, and cough.",herb_benefits_kanthasudharak_vati
kanthasudharak vati for kasahara,kanthasudharak vati,kanthasudharak vati is beneficial for kasahara,herb_benefits_kasahara
kanthasudharak vati for kantya,kanthasudharak vati,kanthasudharak vati is beneficial for kantya,herb_benefits_kantya
what is kanthasudharak vati used for,kanthasudharak vati,"A lozenge for the throat, used to relieve sore throat, hoarseness, and cough.",herb_benefits_kanthasudharak_vati
how to use kanthasudharak vati,kanthasudharak vati,"A lozenge for the throat, used to relieve sore throat, hoarseness, and cough.",herb_benefits_kanthasudharak_vati
kanthasudharak vati medicinal properties,kanthasudharak vati,"A lozenge for the throat, used to relieve sore throat, hoarseness, and cough.",herb_benefits_kanthasudharak_vati
kanthasudharak vati health benefits,kanthasudharak vati,"A lozenge for the throat, used to relieve sore throat, hoarseness, and cough.",herb_benefits_kanthasudharak_vati
therapeutic effects of kanthasudharak vati,kanthasudharak vati,"A lozenge for the throat, used to relieve sore throat, hoarseness, and cough.",herb_benefits_kanthasudharak_vati
benefits of krimighna vati,krimighna vati,A classical deworming tablet used to eradicate intestinal worms and parasites.,herb_benefits_krimighna_vati
krimighna vati for krimighna,krimighna vati,krimighna vati is beneficial for krimighna,herb_benefits_krimighna
what is krimighna vati used for,krimighna vati,A classical deworming tablet used to eradicate intestinal worms and parasites.,herb_benefits_krimighna_vati
how to use krimighna vati,krimighna vati,A classical deworming tablet used to eradicate intestinal worms and parasites.,herb_benefits_krimighna_vati
krimighna vati medicinal properties,krimighna vati,A classical deworming tablet used to eradicate intestinal worms and parasites.,herb_benefits_krimighna_vati
krimighna vati health benefits,krimighna vati,A classical deworming tablet used to eradicate intestinal worms and parasites.,herb_benefits_krimighna_vati
therapeutic effects of krimighna vati,krimighna vati,A classical deworming tablet used to eradicate intestinal worms and parasites.,herb_benefits_krimighna_vati
benefits of laghu sutshekhar ras,laghu sutshekhar ras,"A herbo-mineral formulation for hyperacidity, headache, and other Pitta-dominant conditions.",herb_benefits_laghu_sutshekhar_ras
laghu sutshekhar ras for amlapittahara,laghu sutshekhar ras,laghu sutshekhar ras is beneficial for amlapittahara,herb_benefits_amlapittahara
laghu sutshekhar ras for shoolaghna,laghu sutshekhar ras,laghu sutshekhar ras is beneficial for shoolaghna,herb_benefits_shoolaghna
what is laghu sutshekhar ras used for,laghu sutshekhar ras,"A herbo-mineral formulation for hyperacidity, headache, and other Pitta-dominant conditions.",herb_benefits_laghu_sutshekhar_ras
how to use laghu sutshekhar ras,laghu sutshekhar ras,"A herbo-mineral formulation for hyperacidity, headache, and other Pitta-dominant conditions.",herb_benefits_laghu_sutshekhar_ras
laghu sutshekhar ras medicinal properties,laghu sutshekhar ras,"A herbo-mineral formulation for hyperacidity, headache, and other Pitta-dominant conditions.",herb_benefits_laghu_sutshekhar_ras
laghu sutshekhar ras health benefits,laghu sutshekhar ras,"A herbo-mineral formulation for hyperacidity, headache, and other Pitta-dominant conditions.",herb_benefits_laghu_sutshekhar_ras
therapeutic effects of laghu sutshekhar ras,laghu sutshekhar ras,"A herbo-mineral formulation for hyperacidity, headache, and other Pitta-dominant conditions.",herb_benefits_laghu_sutshekhar_ras
benefits of madhuyashtyadi thailam,madhuyashtyadi thailam,"A cooling medicated oil with Licorice, used for head massage to relieve burning sensation and pain.",herb_benefits_madhuyashtyadi_thailam
madhuyashtyadi thailam for dahashamana,madhuyashtyadi thailam,madhuyashtyadi thailam is beneficial for dahashamana,herb_benefits_dahashamana
madhuyashtyadi thailam for vatahara,madhuyashtyadi thailam,madhuyashtyadi thailam is beneficial for vatahara,herb_benefits_vatahara
what is madhuyashtyadi thailam used for,madhuyashtyadi thailam,"A cooling medicated oil with Licorice, used for head massage to relieve burning sensation and pain.",herb_benefits_madhuyashtyadi_thailam
how to use madhuyashtyadi thailam,madhuyashtyadi thailam,"A cooling medicated oil with Licorice, used for head massage to relieve burning sensation and pain.",herb_benefits_madhuyashtyadi_thailam
madhuyashtyadi thailam medicinal properties,madhuyashtyadi thailam,"A cooling medicated oil with Licorice, used for head massage to relieve burning sensation and pain.",herb_benefits_madhuyashtyadi_thailam
madhuyashtyadi thailam health benefits,madhuyashtyadi thailam,"A cooling medicated oil with Licorice, used for head massage to relieve burning sensation and pain.",herb_benefits_madhuyashtyadi_thailam
therapeutic effects of madhuyashtyadi thailam,madhuyashtyadi thailam,"A cooling medicated oil with Licorice, used for head massage to relieve burning sensation and pain.",herb_benefits_madhuyashtyadi_thailam
benefits of maha narayana thailam,maha narayana thailam,"A fortified version of Narayana Thailam, this oil is an exceptionally potent remedy for chronic Vata disorders, paralysis, and severe joint pain.",herb_benefits_maha_narayana_thailam
maha narayana thailam for vatahara,maha narayana thailam,maha narayana thailam is beneficial for vatahara,herb_benefits_vatahara
maha narayana thailam for balya,maha narayana thailam,maha narayana thailam is beneficial for balya,herb_benefits_balya
maha narayana thailam for brimhaniya,maha narayana thailam,maha narayana thailam is beneficial for brimhaniya,herb_benefits_brimhaniya
what is maha narayana thailam used for,maha narayana thailam,"A fortified version of Narayana Thailam, this oil is an exceptionally potent remedy for chronic Vata disorders, paralysis, and severe joint pain.",herb_benefits_maha_narayana_thailam
how to use maha narayana thailam,maha narayana thailam,"A fortified version of Narayana Thailam, this oil is an exceptionally potent remedy for chronic Vata disorders, paralysis, and severe joint pain.",herb_benefits_maha_narayana_thailam
maha narayana thailam medicinal properties,maha narayana thailam,"A fortified version of Narayana Thailam, this oil is an exceptionally potent remedy for chronic Vata disorders, paralysis, and severe joint pain.",herb_benefits_maha_narayana_thailam
maha narayana thailam health benefits,maha narayana thailam,"A fortified version of Narayana Thailam, this oil is an exceptionally potent remedy for chronic Vata disorders, paralysis, and severe joint pain.",herb_benefits_maha_narayana_thailam
therapeutic effects of maha narayana thailam,maha narayana thailam,"A fortified version of Narayana Thailam, this oil is an exceptionally potent remedy for chronic Vata disorders, paralysis, and severe joint pain.",herb_benefits_maha_narayana_thailam
benefits of aja dugdha,aja dugdha,"Goat's milk is lighter and easier to digest than cow's milk, and is beneficial in respiratory conditions.",herb_benefits_aja_dugdha
aja dugdha for grahi,aja dugdha,aja dugdha is beneficial for grahi,herb_benefits_grahi
aja dugdha for shwasahara,aja dugdha,aja dugdha is beneficial for shwasahara,herb_benefits_shwasahara
what is aja dugdha used for,aja dugdha,"Goat's milk is lighter and easier to digest than cow's milk, and is beneficial in respiratory conditions.",herb_benefits_aja_dugdha
how to use aja dugdha,aja dugdha,"Goat's milk is lighter and easier to digest than cow's milk, and is beneficial in respiratory conditions.",herb_benefits_aja_dugdha
aja dugdha medicinal properties,aja dugdha,"Goat's milk is lighter and easier to digest than cow's milk, and is beneficial in respiratory conditions.",herb_benefits_aja_dugdha
aja dugdha health benefits,aja dugdha,"Goat's milk is lighter and easier to digest than cow's milk, and is beneficial in respiratory conditions.",herb_benefits_aja_dugdha
therapeutic effects of aja dugdha,aja dugdha,"Goat's milk is lighter and easier to digest than cow's milk, and is beneficial in respiratory conditions.",herb_benefits_aja_dugdha
benefits of mahishi dugdha,mahishi dugdha,"Buffalo's milk is very heavy and cooling, promoting sleep and weight gain. It is best for those with strong digestion.",herb_benefits_mahishi_dugdha
mahishi dugdha for nidrajanana,mahishi dugdha,mahishi dugdha is beneficial for nidrajanana,herb_benefits_nidrajanana
mahishi dugdha for brimhaniya,mahishi dugdha,mahishi dugdha is beneficial for brimhaniya,herb_benefits_brimhaniya
what is mahishi dugdha used for,mahishi dugdha,"Buffalo's milk is very heavy and cooling, promoting sleep and weight gain. It is best for those with strong digestion.",herb_benefits_mahishi_dugdha
how to use mahishi dugdha,mahishi dugdha,"Buffalo's milk is very heavy and cooling, promoting sleep and weight gain. It is best for those with strong digestion.",herb_benefits_mahishi_dugdha
mahishi dugdha medicinal properties,mahishi dugdha,"Buffalo's milk is very heavy and cooling, promoting sleep and weight gain. It is best for those with strong digestion.",herb_benefits_mahishi_dugdha
mahishi dugdha health benefits,mahishi dugdha,"Buffalo's milk is very heavy and cooling, promoting sleep and weight gain. It is best for those with strong digestion.",herb_benefits_mahishi_dugdha
therapeutic effects of mahishi dugdha,mahishi dugdha,"Buffalo's milk is very heavy and cooling, promoting sleep and weight gain. It is best for those with strong digestion.",herb_benefits_mahishi_dugdha
benefits of ushtra dugdha,ushtra dugdha,"Camel's milk is light, slightly salty, and heating. It is used in Ayurveda for edema, piles, and abdominal worms.",herb_benefits_ushtra_dugdha
ushtra dugdha for lekhana,ushtra dugdha,ushtra dugdha is beneficial for lekhana,herb_benefits_lekhana
ushtra dugdha for deepana,ushtra dugdha,ushtra dugdha is beneficial for deepana,herb_benefits_deepana
ushtra dugdha for krimighna,ushtra dugdha,ushtra dugdha is beneficial for krimighna,herb_benefits_krimighna
what is ushtra dugdha used for,ushtra dugdha,"Camel's milk is light, slightly salty, and heating. It is used in Ayurveda for edema, piles, and abdominal worms.",herb_benefits_ushtra_dugdha
how to use ushtra dugdha,ushtra dugdha,"Camel's milk is light, slightly salty, and heating. It is used in Ayurveda for edema, piles, and abdominal worms.",herb_benefits_ushtra_dugdha
ushtra dugdha medicinal properties,ushtra dugdha,"Camel's milk is light, slightly salty, and heating. It is used in Ayurveda for edema, piles, and abdominal worms.",herb_benefits_ushtra_dugdha
ushtra dugdha health benefits,ushtra dugdha,"Camel's milk is light, slightly salty, and heating. It is used in Ayurveda for edema, piles, and abdominal worms.",herb_benefits_ushtra_dugdha
therapeutic effects of ushtra dugdha,ushtra dugdha,"Camel's milk is light, slightly salty, and heating. It is used in Ayurveda for edema, piles, and abdominal worms.",herb_benefits_ushtra_dugdha
benefits of guda,guda,"Jaggery is unrefined cane sugar. It is nourishing and a blood purifier, but can increase Kapha.",herb_benefits_guda
guda for balya,guda,guda is beneficial for balya,herb_benefits_balya
guda for raktavardhak,guda,guda is beneficial for raktavardhak,herb_benefits_raktavardhak
what is guda used for,guda,"Jaggery is unrefined cane sugar. It is nourishing and a blood purifier, but can increase Kapha.",herb_benefits_guda
how to use guda,guda,"Jaggery is unrefined cane sugar. It is nourishing and a blood purifier, but can increase Kapha.",herb_benefits_guda
guda medicinal properties,guda,"Jaggery is unrefined cane sugar. It is nourishing and a blood purifier, but can increase Kapha.",herb_benefits_guda
guda health benefits,guda,"Jaggery is unrefined cane sugar. It is nourishing and a blood purifier, but can increase Kapha.",herb_benefits_guda
therapeutic effects of guda,guda,"Jaggery is unrefined cane sugar. It is nourishing and a blood purifier, but can increase Kapha.",herb_benefits_guda
benefits of phanita,phanita,"A semi-solid form of molasses, it is very heavy and can block the channels if used improperly.",herb_benefits_phanita
phanita for brimhaniya,phanita,phanita is beneficial for brimhaniya,herb_benefits_brimhaniya
what is phanita used for,phanita,"A semi-solid form of molasses, it is very heavy and can block the channels if used improperly.",herb_benefits_phanita
how to use phanita,phanita,"A semi-solid form of molasses, it is very heavy and can block the channels if used improperly.",herb_benefits_phanita
phanita medicinal properties,phanita,"A semi-solid form of molasses, it is very heavy and can block the channels if used improperly.",herb_benefits_phanita
phanita health benefits,phanita,"A semi-solid form of molasses, it is very heavy and can block the channels if used improperly.",herb_benefits_phanita
therapeutic effects of phanita,phanita,"A semi-solid form of molasses, it is very heavy and can block the channels if used improperly.",herb_benefits_phanita
benefits of makshika madhu,makshika madhu,"A type of honey collected by smaller bees, considered the best type. It is light, dry, and good for eyes.",herb_benefits_makshika_madhu
makshika madhu for lekhana,makshika madhu,makshika madhu is beneficial for lekhana,herb_benefits_lekhana
makshika madhu for chakshushya,makshika madhu,makshika madhu is beneficial for chakshushya,herb_benefits_chakshushya
what is makshika madhu used for,makshika madhu,"A type of honey collected by smaller bees, considered the best type. It is light, dry, and good for eyes.",herb_benefits_makshika_madhu
how to use makshika madhu,makshika madhu,"A type of honey collected by smaller bees, considered the best type. It is light, dry, and good for eyes.",herb_benefits_makshika_madhu
makshika madhu medicinal properties,makshika madhu,"A type of honey collected by smaller bees, considered the best type. It is light, dry, and good for eyes.",herb_benefits_makshika_madhu
makshika madhu health benefits,makshika madhu,"A type of honey collected by smaller bees, considered the best type. It is light, dry, and good for eyes.",herb_benefits_makshika_madhu
therapeutic effects of makshika madhu,makshika madhu,"A type of honey collected by smaller bees, considered the best type. It is light, dry, and good for eyes.",herb_benefits_makshika_madhu
benefits of jaitun taila,jaitun taila,Olive Oil is good for pacifying Pitta dosha when used externally. It is considered nourishing for the skin.,herb_benefits_jaitun_taila
jaitun taila for balya,jaitun taila,jaitun taila is beneficial for balya,herb_benefits_balya
jaitun taila for varnya,jaitun taila,jaitun taila is beneficial for varnya,herb_benefits_varnya
what is jaitun taila used for,jaitun taila,Olive Oil is good for pacifying Pitta dosha when used externally. It is considered nourishing for the skin.,herb_benefits_jaitun_taila
how to use jaitun taila,jaitun taila,Olive Oil is good for pacifying Pitta dosha when used externally. It is considered nourishing for the skin.,herb_benefits_jaitun_taila
jaitun taila medicinal properties,jaitun taila,Olive Oil is good for pacifying Pitta dosha when used externally. It is considered nourishing for the skin.,herb_benefits_jaitun_taila
jaitun taila health benefits,jaitun taila,Olive Oil is good for pacifying Pitta dosha when used externally. It is considered nourishing for the skin.,herb_benefits_jaitun_taila
therapeutic effects of jaitun taila,jaitun taila,Olive Oil is good for pacifying Pitta dosha when used externally. It is considered nourishing for the skin.,herb_benefits_jaitun_taila
benefits of narikela jala,narikela jala,Coconut water is extremely cooling and hydrating. It is an excellent diuretic and pacifies Pitta dosha.,herb_benefits_narikela_jala
narikela jala for mutrala,narikela jala,narikela jala is beneficial for mutrala,herb_benefits_mutrala
narikela jala for deepana,narikela jala,narikela jala is beneficial for deepana,herb_benefits_deepana
narikela jala for dahashamana,narikela jala,narikela jala is beneficial for dahashamana,herb_benefits_dahashamana
what is narikela jala used for,narikela jala,Coconut water is extremely cooling and hydrating. It is an excellent diuretic and pacifies Pitta dosha.,herb_benefits_narikela_jala
how to use narikela jala,narikela jala,Coconut water is extremely cooling and hydrating. It is an excellent diuretic and pacifies Pitta dosha.,herb_benefits_narikela_jala
narikela jala medicinal properties,narikela jala,Coconut water is extremely cooling and hydrating. It is an excellent diuretic and pacifies Pitta dosha.,herb_benefits_narikela_jala
narikela jala health benefits,narikela jala,Coconut water is extremely cooling and hydrating. It is an excellent diuretic and pacifies Pitta dosha.,herb_benefits_narikela_jala
therapeutic effects of narikela jala,narikela jala,Coconut water is extremely cooling and hydrating. It is an excellent diuretic and pacifies Pitta dosha.,herb_benefits_narikela_jala
benefits of amlaparni,amlaparni,Rheum emodi (Indian Rhubarb) is a potent purgative and is used for constipation and liver disorders.,herb_benefits_amlaparni
amlaparni for virechana,amlaparni,amlaparni is beneficial for virechana,herb_benefits_virechana
amlaparni for yakrituttejaka,amlaparni,amlaparni is beneficial for yakrituttejaka,herb_benefits_yakrituttejaka
what is amlaparni used for,amlaparni,Rheum emodi (Indian Rhubarb) is a potent purgative and is used for constipation and liver disorders.,herb_benefits_amlaparni
how to use amlaparni,amlaparni,Rheum emodi (Indian Rhubarb) is a potent purgative and is used for constipation and liver disorders.,herb_benefits_amlaparni
amlaparni medicinal properties,amlaparni,Rheum emodi (Indian Rhubarb) is a potent purgative and is used for constipation and liver disorders.,herb_benefits_amlaparni
amlaparni health benefits,amlaparni,Rheum emodi (Indian Rhubarb) is a potent purgative and is used for constipation and liver disorders.,herb_benefits_amlaparni
therapeutic effects of amlaparni,amlaparni,Rheum emodi (Indian Rhubarb) is a potent purgative and is used for constipation and liver disorders.,herb_benefits_amlaparni
benefits of aranya jeeraka,aranya jeeraka,Vernonia anthelmintica (Wild Cumin) is a powerful herb for destroying intestinal worms and parasites.,herb_benefits_aranya_jeeraka
aranya jeeraka for krimighna,aranya jeeraka,aranya jeeraka is beneficial for krimighna,herb_benefits_krimighna
aranya jeeraka for kushtaghna,aranya jeeraka,aranya jeeraka is beneficial for kushtaghna,herb_benefits_kushtaghna
what is aranya jeeraka used for,aranya jeeraka,Vernonia anthelmintica (Wild Cumin) is a powerful herb for destroying intestinal worms and parasites.,herb_benefits_aranya_jeeraka
how to use aranya jeeraka,aranya jeeraka,Vernonia anthelmintica (Wild Cumin) is a powerful herb for destroying intestinal worms and parasites.,herb_benefits_aranya_jeeraka
aranya jeeraka medicinal properties,aranya jeeraka,Vernonia anthelmintica (Wild Cumin) is a powerful herb for destroying intestinal worms and parasites.,herb_benefits_aranya_jeeraka
aranya jeeraka health benefits,aranya jeeraka,Vernonia anthelmintica (Wild Cumin) is a powerful herb for destroying intestinal worms and parasites.,herb_benefits_aranya_jeeraka
therapeutic effects of aranya jeeraka,aranya jeeraka,Vernonia anthelmintica (Wild Cumin) is a powerful herb for destroying intestinal worms and parasites.,herb_benefits_aranya_jeeraka
benefits of bhadra,bhadra,Aerva lanata is a diuretic herb used for urinary stones and painful urination.,herb_benefits_bhadra
bhadra for mutrala,bhadra,bhadra is beneficial for mutrala,herb_benefits_mutrala
bhadra for ashmaribhedana,bhadra,bhadra is beneficial for ashmaribhedana,herb_benefits_ashmaribhedana
what is bhadra used for,bhadra,Aerva lanata is a diuretic herb used for urinary stones and painful urination.,herb_benefits_bhadra
how to use bhadra,bhadra,Aerva lanata is a diuretic herb used for urinary stones and painful urination.,herb_benefits_bhadra
bhadra medicinal properties,bhadra,Aerva lanata is a diuretic herb used for urinary stones and painful urination.,herb_benefits_bhadra
bhadra health benefits,bhadra,Aerva lanata is a diuretic herb used for urinary stones and painful urination.,herb_benefits_bhadra
therapeutic effects of bhadra,bhadra,Aerva lanata is a diuretic herb used for urinary stones and painful urination.,herb_benefits_bhadra
benefits of bhumi jambuka,bhumi jambuka,Premna herbacea is an anti-inflammatory herb used in rheumatic conditions.,herb_benefits_bhumi_jambuka
bhumi jambuka for shothahara,bhumi jambuka,bhumi jambuka is beneficial for shothahara,herb_benefits_shothahara
bhumi jambuka for vatahara,bhumi jambuka,bhumi jambuka is beneficial for vatahara,herb_benefits_vatahara
what is bhumi jambuka used for,bhumi jambuka,Premna herbacea is an anti-inflammatory herb used in rheumatic conditions.,herb_benefits_bhumi_jambuka
how to use bhumi jambuka,bhumi jambuka,Premna herbacea is an anti-inflammatory herb used in rheumatic conditions.,herb_benefits_bhumi_jambuka
bhumi jambuka medicinal properties,bhumi jambuka,Premna herbacea is an anti-inflammatory herb used in rheumatic conditions.,herb_benefits_bhumi_jambuka
bhumi jambuka health benefits,bhumi jambuka,Premna herbacea is an anti-inflammatory herb used in rheumatic conditions.,herb_benefits_bhumi_jambuka
therapeutic effects of bhumi jambuka,bhumi jambuka,Premna herbacea is an anti-inflammatory herb used in rheumatic conditions.,herb_benefits_bhumi_jambuka
benefits of bhutika,bhutika,"Lemongrass (Cymbopogon citratus) is an aromatic, carminative herb that relieves bloating and fever.",herb_benefits_bhutika
bhutika for deepana,bhutika,bhutika is beneficial for deepana,herb_benefits_deepana
bhutika for jwaraghna,bhutika,bhutika is beneficial for jwaraghna,herb_benefits_jwaraghna
what is bhutika used for,bhutika,"Lemongrass (Cymbopogon citratus) is an aromatic, carminative herb that relieves bloating and fever.",herb_benefits_bhutika
how to use bhutika,bhutika,"Lemongrass (Cymbopogon citratus) is an aromatic, carminative herb that relieves bloating and fever.",herb_benefits_bhutika
bhutika medicinal properties,bhutika,"Lemongrass (Cymbopogon citratus) is an aromatic, carminative herb that relieves bloating and fever.",herb_benefits_bhutika
bhutika health benefits,bhutika,"Lemongrass (Cymbopogon citratus) is an aromatic, carminative herb that relieves bloating and fever.",herb_benefits_bhutika
therapeutic effects of bhutika,bhutika,"Lemongrass (Cymbopogon citratus) is an aromatic, carminative herb that relieves bloating and fever.",herb_benefits_bhutika
benefits of chakragaja,chakragaja,Celosia argentea is a diuretic and is used for treating urinary stones and painful urination.,herb_benefits_chakragaja
chakragaja for mutrala,chakragaja,chakragaja is beneficial for mutrala,herb_benefits_mutrala
chakragaja for ashmaribhedana,chakragaja,chakragaja is beneficial for ashmaribhedana,herb_benefits_ashmaribhedana
what is chakragaja used for,chakragaja,Celosia argentea is a diuretic and is used for treating urinary stones and painful urination.,herb_benefits_chakragaja
how to use chakragaja,chakragaja,Celosia argentea is a diuretic and is used for treating urinary stones and painful urination.,herb_benefits_chakragaja
chakragaja medicinal properties,chakragaja,Celosia argentea is a diuretic and is used for treating urinary stones and painful urination.,herb_benefits_chakragaja
chakragaja health benefits,chakragaja,Celosia argentea is a diuretic and is used for treating urinary stones and painful urination.,herb_benefits_chakragaja
therapeutic effects of chakragaja,chakragaja,Celosia argentea is a diuretic and is used for treating urinary stones and painful urination.,herb_benefits_chakragaja
benefits of chhatraka,chhatraka,"Mushroom is a heavy, nourishing food that can increase Kapha and is difficult to digest for some.",herb_benefits_chhatraka
chhatraka for balya,chhatraka,chhatraka is beneficial for balya,herb_benefits_balya
chhatraka for brimhaniya,chhatraka,chhatraka is beneficial for brimhaniya,herb_benefits_brimhaniya
what is chhatraka used for,chhatraka,"Mushroom is a heavy, nourishing food that can increase Kapha and is difficult to digest for some.",herb_benefits_chhatraka
how to use chhatraka,chhatraka,"Mushroom is a heavy, nourishing food that can increase Kapha and is difficult to digest for some.",herb_benefits_chhatraka
chhatraka medicinal properties,chhatraka,"Mushroom is a heavy, nourishing food that can increase Kapha and is difficult to digest for some.",herb_benefits_chhatraka
chhatraka health benefits,chhatraka,"Mushroom is a heavy, nourishing food that can increase Kapha and is difficult to digest for some.",herb_benefits_chhatraka
therapeutic effects of chhatraka,chhatraka,"Mushroom is a heavy, nourishing food that can increase Kapha and is difficult to digest for some.",herb_benefits_chhatraka
benefits of dhamargava,dhamargava,"Luffa cylindrica (Ridge Gourd) is a vegetable used for its detoxifying properties, especially for the liver.",herb_benefits_dhamargava
dhamargava for vamana,dhamargava,dhamargava is beneficial for vamana,herb_benefits_vamana
dhamargava for yakrituttejaka,dhamargava,dhamargava is beneficial for yakrituttejaka,herb_benefits_yakrituttejaka
what is dhamargava used for,dhamargava,"Luffa cylindrica (Ridge Gourd) is a vegetable used for its detoxifying properties, especially for the liver.",herb_benefits_dhamargava
how to use dhamargava,dhamargava,"Luffa cylindrica (Ridge Gourd) is a vegetable used for its detoxifying properties, especially for the liver.",herb_benefits_dhamargava
dhamargava medicinal properties,dhamargava,"Luffa cylindrica (Ridge Gourd) is a vegetable used for its detoxifying properties, especially for the liver.",herb_benefits_dhamargava
dhamargava health benefits,dhamargava,"Luffa cylindrica (Ridge Gourd) is a vegetable used for its detoxifying properties, especially for the liver.",herb_benefits_dhamargava
therapeutic effects of dhamargava,dhamargava,"Luffa cylindrica (Ridge Gourd) is a vegetable used for its detoxifying properties, especially for the liver.",herb_benefits_dhamargava
benefits of gavedhuka,gavedhuka,"Coix lacryma-jobi (Job's Tears) is a diuretic and nourishing grain, used for edema and obesity.",herb_benefits_gavedhuka
gavedhuka for lekhana,gavedhuka,gavedhuka is beneficial for lekhana,herb_benefits_lekhana
gavedhuka for mutrala,gavedhuka,gavedhuka is beneficial for mutrala,herb_benefits_mutrala
what is gavedhuka used for,gavedhuka,"Coix lacryma-jobi (Job's Tears) is a diuretic and nourishing grain, used for edema and obesity.",herb_benefits_gavedhuka
how to use gavedhuka,gavedhuka,"Coix lacryma-jobi (Job's Tears) is a diuretic and nourishing grain, used for edema and obesity.",herb_benefits_gavedhuka
gavedhuka medicinal properties,gavedhuka,"Coix lacryma-jobi (Job's Tears) is a diuretic and nourishing grain, used for edema and obesity.",herb_benefits_gavedhuka
gavedhuka health benefits,gavedhuka,"Coix lacryma-jobi (Job's Tears) is a diuretic and nourishing grain, used for edema and obesity.",herb_benefits_gavedhuka
therapeutic effects of gavedhuka,gavedhuka,"Coix lacryma-jobi (Job's Tears) is a diuretic and nourishing grain, used for edema and obesity.",herb_benefits_gavedhuka
benefits of kshavaka,kshavaka,Centipeda minima is a pungent herb used to induce sneezing and clear the nasal passages.,herb_benefits_kshavaka
kshavaka for kasahara,kshavaka,kshavaka is beneficial for kasahara,herb_benefits_kasahara
kshavaka for shoolaghna,kshavaka,kshavaka is beneficial for shoolaghna,herb_benefits_shoolaghna
what is kshavaka used for,kshavaka,Centipeda minima is a pungent herb used to induce sneezing and clear the nasal passages.,herb_benefits_kshavaka
how to use kshavaka,kshavaka,Centipeda minima is a pungent herb used to induce sneezing and clear the nasal passages.,herb_benefits_kshavaka
kshavaka medicinal properties,kshavaka,Centipeda minima is a pungent herb used to induce sneezing and clear the nasal passages.,herb_benefits_kshavaka
kshavaka health benefits,kshavaka,Centipeda minima is a pungent herb used to induce sneezing and clear the nasal passages.,herb_benefits_kshavaka
therapeutic effects of kshavaka,kshavaka,Centipeda minima is a pungent herb used to induce sneezing and clear the nasal passages.,herb_benefits_kshavaka
benefits of kurabaka,kurabaka,Barleria cristata is used for its anti-inflammatory properties in treating swelling and pain.,herb_benefits_kurabaka
kurabaka for shothahara,kurabaka,kurabaka is beneficial for shothahara,herb_benefits_shothahara
kurabaka for vedanasthapana,kurabaka,kurabaka is beneficial for vedanasthapana,herb_benefits_vedanasthapana
what is kurabaka used for,kurabaka,Barleria cristata is used for its anti-inflammatory properties in treating swelling and pain.,herb_benefits_kurabaka
how to use kurabaka,kurabaka,Barleria cristata is used for its anti-inflammatory properties in treating swelling and pain.,herb_benefits_kurabaka
kurabaka medicinal properties,kurabaka,Barleria cristata is used for its anti-inflammatory properties in treating swelling and pain.,herb_benefits_kurabaka
kurabaka health benefits,kurabaka,Barleria cristata is used for its anti-inflammatory properties in treating swelling and pain.,herb_benefits_kurabaka
therapeutic effects of kurabaka,kurabaka,Barleria cristata is used for its anti-inflammatory properties in treating swelling and pain.,herb_benefits_kurabaka
benefits of mamsarohini,mamsarohini,Soymida febrifuga is a potent astringent used for wound healing and treating diarrhea.,herb_benefits_mamsarohini
mamsarohini for vranaropana,mamsarohini,mamsarohini is beneficial for vranaropana,herb_benefits_vranaropana
mamsarohini for grahi,mamsarohini,mamsarohini is beneficial for grahi,herb_benefits_grahi
what is mamsarohini used for,mamsarohini,Soymida febrifuga is a potent astringent used for wound healing and treating diarrhea.,herb_benefits_mamsarohini
how to use mamsarohini,mamsarohini,Soymida febrifuga is a potent astringent used for wound healing and treating diarrhea.,herb_benefits_mamsarohini
mamsarohini medicinal properties,mamsarohini,Soymida febrifuga is a potent astringent used for wound healing and treating diarrhea.,herb_benefits_mamsarohini
mamsarohini health benefits,mamsarohini,Soymida febrifuga is a potent astringent used for wound healing and treating diarrhea.,herb_benefits_mamsarohini
therapeutic effects of mamsarohini,mamsarohini,Soymida febrifuga is a potent astringent used for wound healing and treating diarrhea.,herb_benefits_mamsarohini
benefits of medasaka,medasaka,"Litsea glutinosa is used as a demulcent and for its anti-inflammatory properties, especially in poultices.",herb_benefits_medasaka
medasaka for shothahara,medasaka,medasaka is beneficial for shothahara,herb_benefits_shothahara
medasaka for balya,medasaka,medasaka is beneficial for balya,herb_benefits_balya
what is medasaka used for,medasaka,"Litsea glutinosa is used as a demulcent and for its anti-inflammatory properties, especially in poultices.",herb_benefits_medasaka
how to use medasaka,medasaka,"Litsea glutinosa is used as a demulcent and for its anti-inflammatory properties, especially in poultices.",herb_benefits_medasaka
medasaka medicinal properties,medasaka,"Litsea glutinosa is used as a demulcent and for its anti-inflammatory properties, especially in poultices.",herb_benefits_medasaka
medasaka health benefits,medasaka,"Litsea glutinosa is used as a demulcent and for its anti-inflammatory properties, especially in poultices.",herb_benefits_medasaka
therapeutic effects of medasaka,medasaka,"Litsea glutinosa is used as a demulcent and for its anti-inflammatory properties, especially in poultices.",herb_benefits_medasaka
benefits of icchabhedi rasa,icchabhedi rasa,"A potent purgative formulation containing Jayapala, used for rapid detoxification and treating severe constipation.",herb_benefits_icchabhedi_rasa
icchabhedi rasa for virechana,icchabhedi rasa,icchabhedi rasa is beneficial for virechana,herb_benefits_virechana
what is icchabhedi rasa used for,icchabhedi rasa,"A potent purgative formulation containing Jayapala, used for rapid detoxification and treating severe constipation.",herb_benefits_icchabhedi_rasa
how to use icchabhedi rasa,icchabhedi rasa,"A potent purgative formulation containing Jayapala, used for rapid detoxification and treating severe constipation.",herb_benefits_icchabhedi_rasa
icchabhedi rasa medicinal properties,icchabhedi rasa,"A potent purgative formulation containing Jayapala, used for rapid detoxification and treating severe constipation.",herb_benefits_icchabhedi_rasa
icchabhedi rasa health benefits,icchabhedi rasa,"A potent purgative formulation containing Jayapala, used for rapid detoxification and treating severe constipation.",herb_benefits_icchabhedi_rasa
therapeutic effects of icchabhedi rasa,icchabhedi rasa,"A potent purgative formulation containing Jayapala, used for rapid detoxification and treating severe constipation.",herb_benefits_icchabhedi_rasa
benefits of aivana,aivana,"Hyoscyamus niger (Henbane) is a toxic nervine sedative used in purified, minute doses for pain and convulsions.",herb_benefits_aivana
aivana for vedanasthapana,aivana,aivana is beneficial for vedanasthapana,herb_benefits_vedanasthapana
aivana for madakari,aivana,aivana is beneficial for madakari,herb_benefits_madakari
what is aivana used for,aivana,"Hyoscyamus niger (Henbane) is a toxic nervine sedative used in purified, minute doses for pain and convulsions.",herb_benefits_aivana
how to use aivana,aivana,"Hyoscyamus niger (Henbane) is a toxic nervine sedative used in purified, minute doses for pain and convulsions.",herb_benefits_aivana
aivana medicinal properties,aivana,"Hyoscyamus niger (Henbane) is a toxic nervine sedative used in purified, minute doses for pain and convulsions.",herb_benefits_aivana
aivana health benefits,aivana,"Hyoscyamus niger (Henbane) is a toxic nervine sedative used in purified, minute doses for pain and convulsions.",herb_benefits_aivana
therapeutic effects of aivana,aivana,"Hyoscyamus niger (Henbane) is a toxic nervine sedative used in purified, minute doses for pain and convulsions.",herb_benefits_aivana
benefits of asphota,asphota,"A variety of Aparajita (Clitoria ternatea), sharing its brain-tonic and calming properties.",herb_benefits_asphota
asphota for medhya,asphota,asphota is beneficial for medhya,herb_benefits_medhya
asphota for vishaghna,asphota,asphota is beneficial for vishaghna,herb_benefits_vishaghna
what is asphota used for,asphota,"A variety of Aparajita (Clitoria ternatea), sharing its brain-tonic and calming properties.",herb_benefits_asphota
how to use asphota,asphota,"A variety of Aparajita (Clitoria ternatea), sharing its brain-tonic and calming properties.",herb_benefits_asphota
asphota medicinal properties,asphota,"A variety of Aparajita (Clitoria ternatea), sharing its brain-tonic and calming properties.",herb_benefits_asphota
asphota health benefits,asphota,"A variety of Aparajita (Clitoria ternatea), sharing its brain-tonic and calming properties.",herb_benefits_asphota
therapeutic effects of asphota,asphota,"A variety of Aparajita (Clitoria ternatea), sharing its brain-tonic and calming properties.",herb_benefits_asphota
benefits of brihatyadi kashayam,brihatyadi kashayam,"A decoction including Brihati, used for urinary tract disorders like dysuria and cystitis.",herb_benefits_brihatyadi_kashayam
brihatyadi kashayam for mutrala,brihatyadi kashayam,brihatyadi kashayam is beneficial for mutrala,herb_benefits_mutrala
brihatyadi kashayam for vatahara,brihatyadi kashayam,brihatyadi kashayam is beneficial for vatahara,herb_benefits_vatahara
what is brihatyadi kashayam used for,brihatyadi kashayam,"A decoction including Brihati, used for urinary tract disorders like dysuria and cystitis.",herb_benefits_brihatyadi_kashayam
how to use brihatyadi kashayam,brihatyadi kashayam,"A decoction including Brihati, used for urinary tract disorders like dysuria and cystitis.",herb_benefits_brihatyadi_kashayam
brihatyadi kashayam medicinal properties,brihatyadi kashayam,"A decoction including Brihati, used for urinary tract disorders like dysuria and cystitis.",herb_benefits_brihatyadi_kashayam
brihatyadi kashayam health benefits,brihatyadi kashayam,"A decoction including Brihati, used for urinary tract disorders like dysuria and cystitis.",herb_benefits_brihatyadi_kashayam
therapeutic effects of brihatyadi kashayam,brihatyadi kashayam,"A decoction including Brihati, used for urinary tract disorders like dysuria and cystitis.",herb_benefits_brihatyadi_kashayam
